,apoptosis,autophagy,ferroptosis,necroptosis,pyroptosis,others
DDR1,0,0,0,0,0,1
PAX8,0,0,0,0,0,1
GUCA1A,0,0,0,0,0,1
EPHB3,0,0,0,0,0,1
ESRRA,0,0,0,0,0,1
TRADD,1,0,0,1,0,1
PRPF8,0,0,0,0,0,1
CAPNS1,0,0,0,0,0,1
RPL35,0,0,0,0,0,1
RPL28,0,0,0,0,0,1
EIF4G2,0,0,0,0,0,1
EIF3D,0,0,0,0,0,1
PARK7,0,0,0,0,0,1
SRP14,0,0,0,0,0,1
GDI2,0,0,0,0,0,1
RPL11,0,0,0,0,0,1
RPL21,0,0,0,0,0,1
RPL24,0,0,0,0,0,1
SEPTIN2,0,0,0,0,0,1
RPS27A,1,1,0,1,0,1
RPS13,0,0,0,0,0,1
FAU,0,0,0,0,0,1
CFL1,0,0,0,0,0,1
RPL18,0,0,0,0,0,1
EIF3F,0,0,0,0,0,1
RPS5,0,0,0,0,0,1
RPL27,0,0,0,0,0,1
RPL34,0,0,0,0,0,1
NARS1,0,0,0,0,0,1
STARD7,0,0,0,0,0,1
RPL19,0,0,0,0,0,1
SLC25A3,0,0,0,0,0,1
RPS11,0,0,0,0,0,1
RPL9,0,0,0,0,0,1
DDX5,0,0,0,0,0,1
RPL6,0,0,0,0,0,1
CTDNEP1,0,0,0,0,0,1
RPL10A,0,0,0,0,0,1
CBX3,0,0,0,0,0,1
PSMB2,1,0,0,0,0,1
KHDRBS1,0,0,0,0,0,1
RTCB,0,0,0,0,0,1
ERH,0,0,0,0,0,1
ABCF1,0,0,0,0,0,1
DAD1,1,0,0,0,0,1
KAT7,0,0,0,0,0,1
ZNF146,0,0,0,0,0,1
SART1,0,0,0,0,0,1
ILF2,0,0,0,0,0,1
SPAG7,0,0,0,0,0,1
ZPR1,0,0,0,0,0,1
TAF10,1,0,0,0,0,1
C1D,1,0,0,0,0,1
NONO,0,0,0,0,0,1
SNRNP200,0,0,0,0,0,1
RHOA,0,0,0,0,0,1
RNPS1,0,0,0,0,0,1
RPS24,0,0,0,0,0,1
RPL30,0,0,0,0,0,1
HSP90AB1,0,0,0,1,0,1
ARF1,0,0,0,0,0,1
IK,0,0,0,0,0,1
SNX3,0,0,0,0,0,1
CNPPD1,0,0,0,0,0,1
SMNDC1,1,0,0,0,0,1
HNRNPM,0,0,0,0,0,1
RPL14,0,0,0,0,0,1
GUK1,0,0,0,0,0,1
KXD1,0,0,0,0,0,1
ATP6V0B,0,0,0,0,0,1
RPS6,0,0,0,0,0,1
USP22,0,0,0,0,0,1
ELOB,0,0,0,0,0,1
COX4I1,0,0,0,0,0,1
TMED2,0,0,0,0,0,1
FNTA,1,0,0,0,0,1
RPS25,0,0,0,0,0,1
RPL37,0,0,0,0,0,1
EEF2,0,0,0,0,0,1
HNRNPK,0,0,0,0,0,1
ANAPC5,0,0,0,0,0,1
RPS3A,0,0,0,0,0,1
HNRNPU,0,0,0,0,0,1
EIF3A,0,0,0,0,0,1
HSP90B1,0,0,0,0,0,1
MSN,0,0,0,0,0,1
ACTN4,0,0,0,0,0,1
APP,1,0,0,0,0,1
PRKAR1A,0,0,0,0,0,1
DSP,1,0,0,0,0,1
RAD21,1,0,0,0,0,1
NCL,0,0,0,0,0,1
WDR1,0,0,0,0,0,1
AP2M1,0,0,0,0,0,1
CLTC,0,0,0,0,0,1
AP2B1,0,0,0,0,0,1
MLEC,0,0,0,0,0,1
LASP1,0,0,0,0,0,1
SF3B2,0,0,0,0,0,1
TMEM59,0,0,0,0,0,1
CSRP1,0,0,0,0,0,1
CALM3,0,0,0,0,0,1
MATR3,0,0,0,0,0,1
CAP1,0,0,0,0,0,1
PTGES3,0,0,0,0,0,1
WARS1,0,0,0,0,0,1
NDRG1,0,0,0,0,0,1
PFN1,0,0,0,0,0,1
PTPRF,0,0,0,0,0,1
YWHAZ,1,0,0,0,0,1
SOD1,1,0,0,0,0,1
MARCKSL1,0,0,0,0,0,1
GLUL,0,0,0,1,0,1
NUCB1,0,0,0,0,0,1
LDHA,0,0,0,0,0,1
RACK1,1,0,0,0,0,1
SSR2,0,0,0,0,0,1
P4HB,0,0,0,0,0,1
SLC25A5,0,0,0,1,0,1
PHB1,0,0,0,0,0,1
S100A11,0,0,0,0,0,1
CTSA,0,0,0,0,0,1
TOMM20,0,0,0,0,0,1
CD63,0,0,0,0,0,1
DNAJB1,0,0,0,0,0,1
UBE2D3,1,0,0,0,0,1
XBP1,1,0,0,0,0,1
SPTBN1,0,0,0,0,0,1
LAPTM4A,0,0,0,0,0,1
RPL32,0,0,0,0,0,1
CD81,0,0,0,0,0,1
PTTG1IP,0,0,0,0,0,1
GRN,0,0,0,0,0,1
HMGB1,1,1,0,1,1,1
GLO1,0,0,0,0,0,1
UBE2L3,0,0,0,1,0,1
SRSF11,0,0,0,0,0,1
SF3B3,0,0,0,0,0,1
HSPA9,0,0,0,0,0,1
YWHAQ,1,0,0,0,0,1
DDX24,0,0,0,0,0,1
PPP2R1A,0,0,0,0,0,1
HK1,0,0,0,0,0,1
KDELR2,0,0,0,0,0,1
NPC2,0,0,0,0,0,1
DYNLL1,1,0,0,0,0,1
EEF1B2,0,0,0,0,0,1
LITAF,0,0,0,0,0,1
PRKCSH,0,0,0,0,0,1
GOT2,0,0,0,0,0,1
FKBP1A,0,0,0,0,0,1
ACADVL,0,0,0,0,0,1
SKP1,0,0,0,0,0,1
MAPRE1,0,0,0,0,0,1
RPL13A,0,0,0,0,0,1
ACTR1A,0,0,0,0,0,1
CAPRIN1,0,0,0,0,0,1
PPP1CC,0,0,0,0,0,1
ACTR2,0,0,0,0,0,1
PTP4A1,0,0,0,0,0,1
ARF3,0,0,0,0,0,1
GPX1,1,0,0,0,0,1
PGK1,0,0,0,0,0,1
SUMO3,0,0,0,0,0,1
RPS27,0,0,0,0,0,1
TPP1,0,0,0,0,0,1
GNB1,0,0,0,0,0,1
NUMA1,0,0,0,0,0,1
RAN,0,0,0,0,0,1
CAPN1,1,0,0,1,0,1
CALU,0,0,0,0,0,1
NFE2L1,0,0,0,0,0,1
ARL6IP5,0,0,0,0,0,1
DPYSL2,0,0,0,0,0,1
RPLP1,0,0,0,0,0,1
CTNNA1,1,0,0,0,0,1
CTSD,1,1,0,0,0,1
MAT2A,0,0,0,0,0,1
LAMC1,0,0,0,0,0,1
PTMA,0,0,0,0,0,1
FAM120A,0,0,0,0,0,1
BZW1,0,0,0,0,0,1
ATF4,1,0,0,0,0,1
RPS15A,0,0,0,0,0,1
ANXA5,0,0,0,0,0,1
STMN1,0,0,0,0,0,1
LRP1,0,0,0,0,0,1
PSMB7,1,0,0,0,0,1
PEA15,1,0,0,0,0,1
ECH1,0,0,0,0,0,1
ODC1,0,0,0,0,0,1
IQGAP1,0,0,0,0,0,1
XRCC6,0,0,0,0,0,1
ACO2,0,0,0,0,0,1
SPARCL1,0,0,0,0,0,1
MCL1,1,0,0,0,0,1
HSPA1A,0,0,0,0,0,1
SARS1,0,0,0,0,0,1
TMBIM6,1,0,0,0,0,1
LMAN2,0,0,0,0,0,1
HSPD1,0,0,0,0,0,1
ZYX,0,0,0,0,0,1
CIRBP,0,0,0,0,0,1
CCT7,0,0,0,0,0,1
PSME1,1,0,0,0,0,1
PAFAH1B1,0,0,0,0,0,1
RPS10,0,0,0,0,0,1
RPS15,0,0,0,0,0,1
PSMD8,1,0,0,0,0,1
LAMP2,0,1,0,0,0,1
RPL29,0,0,0,0,0,1
GSTP1,0,0,0,0,0,1
HYOU1,0,0,0,0,0,1
SNRPD2,0,0,0,0,0,1
PLOD1,0,0,0,0,0,1
ZNF207,0,0,0,0,0,1
PSMD2,1,0,0,0,0,1
SCD,0,0,0,0,0,1
RAP1B,0,0,0,0,0,1
RPS21,0,0,0,0,0,1
BCAP31,1,0,0,0,0,1
CTSB,1,1,0,0,0,1
KARS1,0,0,0,0,0,1
EPRS1,0,0,0,0,0,1
PRDX6,0,0,0,0,0,1
PPP1CA,0,0,0,0,0,1
SARAF,0,0,0,0,0,1
AHCYL1,1,0,0,0,0,1
IST1,0,0,0,0,0,1
GNB2,0,0,0,0,0,1
H2AZ1,0,0,0,1,0,1
NCOR1,0,0,0,0,0,1
RPS8,0,0,0,0,0,1
CNOT1,0,0,0,0,0,1
DHCR24,0,0,0,0,0,1
RAB11A,0,0,0,0,0,1
PSAP,0,0,0,0,0,1
RNF114,0,0,0,0,0,1
STRAP,0,0,0,0,0,1
S100A10,0,0,0,0,0,1
CCT8,0,0,0,0,0,1
NOP56,0,0,0,0,0,1
PSMB1,1,0,0,0,0,1
CCT4,0,0,0,0,0,1
EPAS1,0,0,0,0,0,1
DNAJA1,0,0,0,0,0,1
PSMD4,1,0,0,0,0,1
UQCRC2,0,0,0,0,0,1
CKB,0,0,0,0,0,1
RHOC,0,0,0,0,0,1
PGAM1,0,0,0,0,0,1
STAT1,0,0,0,1,0,1
SSR1,0,0,0,0,0,1
TRA2B,0,0,0,0,0,1
FKBP4,0,0,0,0,0,1
HDGF,0,0,0,0,0,1
OGA,0,0,0,0,0,1
M6PR,0,0,0,0,0,1
SELENOF,0,0,0,0,0,1
AHCY,0,0,0,0,0,1
PALLD,0,0,0,0,0,1
RPLP2,0,0,0,0,0,1
CCT3,0,0,0,0,0,1
EIF4A2,0,0,0,0,0,1
PPM1G,0,0,0,0,0,1
KTN1,0,0,0,0,0,1
SRPRA,0,0,0,0,0,1
PHC2,0,0,0,0,0,1
BTG1,0,0,0,0,0,1
KDELR1,0,0,0,0,0,1
LGALS3BP,0,0,0,0,0,1
SLC3A2,0,0,1,0,0,1
COX6A1,0,0,0,0,0,1
RPS23,0,0,0,0,0,1
TMED10,0,0,0,0,0,1
VCL,0,0,0,0,0,1
DCTN2,0,0,0,0,0,1
DEK,0,0,0,0,0,1
CALR,0,0,0,0,0,1
RPL8,0,0,0,0,0,1
RPL5,0,0,0,0,0,1
RERE,0,0,0,0,0,1
HSBP1,0,0,0,0,0,1
HMGN1,0,0,0,0,0,1
SEC31A,0,0,0,0,0,1
GLUD1,0,0,0,1,0,1
MLF2,0,0,0,0,0,1
RPS20,0,0,0,0,0,1
ARPC1A,0,0,0,0,0,1
CCND2,0,0,0,0,0,1
ATP6V0C,0,0,0,0,0,1
IMMT,0,0,0,0,0,1
SSRP1,0,0,0,0,0,1
SDCBP,0,0,0,1,0,1
FUS,0,0,0,0,0,1
SEPHS2,0,0,0,0,0,1
RPL31,0,0,0,0,0,1
UBA1,0,0,0,0,0,1
ABLIM1,0,0,0,0,0,1
ALDOA,0,0,0,0,0,1
PPIB,0,0,0,0,0,1
SERP1,0,0,0,0,0,1
TSPAN3,0,0,0,0,0,1
ACTA2,0,0,0,0,0,1
PPT1,0,0,0,0,0,1
TAX1BP1,1,1,0,0,0,1
MDH1,0,0,0,0,0,1
PDHA1,0,0,0,0,0,1
GNAS,0,0,0,0,0,1
ANXA6,0,0,0,0,0,1
CD59,0,0,0,0,0,1
SERPING1,0,0,0,0,0,1
HIF1A,1,1,0,0,0,1
TRIM28,0,0,0,0,0,1
SNX17,0,0,0,0,0,1
IPO7,0,0,0,0,0,1
CKAP4,0,0,0,0,0,1
AARS1,0,0,0,0,0,1
SSR4,0,0,0,0,0,1
CD9,0,0,0,0,0,1
HADHB,0,0,0,0,0,1
TXNIP,0,0,0,0,0,1
RPN1,0,0,0,0,0,1
ANXA1,0,0,0,0,0,1
PAICS,0,0,0,0,0,1
JUP,0,0,0,0,0,1
EIF1AX,0,0,0,0,0,1
YWHAH,1,0,0,0,0,1
DSTN,0,0,0,0,0,1
TAF7,0,0,0,0,0,1
EIF5B,0,0,0,0,0,1
CD99,0,0,0,0,0,1
LDHB,0,0,0,0,0,1
HNRNPH1,0,0,0,0,0,1
BLCAP,1,0,0,0,0,1
ADD3,0,0,0,0,0,1
HADH,0,0,0,0,0,1
PFKP,0,0,0,0,0,1
RAD23A,0,0,0,0,0,1
GNAI2,0,0,0,0,0,1
TGM2,0,0,0,0,0,1
DUSP1,0,0,0,0,0,1
RAB6A,0,0,0,0,0,1
RPS18,0,0,0,0,0,1
PLD3,0,0,0,0,0,1
ANP32A,0,0,0,0,0,1
PSMF1,1,0,0,0,0,1
HNRNPA0,0,0,0,0,0,1
GOLGB1,0,0,0,0,0,1
MYL9,0,0,0,0,0,1
STOM,0,0,0,0,0,1
RCN1,0,0,0,0,0,1
PABPC4,0,0,0,0,0,1
CYC1,0,0,0,0,0,1
PSMC2,1,0,0,0,0,1
MMP2,0,0,0,0,0,1
SF3B1,0,0,0,0,0,1
SMARCC1,0,0,0,0,0,1
SNU13,0,0,0,0,0,1
TM9SF2,0,0,0,0,0,1
SYNGR2,0,0,0,0,0,1
PIP4K2B,0,0,0,0,0,1
BCLAF1,1,0,0,0,0,1
PXN,0,0,0,0,0,1
ATP6V1B2,0,0,0,0,0,1
TUBA1B,1,0,0,0,0,1
RBBP7,0,0,0,0,0,1
SDHA,0,0,0,0,0,1
RPS29,0,0,0,0,0,1
DAP,1,0,0,0,0,1
ARF4,0,0,0,0,0,1
COPB2,0,0,0,0,0,1
USP9X,0,0,0,0,0,1
PFKL,0,0,0,0,0,1
LGALS1,1,0,0,0,0,1
GPX4,0,0,1,0,0,1
THBS1,1,0,0,0,0,1
CSE1L,0,0,0,0,0,1
TUFM,0,0,0,0,0,1
PSMA7,1,0,0,0,0,1
POLD2,0,0,0,0,0,1
CPE,0,0,0,0,0,1
PGD,0,0,0,0,0,1
COX8A,0,0,0,0,0,1
PGRMC1,0,0,0,0,0,1
EIF5A,0,0,0,0,0,1
ITGB5,0,0,0,0,0,1
MGAT1,0,0,0,0,0,1
CDH1,1,0,0,0,0,1
HNRNPH2,0,0,0,0,0,1
PJA2,0,0,0,0,0,1
COX7C,0,0,0,0,0,1
ECHS1,0,0,0,0,0,1
PLP2,0,0,0,0,0,1
HLA-DPB1,0,0,0,0,0,1
SSB,0,0,0,0,0,1
GPNMB,0,0,0,0,0,1
EIF2S1,1,1,0,0,0,1
HAX1,0,0,0,0,0,1
NFE2L2,0,0,0,0,0,1
TIMP3,0,0,0,0,0,1
MBNL1,0,0,0,0,0,1
RPL4,0,0,0,0,0,1
MFN2,1,0,0,0,0,1
RAB5C,0,0,0,0,0,1
NMT1,1,0,0,0,0,1
YBX3,1,0,0,0,0,1
PUM1,0,0,0,0,0,1
ARHGDIA,0,0,0,0,0,1
BHLHE40,0,0,0,0,0,1
ATP6V0E1,0,0,0,0,0,1
TERF2IP,0,0,0,0,0,1
TMX2,0,0,0,0,0,1
ARCN1,0,0,0,0,0,1
UBA2,0,0,0,0,0,1
FBXO7,0,0,0,0,0,1
GNAI3,0,0,0,0,0,1
CHD4,0,0,0,0,0,1
HTRA1,0,0,0,0,0,1
LRPAP1,0,0,0,0,0,1
ITPR3,1,0,0,0,0,1
PITPNA,0,0,0,0,0,1
IDH1,0,0,0,0,0,1
SELENOW,0,0,0,0,0,1
SLC7A5,0,0,0,0,0,1
AMD1,0,0,0,0,0,1
PSMD1,1,0,0,0,0,1
CREG1,0,0,0,0,0,1
CSTB,0,0,0,0,0,1
PCNA,0,0,0,0,0,1
RRBP1,0,0,0,0,0,1
TNFAIP1,1,0,0,0,0,1
HDAC1,0,0,0,0,0,1
LGMN,0,0,0,0,0,1
PPP1R7,0,0,0,0,0,1
PLS3,0,0,0,0,0,1
ERP29,0,0,0,0,0,1
SNRNP70,0,0,0,0,0,1
RAD23B,0,0,0,0,0,1
SRRM1,0,0,0,0,0,1
NDUFB8,0,0,0,0,0,1
ARIH2,0,0,0,0,0,1
ENO1,0,0,0,0,0,1
PSMD13,1,0,0,0,0,1
ILK,0,0,0,0,0,1
BTG2,0,0,0,0,0,1
CAPZA2,0,0,0,0,0,1
DDX1,0,0,0,0,0,1
ATP1B1,0,0,0,0,0,1
RAF1,1,1,0,0,0,1
SREBF2,0,0,0,0,0,1
SLC2A1,0,0,0,0,0,1
PKM,0,0,0,0,0,1
PSMC4,1,0,0,0,0,1
CDIPT,0,0,0,0,0,1
COX7A2L,0,0,0,0,0,1
RPS16,0,0,0,0,0,1
SYPL1,0,0,0,0,0,1
TARS1,0,0,0,0,0,1
COPE,0,0,0,0,0,1
TXNRD1,0,0,0,0,0,1
PSMC3,1,0,0,0,0,1
NUDCD3,0,0,0,0,0,1
RALY,0,0,0,0,0,1
AKR1B1,0,0,0,0,0,1
SRP9,0,0,0,0,0,1
PSMA5,1,0,0,0,0,1
FDPS,0,0,0,0,0,1
RAB5B,0,0,0,0,0,1
HNRNPAB,0,0,0,0,0,1
DAB2,1,0,0,0,0,1
ADRM1,0,0,0,0,0,1
OGDH,0,0,0,0,0,1
APEH,0,0,0,0,0,1
MKRN1,0,0,0,0,0,1
SDC1,0,0,0,0,0,1
ARHGDIB,0,0,0,0,0,1
CCN1,1,0,0,0,0,1
SEC11A,0,0,0,0,0,1
TOP2A,0,0,0,0,0,1
WSB1,0,0,0,0,0,1
ANXA4,0,0,0,0,0,1
EIF4A3,0,0,0,0,0,1
NDUFA5,0,0,0,0,0,1
ANP32B,0,0,0,0,0,1
SEPTIN11,0,0,0,0,0,1
NREP,0,0,0,0,0,1
SH3BGRL,0,0,0,0,0,1
ENO2,0,0,0,0,0,1
STK25,0,0,0,0,0,1
IFITM2,0,0,0,0,0,1
PSMA2,1,0,0,0,0,1
MYL12A,0,0,0,0,0,1
SMARCC2,0,0,0,0,0,1
ATP5F1B,0,0,0,0,0,1
EBNA1BP2,0,0,0,0,0,1
EMP1,1,0,0,0,0,1
CCT6A,0,0,0,0,0,1
ETS2,0,0,0,0,0,1
RARS1,0,0,0,0,0,1
STAT6,0,0,0,1,0,1
ARHGEF12,0,0,0,0,0,1
VAMP3,0,0,0,0,0,1
SCP2,0,0,0,0,0,1
ENC1,0,0,0,0,0,1
SNRPC,0,0,0,0,0,1
UBE2D2,0,0,0,0,0,1
ADIPOR2,0,0,0,0,0,1
NHERF1,0,0,0,0,0,1
FLOT2,0,0,0,1,0,1
YME1L1,0,0,0,0,0,1
BAZ2A,0,0,0,0,0,1
COPB1,0,0,0,0,0,1
CST3,0,0,0,0,0,1
TMEM109,0,0,0,0,0,1
OAZ2,0,0,0,0,0,1
ZFP36L2,0,0,0,0,0,1
CUL3,0,0,0,0,0,1
PLEC,1,0,0,0,0,1
PPP2CB,0,1,0,0,0,1
HNRNPF,0,0,0,0,0,1
UBAP2L,0,0,0,0,0,1
TPD52L2,0,0,0,0,0,1
CRTAP,0,0,0,0,0,1
NBR1,0,1,0,0,0,1
DHX15,0,0,0,0,0,1
UCHL1,0,0,0,0,0,1
PSMD3,1,0,0,0,0,1
ITGA5,0,0,0,0,0,1
CSNK2B,0,0,0,0,0,1
TRAP1,0,0,0,0,0,1
IGF2R,0,0,0,0,0,1
RBM5,1,0,0,0,0,1
SGTA,0,0,0,0,0,1
PHGDH,0,0,0,0,0,1
TRAM1,0,0,0,0,0,1
PSMB3,1,0,0,0,0,1
GRK2,0,0,0,0,0,1
MGST3,0,0,0,0,0,1
COPS6,0,0,0,0,0,1
RPL36A,0,0,0,0,0,1
PPP1CB,0,0,0,0,0,1
PLEKHB2,0,0,0,0,0,1
LRP10,0,0,0,0,0,1
HSD17B4,0,0,0,0,0,1
NAP1L4,0,0,0,0,0,1
GSS,0,0,1,0,0,1
SOX4,0,0,0,0,0,1
BAP1,0,0,0,0,0,1
WDR77,0,0,0,0,0,1
IFI30,0,0,0,0,0,1
CUL4A,0,0,0,0,0,1
ALDH2,0,0,0,0,0,1
VIM,1,0,0,0,0,1
SELENOP,0,0,0,0,0,1
CLDN4,0,0,0,0,0,1
RPL37A,0,0,0,0,0,1
DPYSL3,0,0,0,0,0,1
CAT,0,0,0,0,0,1
PTDSS1,0,0,0,0,0,1
TTC1,0,0,0,0,0,1
EIF4E,0,0,0,0,0,1
COL6A3,0,0,0,0,0,1
GBF1,0,0,0,0,0,1
DDX23,0,0,0,0,0,1
COX6B1,0,0,0,0,0,1
ATP6AP2,0,0,0,0,0,1
CNN3,0,0,0,0,0,1
TIA1,1,0,0,0,0,1
RHEB,0,1,0,0,0,1
NPEPPS,0,0,0,0,0,1
BUB3,0,0,0,0,0,1
RUVBL2,0,0,0,0,0,1
MAPKAPK2,0,0,0,0,0,1
SCRN1,0,0,0,0,0,1
TALDO1,0,0,0,0,0,1
JUN,1,0,0,0,0,1
NQO1,0,0,0,0,0,1
SHC1,0,0,0,0,0,1
GSTO1,0,0,0,0,0,1
SQSTM1,1,1,0,1,0,1
VBP1,0,0,0,0,0,1
JUNB,0,0,0,0,0,1
ITGA3,0,0,0,0,0,1
MARS1,0,0,0,0,0,1
RRM1,0,0,0,0,0,1
DKC1,0,0,0,0,0,1
SUPT5H,0,0,0,0,0,1
PYGB,0,0,0,1,0,1
QSOX1,0,0,0,0,0,1
SUPT4H1,0,0,0,0,0,1
RCN2,0,0,0,0,0,1
CTSC,1,0,0,0,0,1
PPIF,1,0,0,0,0,1
AHSA1,0,0,0,0,0,1
RPL41,0,0,0,0,0,1
PUM2,0,0,0,0,0,1
PRCP,0,0,0,0,0,1
MYH11,0,0,0,0,0,1
USP7,0,0,0,0,0,1
PPP1R11,0,0,0,0,0,1
GRSF1,0,0,0,0,0,1
NFKBIA,1,0,0,0,0,1
G3BP1,0,0,0,0,0,1
LAMB1,0,0,0,0,0,1
TGFBI,0,0,0,0,0,1
PFDN1,0,0,0,0,0,1
IGFBP4,0,0,0,0,0,1
AAMP,0,0,0,0,0,1
TSN,0,0,0,0,0,1
SRM,0,0,0,0,0,1
CBX1,0,0,0,0,0,1
TOMM70,0,0,0,0,0,1
NCBP2,0,0,0,0,0,1
APOD,0,0,0,0,0,1
ARF5,0,0,0,0,0,1
ATP6V1F,0,0,0,0,0,1
RPA1,0,0,0,0,0,1
ZFP36,0,0,0,0,0,1
PSMA3,1,0,0,0,0,1
CTNNB1,1,0,0,0,0,1
UBL3,0,0,0,0,0,1
DUSP3,0,0,0,0,0,1
ZNHIT1,0,0,0,0,0,1
SAR1A,0,0,0,0,0,1
TRIP12,0,0,0,0,0,1
KDM5B,0,0,0,0,0,1
LAMP1,0,1,0,0,0,1
MCM3,0,0,0,0,0,1
VAMP2,0,0,0,0,0,1
CLIC4,0,0,0,0,0,1
CLSTN1,0,0,0,0,0,1
SORD,0,0,0,0,0,1
FSCN1,0,0,0,0,0,1
ID2,0,0,0,0,0,1
GOLGA4,0,0,0,0,0,1
UQCRQ,0,0,0,0,0,1
SAMM50,0,0,0,0,0,1
DCTD,0,0,0,0,0,1
ETF1,0,0,0,0,0,1
SNW1,0,0,0,0,0,1
GLB1,0,0,0,0,0,1
NME1,0,0,0,0,0,1
PODXL,0,0,0,0,0,1
FAT1,0,0,0,0,0,1
TMX4,0,0,0,0,0,1
DDX39A,0,0,0,0,0,1
SFPQ,0,0,0,0,0,1
IRAK1,0,0,0,0,0,1
TXNL1,0,0,0,0,0,1
SMC1A,0,0,0,0,0,1
NISCH,1,0,0,0,0,1
EIF3H,0,0,0,0,0,1
PPP4R1,0,0,0,0,0,1
ZC3H15,0,0,0,0,0,1
KRT18,0,0,0,0,0,1
COX7A2,0,0,0,0,0,1
INPPL1,1,0,0,0,0,1
OAT,0,0,0,0,0,1
PHB2,0,0,0,0,0,1
IFITM1,0,0,0,0,0,1
PPP1R12A,0,0,0,0,0,1
CNN2,0,0,0,0,0,1
PWP1,0,0,0,0,0,1
ICMT,0,0,0,0,0,1
ALDH9A1,0,0,0,0,0,1
AP1G2,0,0,0,0,0,1
RUVBL1,0,0,0,0,0,1
CALD1,0,0,0,0,0,1
PRDX3,0,0,0,0,0,1
MBTPS1,0,0,0,0,0,1
NBL1,0,0,0,0,0,1
SND1,0,0,0,0,0,1
DARS1,0,0,0,0,0,1
INSIG1,0,0,0,0,0,1
RRAGA,1,1,0,0,0,1
IER3,1,0,0,0,0,1
EIF2B1,0,0,0,0,0,1
CYB5B,0,0,0,0,0,1
FXR1,1,0,0,0,0,1
CLPTM1,0,0,0,0,0,1
BST2,0,0,0,0,0,1
IFNGR2,0,0,0,1,0,1
TNC,0,0,0,0,0,1
SCARB2,0,0,0,0,0,1
JAK1,0,0,0,1,0,1
UBE2L6,0,0,0,0,0,1
KRT19,0,0,0,0,0,1
PACSIN2,0,0,0,0,0,1
COPS5,0,0,0,0,0,1
CNIH1,0,0,0,0,0,1
HSPG2,0,0,0,0,0,1
ARL1,0,0,0,0,0,1
ACSL3,0,0,1,0,0,1
SMC4,0,0,0,0,0,1
TIMP1,0,0,0,0,0,1
GJA1,0,0,0,0,0,1
MARCKS,1,0,0,0,0,1
USP14,0,0,0,0,0,1
GYS1,0,0,0,0,0,1
AKAP1,1,0,0,0,0,1
HMCES,0,0,0,0,0,1
SRRT,0,0,0,0,0,1
DLG5,0,0,0,0,0,1
PMPCB,0,0,0,0,0,1
TOX4,0,0,0,0,0,1
API5,1,0,0,0,0,1
TPD52,0,0,0,0,0,1
EGR1,0,0,0,0,0,1
PNP,0,0,0,0,0,1
SRSF4,0,0,0,0,0,1
DNMT1,0,0,0,0,0,1
PSMC6,1,0,0,0,0,1
CCND3,0,0,0,0,0,1
PGRMC2,0,0,0,0,0,1
PPP1R10,0,0,0,0,0,1
ENTPD6,0,0,0,0,0,1
PSMD7,1,0,0,0,0,1
PEX19,0,0,0,0,0,1
NIPSNAP1,0,0,0,0,0,1
MYBL2,0,0,0,0,0,1
RANBP2,0,0,0,0,0,1
TUBG1,0,0,0,0,0,1
ACIN1,1,0,0,0,0,1
MRPL49,0,0,0,0,0,1
EPB41L2,0,0,0,0,0,1
LAPTM5,0,0,0,0,0,1
GALNT1,0,0,0,0,0,1
CDC123,0,0,0,0,0,1
ELAVL1,0,0,0,0,0,1
BLTP2,0,0,0,0,0,1
TPR,0,0,0,0,0,1
CLCN3,0,0,0,0,0,1
MARCHF6,0,0,0,0,0,1
EIF1B,0,0,0,0,0,1
SGK1,1,0,0,0,0,1
NDUFS3,0,0,0,0,0,1
SRSF1,0,0,0,0,0,1
CD14,1,0,0,0,0,1
LUM,0,0,0,0,0,1
TWF1,0,0,0,0,0,1
TP53,1,0,1,0,1,1
SAFB,0,0,0,0,0,1
ECE1,0,0,0,0,0,1
JOSD1,0,0,0,0,0,1
COX6C,0,0,0,0,0,1
RPA2,0,0,0,0,0,1
TSG101,0,0,0,0,0,1
WSB2,0,0,0,0,0,1
MTHFD2,0,0,0,0,0,1
PSME2,1,0,0,0,0,1
DAXX,1,0,0,0,0,1
TMEM106C,0,0,0,0,0,1
HEXA,0,0,0,0,0,1
ELAC2,0,0,0,0,0,1
CLINT1,0,0,0,0,0,1
SNRPA,0,0,0,0,0,1
SCAMP3,0,0,0,0,0,1
AZIN1,0,0,0,0,0,1
ADNP,0,0,0,0,0,1
NCAPD2,0,0,0,0,0,1
EFCAB14,0,0,0,0,0,1
RNF13,0,0,0,0,0,1
AIP,0,0,0,0,0,1
RELA,1,0,0,0,0,1
C11orf58,0,0,0,0,0,1
RNASE1,0,0,0,0,0,1
ADAR,1,0,0,0,0,1
DDX42,0,0,0,0,0,1
DHCR7,0,0,0,0,0,1
AEBP1,0,0,0,0,0,1
SMG7,0,0,0,0,0,1
LBR,0,0,0,0,0,1
VARS1,0,0,0,0,0,1
MYOF,0,0,0,0,0,1
OSBP,0,0,0,0,0,1
SLC29A1,0,0,0,0,0,1
POLR2B,0,0,0,0,0,1
TBCB,0,0,0,0,0,1
PRKAG1,0,0,0,0,0,1
VPS26A,0,0,0,0,0,1
ENG,0,0,0,0,0,1
SH3BP5,0,0,0,0,0,1
TBC1D5,0,0,0,0,0,1
NIPSNAP2,0,0,0,0,0,1
UBE3C,0,0,0,0,0,1
LPCAT1,0,0,0,0,0,1
SCARB1,0,0,0,0,0,1
KRT5,0,0,0,0,0,1
RNF14,0,0,0,0,0,1
SCCPDH,0,0,0,0,0,1
SMARCD2,0,0,0,0,0,1
RTL8C,0,0,0,0,0,1
NET1,0,0,0,0,0,1
USO1,0,0,0,0,0,1
HDAC2,0,0,0,0,0,1
PRKAB1,0,0,0,0,0,1
SUPT7L,0,0,0,0,0,1
EPCAM,0,0,0,0,0,1
NEDD8,0,0,0,0,0,1
HSPB1,0,0,0,0,0,1
EFEMP1,0,0,0,0,0,1
RYBP,1,0,0,0,0,1
LIPA,0,0,0,0,0,1
BNIP3,1,1,0,0,0,1
CAPG,0,0,0,0,0,1
SH3GL1,0,0,0,0,0,1
CDC25B,0,0,0,0,0,1
ATMIN,0,0,0,0,0,1
ZFR,0,0,0,0,0,1
SRGN,1,0,0,0,0,1
PLAT,0,0,0,0,0,1
LRRFIP1,0,0,0,0,0,1
FAM32A,1,0,0,0,0,1
GDI1,0,0,0,0,0,1
TOMM34,0,0,0,0,0,1
UBXN1,0,0,0,0,0,1
ABCE1,0,0,0,0,0,1
MPZL1,0,0,0,0,0,1
PON2,0,0,0,0,0,1
PPP2R5C,0,0,0,0,0,1
ARIH1,0,0,0,0,0,1
CEACAM5,1,0,0,0,0,1
CYB5R3,0,0,0,0,0,1
DCAF11,0,0,0,0,0,1
IL13RA1,0,0,0,0,0,1
FAM3C,0,0,0,0,0,1
RRM2,0,0,0,0,0,1
IMPDH2,0,0,0,0,0,1
ARAF,0,0,0,0,0,1
PSRC1,0,0,0,0,0,1
CKS1B,0,0,0,0,0,1
UBE2A,0,0,0,0,0,1
AKR1A1,0,0,0,0,0,1
YY1,0,0,0,0,0,1
UQCRC1,0,0,0,0,0,1
CTDSPL,0,0,0,0,0,1
DVL3,0,0,0,0,0,1
RPS4Y1,0,0,0,0,0,1
FARP1,0,0,0,0,0,1
GSPT1,0,0,0,0,0,1
COASY,0,0,0,0,0,1
SEC63,0,0,0,0,0,1
SLC25A36,0,0,0,0,0,1
SLC20A1,0,0,0,0,0,1
GNG10,0,0,0,0,0,1
NSA2,0,0,0,0,0,1
PRDX4,0,0,0,0,0,1
AFF1,0,0,0,0,0,1
CD55,0,0,0,0,0,1
PKP4,0,0,0,0,0,1
MCM6,0,0,0,0,0,1
ETFA,0,0,0,0,0,1
LRRC41,0,0,0,0,0,1
CHMP1A,0,0,0,1,0,1
WDR82,0,0,0,0,0,1
EIF4G3,0,0,0,0,0,1
CDK2AP1,0,0,0,0,0,1
PLK2,0,0,0,0,0,1
CPD,0,0,0,0,0,1
HEXB,0,0,0,0,0,1
FURIN,0,0,0,0,0,1
CCT2,0,0,0,0,0,1
GNL2,0,0,0,0,0,1
CAPZB,0,0,0,0,0,1
ALCAM,0,0,0,0,0,1
CIB1,1,0,0,0,0,1
ARPC1B,0,0,0,0,0,1
CCNC,0,0,0,0,0,1
GNPAT,0,0,0,0,0,1
PPP1R12B,0,0,0,0,0,1
MYCBP2,0,0,0,0,0,1
RNF41,1,0,0,0,0,1
ACSL1,0,0,1,0,0,1
SETX,0,0,0,0,0,1
NDUFS2,0,0,0,0,0,1
RBM6,0,0,0,0,0,1
PGM1,0,0,0,0,0,1
NASP,0,0,0,0,0,1
ATP6V1A,0,0,0,0,0,1
MYO10,0,0,0,0,0,1
DELE1,1,0,0,0,0,1
PPP5C,0,0,0,0,0,1
RSU1,0,0,0,0,0,1
PAPPA,0,0,0,0,0,1
EGFR,0,0,0,0,0,1
WASHC5,0,0,0,0,0,1
MED13,0,0,0,0,0,1
CREBL2,0,0,0,0,0,1
KIF5B,0,0,0,0,0,1
HNRNPDL,0,0,0,0,0,1
MORF4L2,0,0,0,0,0,1
EXT1,0,0,0,0,0,1
SPEN,0,0,0,0,0,1
ST6GAL1,0,0,0,0,0,1
DYNLT1,0,0,0,0,0,1
NDUFA6,0,0,0,0,0,1
ACAA2,0,0,0,0,0,1
PTPN12,0,0,0,0,0,1
NID1,0,0,0,0,0,1
TWF2,0,0,0,0,0,1
TJP1,1,0,0,0,0,1
EXT2,0,0,0,0,0,1
PPP1R15A,1,0,0,0,0,1
MEST,0,0,0,0,0,1
EPHX1,0,0,0,0,0,1
LTF,0,0,0,0,0,1
LANCL1,0,0,0,0,0,1
EIF1,0,0,0,0,0,1
ALDOC,0,0,0,0,0,1
EFNA1,0,0,0,0,0,1
GET3,0,0,0,0,0,1
SDHD,0,0,0,0,0,1
TMEM184B,0,0,0,0,0,1
RPL38,0,0,0,0,0,1
BCKDK,0,0,0,0,0,1
RB1CC1,1,1,0,0,0,1
SFRP1,0,0,0,0,0,1
UBE4A,0,0,0,0,0,1
KDM5A,0,0,0,0,0,1
FIBP,0,0,0,0,0,1
HARS1,0,0,0,0,0,1
SMS,0,0,0,0,0,1
ARHGAP35,0,0,0,0,0,1
CBX6,0,0,0,0,0,1
ZMYM4,0,0,0,0,0,1
RAI14,0,0,0,0,0,1
ALDH3A2,0,0,0,0,0,1
CTR9,0,0,0,0,0,1
SEL1L,0,0,0,0,0,1
PPFIA1,0,0,0,0,0,1
LDLR,0,0,0,0,0,1
IDH3A,0,0,0,0,0,1
SDC4,0,0,0,0,0,1
HNRNPL,0,0,0,0,0,1
OPTN,0,1,0,0,0,1
PLTP,0,0,0,0,0,1
BIRC2,1,0,0,1,0,1
NDUFAB1,0,0,0,0,0,1
COPS3,0,0,0,0,0,1
TRAK1,0,0,0,0,0,1
IER2,0,0,0,0,0,1
SEC14L1,0,0,0,0,0,1
TJP2,1,0,0,0,0,1
MX1,1,0,0,0,0,1
CTSL,1,1,0,0,0,1
SLC39A6,0,0,0,0,0,1
UQCR11,0,0,0,0,0,1
ARL2BP,0,0,0,0,0,1
PAF1,0,0,0,0,0,1
BIRC5,1,0,0,0,0,1
TSPO,0,0,0,0,0,1
NUP153,0,0,0,0,0,1
RALB,1,0,0,0,0,1
BRD4,0,0,0,0,0,1
IGBP1,0,1,0,0,0,1
GOLGA3,0,0,0,0,0,1
MCM2,1,0,0,0,0,1
PEPD,0,0,0,0,0,1
ARFIP2,0,0,0,0,0,1
COX7B,0,0,0,0,0,1
SLC4A2,0,0,0,0,0,1
VWF,0,0,0,0,0,1
SNX2,0,0,0,0,0,1
NOC2L,1,0,0,0,0,1
DPF2,1,0,0,0,0,1
ARHGAP1,0,0,0,0,0,1
CPNE3,0,0,0,0,0,1
CHMP2A,0,0,0,1,1,1
PLIN3,0,0,0,0,0,1
ABL1,1,0,0,0,0,1
TRAK2,0,0,0,0,0,1
PRP4K,0,0,0,0,0,1
AREL1,1,0,0,0,0,1
RIOK3,0,0,0,0,0,1
WWTR1,0,0,0,0,0,1
ACTR1B,0,0,0,0,0,1
ZMYND11,0,0,0,0,0,1
AIMP2,1,0,0,0,0,1
CLK3,0,0,0,0,0,1
COPS8,0,0,0,0,0,1
LY6E,0,0,0,0,0,1
IFRD1,0,0,0,0,0,1
PYCR1,0,0,0,0,0,1
NEDD9,0,0,0,0,0,1
UBAC1,0,0,0,0,0,1
NUP62,0,0,0,0,0,1
TUBB3,0,0,0,0,0,1
NUP214,0,0,0,0,0,1
CELF2,0,0,0,0,0,1
CREBBP,0,0,0,0,0,1
PKN1,0,0,0,0,0,1
CNOT8,0,0,0,0,0,1
PPP1R2,0,0,0,0,0,1
MMS19,0,0,0,0,0,1
AASDHPPT,0,0,0,0,0,1
VEZF1,0,0,0,0,0,1
PCM1,0,0,0,0,0,1
CHPF,0,0,0,0,0,1
ERCC3,1,0,0,0,0,1
GAS6,1,0,0,0,0,1
PRKCZ,0,0,0,0,0,1
BLMH,0,0,0,0,0,1
MVP,0,0,0,0,0,1
SUSD6,0,0,0,0,0,1
KAT2A,0,0,0,0,0,1
KIF22,0,0,0,0,0,1
NUP133,0,0,0,0,0,1
PLOD3,0,0,0,0,0,1
PPP2R5A,0,0,0,0,0,1
NUP93,0,0,0,0,0,1
GAS7,0,0,0,0,0,1
LIMK2,0,0,0,0,0,1
TMED5,0,0,0,0,0,1
DKK3,0,0,0,0,0,1
MTMR3,0,1,0,0,0,1
SRPK1,0,0,0,0,0,1
BLVRB,0,0,0,0,0,1
LAMA4,0,0,0,0,0,1
AMFR,0,0,0,0,0,1
VASP,0,0,0,0,0,1
ARL4C,0,0,0,0,0,1
LSM3,0,0,0,0,0,1
ARFGAP3,0,0,0,0,0,1
PES1,0,0,0,0,0,1
CUL4B,0,0,0,0,0,1
NFYC,0,0,0,0,0,1
GATD3,0,0,0,0,0,1
FADS2,0,0,0,0,0,1
SLC6A8,0,0,0,0,0,1
KHDC4,0,0,0,0,0,1
DES,0,0,0,0,0,1
STT3A,0,0,0,0,0,1
CRK,0,0,0,0,0,1
BRD8,0,0,0,0,0,1
NPTN,0,0,0,0,0,1
CHERP,0,0,0,0,0,1
EIF3M,0,0,0,0,0,1
UQCRH,0,0,0,0,0,1
SLC16A1,0,0,0,0,0,1
NNMT,0,0,0,0,0,1
PARP4,1,0,0,0,0,1
PLK1,0,0,0,0,0,1
TRIB1,0,0,0,0,0,1
TSPAN7,0,0,0,0,0,1
PSMB4,1,0,0,0,0,1
LSS,0,0,0,0,0,1
CDK4,0,0,0,0,0,1
E2F4,0,0,0,0,0,1
DCAF8,0,0,0,0,0,1
PRPF3,0,0,0,0,0,1
RAB13,0,0,0,0,0,1
DNM2,0,0,0,0,0,1
SIPA1L1,0,0,0,0,0,1
CD2BP2,0,0,0,0,0,1
N4BP2L2,0,0,0,0,0,1
STXBP1,0,0,0,0,0,1
VPS72,0,0,0,0,0,1
DDAH2,0,0,0,0,0,1
CYB5R1,0,0,0,0,0,1
TOMM40,0,0,0,0,0,1
BMI1,0,0,0,0,0,1
TDP2,0,0,0,0,0,1
LAMC2,0,0,0,0,0,1
NAE1,1,0,0,0,0,1
GBP1,0,0,0,0,0,1
FBXO28,0,0,0,0,0,1
PDGFRB,0,0,0,0,0,1
ACTG2,0,0,0,0,0,1
G6PD,0,0,0,0,0,1
SEM1,1,0,0,0,0,1
SPTLC1,0,0,0,0,0,1
ATP5MJ,0,0,0,0,0,1
GAK,0,0,0,0,0,1
HSD17B10,0,0,0,0,0,1
SERPINF1,0,0,0,0,0,1
CDKN1A,0,0,0,0,0,1
TACSTD2,0,0,0,0,0,1
MTOR,0,1,0,0,0,1
PDAP1,0,0,0,0,0,1
MGP,0,0,0,0,0,1
STAG1,0,0,0,0,0,1
CTSH,1,0,0,0,0,1
RER1,0,0,0,0,0,1
NDUFA1,0,0,0,0,0,1
LAMTOR5,0,0,0,0,0,1
RSRC2,0,0,0,0,0,1
SMARCA5,0,0,0,0,0,1
FNDC3A,0,0,0,0,0,1
POLR2G,0,0,0,0,0,1
TAP1,0,0,0,0,0,1
SREBF1,0,0,0,0,0,1
MTHFD1,0,0,0,0,0,1
COL1A1,0,0,0,0,0,1
PPP2R2A,0,0,0,0,0,1
CYP51A1,0,0,0,0,0,1
BCR,0,0,0,0,0,1
UBE4B,0,0,0,0,0,1
SENP6,0,0,0,0,0,1
GGPS1,0,0,0,0,0,1
ACBD3,0,0,0,0,0,1
ATP5PF,0,0,0,0,0,1
EHMT2,0,0,0,0,0,1
PKD1,0,0,0,0,0,1
CSK,0,0,0,0,0,1
UNG,0,0,0,0,0,1
BCKDHA,0,0,0,0,0,1
CSNK1E,0,0,0,0,0,1
UBE2B,1,0,0,0,0,1
PMF1,0,0,0,0,0,1
TK1,0,0,0,0,0,1
NR4A1,1,0,0,0,0,1
HSF1,0,0,0,0,0,1
FABP5,0,0,0,0,0,1
UBE2K,0,0,0,0,0,1
TOR1A,0,0,0,0,0,1
MATN2,0,0,0,0,0,1
ITGAV,0,0,0,0,0,1
PSMD12,1,0,0,0,0,1
GTF2F1,0,0,0,0,0,1
CFB,0,0,0,0,0,1
SNX19,0,0,0,0,0,1
MAML1,0,0,0,0,0,1
SEC24C,0,0,0,0,0,1
RAP1A,0,0,0,0,0,1
SPOCK1,0,0,0,0,0,1
MXI1,0,0,0,0,0,1
UNC119B,0,0,0,0,0,1
ACADS,0,0,0,0,0,1
TRAM2,0,0,0,0,0,1
CBFB,0,0,0,0,0,1
TCEAL4,0,0,0,0,0,1
RAB3GAP2,0,0,0,0,0,1
SEC24D,0,0,0,0,0,1
SERPINA3,0,0,0,0,0,1
LEPROT,0,0,0,0,0,1
NKTR,0,0,0,0,0,1
ADAM9,0,0,0,0,0,1
GNPDA1,0,0,0,0,0,1
KDM5C,0,0,0,0,0,1
TCOF1,0,0,0,0,0,1
MARF1,0,0,0,0,0,1
RGS2,0,0,0,0,0,1
HTT,1,0,0,0,0,1
BASP1,0,0,0,0,0,1
PISD,0,0,0,0,0,1
KLF10,0,0,0,0,0,1
ABCF3,0,0,0,0,0,1
NSF,0,0,0,0,0,1
TCERG1,0,0,0,0,0,1
NUTF2,0,0,0,0,0,1
AP3S2,0,0,0,0,0,1
SRF,0,0,0,0,0,1
CARS1,0,0,0,0,0,1
COL1A2,0,0,0,0,0,1
TIAL1,1,0,0,0,0,1
PRPF31,0,0,0,0,0,1
IFI27,1,0,0,0,0,1
USP1,0,0,0,0,0,1
ERCC5,0,0,0,0,0,1
HSPBP1,0,0,0,0,0,1
DNAJC7,0,0,0,0,0,1
KEAP1,0,0,0,0,0,1
YIF1A,0,0,0,0,0,1
KDSR,0,0,0,0,0,1
DHX9,0,0,0,0,0,1
IGSF3,0,0,0,0,0,1
ACSL4,0,0,1,0,0,1
KAT6A,0,0,0,0,0,1
MAP2K2,1,1,0,0,0,1
MPC2,0,0,0,0,0,1
MYC,0,0,0,0,0,1
PPP3CB,0,0,0,0,0,1
SLC35B1,0,0,0,0,0,1
CYP1B1,0,0,0,0,0,1
IDS,0,0,0,0,0,1
DENND2B,0,0,0,0,0,1
ERLIN1,0,0,0,0,0,1
AP3S1,0,0,0,0,0,1
NOTCH2,1,0,0,0,0,1
PLSCR1,1,0,0,0,0,1
DECR1,0,0,0,0,0,1
RXRA,0,0,0,0,0,1
CTSK,1,0,0,0,0,1
ZER1,0,0,0,0,0,1
GTF2H1,0,0,0,0,0,1
ERBB3,0,0,0,0,0,1
HDAC5,0,0,0,0,0,1
PPP3CA,0,0,0,0,0,1
PRSS23,0,0,0,0,0,1
LPIN2,0,0,0,0,0,1
EIF2B2,0,0,0,0,0,1
DDX46,0,0,0,0,0,1
MBD3,0,0,0,0,0,1
PFKFB3,0,0,0,0,0,1
PCOLCE,0,0,0,0,0,1
TENT4A,0,0,0,0,0,1
COPS2,0,0,0,0,0,1
CTNNAL1,0,0,0,0,0,1
CPSF6,0,0,0,0,0,1
MPI,0,0,0,0,0,1
HCFC1,0,0,0,0,0,1
TMEM147,0,0,0,0,0,1
TUBGCP2,0,0,0,0,0,1
TRIB2,0,0,0,0,0,1
DHRS3,0,0,0,0,0,1
RANBP1,0,0,0,0,0,1
MBD2,0,0,0,0,0,1
AFG3L2,0,0,0,0,0,1
FXYD3,0,0,0,0,0,1
ELP1,0,0,0,0,0,1
ATG9A,0,1,0,1,0,1
PPIE,0,0,0,0,0,1
TBCC,0,0,0,0,0,1
EDC4,0,0,0,0,0,1
SLC2A3,0,0,0,0,0,1
DNAJB2,0,0,0,0,0,1
ACADM,0,0,0,0,0,1
PCLAF,0,0,0,0,0,1
TRIM29,0,0,0,0,0,1
SNRPB2,0,0,0,0,0,1
ITPRID2,0,0,0,0,0,1
SNAP25,0,0,0,0,0,1
TNFAIP2,0,0,0,0,0,1
PPP2R5D,0,0,0,0,0,1
DLG1,0,0,0,0,0,1
CRMP1,0,0,0,0,0,1
BCL7B,1,0,0,0,0,1
MLXIP,0,0,0,0,0,1
MLH1,0,0,0,0,0,1
CTCF,0,0,0,0,0,1
PITPNB,0,0,0,0,0,1
SPOCK2,0,0,0,0,0,1
PRSS8,0,0,0,0,0,1
SMAD4,0,0,0,0,0,1
GALE,0,0,0,0,0,1
PRPSAP1,0,0,0,0,0,1
IRF1,1,0,0,0,1,1
DHFR,0,0,0,0,0,1
FADD,1,0,0,1,0,1
CHMP2B,0,0,0,1,1,1
HMGCR,0,0,0,0,0,1
AIMP1,1,0,0,0,0,1
GMFB,0,0,0,0,0,1
PRKCD,1,1,0,0,0,1
VAMP8,0,1,0,0,0,1
ARHGEF7,0,0,0,0,0,1
VAPB,0,0,0,0,0,1
CRIM1,0,0,0,0,0,1
SYF2,0,0,0,0,0,1
GSTM3,0,0,0,0,0,1
MYLK,0,0,0,0,0,1
MCRS1,0,0,0,0,0,1
HSPA13,0,0,0,0,0,1
CHTOP,0,0,0,0,0,1
TNKS,0,0,0,0,0,1
ERG28,0,0,0,0,0,1
ARL2,0,0,0,0,0,1
SVIL,0,0,0,0,0,1
SNRPD3,0,0,0,0,0,1
MARK3,0,0,0,0,0,1
DLGAP4,0,0,0,0,0,1
CSNK1G2,0,0,0,0,0,1
CRABP2,0,0,0,0,0,1
DDX19A,0,0,0,0,0,1
FOXM1,0,0,0,0,0,1
RANBP9,0,0,0,0,0,1
NFX1,0,0,0,0,0,1
AK1,0,0,0,0,0,1
TYMS,0,0,0,0,0,1
PDK2,0,0,0,0,0,1
SSBP1,0,0,0,0,0,1
GDE1,0,0,0,0,0,1
LEPROTL1,0,0,0,0,0,1
IRF6,0,0,0,0,0,1
S100A13,0,0,0,0,0,1
NRIP1,0,0,0,0,0,1
HTATSF1,0,0,0,0,0,1
ADAM10,0,0,0,0,0,1
GUSB,0,0,0,0,0,1
TLK1,0,0,0,0,0,1
NDST1,0,0,0,0,0,1
EPS8,0,0,0,0,0,1
MED14,0,0,0,0,0,1
CTPS1,0,0,0,0,0,1
SLC30A9,0,0,0,0,0,1
GNAQ,0,0,0,0,0,1
MECP2,0,0,0,0,0,1
PLOD2,0,0,0,0,0,1
IRF3,1,0,0,1,0,1
ATXN2,0,0,0,0,0,1
EAPP,0,0,0,0,0,1
SERPINE1,0,0,0,0,0,1
APPBP2,0,0,0,0,0,1
TOPBP1,0,0,0,0,0,1
POLR2K,0,0,0,0,0,1
RNF103,0,0,0,0,0,1
ICAM1,0,0,0,0,0,1
RANBP3,0,0,0,0,0,1
ARL3,0,0,0,0,0,1
TRRAP,0,0,0,0,0,1
TNFAIP3,1,0,0,1,0,1
MEN1,0,0,0,0,0,1
NRAS,1,1,0,0,0,1
RPS19,0,0,0,0,0,1
TMEM94,0,0,0,0,0,1
LPGAT1,0,0,0,0,0,1
APBB1,1,0,0,0,0,1
MARCHF7,0,0,0,0,0,1
MANF,0,0,0,0,0,1
SERTAD2,0,0,0,0,0,1
PEX11B,0,0,0,0,0,1
PSMB10,1,0,0,0,0,1
ITPR2,1,0,0,0,0,1
WIPF1,0,0,0,0,0,1
ACTL6A,0,0,0,0,0,1
EFNB2,0,0,0,0,0,1
MAP2K1,1,1,0,0,0,1
ATF3,0,0,0,0,0,1
DPM1,0,0,0,0,0,1
LMO7,0,0,0,0,0,1
SDHB,0,0,0,0,0,1
RASA1,0,0,0,0,0,1
GTF2A2,0,0,0,0,0,1
NPC1,0,0,0,0,0,1
GTF2E2,0,0,0,0,0,1
RNMT,0,0,0,0,0,1
AXL,1,0,0,0,0,1
TNFSF10,1,0,0,1,0,1
RBM15B,0,0,0,0,0,1
SNRPD1,0,0,0,0,0,1
STK17A,1,0,0,0,0,1
OXSR1,0,0,0,0,0,1
BMP1,0,0,0,0,0,1
TRIM26,0,0,0,0,0,1
DUSP11,0,0,0,0,0,1
TOB1,0,0,0,0,0,1
CCNB2,0,0,0,0,0,1
H2BC21,0,0,0,0,0,1
FMOD,0,0,0,0,0,1
BET1,0,0,0,0,0,1
EFNB1,0,0,0,0,0,1
PRORP,0,0,0,0,0,1
CAD,0,0,0,0,0,1
PTPN1,0,0,0,0,0,1
IGFBP2,0,0,0,0,0,1
TES,0,0,0,0,0,1
GFPT1,0,0,0,0,0,1
FOXO1,1,0,0,0,0,1
POLR2A,0,0,0,0,0,1
LIG1,0,0,0,0,0,1
LTBP1,0,0,0,0,0,1
PKIG,0,0,0,0,0,1
P4HA2,0,0,0,0,0,1
TRIP10,0,0,0,0,0,1
EBP,0,0,0,0,0,1
LSM4,0,0,0,0,0,1
PHKB,0,0,0,0,0,1
PRKACB,0,1,0,0,0,1
PIK3R3,1,1,0,0,0,1
SLC20A2,0,0,0,0,0,1
USP8,0,0,0,0,0,1
ITM2A,0,0,0,0,0,1
GBP2,0,0,0,0,0,1
GET1,0,0,0,0,0,1
TFIP11,0,0,0,0,0,1
PSMD6,1,0,0,0,0,1
R3HDM1,0,0,0,0,0,1
GPC1,0,0,0,0,0,1
NELFB,0,0,0,0,0,1
RFXANK,0,0,0,0,0,1
SYNE2,0,0,0,0,0,1
ROCK2,0,0,0,0,0,1
CASP3,1,0,0,0,1,1
STIM1,0,0,0,0,0,1
FBN1,0,0,0,0,0,1
ACP2,0,0,0,0,0,1
FOSB,0,0,0,0,0,1
CCNG2,0,0,0,0,0,1
PIEZO1,0,0,0,0,0,1
HMGCL,0,0,0,0,0,1
SFSWAP,0,0,0,0,0,1
DNTTIP2,0,0,0,0,0,1
SHOC2,0,0,0,0,0,1
ZMYM2,0,0,0,0,0,1
UBE2S,0,0,0,0,0,1
OXCT1,0,0,0,0,0,1
INPP5K,0,0,0,0,0,1
NNT,0,0,0,0,0,1
NDUFA7,0,0,0,0,0,1
STK39,0,0,0,0,0,1
MAPKAPK3,0,0,0,0,0,1
PLCG1,0,0,0,0,0,1
CLDN7,0,0,0,0,0,1
PPP6R2,0,0,0,0,0,1
LPCAT3,0,0,1,0,0,1
INPP1,0,0,0,0,0,1
SYNPO,0,0,0,0,0,1
SACM1L,0,0,0,0,0,1
SEC24B,0,0,0,0,0,1
CLPP,0,0,0,0,0,1
SLC1A3,0,0,0,0,0,1
PRKACA,0,1,0,0,0,1
ITGB2,1,0,0,0,0,1
ABCC1,0,0,0,0,0,1
DBN1,0,0,0,0,0,1
TOM1,0,0,0,0,0,1
WBP1L,0,0,0,0,0,1
INTS3,0,0,0,0,0,1
DRG1,0,0,0,0,0,1
STAMBP,0,0,0,0,0,1
GAA,0,0,0,0,0,1
TARBP1,0,0,0,0,0,1
SS18,0,0,0,0,0,1
ELOA,0,0,0,0,0,1
AHR,1,0,0,0,0,1
LPP,0,0,0,0,0,1
ELOC,0,0,0,0,0,1
SLC25A4,0,0,0,1,0,1
SPINT1,0,0,0,0,0,1
MMP14,0,0,0,0,0,1
VAMP7,0,0,0,0,0,1
SLC37A4,0,0,0,0,0,1
GPX2,0,0,0,0,0,1
GCC2,0,0,0,0,0,1
AGT,0,0,0,0,0,1
TXNL4A,0,0,0,0,0,1
FUCA1,0,0,0,0,0,1
NDUFB7,0,0,0,0,0,1
TAF15,0,0,0,0,0,1
DNAJB9,0,0,0,0,0,1
RALBP1,0,0,0,0,0,1
PCK2,0,0,0,0,0,1
ABCD3,0,0,0,0,0,1
AAGAB,0,0,0,0,0,1
HPRT1,0,0,0,0,0,1
U2AF1,0,0,0,0,0,1
CXCL8,0,0,0,0,0,1
DENND4B,0,0,0,0,0,1
PER1,0,0,0,0,0,1
FAH,0,0,0,0,0,1
SP100,0,0,0,0,0,1
DNAJB12,0,0,0,0,0,1
POP4,0,0,0,0,0,1
OAS1,0,0,0,0,0,1
CDC20,0,0,0,0,0,1
TRAF4,1,0,0,0,0,1
ATP6V1C1,0,0,0,0,0,1
PBX2,0,0,0,0,0,1
CD93,0,0,0,0,0,1
CYTH1,0,0,0,0,0,1
PPP2R1B,0,0,0,0,0,1
DDIT4,1,1,0,0,0,1
ANPEP,0,0,0,0,0,1
MAP7,0,0,0,0,0,1
NIT1,0,0,0,0,0,1
CDC23,0,0,0,0,0,1
UNC13B,0,0,0,0,0,1
EPHB4,0,0,0,0,0,1
SIRPA,0,0,0,0,0,1
SDC3,0,0,0,0,0,1
E2F1,1,0,0,0,0,1
NUP88,0,0,0,0,0,1
CTSS,1,0,0,0,0,1
NBN,0,0,0,0,0,1
WFS1,0,0,0,0,0,1
ADGRE5,0,0,0,0,0,1
MSH6,0,0,0,0,0,1
ADM,0,0,0,0,0,1
ARHGEF11,0,0,0,0,0,1
FAM20B,0,0,0,0,0,1
S100A8,1,0,0,0,0,1
MOB4,0,0,0,0,0,1
ANK2,0,0,0,0,0,1
GCLC,0,0,1,0,0,1
PLAGL2,0,0,0,0,0,1
NBAS,0,0,0,0,0,1
PIN1,0,0,0,0,0,1
DDT,0,0,0,0,0,1
SUCLA2,0,0,0,0,0,1
YES1,0,0,0,0,0,1
HK2,0,0,0,0,0,1
SOX9,1,0,0,0,0,1
RRP7A,0,0,0,0,0,1
ZMPSTE24,0,0,0,0,0,1
NDUFV2,0,0,0,0,0,1
ETFB,0,0,0,0,0,1
NAGA,0,0,0,0,0,1
FPGS,0,0,0,0,0,1
BTBD3,0,0,0,0,0,1
GYPC,0,0,0,0,0,1
IL1R1,0,0,0,0,0,1
FHL2,0,0,0,0,0,1
CRYZ,0,0,0,0,0,1
STK38,0,0,0,0,0,1
ADAM12,0,0,0,0,0,1
C1QB,0,0,0,0,0,1
UBE2C,0,0,0,0,0,1
ARFGEF1,0,0,0,0,0,1
HCLS1,0,0,0,0,0,1
PTPN9,0,0,0,0,0,1
MMUT,0,0,0,0,0,1
ATP5MF,0,0,0,0,0,1
KIF13B,0,0,0,0,0,1
RFX5,0,0,0,0,0,1
CAPN6,0,0,0,0,0,1
GSTA4,0,0,0,0,0,1
DYRK2,1,0,0,0,0,1
MPP1,0,0,0,0,0,1
RHOBTB3,0,0,0,0,0,1
CREBZF,0,0,0,0,0,1
SIAH1,1,0,0,0,0,1
HLTF,0,0,0,0,0,1
BAG5,0,0,0,0,0,1
ARNT2,0,0,0,0,0,1
RGS1,0,0,0,0,0,1
PYGL,0,0,0,1,0,1
STARD3,0,0,0,0,0,1
C7,0,0,0,0,0,1
FBLN1,0,0,0,0,0,1
POLD4,0,0,0,0,0,1
LOXL2,0,0,0,0,0,1
STMN2,0,0,0,0,0,1
AMOTL2,0,0,0,0,0,1
MEF2D,1,0,0,0,0,1
LTBR,1,0,0,0,0,1
INPP5A,0,0,0,0,0,1
LYPLA1,0,0,0,0,0,1
STAT5A,0,0,0,1,0,1
IMPA1,0,0,0,0,0,1
ECD,0,0,0,0,0,1
SSX2IP,0,0,0,0,0,1
SLPI,0,0,0,0,0,1
RNASEH2A,0,0,0,0,0,1
C5orf15,0,0,0,0,0,1
NAA10,0,0,0,0,0,1
ZBTB5,0,0,0,0,0,1
MVD,0,0,0,0,0,1
CYBA,0,0,0,0,0,1
PTPRN2,0,0,0,0,0,1
UROS,0,0,0,0,0,1
RPL27A,0,0,0,0,0,1
PIAS3,0,0,0,0,0,1
MTSS1,0,0,0,0,0,1
PTPRK,0,0,0,0,0,1
NDUFS1,0,0,0,0,0,1
HMBS,0,0,0,0,0,1
ZBED1,0,0,0,0,0,1
CHSY1,0,0,0,0,0,1
NINJ1,0,0,1,1,1,1
TIMELESS,0,0,0,0,0,1
STK10,0,0,0,0,0,1
SKIC3,0,0,0,0,0,1
TP53BP1,0,0,0,0,0,1
BAHD1,0,0,0,0,0,1
C2,0,0,0,0,0,1
BCAS2,0,0,0,0,0,1
TCTA,0,0,0,0,0,1
ARHGEF1,0,0,0,0,0,1
PAPSS2,0,0,0,0,0,1
MDC1,0,0,0,0,0,1
PPM1F,1,0,0,0,0,1
FOXK2,0,0,0,0,0,1
CAV1,0,0,0,0,0,1
CHST15,0,0,0,0,0,1
PDHX,0,0,0,0,0,1
KLHL21,0,0,0,0,0,1
SV2A,0,0,0,0,0,1
SEMA3B,0,0,0,0,0,1
MYO1E,0,0,0,0,0,1
COG2,0,0,0,0,0,1
SMAD2,0,0,0,0,0,1
CUL2,0,0,0,0,0,1
BAZ2B,0,0,0,0,0,1
CTNNBIP1,0,0,0,0,0,1
BMS1,0,0,0,0,0,1
THBS2,0,0,0,0,0,1
TGFB1,0,0,0,0,0,1
KIF2A,0,0,0,0,0,1
FBLN5,0,0,0,0,0,1
HTRA2,1,0,0,0,0,1
SDF2,0,0,0,0,0,1
TIMM44,0,0,0,0,0,1
MAD2L1BP,0,0,0,0,0,1
MTIF2,0,0,0,0,0,1
RAPGEF2,0,0,0,0,0,1
CDYL,0,0,0,0,0,1
MGAT2,0,0,0,0,0,1
PRPF19,0,0,0,0,0,1
CSF1R,0,0,0,0,0,1
DNM1L,1,0,0,1,0,1
GPRC5A,0,0,0,0,0,1
UBE2M,0,0,0,0,0,1
PTK2B,1,0,0,0,0,1
NELFA,0,0,0,0,0,1
EEF1D,0,0,0,0,0,1
ZNRD2,0,0,0,0,0,1
FECH,0,0,0,0,0,1
PAN2,0,0,0,0,0,1
PCSK7,0,0,0,0,0,1
CCDC86,0,0,0,0,0,1
TP53BP2,1,0,0,0,0,1
TRAPPC12,0,0,0,0,0,1
SLC11A2,0,0,1,0,0,1
IMPA2,0,0,0,0,0,1
SPTLC2,0,0,0,0,0,1
KIF5C,0,0,0,0,0,1
PDGFRA,0,0,0,0,0,1
RB1,1,0,0,0,0,1
SEC61B,0,0,0,0,0,1
TBP,0,0,0,0,0,1
RABAC1,0,0,0,0,0,1
WTAP,0,0,0,0,0,1
HAT1,0,0,0,0,0,1
DAPK1,1,1,0,0,0,1
AP3B1,0,0,0,0,0,1
KIAA0040,0,0,0,0,0,1
SPAG5,0,0,0,0,0,1
GABBR1,0,0,0,0,0,1
TRIM14,0,0,0,0,0,1
NECTIN2,0,0,0,0,0,1
RABEPK,0,0,0,0,0,1
MAP1A,0,0,0,0,0,1
MRPL40,0,0,0,0,0,1
IFIT1,0,0,0,0,0,1
PAK4,1,0,0,0,0,1
SETDB1,0,0,0,0,0,1
AKAP11,0,0,0,0,0,1
RNF8,0,0,0,0,0,1
KATNB1,0,0,0,0,0,1
SLC33A1,0,0,0,0,0,1
CFDP1,0,0,0,0,0,1
TIMP2,0,0,0,0,0,1
RGP1,0,0,0,0,0,1
RRP8,0,0,0,0,0,1
VPS35L,0,0,0,0,0,1
ARFRP1,0,0,0,0,0,1
RHOG,0,0,0,0,0,1
TFAM,0,0,0,0,0,1
GALT,0,0,0,0,0,1
ALDH1A3,1,0,0,0,0,1
SRPK2,0,0,0,0,0,1
FBN2,0,0,0,0,0,1
RASSF2,0,0,0,0,0,1
S100A4,0,0,0,0,0,1
DOCK1,1,0,0,0,0,1
B4GAT1,0,0,0,0,0,1
NDUFS8,0,0,0,0,0,1
ABCB6,0,0,0,0,0,1
NUP98,0,0,0,0,0,1
ABCC4,0,0,0,0,0,1
CZIB,0,0,0,0,0,1
CDK9,0,0,0,0,0,1
MTRR,0,0,0,0,0,1
PMM2,0,0,0,0,0,1
KRR1,0,0,0,0,0,1
KDM4A,0,0,0,0,0,1
FAM53B,0,0,0,0,0,1
MTFR1,0,0,0,0,0,1
RFC5,0,0,0,0,0,1
MTMR2,0,0,0,0,0,1
CDK1,1,0,0,0,0,1
MYO6,0,0,0,0,0,1
ST3GAL5,0,0,0,0,0,1
MAPK9,1,1,0,1,0,1
TLE1,0,0,0,0,0,1
RFK,1,0,0,0,0,1
TSPAN31,0,0,0,0,0,1
PAFAH1B3,0,0,0,0,0,1
CLK2,0,0,0,0,0,1
DVL1,0,0,0,0,0,1
ATXN1,0,0,0,0,0,1
IL4R,0,0,0,0,0,1
UPP1,0,0,0,0,0,1
THOP1,0,0,0,0,0,1
LGALS9,0,0,0,0,0,1
NOTCH3,0,0,0,0,0,1
CNOT3,0,0,0,0,0,1
FCGBP,0,0,0,0,0,1
UVRAG,0,1,0,0,0,1
PEX5,0,0,0,0,0,1
BRD3OS,0,0,0,0,0,1
NPRL2,0,0,0,0,0,1
EZH1,0,0,0,0,0,1
SCAF8,0,0,0,0,0,1
CDK2AP2,0,0,0,0,0,1
PPIP5K2,0,0,0,0,0,1
TLN1,0,0,0,0,0,1
CDH3,0,0,0,0,0,1
CSTPP1,0,0,0,0,0,1
DRAP1,0,0,0,0,0,1
HDDC2,0,0,0,0,0,1
DCTN6,0,0,0,0,0,1
FAM50A,0,0,0,0,0,1
ARHGEF9,0,0,0,0,0,1
MAP2K4,1,0,0,0,0,1
DRG2,0,0,0,0,0,1
NSMAF,0,0,0,0,0,1
DTYMK,0,0,0,0,0,1
UNC119,0,0,0,0,0,1
TUSC2,0,0,0,0,0,1
IRF2,0,0,0,0,1,1
LMNB1,1,0,0,0,0,1
DFFA,1,0,0,0,0,1
PHF21A,0,0,0,0,0,1
EDEM1,0,0,0,0,0,1
UBA7,0,0,0,0,0,1
GBE1,0,0,0,0,0,1
HS2ST1,0,0,0,0,0,1
RNF44,0,0,0,0,0,1
LAD1,0,0,0,0,0,1
GARRE1,0,0,0,0,0,1
CNOT4,0,0,0,0,0,1
VPS11,0,1,0,0,0,1
LMAN1,0,0,0,0,0,1
ATP1A2,0,0,0,0,0,1
JARID2,0,0,0,0,0,1
AP1S2,0,0,0,0,0,1
DMTF1,0,0,0,0,0,1
DCK,0,0,0,0,0,1
DYNLT3,0,0,0,0,0,1
BAMBI,0,0,0,0,0,1
F13A1,0,0,0,0,0,1
SLC35A1,0,0,0,0,0,1
GNL1,0,0,0,0,0,1
HPS1,0,0,0,0,0,1
STXBP3,0,0,0,0,0,1
ARF6,0,0,0,0,0,1
TGIF1,0,0,0,0,0,1
NCK2,0,0,0,0,0,1
SNRPE,0,0,0,0,0,1
ZNF148,0,0,0,0,0,1
SH2B3,0,0,0,0,0,1
ADNP2,0,0,0,0,0,1
CAV2,0,0,0,0,0,1
PTPRM,0,0,0,0,0,1
INPP5D,1,0,0,0,0,1
KIFAP3,1,0,0,0,0,1
DHX8,0,0,0,0,0,1
PHYH,0,0,0,0,0,1
ITGB1BP1,0,0,0,0,0,1
PPP2R5E,0,0,0,0,0,1
SLC25A12,0,0,0,0,0,1
CEBPZ,0,0,0,0,0,1
TIMM17B,0,0,0,0,0,1
UGDH,0,0,0,0,0,1
RBBP8,0,0,0,0,0,1
MTF2,0,0,0,0,0,1
ETV5,0,0,0,0,0,1
AP1G1,0,0,0,0,0,1
ORC4,0,0,0,0,0,1
CAPN7,0,0,0,0,0,1
EZH2,0,0,0,0,0,1
MYCBP,0,0,0,0,0,1
MAD2L1,0,0,0,0,0,1
ATG13,0,1,0,0,0,1
MMP15,0,0,0,0,0,1
DUSP14,0,0,0,0,0,1
CRELD1,0,0,0,0,0,1
PDLIM7,0,0,0,0,0,1
NDUFB3,0,0,0,0,0,1
SOCS2,0,0,0,0,0,1
TPP2,0,0,0,0,0,1
CDC40,0,0,0,0,0,1
PCF11,0,0,0,0,0,1
RPS6KA1,0,0,0,0,0,1
SRSF5,0,0,0,0,0,1
APOE,0,0,0,0,0,1
GOLGA1,0,0,0,0,0,1
DGKA,0,0,0,0,0,1
TBC1D4,0,0,0,0,0,1
ARRB2,0,0,0,0,0,1
KIF3C,0,0,0,0,0,1
FKBP2,0,0,0,0,0,1
HES1,0,0,0,0,0,1
PSMA4,1,0,0,0,0,1
GALNT3,0,0,0,0,0,1
PSG3,0,0,0,0,0,1
TF,0,0,1,0,0,1
PRPS2,0,0,0,0,0,1
KCNAB2,0,0,0,0,0,1
RNF6,0,0,0,0,0,1
ARMCX2,0,0,0,0,0,1
PSMG1,0,0,0,0,0,1
MFAP1,0,0,0,0,0,1
PPL,0,0,0,0,0,1
SATB1,1,0,0,0,0,1
DDB2,0,0,0,0,0,1
AP3M2,0,0,0,0,0,1
LZTR1,0,0,0,0,0,1
NELL2,0,0,0,0,0,1
MMD,0,0,0,0,0,1
PDCD6,1,0,0,0,0,1
CD53,0,0,0,0,0,1
MFAP2,0,0,0,0,0,1
CCNA2,0,0,0,0,0,1
KMT2B,0,0,0,0,0,1
FAM8A1,0,0,0,0,0,1
TP53I11,0,0,0,0,0,1
POLD1,0,0,0,0,0,1
RBP1,0,0,0,0,0,1
ASF1A,0,0,0,0,0,1
SUCO,0,0,0,0,0,1
HEBP2,0,0,0,0,0,1
ARHGAP32,0,0,0,0,0,1
TMPO,0,0,0,0,0,1
MTHFS,0,0,0,0,0,1
MME,0,0,0,0,0,1
RPP30,0,0,0,0,0,1
TMEM11,0,0,0,0,0,1
STC2,0,0,0,0,0,1
CDH2,0,0,0,0,0,1
EML3,0,0,0,0,0,1
MTA2,0,0,0,0,0,1
PSMD5,1,0,0,0,0,1
TERF1,0,0,0,0,0,1
CBY1,0,0,0,0,0,1
B3GAT3,0,0,0,0,0,1
SCNN1A,0,0,0,0,0,1
ATOX1,0,0,0,0,0,1
PRAF2,0,0,0,0,0,1
SPR,0,0,0,0,0,1
VPS16,0,1,0,0,0,1
PSEN1,1,0,0,0,0,1
CHD2,0,0,0,0,0,1
EIF3B,0,0,0,0,0,1
EPN2,0,0,0,0,0,1
MRPL19,0,0,0,0,0,1
MPV17,0,0,0,0,0,1
PMM1,0,0,0,0,0,1
CDK10,0,0,0,0,0,1
PLEK,0,0,0,0,0,1
SLCO2B1,0,0,0,0,0,1
IQGAP2,0,0,0,0,0,1
CYP19A1,0,0,0,0,0,1
TPBG,0,0,0,0,0,1
COL15A1,0,0,0,0,0,1
NDUFC1,0,0,0,0,0,1
OTUD4,0,0,0,0,0,1
SLF2,0,0,0,0,0,1
SEC61G,0,0,0,0,0,1
RTN1,0,0,0,0,0,1
ARMC8,0,0,0,0,0,1
CEP57,0,0,0,0,0,1
MED1,0,0,0,0,0,1
RCAN2,0,0,0,0,0,1
EPHA2,1,0,0,0,0,1
CPQ,0,0,0,0,0,1
BPGM,0,0,0,0,0,1
ABCA1,0,0,0,0,0,1
MED12,0,0,0,0,0,1
CD68,0,0,0,0,0,1
TNFRSF1B,1,0,0,0,0,1
MET,0,0,0,0,0,1
TRAPPC3,0,0,0,0,0,1
SPG11,0,0,0,0,0,1
MAP3K3,0,0,0,0,0,1
PMVK,0,0,0,0,0,1
SNTA1,0,0,0,0,0,1
MTX2,0,0,0,0,0,1
LYST,0,0,0,0,0,1
UPF2,0,0,0,0,0,1
ZNF318,0,0,0,0,0,1
CCS,0,0,0,0,0,1
LSP1,0,0,0,0,0,1
MPST,0,0,0,0,0,1
APC,1,0,0,0,0,1
SEMA4D,0,0,0,0,0,1
STX4,0,0,0,0,0,1
CUL5,0,0,0,0,0,1
LSM1,0,0,0,0,0,1
S100A9,1,0,0,0,0,1
CIAO1,0,0,0,0,0,1
PRPSAP2,0,0,0,0,0,1
CAMLG,0,0,0,0,0,1
GFAP,0,0,0,0,0,1
KLF9,0,0,0,0,0,1
STAM,0,0,0,0,0,1
ALG8,0,0,0,0,0,1
IPO13,0,0,0,0,0,1
CD4,0,0,0,0,0,1
LPL,0,0,0,0,0,1
ENTREP3,0,0,0,0,0,1
COX11,0,0,0,0,0,1
MAP4K5,0,0,0,0,0,1
PTTG1,0,0,0,0,0,1
ZHX2,0,0,0,0,0,1
PCBD1,0,0,0,0,0,1
CUL7,0,0,0,0,0,1
AOC1,0,0,0,0,0,1
GGH,0,0,0,0,0,1
FCGR2A,0,0,0,0,0,1
FEZ1,0,0,0,0,0,1
AFAP1,0,0,0,0,0,1
FANCG,0,0,0,0,0,1
MNAT1,0,0,0,0,0,1
AGL,0,0,0,0,0,1
TRIM38,0,0,0,0,0,1
OFD1,0,0,0,0,0,1
LOXL1,0,0,0,0,0,1
ADIRF,0,0,0,0,0,1
TAF6,1,0,0,0,0,1
RABGGTA,0,0,0,0,0,1
NFIL3,0,0,0,0,0,1
CSNK2A2,1,0,0,0,0,1
BCAT2,0,0,0,0,0,1
GTF2H4,0,0,0,0,0,1
SLC7A6,0,0,0,0,0,1
RAB4A,0,0,0,0,0,1
UNC50,0,0,0,0,0,1
EMC2,0,0,0,0,0,1
ZNF185,0,0,0,0,0,1
ARL4D,0,0,0,0,0,1
TFDP2,1,0,0,0,0,1
DYNC1LI2,0,0,0,0,0,1
CSF3R,0,0,0,0,0,1
FSTL3,0,0,0,0,0,1
CD2AP,1,0,0,0,0,1
RTCA,0,0,0,0,0,1
IFIT5,0,0,0,0,0,1
WBP4,0,0,0,0,0,1
FAM193A,0,0,0,0,0,1
ZBTB17,0,0,0,0,0,1
ZEB2,0,0,0,0,0,1
ZNF516,0,0,0,0,0,1
SRP54,0,0,0,0,0,1
NDUFS6,0,0,0,0,0,1
INPP5F,0,0,0,0,0,1
ALDH5A1,0,0,0,0,0,1
TERF2,0,0,0,0,0,1
BYSL,0,0,0,0,0,1
NDUFB6,0,0,0,0,0,1
SULT1A1,0,0,0,0,0,1
POLB,1,0,0,0,0,1
ELK1,0,0,0,0,0,1
FAIM2,1,0,0,0,0,1
FCHSD2,0,0,0,0,0,1
NDUFB5,0,0,0,0,0,1
PNO1,0,0,0,0,0,1
PLXNA3,0,0,0,0,0,1
SKP2,0,0,0,0,0,1
IGF1R,0,1,0,0,0,1
COG5,0,0,0,0,0,1
GPRC5B,0,0,0,0,0,1
CPT1A,0,0,0,0,0,1
VPS26C,0,0,0,0,0,1
MID1,0,0,0,0,0,1
FGFR2,1,0,0,0,0,1
MBNL2,0,0,0,0,0,1
COBLL1,0,0,0,0,0,1
ERF,0,0,0,0,0,1
MON1B,0,0,0,0,0,1
FDX1,0,0,0,0,0,1
TATDN2,0,0,0,0,0,1
PLA2G2A,0,0,0,0,0,1
PROCR,0,0,0,0,0,1
ZFYVE16,0,0,0,0,0,1
MAP3K11,0,0,0,0,0,1
COIL,0,0,0,0,0,1
XRCC1,0,0,0,0,0,1
FIG4,0,0,0,0,0,1
CTSF,1,0,0,0,0,1
SLC25A20,0,0,0,0,0,1
TRIM13,0,0,0,0,0,1
PCNT,0,0,0,0,0,1
TMOD1,0,0,0,0,0,1
COX5A,0,0,0,0,0,1
POLR2D,0,0,0,0,0,1
HMOX1,1,0,1,0,0,1
TBCA,0,0,0,0,0,1
MAN2C1,0,0,0,0,0,1
DGAT1,0,0,0,0,0,1
TPMT,0,0,0,0,0,1
TG,0,0,0,0,0,1
HELZ,0,0,0,0,0,1
NUCB2,0,0,0,0,0,1
TARBP2,0,0,0,0,0,1
FAN1,0,0,0,0,0,1
TMED1,0,0,0,0,0,1
PRKAR2B,0,0,0,0,0,1
VEGFB,0,0,0,0,0,1
BCL2,1,1,0,1,0,1
MPG,0,0,0,0,0,1
PKD2,0,0,0,0,0,1
FMR1,0,0,0,0,0,1
TUBGCP3,0,0,0,0,0,1
PI3,0,0,0,0,0,1
E2F3,0,0,0,0,0,1
DHX16,0,0,0,0,0,1
GSDME,1,0,0,0,1,1
RFC2,0,0,0,0,0,1
FRZB,0,0,0,0,0,1
DIO2,0,0,0,0,0,1
TRMT1,0,0,0,0,0,1
TTLL4,0,0,0,0,0,1
RREB1,0,0,0,0,0,1
FZD7,0,0,0,0,0,1
ZNF263,0,0,0,0,0,1
PHKG2,0,0,0,0,0,1
PUM3,0,0,0,0,0,1
LLGL2,0,0,0,0,0,1
TBCE,0,0,0,0,0,1
DPP4,0,0,0,0,0,1
PNPLA6,0,0,0,0,0,1
ERCC1,0,0,0,0,0,1
UTP18,0,0,0,0,0,1
ALDH4A1,0,0,0,0,0,1
ITPKB,0,0,0,0,0,1
GADD45A,1,0,0,0,0,1
LAMA3,0,0,0,0,0,1
SKIC2,0,0,0,0,0,1
BAK1,1,0,0,0,1,1
EMP3,1,0,0,0,0,1
ZKSCAN5,0,0,0,0,0,1
TRIP4,0,0,0,0,0,1
DEXI,0,0,0,0,0,1
FOXJ2,0,0,0,0,0,1
PPRC1,0,0,0,0,0,1
C5orf22,0,0,0,0,0,1
ZNF217,0,0,0,0,0,1
MPHOSPH6,0,0,0,0,0,1
ADCY7,0,0,0,0,0,1
TDG,0,0,0,0,0,1
HMGB3,0,0,0,0,0,1
HCCS,0,0,0,0,0,1
RARA,0,0,0,0,0,1
JUND,0,0,0,0,0,1
BRF1,0,0,0,0,0,1
BUB1B,1,0,0,0,0,1
ARHGEF17,0,0,0,0,0,1
CEACAM6,1,0,0,0,0,1
CTSO,1,0,0,0,0,1
ST3GAL4,0,0,0,0,0,1
SLA,0,0,0,0,0,1
DYNC2LI1,0,0,0,0,0,1
DLGAP5,0,0,0,0,0,1
GCA,0,0,0,0,0,1
LMOD1,0,0,0,0,0,1
STS,0,0,0,0,0,1
MTR,0,0,0,0,0,1
SLC25A13,0,0,0,0,0,1
GPKOW,0,0,0,0,0,1
RPS6KB2,0,1,0,0,0,1
MANBA,0,0,0,0,0,1
MPZL2,0,0,0,0,0,1
MRPL33,0,0,0,0,0,1
POLRMT,0,0,0,0,0,1
SSBP2,0,0,0,0,0,1
SEMA3C,0,0,0,0,0,1
RIDA,0,0,0,0,0,1
DMXL1,0,0,0,0,0,1
CDC42BPA,0,0,0,0,0,1
BCL7A,0,0,0,0,0,1
VSNL1,0,0,0,0,0,1
CD302,0,0,0,0,0,1
MRPS14,0,0,0,0,0,1
PCYOX1,0,0,0,0,0,1
LUC7L3,0,0,0,0,0,1
FANCA,0,0,0,0,0,1
AKT2,1,1,0,0,0,1
DNAJB4,0,0,0,0,0,1
SLIT3,0,0,0,0,0,1
NQO2,0,0,0,0,0,1
GSTT1,0,0,0,0,0,1
DGUOK,0,0,0,0,0,1
SF3A3,0,0,0,0,0,1
IGF2BP3,0,0,0,0,0,1
RGS3,0,0,0,0,0,1
TSPAN8,0,0,0,0,0,1
PITPNM1,0,0,0,0,0,1
WIPI1,0,1,0,0,0,1
IL32,0,0,0,0,0,1
ELP4,0,0,0,0,0,1
C17orf75,0,0,0,0,0,1
R3HDM2,0,0,0,0,0,1
SNRPF,0,0,0,0,0,1
LRRC32,0,0,0,0,0,1
MAP3K5,1,0,0,1,0,1
TNK2,0,0,0,0,0,1
BLZF1,0,0,0,0,0,1
MAPRE3,0,0,0,0,0,1
RPS6KA3,0,0,0,0,0,1
VHL,0,0,0,0,0,1
KAT2B,0,0,0,0,0,1
TRIM32,0,0,0,0,0,1
AKAP8,0,0,0,0,0,1
KIF1A,0,0,0,0,0,1
IGFBP6,0,0,0,0,0,1
GAB2,0,0,0,0,0,1
CFI,0,0,0,0,0,1
WDR47,0,0,0,0,0,1
VRK1,0,0,0,0,0,1
PDIA5,0,0,0,0,0,1
COX10,0,0,0,0,0,1
PALM,0,0,0,0,0,1
PCCA,0,0,0,0,0,1
ACTN2,0,0,0,0,0,1
ADARB1,0,0,0,0,0,1
NLE1,0,0,0,0,0,1
VCAM1,0,0,0,0,0,1
USP46,0,0,0,0,0,1
SENP3,0,0,0,0,0,1
ACTA1,0,0,0,0,0,1
SMARCA1,0,0,0,0,0,1
MMP11,0,0,0,0,0,1
PIK3CD,1,1,0,0,0,1
COX17,0,0,0,0,0,1
DMD,1,0,0,0,0,1
IRF9,0,0,0,1,0,1
RAB11FIP2,0,0,0,0,0,1
RAB21,0,0,0,0,0,1
FBLN2,0,0,0,0,0,1
THBD,0,0,0,0,0,1
SCG5,0,0,0,0,0,1
DAPK3,1,1,0,0,0,1
WFDC2,0,0,0,0,0,1
TAF9,0,0,0,0,0,1
TUBG2,0,0,0,0,0,1
PLCB4,0,0,0,0,0,1
LYRM1,0,0,0,0,0,1
CRCP,0,0,0,0,0,1
SZT2,0,0,0,0,0,1
TAB1,0,0,0,0,0,1
HEPH,0,0,0,0,0,1
CD82,0,0,0,0,0,1
PARN,0,0,0,0,0,1
IQSEC1,0,0,0,0,0,1
SLC4A4,0,0,0,0,0,1
SLC9A6,0,0,0,0,0,1
ARHGAP29,0,0,0,0,0,1
RAP1GAP,0,0,0,0,0,1
DNASE1L1,0,0,0,0,0,1
HPGD,0,0,0,0,0,1
CXCL9,0,0,0,0,0,1
NDST2,0,0,0,0,0,1
CXADR,0,0,0,0,0,1
PCDH1,0,0,0,0,0,1
TCEA2,0,0,0,0,0,1
NR1H3,0,0,0,0,0,1
CHST2,0,0,0,0,0,1
CYBB,0,0,1,1,0,1
GSTA1,0,0,0,0,0,1
GCLM,0,0,1,0,0,1
NFKBIE,0,0,0,0,0,1
MRPL12,0,0,0,0,0,1
HLA-DMB,0,0,0,0,0,1
RAB11FIP3,0,0,0,0,0,1
KDR,0,0,0,0,0,1
ACVR1,0,0,0,0,0,1
MMP9,1,0,0,0,0,1
TAF1C,0,0,0,0,0,1
NT5E,0,0,0,0,0,1
VASH1,0,0,0,0,0,1
INTS9,0,0,0,0,0,1
MARK2,0,0,0,0,0,1
KIF3B,0,0,0,0,0,1
BTN2A1,0,0,0,0,0,1
ARG2,0,0,0,0,0,1
CSTF3,0,0,0,0,0,1
MPO,0,0,0,0,0,1
CLCN6,0,0,0,0,0,1
CNN1,0,0,0,0,0,1
ATF6,0,0,0,0,0,1
CLDN3,0,0,0,0,0,1
PPP1R26,0,0,0,0,0,1
MORC2,0,0,0,0,0,1
E2F6,0,0,0,0,0,1
ZBTB40,0,0,0,0,0,1
NEBL,0,0,0,0,0,1
NMI,0,0,0,0,0,1
USP20,0,0,0,0,0,1
PPM1A,0,0,0,0,0,1
CDC6,0,0,0,0,0,1
SLC31A1,0,0,0,0,0,1
PEX3,0,0,0,0,0,1
CEBPD,0,0,0,0,0,1
PUDP,0,0,0,0,0,1
NUBP1,0,0,0,0,0,1
CYP27A1,0,0,0,0,0,1
FABP4,0,0,0,0,0,1
ABCD4,0,0,0,0,0,1
TSNAX,0,0,0,0,0,1
CASP9,1,0,0,0,0,1
ZNF212,0,0,0,0,0,1
FZD6,0,0,0,0,0,1
FUT8,0,0,0,0,0,1
F2R,0,0,0,0,0,1
KDM6A,0,0,0,0,0,1
CFAP410,0,0,0,0,0,1
PTPN3,0,0,0,0,0,1
SYT1,0,0,0,0,0,1
GNB5,0,0,0,0,0,1
NUP42,0,0,0,0,0,1
PAWR,1,0,0,0,0,1
FCGR3B,0,0,0,0,0,1
DNAL4,0,0,0,0,0,1
SPRY2,0,0,0,0,0,1
LCMT2,0,0,0,0,0,1
DUSP4,0,0,0,0,0,1
KDELR3,0,0,0,0,0,1
SH3YL1,0,0,0,0,0,1
PURA,0,0,0,0,0,1
WWP2,1,0,0,0,0,1
RFC4,0,0,0,0,0,1
OSGIN2,0,0,0,0,0,1
PDCD2,1,0,0,0,0,1
ZWINT,0,0,0,0,0,1
METTL1,0,0,0,0,0,1
RABGAP1,0,0,0,0,0,1
PCBP2,0,0,1,0,0,1
BCAR3,0,0,0,0,0,1
TRIP13,0,0,0,0,0,1
ETHE1,0,0,0,0,0,1
SCG2,0,0,0,0,0,1
LPAR1,0,0,0,0,0,1
CEBPA,0,0,0,0,0,1
RNF144A,0,0,0,0,0,1
MAOB,0,0,0,0,0,1
WASF3,0,0,0,0,0,1
TCN2,0,0,0,0,0,1
QPRT,0,0,0,0,0,1
TCEAL1,0,0,0,0,0,1
PLCB2,0,0,0,0,0,1
PHACTR2,0,0,0,0,0,1
SFRP4,0,0,0,0,0,1
MIA2,0,0,0,0,0,1
MVK,0,0,0,0,0,1
IRF8,0,0,0,0,0,1
ME1,0,0,0,0,0,1
PRKX,0,0,0,0,0,1
ULK2,0,1,0,0,0,1
THOC1,1,0,0,0,0,1
CHST10,0,0,0,0,0,1
AGAP1,0,0,0,0,0,1
SUOX,0,0,0,0,0,1
STK3,1,0,0,0,0,1
MEIS1,0,0,0,0,0,1
PLAAT4,0,0,0,0,0,1
TOPORS,0,0,0,0,0,1
FRY,0,0,0,0,0,1
MYRF,0,0,0,0,0,1
CEP104,0,0,0,0,0,1
ENTPD4,0,0,0,0,0,1
P3H4,0,0,0,0,0,1
TPST2,0,0,0,0,0,1
TOE1,0,0,0,0,0,1
NRGN,0,0,0,0,0,1
PBX3,0,0,0,0,0,1
TPM2,0,0,0,0,0,1
PRAME,1,0,0,0,0,1
SLC5A6,0,0,0,0,0,1
P2RX4,0,0,0,0,0,1
MAP3K4,0,0,0,0,0,1
PDE6D,0,0,0,0,0,1
AURKA,1,0,0,0,0,1
CCNH,0,0,0,0,0,1
TSC22D2,0,0,0,0,0,1
ELL,0,0,0,0,0,1
RBMX2,0,0,0,0,0,1
SMARCD3,0,0,0,0,0,1
CCL4,0,0,0,0,0,1
SNAPC2,0,0,0,0,0,1
NRCAM,0,0,0,0,0,1
TESK1,0,0,0,0,0,1
NFYA,0,0,0,0,0,1
HNMT,0,0,0,0,0,1
NID2,0,0,0,0,0,1
GNG11,0,0,0,0,0,1
IL2RG,0,0,0,0,0,1
PREP,0,0,0,0,0,1
CD48,0,0,0,0,0,1
ADK,0,0,0,0,0,1
GADD45G,1,0,0,0,0,1
TYROBP,0,0,0,0,0,1
LIG3,0,0,0,0,0,1
SLC34A2,0,0,0,0,0,1
NDUFAF1,0,0,0,0,0,1
CDC45,0,0,0,0,0,1
RFC3,0,0,0,0,0,1
BCL9,0,0,0,0,0,1
HSD11B2,0,0,0,0,0,1
FOXO3,1,0,0,0,0,1
RRP9,0,0,0,0,0,1
PDE2A,0,0,0,0,0,1
FILIP1L,0,0,0,0,0,1
COL7A1,0,0,0,0,0,1
GPR137B,0,0,0,0,0,1
TPST1,0,0,0,0,0,1
TUBB2A,0,0,0,0,0,1
ENOSF1,0,0,0,0,0,1
PIGQ,0,0,0,0,0,1
FRG1,0,0,0,0,0,1
RAD51AP1,0,0,0,0,0,1
STAB1,0,0,0,0,0,1
MFNG,0,0,0,0,0,1
CDO1,0,0,0,0,0,1
TCIRG1,1,0,0,0,0,1
CDKN2C,0,0,0,0,0,1
ENPP4,0,0,0,0,0,1
NDC80,0,0,0,0,0,1
EMILIN1,0,0,0,0,0,1
SIPA1,0,0,0,0,0,1
WASF1,0,0,0,0,0,1
SBNO2,0,0,0,0,0,1
BTD,0,0,0,0,0,1
MGST2,0,0,0,0,0,1
IMPDH1,0,0,0,0,0,1
CKS2,0,0,0,0,0,1
CPOX,0,0,0,0,0,1
MYL6B,0,0,0,0,0,1
ALOX5AP,0,0,0,0,0,1
ZNF593,0,0,0,0,0,1
KLHL20,0,0,0,0,0,1
RBM14,1,0,0,0,0,1
MB,0,0,0,0,0,1
ZBTB43,0,0,0,0,0,1
GRK3,0,0,0,0,0,1
PPID,1,0,0,1,0,1
GMPR,0,0,0,0,0,1
RARG,1,0,0,0,0,1
USPL1,0,0,0,0,0,1
IFNAR1,0,0,0,1,0,1
CD37,0,0,0,0,0,1
CHKB,0,0,0,0,0,1
BACH1,0,0,0,0,0,1
RUNX3,0,0,0,0,0,1
RALGPS1,0,0,0,0,0,1
PDGFB,0,0,0,0,0,1
PTPN13,1,0,0,0,0,1
IQCE,0,0,0,0,0,1
CEBPG,0,0,0,0,0,1
SLC31A2,0,0,0,0,0,1
APOBEC3G,0,0,0,0,0,1
MNT,0,0,0,0,0,1
RNGTT,0,0,0,0,0,1
PCYT1A,0,0,0,0,0,1
EIF2AK2,0,0,0,1,0,1
ACOT8,0,0,0,0,0,1
PIGR,0,0,0,0,0,1
RAB32,0,0,0,0,0,1
TMEM243,0,0,0,0,0,1
ZC3H14,0,0,0,0,0,1
ANAPC15,0,0,0,0,0,1
PSMC1,1,0,0,0,0,1
GMFG,0,0,0,0,0,1
GLIPR1,0,0,0,0,0,1
PRELP,0,0,0,0,0,1
GCH1,0,0,0,0,0,1
HDAC4,0,0,0,0,0,1
STAU2,0,0,0,0,0,1
TK2,0,0,0,0,0,1
PPIH,0,0,0,0,0,1
SLC17A7,0,0,0,0,0,1
FAAH,0,0,0,0,0,1
FCER1G,0,0,0,0,0,1
CHKA,0,0,0,0,0,1
ZNF195,0,0,0,0,0,1
GULP1,1,0,0,0,0,1
NNAT,0,0,0,0,0,1
SMC2,0,0,0,0,0,1
ACOX3,0,0,0,0,0,1
RLF,0,0,0,0,0,1
DBF4,0,0,0,0,0,1
RPP14,0,0,0,0,0,1
DCTN3,0,0,0,0,0,1
CDK5,1,0,0,0,0,1
LMO2,0,0,0,0,0,1
CEP164,0,0,0,0,0,1
CDK2,0,0,0,0,0,1
VDR,0,0,0,0,0,1
ELOVL6,0,0,0,0,0,1
CHD1,0,0,0,0,0,1
MMP7,0,0,0,0,0,1
CHGB,0,0,0,0,0,1
PSEN2,0,0,0,0,0,1
CPT2,0,0,0,0,0,1
GPSM3,0,0,0,0,0,1
PKMYT1,0,0,0,0,0,1
S100A2,0,0,0,0,0,1
PIM2,1,0,0,0,0,1
SKI,0,0,0,0,0,1
LGALS4,0,0,0,0,0,1
CAPN15,0,0,0,0,0,1
EBAG9,1,0,0,0,0,1
PSMB9,1,0,0,0,0,1
RGS14,0,0,0,0,0,1
FARS2,0,0,0,0,0,1
PPP1R3C,0,0,0,0,0,1
PMAIP1,1,0,0,0,0,1
SYNGR1,0,0,0,0,0,1
SORBS2,0,0,0,0,0,1
ZNF518A,0,0,0,0,0,1
STK11,1,1,0,0,0,1
SGSH,0,0,0,0,0,1
AMT,0,0,0,0,0,1
SURF1,0,0,0,0,0,1
PIK3C3,0,1,0,0,0,1
GATB,0,0,0,0,0,1
KBTBD11,0,0,0,0,0,1
CTIF,0,0,0,0,0,1
PROM1,0,0,0,0,0,1
CD151,0,0,0,0,0,1
TECPR2,0,0,0,0,0,1
CYP11A1,0,0,0,0,0,1
NPR2,0,0,0,0,0,1
ATP1B2,0,0,0,0,0,1
CREB1,0,0,0,0,0,1
GTSE1,0,0,0,0,0,1
RGS10,0,0,0,0,0,1
NEO1,0,0,0,0,0,1
GOLIM4,0,0,0,0,0,1
MT1X,0,0,0,0,0,1
ZNF202,0,0,0,0,0,1
TMC6,0,0,0,0,0,1
MRPS12,0,0,0,0,0,1
AGA,0,0,0,0,0,1
KLF7,0,0,0,0,0,1
YJU2,0,0,0,0,0,1
RGS19,0,0,0,0,0,1
RGS4,0,0,0,0,0,1
TMEM187,0,0,0,0,0,1
TRIM16,0,0,0,0,0,1
SLC25A24,0,0,0,0,0,1
ABCA3,0,0,0,0,0,1
COL16A1,0,0,0,0,0,1
RASSF1,0,0,0,0,0,1
AK4,0,0,0,0,0,1
MED7,0,0,0,0,0,1
S100P,0,0,0,0,0,1
TRAF5,1,0,0,1,0,1
POT1,0,0,0,0,0,1
DHX30,0,0,0,0,0,1
LIMK1,0,0,0,0,0,1
FLRT2,0,0,0,0,0,1
NAGLU,0,0,0,0,0,1
SKAP2,0,0,0,0,0,1
F3,0,0,0,0,0,1
REEP1,0,0,0,0,0,1
SP2,0,0,0,0,0,1
SLCO2A1,0,0,0,0,0,1
PIK3CA,1,1,0,0,0,1
CLP1,0,0,0,0,0,1
KHSRP,0,0,0,0,0,1
CEP350,0,0,0,0,0,1
GALK1,0,0,0,0,0,1
CLSTN3,0,0,0,0,0,1
DCAF1,0,0,0,0,0,1
BCAS1,0,0,0,0,0,1
FGFR3,1,0,0,0,0,1
LRP3,0,0,0,0,0,1
NAT9,0,0,0,0,0,1
GOLGA2,0,0,0,0,0,1
MRPL57,0,0,0,0,0,1
TRIM24,0,0,0,0,0,1
CAMK1,0,0,0,0,0,1
ACP3,0,0,0,0,0,1
SLC43A1,0,0,0,0,0,1
GRK5,1,0,0,0,0,1
EML2,0,0,0,0,0,1
KCNN4,0,0,0,0,0,1
RHBDD3,0,0,0,0,0,1
SLC12A2,0,0,0,0,0,1
TTF2,0,0,0,0,0,1
APEX2,0,0,0,0,0,1
EIF1AY,0,0,0,0,0,1
KIF21B,0,0,0,0,0,1
TRAF2,1,0,0,1,0,1
IFI6,1,0,0,0,0,1
APOC1,0,0,0,0,0,1
GALC,0,0,0,0,0,1
GSTM2,0,0,0,0,0,1
FOSL1,0,0,0,0,0,1
FGF2,0,0,0,0,0,1
MKLN1,0,0,0,0,0,1
LMO3,0,0,0,0,0,1
ARHGAP4,0,0,0,0,0,1
LCAT,0,0,0,0,0,1
SLC2A5,0,0,0,0,0,1
TLE2,0,0,0,0,0,1
SOX12,0,0,0,0,0,1
SPATA2,0,0,0,1,0,1
NUP58,0,0,0,0,0,1
PLEKHO2,0,0,0,0,0,1
FOLR1,0,0,0,0,0,1
IFI44L,0,0,0,0,0,1
CD83,0,0,0,0,0,1
POLA2,0,0,0,0,0,1
LTBP4,0,0,0,0,0,1
ARSA,0,0,0,0,0,1
KIF11,0,0,0,0,0,1
ALOX5,0,0,0,0,0,1
LZTS3,0,0,0,0,0,1
PDCL,0,0,0,0,0,1
APOA1,0,0,0,0,0,1
FZD1,0,0,0,0,0,1
ZNF84,0,0,0,0,0,1
LDOC1,0,0,0,0,0,1
GAS1,0,0,0,0,0,1
PLA2G15,0,0,0,0,0,1
CSTF2,0,0,0,0,0,1
SLC16A2,0,0,0,0,0,1
EDNRA,0,0,0,0,0,1
INA,0,0,0,0,0,1
SNCA,0,0,0,0,0,1
TIE1,0,0,0,0,0,1
PTPRZ1,0,0,0,0,0,1
CXCL1,0,0,0,0,0,1
GAP43,0,0,0,0,0,1
GEM,0,0,0,0,0,1
ZNF592,0,0,0,0,0,1
MMP1,0,0,0,0,0,1
PC,0,0,0,0,0,1
RABIF,0,0,0,0,0,1
OSTF1,0,0,0,0,0,1
BRPF1,0,0,0,0,0,1
CLDN5,0,0,0,0,0,1
ENO3,0,0,0,0,0,1
PIK3C2B,0,0,0,0,0,1
TOM1L1,0,0,0,0,0,1
KCNQ1,0,0,0,0,0,1
DOLK,0,0,0,0,0,1
CD44,0,0,0,0,0,1
PDE4D,0,0,0,0,0,1
ARHGAP11A,0,0,0,0,0,1
C15orf39,0,0,0,0,0,1
STRN3,0,0,0,0,0,1
ADCY9,0,0,0,0,0,1
AGTPBP1,0,0,0,0,0,1
SAMHD1,0,0,0,0,0,1
EVPL,0,0,0,0,0,1
HIRIP3,0,0,0,0,0,1
DMTN,0,0,0,0,0,1
PPP3R1,1,0,0,0,0,1
CDC7,0,0,0,0,0,1
FARP2,0,0,0,0,0,1
HIVEP1,0,0,0,0,0,1
ELMO1,1,0,0,0,0,1
DPH2,0,0,0,0,0,1
HSD3B1,0,0,0,0,0,1
ATXN7,0,0,0,0,0,1
PPIC,0,0,0,0,0,1
PLLP,0,0,0,0,0,1
BRD1,0,0,0,0,0,1
FAM216A,0,0,0,0,0,1
ZNF140,0,0,0,0,0,1
PDPK1,1,1,0,0,0,1
PHF14,0,0,0,0,0,1
TBC1D8,0,0,0,0,0,1
MYO5A,0,0,0,0,0,1
NAP1L1,0,0,0,0,0,1
TOX,0,0,0,0,0,1
BRCA1,0,0,0,0,0,1
CXCL10,0,0,0,0,0,1
VTN,0,0,0,0,0,1
GABRE,0,0,0,0,0,1
NPIPA1,0,0,0,0,0,1
EEF1A2,0,0,0,0,0,1
SEC14L2,0,0,0,0,0,1
ST6GALNAC2,0,0,0,0,0,1
RAPGEF1,0,0,0,0,0,1
HPS5,0,0,0,0,0,1
PEX6,0,0,0,0,0,1
KIAA0513,0,0,0,0,0,1
RAB40B,0,0,0,0,0,1
STAR,0,0,0,0,0,1
IKBKE,0,0,0,0,0,1
INPP4A,0,0,0,0,0,1
DZIP1,0,0,0,0,0,1
RAD54L,0,0,0,0,0,1
LSM7,0,0,0,0,0,1
FKBP5,0,0,0,0,0,1
APOC2,0,0,0,0,0,1
IRF4,0,0,0,0,0,1
SELL,0,0,0,0,0,1
ACOT13,0,0,0,0,0,1
PPM1D,0,0,0,0,0,1
ABCG1,0,0,0,0,0,1
ATG14,0,1,0,0,0,1
CILK1,0,0,0,0,0,1
COX7A1,0,0,0,0,0,1
PIN4,0,0,0,0,0,1
CROT,0,0,0,0,0,1
MMP19,0,0,0,0,0,1
CLUAP1,0,0,0,0,0,1
PPIP5K1,0,0,0,0,0,1
FGFR4,0,0,0,0,0,1
MMP12,0,0,0,0,0,1
CD22,0,0,0,0,0,1
KLK3,0,0,0,0,0,1
L1CAM,0,0,0,0,0,1
BSN,0,0,0,0,0,1
SLC25A14,0,0,0,0,0,1
SLC7A7,0,0,0,0,0,1
NUAK1,0,0,0,0,0,1
VPS33A,0,1,0,0,0,1
CHL1,0,0,0,0,0,1
DLG4,0,0,0,0,0,1
MIEF1,0,0,0,0,0,1
STC1,0,0,0,0,0,1
UBOX5,0,0,0,0,0,1
MRPL28,0,0,0,0,0,1
DKK1,0,0,0,0,0,1
EXO1,0,0,0,0,0,1
CDK14,0,0,0,0,0,1
CGRRF1,0,0,0,0,0,1
CCL21,0,0,0,0,0,1
HMGCS2,0,0,0,0,0,1
ASL,0,0,0,0,0,1
CCDC85B,0,0,0,0,0,1
PKIA,0,0,0,0,0,1
PLCG2,0,0,0,0,0,1
SERPINB2,0,0,0,0,0,1
IDI1,0,0,0,0,0,1
UCHL3,0,0,0,0,0,1
ACD,0,0,0,0,0,1
VCAN,0,0,0,0,0,1
NR4A2,0,0,0,0,0,1
TFF3,0,0,0,0,0,1
ATP7B,0,0,0,0,0,1
ITGB3,0,0,0,0,0,1
PARVB,0,0,0,0,0,1
MYH2,0,0,0,0,0,1
RPS6KA4,0,0,0,0,0,1
RPS6KA5,0,0,0,0,0,1
NEK4,0,0,0,0,0,1
COL17A1,0,0,0,0,0,1
CGA,0,0,0,0,0,1
ACP5,0,0,0,0,0,1
ADA,1,0,0,0,0,1
NEK2,0,0,0,0,0,1
S1PR1,0,0,0,0,0,1
CCNT2,0,0,0,0,0,1
DPYD,0,0,0,0,0,1
HOMER3,0,0,0,0,0,1
TROAP,0,0,0,0,0,1
APBB3,0,0,0,0,0,1
NRF1,0,0,0,0,0,1
TFAP2A,0,0,0,0,0,1
CCL5,0,0,0,0,0,1
SHB,1,0,0,0,0,1
TRA2A,0,0,0,0,0,1
GFER,0,0,0,0,0,1
CCP110,0,0,0,0,0,1
ME3,0,0,0,0,0,1
ALPP,0,0,0,0,0,1
FOXA1,0,0,0,0,0,1
ANKRD6,0,0,0,0,0,1
MUC2,0,0,0,0,0,1
IRAG2,0,0,0,0,0,1
SRD5A1,0,0,0,0,0,1
TMEM186,0,0,0,0,0,1
CDH5,0,0,0,0,0,1
KCNK1,0,0,0,0,0,1
RAPGEF5,0,0,0,0,0,1
LTBP2,0,0,0,0,0,1
NPTX1,0,0,0,0,0,1
ATP2B2,0,0,0,0,0,1
IRS1,0,1,0,0,0,1
PARM1,0,0,0,0,0,1
SGCE,0,0,0,0,0,1
STX8,0,0,0,0,0,1
CDC42EP1,0,0,0,0,0,1
AFP,0,0,0,0,0,1
CDC25A,0,0,0,0,0,1
CHGA,0,0,0,0,0,1
ISG20,0,0,0,0,0,1
UTP25,0,0,0,0,0,1
NFE2L3,0,0,0,0,0,1
IFT88,0,0,0,0,0,1
INPP5E,0,0,0,0,0,1
MAPK4,0,0,0,0,0,1
KIF23,0,0,0,0,0,1
WIPI2,0,1,0,0,0,1
KIAA0753,0,0,0,0,0,1
WIF1,0,0,0,0,0,1
F5,0,0,0,0,0,1
PANX1,0,0,0,0,0,1
CCDC6,0,0,0,0,0,1
SLC29A2,0,0,0,0,0,1
EPHB6,0,0,0,0,0,1
ABCA8,0,0,0,0,0,1
DNAJC6,0,0,0,0,0,1
SCN3B,0,0,0,0,0,1
COL9A3,0,0,0,0,0,1
NCK1,0,0,0,0,0,1
CDH13,0,0,0,0,0,1
WDHD1,0,0,0,0,0,1
STX1A,0,0,0,0,0,1
RIMS3,0,0,0,0,0,1
TGFBR3,0,0,0,0,0,1
KLK6,0,0,0,0,0,1
KRT15,0,0,0,0,0,1
PDE4A,0,0,0,0,0,1
CSPG4,0,0,0,0,0,1
CENPC,0,0,0,0,0,1
CNKSR1,0,0,0,0,0,1
PDS5B,0,0,0,0,0,1
TAGLN3,0,0,0,0,0,1
IARS1,0,0,0,0,0,1
MT1G,0,0,0,0,0,1
PICK1,0,0,0,0,0,1
IFIT3,0,0,0,0,0,1
PTGS2,0,0,0,0,0,1
NAP1L3,0,0,0,0,0,1
DSC2,0,0,0,0,0,1
HLF,0,0,0,0,0,1
MAP2K5,0,0,0,0,0,1
C2CD2L,0,0,0,0,0,1
RCBTB2,0,0,0,0,0,1
USP6NL,0,0,0,0,0,1
GNAO1,0,0,0,0,0,1
FNTB,0,0,0,0,0,1
ARHGEF5,0,0,0,0,0,1
NUDT1,0,0,0,0,0,1
FEN1,0,0,0,0,0,1
TAP2,0,0,0,0,0,1
TTF1,0,0,0,0,0,1
IL11RA,0,0,0,0,0,1
EVI2A,0,0,0,0,0,1
CHAF1B,0,0,0,0,0,1
THBS4,0,0,0,0,0,1
MAL,1,0,0,0,0,1
HOXB7,0,0,0,0,0,1
FAS,1,0,0,1,0,1
MLF1,0,0,0,0,0,1
IFNAR2,0,0,0,1,0,1
VSIG4,0,0,0,0,0,1
PPOX,0,0,0,0,0,1
FMNL1,0,0,0,0,0,1
SMAD7,0,0,0,0,0,1
NR2C1,0,0,0,0,0,1
IFT140,0,0,0,0,0,1
GPRASP1,0,0,0,0,0,1
DUSP2,0,0,0,0,0,1
PRR3,0,0,0,0,0,1
EML1,0,0,0,0,0,1
MYB,0,0,0,0,0,1
ZBED4,0,0,0,0,0,1
DHRS12,0,0,0,0,0,1
RRAD,0,0,0,0,0,1
TRIM21,0,0,0,0,0,1
H1-10,0,0,0,0,0,1
HLA-F,0,0,0,0,0,1
RXYLT1,0,0,0,0,0,1
CLPX,0,0,0,0,0,1
CKM,0,0,0,0,0,1
CACNA2D2,0,0,0,0,0,1
ZW10,0,0,0,0,0,1
MAPK10,1,1,0,1,0,1
CADPS,0,0,0,0,0,1
ESPL1,1,0,0,0,0,1
HSD17B2,0,0,0,0,0,1
FGD1,0,0,0,0,0,1
BTN3A3,0,0,0,0,0,1
TTK,0,0,0,0,0,1
NAV3,0,0,0,0,0,1
ENDOG,1,0,0,0,0,1
MELK,1,0,0,0,0,1
CCNF,0,0,0,0,0,1
RAD9A,0,0,0,0,0,1
FOLR2,0,0,0,0,0,1
PSG5,0,0,0,0,0,1
CDK8,0,0,0,0,0,1
ATG12,0,1,0,0,0,1
FGL2,0,0,0,0,0,1
POLA1,0,0,0,0,0,1
GLDC,0,0,0,0,0,1
MLH3,0,0,0,0,0,1
POP5,0,0,0,0,0,1
EEA1,0,0,0,0,0,1
ENPEP,0,0,0,0,0,1
CP,0,0,1,0,0,1
ZBTB11,0,0,0,0,0,1
TCFL5,0,0,0,0,0,1
DCX,0,0,0,0,0,1
PTPN7,0,0,0,0,0,1
ORC2,0,0,0,0,0,1
P3H3,0,0,0,0,0,1
SERPINB5,0,0,0,0,0,1
B3GNT3,0,0,0,0,0,1
MAD1L1,0,0,0,0,0,1
TYMP,0,0,0,0,0,1
NAIP,1,0,0,0,0,1
NME3,1,0,0,0,0,1
CA3,0,0,0,0,0,1
JADE3,0,0,0,0,0,1
GCHFR,0,0,0,0,0,1
MRPL58,0,0,0,0,0,1
PCSK2,0,0,0,0,0,1
MTERF1,0,0,0,0,0,1
TLE4,0,0,0,0,0,1
BAIAP3,0,0,0,0,0,1
GMDS,0,0,0,0,0,1
ZNF646,0,0,0,0,0,1
TAOK2,1,0,0,0,0,1
PDPN,0,0,0,0,0,1
MGMT,0,0,0,0,0,1
ARHGAP25,0,0,0,0,0,1
HUS1,0,0,0,0,0,1
MSLN,0,0,0,0,0,1
PLK4,0,0,0,0,0,1
NEURL1,0,0,0,0,0,1
LCK,0,0,0,0,0,1
ZFYVE9,0,0,0,0,0,1
AOC3,0,0,0,0,0,1
PTGER4,0,0,0,0,0,1
SAP30,0,0,0,0,0,1
BTRC,0,0,0,0,0,1
GJA4,0,0,0,0,0,1
EEF1E1,0,0,0,0,0,1
BCL3,0,0,0,0,0,1
DDX6,0,0,0,0,0,1
TRIM3,0,0,0,0,0,1
IL10RA,0,0,0,0,0,1
SOX11,0,0,0,0,0,1
RAMP1,0,0,0,0,0,1
MLLT3,0,0,0,0,0,1
PRR4,0,0,0,0,0,1
CPS1,0,0,0,0,0,1
DRC4,0,0,0,0,0,1
TOP6BL,0,0,0,0,0,1
SASH3,0,0,0,0,0,1
TLR2,1,0,0,0,0,1
RASSF7,1,0,0,0,0,1
SLC10A3,0,0,0,0,0,1
VAMP5,0,0,0,0,0,1
TCF21,0,0,0,0,0,1
TNFRSF11B,1,0,0,0,0,1
HPN,0,0,0,0,0,1
MAP4K2,0,0,0,0,0,1
ZNF274,0,0,0,0,0,1
PLN,0,0,0,0,0,1
ALDH3B2,0,0,0,0,0,1
PTPRG,0,0,0,0,0,1
PTPRN,0,0,0,0,0,1
FST,0,0,0,0,0,1
ICAM3,0,0,0,0,0,1
CARD8,1,0,0,0,0,1
RHOH,0,0,0,0,0,1
LYPD3,0,0,0,0,0,1
SNAP91,0,0,0,0,0,1
DYRK1B,0,0,0,0,0,1
SRPX,0,0,0,0,0,1
MTAP,0,0,0,0,0,1
ORC5,0,0,0,0,0,1
PLK3,1,0,0,0,0,1
MNDA,0,0,0,0,0,1
PTPRCAP,0,0,0,0,0,1
SSPN,0,0,0,0,0,1
GC,0,0,0,0,0,1
ADGRB2,0,0,0,0,0,1
SHROOM2,0,0,0,0,0,1
C6orf47,0,0,0,0,0,1
MAFG,0,0,0,0,0,1
CSTA,0,0,0,0,0,1
OAS2,0,0,0,0,0,1
GJB1,0,0,0,0,0,1
RAB3A,0,0,0,0,0,1
EMP2,1,0,0,0,0,1
AMMECR1,0,0,0,0,0,1
DDX10,0,0,0,0,0,1
CLASRP,0,0,0,0,0,1
SH3BGR,0,0,0,0,0,1
CLOCK,0,0,0,0,0,1
SLC67A1,0,0,0,0,0,1
GPC4,0,0,0,0,0,1
TRAPPC6A,0,0,0,0,0,1
ITIH2,0,0,0,0,0,1
FGB,0,0,0,0,0,1
ITGB4,0,0,0,0,0,1
PFN2,0,0,0,0,0,1
GNAZ,0,0,0,0,0,1
MX2,0,0,0,0,0,1
CDK5R1,0,0,0,0,0,1
GPD1,0,0,0,0,0,1
ATF5,0,0,0,0,0,1
DDX3Y,0,0,0,0,0,1
AHDC1,0,0,0,0,0,1
DOCK4,0,0,0,0,0,1
NKRF,0,0,0,0,0,1
NMT2,0,0,0,0,0,1
CIB2,0,0,0,0,0,1
TFF1,0,0,0,0,0,1
VWA5A,0,0,0,0,0,1
HAGH,0,0,0,0,0,1
FGFBP1,0,0,0,0,0,1
TGFA,0,0,0,0,0,1
VIPR1,0,0,0,0,0,1
ARL4A,0,0,0,0,0,1
RAD51,0,0,0,0,0,1
ZBTB48,0,0,0,0,0,1
STAT5B,0,0,0,1,0,1
MAP3K8,0,0,0,0,0,1
FABP7,0,0,0,0,0,1
EFNB3,0,0,0,0,0,1
ITGA2,0,0,0,0,0,1
CCNE2,0,0,0,0,0,1
CTDP1,0,0,0,0,0,1
LSM6,0,0,0,0,0,1
IFT27,0,0,0,0,0,1
IKZF1,0,0,0,0,0,1
ORM1,0,0,0,0,0,1
GNE,0,0,0,0,0,1
CFTR,0,0,0,0,0,1
GABRP,0,0,0,0,0,1
CENPE,0,0,0,0,0,1
ASNS,0,0,0,0,0,1
CD79A,0,0,0,0,0,1
KIT,0,0,0,0,0,1
AUH,0,0,0,0,0,1
PRIM1,0,0,0,0,0,1
ITGAE,0,0,0,0,0,1
GPR162,0,0,0,0,0,1
IDUA,0,0,0,0,0,1
PARG,0,0,0,0,0,1
EXOSC9,0,0,0,0,0,1
ARID4A,0,0,0,0,0,1
SPRR1B,0,0,0,0,0,1
ENPP1,0,0,0,0,0,1
IL1B,1,0,0,1,1,1
ARHGAP26,0,0,0,0,0,1
ING3,0,0,0,0,0,1
XRCC4,0,0,0,0,0,1
CYP2J2,0,0,0,0,0,1
SLC22A5,0,0,0,0,0,1
SERPINF2,0,0,0,0,0,1
MTMR11,0,0,0,0,0,1
PIGF,0,0,0,0,0,1
CRIP1,0,0,0,0,0,1
AOX1,0,0,0,0,0,1
BCAP29,1,0,0,0,0,1
ORC1,0,0,0,0,0,1
NCAPH2,0,0,0,0,0,1
RWDD3,0,0,0,0,0,1
MAMLD1,0,0,0,0,0,1
ZNF7,0,0,0,0,0,1
NAGPA,0,0,0,0,0,1
RECQL,0,0,0,0,0,1
PLEKHA6,0,0,0,0,0,1
PEX12,0,0,0,0,0,1
POM121,0,0,0,0,0,1
SLC26A2,0,0,0,0,0,1
CCR1,0,0,0,0,0,1
GFPT2,0,0,0,0,0,1
CIITA,0,0,0,0,0,1
SNPH,0,0,0,0,0,1
MAN2A1,0,0,0,0,0,1
EFNA4,0,0,0,0,0,1
APOB,0,0,0,0,0,1
ARHGEF4,0,0,0,0,0,1
FGF13,0,0,0,0,0,1
PLCE1,0,0,0,0,0,1
NEFM,0,0,0,0,0,1
FGF1,0,0,0,0,0,1
FPR1,0,0,0,0,0,1
SGCB,0,0,0,0,0,1
TMEFF1,0,0,0,0,0,1
PLCD1,0,0,0,0,0,1
VRK2,0,0,0,0,0,1
PTGS1,0,0,0,0,0,1
NPM3,0,0,0,0,0,1
MOK,0,0,0,0,0,1
ACTC1,0,0,0,0,0,1
HSPE1,0,0,0,0,0,1
NUFIP1,0,0,0,0,0,1
USH1C,0,0,0,0,0,1
UST,0,0,0,0,0,1
FPGT,0,0,0,0,0,1
ANG,0,0,0,0,0,1
ABCD1,0,0,0,0,0,1
NCAN,0,0,0,0,0,1
MYL5,0,0,0,0,0,1
APBA3,0,0,0,0,0,1
SLC6A1,0,0,0,0,0,1
CD40,0,0,0,0,0,1
LRRN2,0,0,0,0,0,1
SPTBN2,0,0,0,0,0,1
CSF2RB,1,0,0,0,0,1
PEX11A,0,0,0,0,0,1
ERCC8,0,0,0,0,0,1
MYL11,0,0,0,0,0,1
GCAT,0,0,0,0,0,1
CELSR3,0,0,0,0,0,1
CAPN5,0,0,0,0,0,1
CDC25C,0,0,0,0,0,1
DDR2,0,0,0,0,0,1
RBBP5,0,0,0,0,0,1
STAT2,0,0,0,1,0,1
PTPN4,0,0,0,0,0,1
CLTB,0,0,0,0,0,1
CD58,0,0,0,0,0,1
QPCT,0,0,0,0,0,1
ITGB3BP,1,0,0,0,0,1
TNNI1,0,0,0,0,0,1
ADAM8,0,0,0,0,0,1
ZSCAN9,0,0,0,0,0,1
ZNF324,0,0,0,0,0,1
GNG4,0,0,0,0,0,1
SPINK5,0,0,0,0,0,1
DNALI1,0,0,0,0,0,1
SMAD5,0,0,0,0,0,1
FANCC,0,0,0,0,0,1
PLS1,0,0,0,0,0,1
RP2,0,0,0,0,0,1
MAFF,0,0,0,0,0,1
PSPH,0,0,0,0,0,1
AP1S1,0,0,0,0,0,1
ATP7A,0,0,0,0,0,1
CA9,0,0,0,0,0,1
CLEC3B,0,0,0,0,0,1
GLI3,1,0,0,0,0,1
PCMT1,0,0,0,0,0,1
PLD1,0,0,0,0,0,1
NMB,0,0,0,0,0,1
RELB,0,0,0,0,0,1
ANOS1,0,0,0,0,0,1
IL6,0,0,0,0,0,1
ALDH1L1,0,0,0,0,0,1
RIN1,0,0,0,0,0,1
ACAP1,0,0,0,0,0,1
RNF2,0,0,0,0,0,1
APOH,0,0,0,0,0,1
TIMM8A,0,0,0,0,0,1
POLR3F,0,0,0,0,0,1
HGD,0,0,0,0,0,1
EHHADH,0,0,0,0,0,1
DEPDC5,0,0,0,0,0,1
SURF2,0,0,0,0,0,1
ESR1,0,0,0,0,0,1
PDGFRL,0,0,0,0,0,1
IL1RAP,0,0,0,0,0,1
RBMS2,0,0,0,0,0,1
COCH,0,0,0,0,0,1
RPH3A,0,0,0,0,0,1
EPM2A,0,0,0,0,0,1
PAFAH2,0,0,0,0,0,1
SLC16A4,0,0,0,0,0,1
KIF20B,0,0,0,0,0,1
SOD3,0,0,0,0,0,1
FCN1,0,0,0,0,0,1
TRMT2B,0,0,0,0,0,1
AREG,0,0,0,0,0,1
SCO2,0,0,0,0,0,1
CXCL13,0,0,0,0,0,1
SLC13A3,0,0,0,0,0,1
PARD6A,0,0,0,0,0,1
PEX13,0,0,0,0,0,1
NOTCH4,0,0,0,0,0,1
DOP1B,0,0,0,0,0,1
EGR2,0,0,0,0,0,1
CEP290,0,0,0,0,0,1
PER2,0,0,0,0,0,1
ZNF174,0,0,0,0,0,1
TCF7,0,0,0,0,0,1
ZBTB39,0,0,0,0,0,1
AMPH,0,0,0,0,0,1
INHBB,0,0,0,0,0,1
NR3C2,0,0,0,0,0,1
ACYP1,0,0,0,0,0,1
PGC,0,0,0,0,0,1
KCNH2,0,0,0,0,0,1
BCL10,1,0,0,0,0,1
SPEG,0,0,0,0,0,1
LIF,0,0,0,0,0,1
POU2AF1,0,0,0,0,0,1
ADD2,0,0,0,0,0,1
LCP2,0,0,0,0,0,1
CDK20,0,0,0,0,0,1
PITRM1,0,0,0,0,0,1
PRDM2,0,0,0,0,0,1
GAD1,0,0,0,0,0,1
GLRB,0,0,0,0,0,1
PIGA,0,0,0,0,0,1
FKTN,0,0,0,0,0,1
URB2,0,0,0,0,0,1
TFAP2C,0,0,0,0,0,1
BMP2,0,0,0,0,0,1
IL2RB,0,0,0,0,0,1
HNRNPA2B1,0,0,0,0,0,1
BAIAP2,0,0,0,0,0,1
CKMT2,0,0,0,0,0,1
RBL1,0,0,0,0,0,1
CD79B,0,0,0,0,0,1
BTN2A2,0,0,0,0,0,1
SNRNP35,0,0,0,0,0,1
IGFBP1,0,0,0,0,0,1
KCNJ8,1,0,0,0,0,1
FGL1,0,0,0,0,0,1
ZC2HC1A,0,0,0,0,0,1
SMPDL3B,0,0,0,0,0,1
FBXO46,0,0,0,0,0,1
SPI1,0,0,0,0,0,1
SNTB2,0,0,0,0,0,1
SLC15A2,0,0,0,0,0,1
KIF5A,0,0,0,0,0,1
PSCA,0,0,0,0,0,1
APC2,0,0,0,0,0,1
EIF2S3,0,0,0,0,0,1
MTF1,0,0,0,0,0,1
FTSJ1,0,0,0,0,0,1
PHYHIP,0,0,0,0,0,1
RAMP3,0,0,0,0,0,1
ACVR2A,0,0,0,0,0,1
CLDN10,0,0,0,0,0,1
MN1,0,0,0,0,0,1
REEP2,0,0,0,0,0,1
PVALB,0,0,0,0,0,1
DCT,0,0,0,0,0,1
STIL,0,0,0,0,0,1
ZBTB24,0,0,0,0,0,1
BARD1,0,0,0,0,0,1
ST3GAL2,0,0,0,0,0,1
TMSB15A,0,0,0,0,0,1
DYNC1I1,0,0,0,0,0,1
GNA15,0,0,0,0,0,1
CRABP1,0,0,0,0,0,1
GGCX,0,0,0,0,0,1
SERPINI1,0,0,0,0,0,1
PEBP1,0,0,0,0,0,1
GAMT,0,0,0,0,0,1
ACADSB,0,0,0,0,0,1
USP13,0,0,0,0,0,1
AGTR1,0,0,0,0,0,1
GRIA2,0,0,0,0,0,1
AKAP6,0,0,0,0,0,1
PFDN4,0,0,0,0,0,1
BBOX1,0,0,0,0,0,1
ACOX2,0,0,0,0,0,1
HOXB6,0,0,0,0,0,1
SH2B2,0,0,0,0,0,1
FAM131B,0,0,0,0,0,1
DBT,0,0,0,0,0,1
PLAG1,0,0,0,0,0,1
CTNNA2,0,0,0,0,0,1
SLN,0,0,0,0,0,1
MDFI,0,0,0,0,0,1
INPP4B,0,0,0,0,0,1
ACHE,0,0,0,0,0,1
CBR3,0,0,0,0,0,1
PDZK1,0,0,0,0,0,1
LRRC17,0,0,0,0,0,1
CFD,0,0,0,0,0,1
FXYD1,0,0,0,0,0,1
TNNC2,0,0,0,0,0,1
ANK1,0,0,0,0,0,1
CHEK1,1,0,0,0,0,1
MRE11,0,0,0,0,0,1
SMAD3,1,0,0,0,0,1
DCLK1,0,0,0,0,0,1
AGPS,0,0,0,0,0,1
HSD11B1,0,0,0,0,0,1
SPA17,0,0,0,0,0,1
RECK,0,0,0,0,0,1
MLLT10,0,0,0,0,0,1
STK4,1,0,0,0,0,1
ACAT1,0,0,0,0,0,1
MPPED2,0,0,0,0,0,1
ARHGAP44,0,0,0,0,0,1
ATXN3,0,0,0,0,0,1
DAG1,0,0,0,0,0,1
FES,0,0,0,0,0,1
GPR183,0,0,0,0,0,1
SLC22A3,0,0,0,0,0,1
AP1B1,0,0,0,0,0,1
TBKBP1,0,0,0,0,0,1
HIP1,1,0,0,0,0,1
ZNF354A,0,0,0,0,0,1
CALB2,0,0,0,0,0,1
PALS2,0,0,0,0,0,1
BMP5,0,0,0,0,0,1
OVGP1,0,0,0,0,0,1
BCHE,0,0,0,0,0,1
H2AX,0,0,0,1,0,1
ZNF211,0,0,0,0,0,1
PTPN21,0,0,0,0,0,1
GSTT2,0,0,0,0,0,1
NPY1R,0,0,0,0,0,1
OCEL1,0,0,0,0,0,1
MFAP3L,0,0,0,0,0,1
SNAPC1,0,0,0,0,0,1
ATP2A1,0,0,0,0,0,1
PRL,0,0,0,0,0,1
MAP3K12,0,0,0,0,0,1
SAC3D1,0,0,0,0,0,1
PHKA1,0,0,0,0,0,1
FOXO4,0,0,0,0,0,1
PIGB,0,0,0,0,0,1
HOXB2,0,0,0,0,0,1
HPCA,0,0,0,0,0,1
MST1R,0,0,0,0,0,1
CD3E,0,0,0,0,0,1
MC1R,0,0,0,0,0,1
PDGFA,0,0,0,0,0,1
SCNN1B,0,0,0,0,0,1
HS3ST1,0,0,0,0,0,1
CASP10,1,0,0,0,0,1
IRF5,0,0,0,0,0,1
KLK11,0,0,0,0,0,1
DACH1,0,0,0,0,0,1
ATP6V1B1,0,0,0,0,0,1
CRLF3,0,0,0,0,0,1
SCRG1,0,0,0,0,0,1
CCL20,0,0,0,0,0,1
AMBP,0,0,0,0,0,1
PPP1R1A,0,0,0,0,0,1
UGP2,0,0,0,0,0,1
ADORA1,0,0,0,0,0,1
ISG15,0,0,0,0,0,1
SIT1,0,0,0,0,0,1
RYR1,0,0,0,0,0,1
TESK2,0,0,0,0,0,1
VGLL1,0,0,0,0,0,1
GZMA,1,0,0,0,0,1
CRYM,0,0,0,0,0,1
GJB3,0,0,0,0,0,1
DPYSL4,0,0,0,0,0,1
GNLY,0,0,0,0,0,1
KIAA0408,0,0,0,0,0,1
ZNF175,0,0,0,0,0,1
GHR,0,0,0,0,0,1
SRPX2,0,0,0,0,0,1
C5,0,0,0,0,0,1
PDE10A,0,0,0,0,0,1
CYP17A1,0,0,0,0,0,1
PTPN14,0,0,0,0,0,1
BTK,1,0,0,0,0,1
GCNT1,0,0,0,0,0,1
VIL1,1,0,0,0,0,1
ARHGEF15,0,0,0,0,0,1
SCN1B,0,0,0,0,0,1
CPB1,0,0,0,0,0,1
AIFM1,1,0,0,1,0,1
TCN1,0,0,0,0,0,1
ZNF415,0,0,0,0,0,1
GATA4,0,0,0,0,0,1
CMAHP,0,0,0,0,0,1
WDR76,0,0,0,0,0,1
STRN,0,0,0,0,0,1
EXOG,0,0,0,0,0,1
HAPLN1,0,0,0,0,0,1
KATNA1,0,0,0,0,0,1
GEMIN4,0,0,0,0,0,1
RUNX1T1,0,0,0,0,0,1
GLS2,0,0,0,0,0,1
VAV2,0,0,0,0,0,1
CORO2A,0,0,0,0,0,1
AVIL,0,0,0,0,0,1
RRAGB,0,1,0,0,0,1
GSPT2,0,0,0,0,0,1
STEAP1,0,0,0,0,0,1
HSPA4L,0,0,0,0,0,1
CR2,0,0,0,0,0,1
DNAJC8,0,0,0,0,0,1
TYK2,0,0,0,1,0,1
TAGLN,0,0,0,0,0,1
PCP4,0,0,0,0,0,1
BABAM2,1,0,0,0,0,1
SV2B,0,0,0,0,0,1
CSRP3,0,0,0,0,0,1
DNASE1L3,1,0,0,0,0,1
MSX2,0,0,0,0,0,1
BPI,0,0,0,0,0,1
TRAF6,0,1,0,0,0,1
PCSK5,0,0,0,0,0,1
KCTD17,0,0,0,0,0,1
RPP38,0,0,0,0,0,1
KISS1,0,0,0,0,0,1
PAGE4,0,0,0,0,0,1
FXN,0,0,0,0,0,1
CHST1,0,0,0,0,0,1
AQP9,0,0,0,0,0,1
LAMP3,0,0,0,0,0,1
LIPT1,0,0,0,0,0,1
ANGPT2,0,0,0,0,0,1
SNX7,0,0,0,0,0,1
C1QL1,0,0,0,0,0,1
SERPIND1,0,0,0,0,0,1
PYGM,0,0,0,1,0,1
ROR2,0,0,0,0,0,1
HRH1,0,0,0,0,0,1
NOS3,0,0,0,0,0,1
GGT5,0,0,0,0,0,1
ALG13,0,0,0,0,0,1
ETV6,0,0,0,0,0,1
VGF,0,0,0,0,0,1
MYL3,0,0,0,0,0,1
RASGRP1,0,0,0,0,0,1
SLC4A1,0,0,0,0,0,1
PDE9A,0,0,0,0,0,1
ZNF652,0,0,0,0,0,1
DSG3,1,0,0,0,0,1
SMURF2,0,0,0,0,0,1
SLC44A4,0,0,0,0,0,1
TRAIP,1,0,0,0,0,1
TRAF1,1,0,0,0,0,1
HOXB5,0,0,0,0,0,1
PSG7,0,0,0,0,0,1
DIAPH2,0,0,0,0,0,1
HOXD9,0,0,0,0,0,1
SCYL3,0,0,0,0,0,1
ANGPT1,0,0,0,0,0,1
MYOM1,0,0,0,0,0,1
TNFSF12,1,0,0,0,0,1
MMRN1,0,0,0,0,0,1
SYT17,0,0,0,0,0,1
CPA1,0,0,0,0,0,1
PRRG2,0,0,0,0,0,1
PRRG1,0,0,0,0,0,1
MEOX1,0,0,0,0,0,1
F10,0,0,0,0,0,1
ALKBH1,0,0,0,0,0,1
SMPD2,0,0,0,0,0,1
ALDH3A1,0,0,0,0,0,1
CPA3,0,0,0,0,0,1
CALB1,0,0,0,0,0,1
CDA,0,0,0,0,0,1
CRH,0,0,0,0,0,1
PIP5K1B,0,0,0,0,0,1
ALAS1,0,0,0,0,0,1
ZDHHC24,0,0,0,0,0,1
SH3GL3,0,0,0,0,0,1
ADGRB3,0,0,0,0,0,1
AOAH,0,0,0,0,0,1
ALDH3B1,0,0,0,0,0,1
CNTRL,0,0,0,0,0,1
SNRPG,0,0,0,0,0,1
REPS2,0,0,0,0,0,1
PAX6,0,0,0,0,0,1
RAD52,0,0,0,0,0,1
WNT2,0,0,0,0,0,1
FGA,0,0,0,0,0,1
RAPGEF4,0,0,0,0,0,1
TTLL1,0,0,0,0,0,1
CTSG,0,0,0,0,0,1
C4BPA,0,0,0,0,0,1
MDM4,0,0,0,0,0,1
PCDH17,0,0,0,0,0,1
HAAO,0,0,0,0,0,1
SNAPC4,0,0,0,0,0,1
HDAC9,0,0,0,0,0,1
PCBP3,0,0,0,0,0,1
KIN,0,0,0,0,0,1
FMO1,0,0,0,0,0,1
WRN,0,0,0,0,0,1
LY75,0,0,0,0,0,1
NCAM2,0,0,0,0,0,1
GAL3ST1,0,0,0,0,0,1
HLA-DOB,0,0,0,0,0,1
XPA,0,0,0,0,0,1
ASB9,0,0,0,0,0,1
FXYD2,0,0,0,0,0,1
MTTP,0,0,0,0,0,1
CYP27B1,0,0,0,0,0,1
DLEU1,0,0,0,0,0,1
AP3B2,0,0,0,0,0,1
ACAN,0,0,0,0,0,1
MMP10,0,0,0,0,0,1
BCL2A1,1,0,0,0,0,1
TPSAB1,0,0,0,0,0,1
DENND4C,0,0,0,0,0,1
UBFD1,0,0,0,0,0,1
TFAP4,0,0,0,0,0,1
PCNX2,0,0,0,0,0,1
BUD31,0,0,0,0,0,1
SYNGR3,0,0,0,0,0,1
CD38,0,0,0,0,0,1
TNNT3,0,0,0,0,0,1
TYRP1,0,0,0,0,0,1
SDS,0,0,0,0,0,1
GFRA1,0,0,0,0,0,1
SCGN,0,0,0,0,0,1
MAP2K6,1,0,0,0,0,1
HSD17B6,0,0,0,0,0,1
IPO8,0,0,0,0,0,1
ATP6V0A2,0,0,0,0,0,1
ANKRD26,0,0,0,0,0,1
IL17RA,0,0,0,0,0,1
TRPM2,0,0,0,0,0,1
CDS1,0,0,0,0,0,1
LRP2,0,0,0,0,0,1
ATP5F1C,0,0,0,0,0,1
COMP,1,0,0,0,0,1
BST1,0,0,0,0,0,1
SLC25A40,0,0,0,0,0,1
ITGB7,0,0,0,0,0,1
PAH,0,0,0,0,0,1
POMC,0,0,0,0,0,1
GFRA2,0,0,0,0,0,1
CNTFR,0,0,0,0,0,1
SCGB1A1,0,0,0,0,0,1
TEP1,0,0,0,0,0,1
TENM1,0,0,0,0,0,1
OSMR,0,0,0,0,0,1
ABLIM3,0,0,0,0,0,1
BLM,0,0,0,0,0,1
AFF3,0,0,0,0,0,1
FABP3,0,0,0,0,0,1
ZNF107,0,0,0,0,0,1
RBM42,0,0,0,0,0,1
TNNI3,0,0,0,0,0,1
STAC,0,0,0,0,0,1
DOC2A,0,0,0,0,0,1
ADAM17,0,0,0,0,0,1
CBLN1,0,0,0,0,0,1
CYP1A1,0,0,0,0,0,1
BPHL,0,0,0,0,0,1
SH3GL2,0,0,0,0,0,1
GSTM5,0,0,0,0,0,1
F2,0,0,0,0,0,1
ITIH3,0,0,0,0,0,1
F8,0,0,0,0,0,1
ENTPD5,0,0,0,0,0,1
CD8A,0,0,0,0,0,1
SULT2B1,0,0,0,0,0,1
OGG1,0,0,0,0,0,1
DUS4L,0,0,0,0,0,1
TCAP,0,0,0,0,0,1
EREG,0,0,0,0,0,1
SLC27A2,0,0,0,0,0,1
GSR,0,0,0,0,0,1
AKAP7,0,0,0,0,0,1
CPEB3,0,0,0,0,0,1
F12,0,0,0,0,0,1
FAM50B,0,0,0,0,0,1
FMO5,0,0,0,0,0,1
DUSP9,0,0,0,0,0,1
KLK7,0,0,0,0,0,1
RAMP2,0,0,0,0,0,1
BIK,1,0,0,0,0,1
VPS9D1,0,0,0,0,0,1
FGF7,0,0,0,0,0,1
KLK13,0,0,0,0,0,1
ARVCF,0,0,0,0,0,1
ITGAM,0,0,0,0,0,1
ZC3H11A,0,0,0,0,0,1
CD1D,0,0,0,0,0,1
SKAP1,0,0,0,0,0,1
CCN5,0,0,0,0,0,1
NOVA1,0,0,0,0,0,1
NRXN3,0,0,0,0,0,1
TCP11L1,0,0,0,0,0,1
IL7R,0,0,0,0,0,1
SLC3A1,0,0,0,0,0,1
RASGRP3,0,0,0,0,0,1
TRPC1,0,0,0,0,0,1
ROR1,0,0,0,0,0,1
ROM1,0,0,0,0,0,1
TUFT1,0,0,0,0,0,1
WASL,0,0,0,0,0,1
POLG2,0,0,0,0,0,1
MAT1A,0,0,0,0,0,1
GRM3,0,0,0,0,0,1
REG3A,0,0,0,0,0,1
SIX1,1,0,0,0,0,1
BRINP1,0,0,0,0,0,1
MARCO,0,0,0,0,0,1
APOC3,0,0,0,0,0,1
KLRK1,0,0,0,0,0,1
RGS12,0,0,0,0,0,1
PCSK1,0,0,0,0,0,1
MYOM2,0,0,0,0,0,1
CCK,0,0,0,0,0,1
MMP3,0,0,0,0,0,1
HSD17B1,0,0,0,0,0,1
CLGN,0,0,0,0,0,1
CD2,1,0,0,0,0,1
CPA4,0,0,0,0,0,1
PART1,0,0,0,0,0,1
GYPA,0,0,0,0,0,1
TSPOAP1,0,0,0,0,0,1
GH1,0,0,0,0,0,1
JAK2,1,0,0,1,0,1
VNN1,0,0,0,0,0,1
CACNA1H,0,0,0,0,0,1
PTPRB,0,0,0,0,0,1
PRSS22,0,0,0,0,0,1
GAS2,1,0,0,0,0,1
UQCRB,0,0,0,0,0,1
GABRB3,0,0,0,0,0,1
NME6,1,0,0,0,0,1
CDK5R2,0,0,0,0,0,1
ZBTB7B,0,0,0,0,0,1
TULP3,0,0,0,0,0,1
ZNF197,0,0,0,0,0,1
SLC14A1,0,0,0,0,0,1
SLC18A2,0,0,0,0,0,1
NGFR,1,0,0,0,0,1
LY86,0,0,0,0,0,1
SPIB,0,0,0,0,0,1
GREB1,0,0,0,0,0,1
S100A12,0,0,0,0,0,1
SLC7A4,0,0,0,0,0,1
ARID3A,0,0,0,0,0,1
FCN3,0,0,0,0,0,1
PRSS1,0,0,0,0,0,1
PIGL,0,0,0,0,0,1
ITPKA,0,0,0,0,0,1
LIFR,0,0,0,0,0,1
PRKD1,1,0,0,0,0,1
ZNF74,0,0,0,0,0,1
ZBTB16,1,0,0,0,0,1
REG1B,0,0,0,0,0,1
JAKMIP2,0,0,0,0,0,1
ADORA2B,0,0,0,0,0,1
FABP1,0,0,0,0,0,1
NLGN1,0,0,0,0,0,1
ARSL,0,0,0,0,0,1
NOLC1,0,0,0,0,0,1
SLC22A4,0,0,0,0,0,1
NFATC4,0,0,0,0,0,1
CX3CR1,0,0,0,0,0,1
CCNA1,0,0,0,0,0,1
KRT1,0,0,0,0,0,1
PNOC,0,0,0,0,0,1
KCNN3,0,0,0,0,0,1
MICA,0,0,0,0,0,1
FOXJ1,0,0,0,0,0,1
OMD,0,0,0,0,0,1
POLE2,0,0,0,0,0,1
PTH1R,0,0,0,0,0,1
PNLIP,0,0,0,0,0,1
PLIN1,0,0,0,0,0,1
S100A7,0,0,0,0,0,1
ZNF264,0,0,0,0,0,1
SLC4A3,0,0,0,0,0,1
SLC6A6,0,0,0,0,0,1
VNN2,0,0,0,0,0,1
RELN,0,0,0,0,0,1
RAB3B,0,0,0,0,0,1
CTSE,0,0,0,0,0,1
ZNF443,1,0,0,0,0,1
GPA33,0,0,0,0,0,1
GTF2E1,0,0,0,0,0,1
CREB5,0,0,0,0,0,1
MSX1,0,0,0,0,0,1
SETBP1,0,0,0,0,0,1
PLCL1,0,0,0,0,0,1
FOXF1,0,0,0,0,0,1
HK3,0,0,0,0,0,1
CGREF1,0,0,0,0,0,1
PPM1E,0,0,0,0,0,1
MYH3,0,0,0,0,0,1
TDO2,0,0,0,0,0,1
CLTCL1,0,0,0,0,0,1
IL6R,0,0,0,0,0,1
VIPR2,0,0,0,0,0,1
PTPRT,0,0,0,0,0,1
CA1,0,0,0,0,0,1
MYH1,0,0,0,0,0,1
KCNK3,0,0,0,0,0,1
LRIG2,0,0,0,0,0,1
RXRG,0,0,0,0,0,1
PLXNB3,0,0,0,0,0,1
CSHL1,0,0,0,0,0,1
MMP13,0,0,0,0,0,1
PDK4,0,0,0,0,0,1
DNAJA3,1,0,0,0,0,1
ZNF426,0,0,0,0,0,1
BATF,0,0,0,0,0,1
TAF13,0,0,0,0,0,1
KCNS3,0,0,0,0,0,1
AADAC,0,0,0,0,0,1
MT3,0,0,0,0,0,1
HOXD1,0,0,0,0,0,1
EPHA1,0,0,0,0,0,1
KL,0,0,0,0,0,1
SCGB2A1,0,0,0,0,0,1
ING2,0,0,0,0,0,1
DPEP1,0,0,0,0,0,1
CRHBP,0,0,0,0,0,1
CLCNKB,0,0,0,0,0,1
AATK,0,0,0,0,0,1
CD1C,0,0,0,0,0,1
CD84,0,0,0,0,0,1
MOG,0,0,0,0,0,1
PRRX1,0,0,0,0,0,1
IL15,0,0,0,0,0,1
ADAM28,0,0,0,0,0,1
CYP3A4,0,0,0,0,0,1
MEP1A,0,0,0,0,0,1
NPY,0,0,0,0,0,1
ADGRG2,0,0,0,0,0,1
CEP135,0,0,0,0,0,1
TGM3,0,0,0,0,0,1
CEP162,0,0,0,0,0,1
PRG4,0,0,0,0,0,1
TGM1,0,0,0,0,0,1
ITGA9,0,0,0,0,0,1
HABP2,0,0,0,0,0,1
ACTL6B,0,0,0,0,0,1
FOXJ3,0,0,0,0,0,1
CCDC22,0,0,0,0,0,1
KIAA0319,0,0,0,0,0,1
FOXG1,0,0,0,0,0,1
RBM19,0,0,0,0,0,1
SOCS6,0,0,0,0,0,1
NDP,0,0,0,0,0,1
NMU,0,0,0,0,0,1
HPD,0,0,0,0,0,1
TNFAIP6,0,0,0,0,0,1
S100A3,0,0,0,0,0,1
MERTK,0,0,0,0,0,1
ANKRD1,0,0,0,0,0,1
ASPA,0,0,0,0,0,1
USP5,0,0,0,0,0,1
DSC3,0,0,0,0,0,1
SERPINB8,0,0,0,0,0,1
REL,0,0,0,0,0,1
KYAT1,0,0,0,0,0,1
NR2C2,0,0,0,0,0,1
RAB33A,0,0,0,0,0,1
ATP2C2,0,0,0,0,0,1
BRAF,0,0,0,0,0,1
NOL4,0,0,0,0,0,1
GNB3,0,0,0,0,0,1
SELP,0,0,0,0,0,1
RNH1,0,0,0,0,0,1
ELAVL4,0,0,0,0,0,1
SLBP,0,0,0,0,0,1
ZNF510,0,0,0,0,0,1
SNRPA1,0,0,0,0,0,1
SPN,0,0,0,0,0,1
SLC6A12,0,0,0,0,0,1
ZNF91,0,0,0,0,0,1
PTPN22,0,0,0,0,0,1
DPYS,0,0,0,0,0,1
RAD51C,0,0,0,0,0,1
WT1,0,0,0,0,0,1
ACADL,0,0,0,0,0,1
EPHA3,0,0,0,0,0,1
UCN,0,0,0,0,0,1
COLQ,0,0,0,0,0,1
HMGA1,0,0,0,0,0,1
LRRC23,0,0,0,0,0,1
KEL,0,0,0,0,0,1
KALRN,0,0,0,0,0,1
CHML,0,0,0,0,0,1
PLCH2,0,0,0,0,0,1
SLC24A1,0,0,0,0,0,1
HCP5,0,0,0,0,0,1
ADGRB1,0,0,0,0,0,1
HFE,0,0,0,0,0,1
LRRC37A3,0,0,0,0,0,1
NELL1,0,0,0,0,0,1
MATN3,0,0,0,0,0,1
ZNF35,0,0,0,0,0,1
SLC67A1-AS,0,0,0,0,0,1
ZBTB6,0,0,0,0,0,1
PRKCH,0,0,0,0,0,1
CPM,0,0,0,0,0,1
ECM2,0,0,0,0,0,1
GINS1,0,0,0,0,0,1
RAC3,0,0,0,0,0,1
ISL1,0,0,0,0,0,1
AFF2,0,0,0,0,0,1
RGS11,0,0,0,0,0,1
FUT1,0,0,0,0,0,1
RNASE2,0,0,0,0,0,1
ANKRD7,0,0,0,0,0,1
EPHA4,0,0,0,0,0,1
EGR3,0,0,0,0,0,1
STAT4,0,0,0,1,0,1
BHMT,0,0,0,0,0,1
CD33,0,0,0,0,0,1
AMPD1,0,0,0,0,0,1
SOX15,0,0,0,0,0,1
LLGL1,0,0,0,0,0,1
KLK8,0,0,0,0,0,1
CXCR5,0,0,0,0,0,1
ADRA2C,0,0,0,0,0,1
ARSB,0,0,0,0,0,1
ASGR2,0,0,0,0,0,1
CLPS,0,0,0,0,0,1
MCC,0,0,0,0,0,1
XAF1,1,0,0,0,0,1
ADAMDEC1,0,0,0,0,0,1
ST18,0,0,0,0,0,1
RIMS2,0,0,0,0,0,1
PI4KB,0,0,0,0,0,1
MOCS3,0,0,0,0,0,1
ZNF135,0,0,0,0,0,1
SLC26A3,0,0,0,0,0,1
MAGI1,0,0,0,0,0,1
RHAG,0,0,0,0,0,1
SCML2,0,0,0,0,0,1
IL3RA,1,0,0,0,0,1
CHP2,0,0,0,0,0,1
CD27,1,0,0,0,0,1
CELA3B,0,0,0,0,0,1
AGAP2,1,0,0,0,0,1
CYP4F11,0,0,0,0,0,1
RLBP1,0,0,0,0,0,1
ABCC2,0,0,0,0,0,1
GJB5,0,0,0,0,0,1
PTX3,0,0,0,0,0,1
CNBP,0,0,0,0,0,1
GDF10,0,0,0,0,0,1
APOBEC2,0,0,0,0,0,1
SYT5,0,0,0,0,0,1
MAB21L1,0,0,0,0,0,1
ARHGAP6,0,0,0,0,0,1
ADRB2,0,0,0,0,0,1
ADORA3,0,0,0,0,0,1
IL13RA2,0,0,0,0,0,1
GABPB1,0,0,0,0,0,1
PPP6C,0,0,0,0,0,1
ZNF222,0,0,0,0,0,1
BMP6,0,0,0,0,0,1
ARG1,0,0,0,0,0,1
TPPP,0,0,0,0,0,1
SLAMF1,0,0,0,0,0,1
ZNF134,0,0,0,0,0,1
HERC3,0,0,0,0,0,1
CRYBB1,0,0,0,0,0,1
MPP3,0,0,0,0,0,1
PTGIR,0,0,0,0,0,1
ZNF623,0,0,0,0,0,1
UNC5C,1,0,0,0,0,1
GPR17,0,0,0,0,0,1
ENTPD3,0,0,0,0,0,1
CDSN,0,0,0,0,0,1
HOXC4,0,0,0,0,0,1
GH2,0,0,0,0,0,1
NME5,0,0,0,0,0,1
CEACAM7,0,0,0,0,0,1
ANXA11,0,0,0,0,0,1
MEOX2,0,0,0,0,0,1
RCVRN,0,0,0,0,0,1
GRB14,0,0,0,0,0,1
CD180,0,0,0,0,0,1
CLC,0,0,0,0,0,1
CA4,0,0,0,0,0,1
CETP,0,0,0,0,0,1
SELE,0,0,0,0,0,1
CPA2,0,0,0,0,0,1
WNT10B,0,0,0,0,0,1
PLA2G7,0,0,0,0,0,1
OPCML,0,0,0,0,0,1
SRPK3,0,0,0,0,0,1
EDA,0,0,0,0,0,1
MAGEB2,0,0,0,0,0,1
VAV1,0,0,0,0,0,1
RASA3,0,0,0,0,0,1
TNFRSF10C,1,0,0,0,0,1
LMTK2,0,0,0,0,0,1
CST1,0,0,0,0,0,1
ZNF507,0,0,0,0,0,1
CILP,0,0,0,0,0,1
PAX2,0,0,0,0,0,1
LHX1,0,0,0,0,0,1
KCNN1,0,0,0,0,0,1
B4GALT6,0,0,0,0,0,1
MMP17,0,0,0,0,0,1
LIG4,0,0,0,0,0,1
GPR4,0,0,0,0,0,1
NRG1,0,0,0,0,0,1
YAF2,0,0,0,0,0,1
SPINK1,0,0,0,0,0,1
ZNF136,0,0,0,0,0,1
KPNA5,0,0,0,0,0,1
TM4SF5,0,0,0,0,0,1
TIMP4,0,0,0,0,0,1
IVNS1ABP,0,0,0,0,0,1
PFKFB4,0,0,0,0,0,1
MICB,0,0,0,0,0,1
PRKCE,1,0,0,0,0,1
MAP3K13,0,0,0,0,0,1
AVPR1A,0,0,0,0,0,1
DLG2,0,0,0,0,0,1
EGF,0,0,0,0,0,1
CPN1,0,0,0,0,0,1
CCDC9,0,0,0,0,0,1
ST8SIA5,0,0,0,0,0,1
PROC,0,0,0,0,0,1
ZNF239,0,0,0,0,0,1
ADH1C,0,0,0,0,0,1
FMO4,0,0,0,0,0,1
GPLD1,0,0,0,0,0,1
MATK,0,0,0,0,0,1
LEFTY1,0,0,0,0,0,1
GCM1,0,0,0,0,0,1
PRKCG,0,0,0,0,0,1
TLR3,0,0,0,1,0,1
PRELID3A,0,0,0,0,0,1
CROCC,0,0,0,0,0,1
LY6D,0,0,0,0,0,1
P2RY2,0,0,0,0,0,1
PRKY,0,0,0,0,0,1
CDH18,0,0,0,0,0,1
ADCYAP1,0,0,0,0,0,1
NEUROD1,0,0,0,0,0,1
TAL1,0,0,0,0,0,1
NPHP1,0,0,0,0,0,1
PGGT1B,0,0,0,0,0,1
HOXA4,0,0,0,0,0,1
RGS7,0,0,0,0,0,1
NTS,0,0,0,0,0,1
SULT2A1,0,0,0,0,0,1
HSD3B2,0,0,0,0,0,1
IL18,0,0,0,0,1,1
CTRC,0,0,0,0,0,1
ARHGAP22,0,0,0,0,0,1
NALF2,0,0,0,0,0,1
TEC,0,0,0,0,0,1
MYBPH,0,0,0,0,0,1
C8A,0,0,0,0,0,1
RYR3,0,0,0,0,0,1
FOXD1,0,0,0,0,0,1
TRDMT1,0,0,0,0,0,1
CNMD,0,0,0,0,0,1
SPINK2,0,0,0,0,0,1
PLA2G1B,0,0,0,0,0,1
GUCY2C,0,0,0,0,0,1
HLA-DOA,0,0,0,0,0,1
ZKSCAN7,0,0,0,0,0,1
CRLF1,0,0,0,0,0,1
KNTC1,0,0,0,0,0,1
ABCB8,0,0,0,0,0,1
EPPIN,0,0,0,0,0,1
SMAD9,0,0,0,0,0,1
RFX1,0,0,0,0,0,1
SYN3,0,0,0,0,0,1
OPHN1,0,0,0,0,0,1
DAPK2,1,1,0,0,0,1
SERPINA6,0,0,0,0,0,1
GRP,0,0,0,0,0,1
CDH15,0,0,0,0,0,1
EXTL1,0,0,0,0,0,1
SHC3,0,0,0,0,0,1
MSI1,0,0,0,0,0,1
LIPF,0,0,0,0,0,1
GALNS,0,0,0,0,0,1
CXCL6,0,0,0,0,0,1
CCR7,0,0,0,0,0,1
ELAVL3,0,0,0,0,0,1
CARTPT,0,0,0,0,0,1
NR1H4,0,0,0,0,0,1
IL2RA,1,0,0,0,0,1
PON1,0,0,0,0,0,1
LGI1,0,0,0,0,0,1
APCS,0,0,0,0,0,1
PEX10,0,0,0,0,0,1
COX6A2,0,0,0,0,0,1
SLCO1B3,0,0,0,0,0,1
OPA3,0,0,0,0,0,1
PRM1,0,0,0,0,0,1
SOCS3,0,0,0,0,0,1
PTGDR2,0,0,0,0,0,1
MAP3K10,1,0,0,0,0,1
KIF14,0,0,0,0,0,1
XCL1,0,0,0,0,0,1
REN,0,0,0,0,0,1
CPLX2,0,0,0,0,0,1
PIK3CG,0,0,0,0,0,1
FOLR3,0,0,0,0,0,1
MYF6,0,0,0,0,0,1
ZIC1,0,0,0,0,0,1
DUSP8,0,0,0,0,0,1
HSPB3,0,0,0,0,0,1
SLC6A15,0,0,0,0,0,1
FOXF2,0,0,0,0,0,1
SCGB2A2,0,0,0,0,0,1
EYA3,0,0,0,0,0,1
CFP,0,0,0,0,0,1
SCN2A,0,0,0,0,0,1
BDNF,0,0,0,0,0,1
CACNG3,0,0,0,0,0,1
SERPINA7,0,0,0,0,0,1
CDX2,0,0,0,0,0,1
PDE3A,0,0,0,0,0,1
PF4,0,0,0,0,0,1
RARRES1,0,0,0,0,0,1
TNNI2,0,0,0,0,0,1
MYBPC2,0,0,0,0,0,1
DGKG,0,0,0,0,0,1
CD19,0,0,0,0,0,1
MAPT,1,0,0,0,0,1
ZNF536,0,0,0,0,0,1
FGF9,0,0,0,0,0,1
SMCP,0,0,0,0,0,1
CCL13,0,0,0,0,0,1
NR0B2,0,0,0,0,0,1
ABL2,0,0,0,0,0,1
FER,0,0,0,0,0,1
TCL1B,0,0,0,0,0,1
ASAP2,0,0,0,0,0,1
TLL1,0,0,0,0,0,1
ZNF205,0,0,0,0,0,1
CNGA1,0,0,0,0,0,1
RORC,0,0,0,0,0,1
IGSF6,0,0,0,0,0,1
SERPINB7,0,0,0,0,0,1
GCG,0,0,0,0,0,1
ANGPTL7,0,0,0,0,0,1
CYP26A1,0,0,0,0,0,1
TRPC3,0,0,0,0,0,1
MLANA,0,0,0,0,0,1
CDX1,0,0,0,0,0,1
HAS2,0,0,0,0,0,1
SPOCK3,0,0,0,0,0,1
B4GALNT1,0,0,0,0,0,1
MPPED1,0,0,0,0,0,1
S1PR4,0,0,0,0,0,1
TCTN2,0,0,0,0,0,1
EPYC,0,0,0,0,0,1
LIN7A,0,0,0,0,0,1
SEMG1,0,0,0,0,0,1
RORB,0,0,0,0,0,1
PDE1B,0,0,0,0,0,1
PRMT1,0,0,0,0,0,1
CELA2A,0,0,0,0,0,1
ZNF365,0,0,0,0,0,1
DBH,0,0,0,0,0,1
TBCCD1,0,0,0,0,0,1
PTPA,0,0,0,0,0,1
NDRG2,0,0,0,0,0,1
RHO,0,0,0,0,0,1
GABRA5,0,0,0,0,0,1
DIO1,0,0,0,0,0,1
WNT2B,0,0,0,0,0,1
MT1H,0,0,0,0,0,1
BMX,1,0,0,0,0,1
ACSBG1,0,0,0,0,0,1
METTL13,0,0,0,0,0,1
TLE3,0,0,0,0,0,1
MBTPS2,0,0,0,0,0,1
CSH1,0,0,0,0,0,1
NOVA2,0,0,0,0,0,1
FAM30A,0,0,0,0,0,1
TRPM1,0,0,0,0,0,1
LDB2,0,0,0,0,0,1
PTK6,0,0,0,0,0,1
DNAAF11,0,0,0,0,0,1
XPNPEP2,0,0,0,0,0,1
CD5,0,0,0,0,0,1
LAG3,0,0,0,0,0,1
CD36,0,0,0,0,0,1
DLGAP1,0,0,0,0,0,1
FHIT,1,0,0,0,0,1
ITGA2B,0,0,0,0,0,1
HINFP,0,0,0,0,0,1
FMO3,0,0,0,0,0,1
OCA2,0,0,0,0,0,1
MIS18BP1,0,0,0,0,0,1
ETV1,0,0,0,0,0,1
INSM1,0,0,0,0,0,1
CYP24A1,0,0,0,0,0,1
UGT2B4,0,0,0,0,0,1
SUPT3H,0,0,0,0,0,1
ZSCAN12,0,0,0,0,0,1
CD70,0,0,0,0,0,1
PIP,0,0,0,0,0,1
SIX2,0,0,0,0,0,1
AIM2,0,0,0,0,0,1
CYP4F3,0,0,0,0,0,1
AMH,0,0,0,0,0,1
CDH16,0,0,0,0,0,1
RGS9,0,0,0,0,0,1
SIGLEC6,0,0,0,0,0,1
GTF2A1,0,0,0,0,0,1
MGAM,0,0,0,0,0,1
CYTH3,0,0,0,0,0,1
TBXT,0,0,0,0,0,1
GABRR1,0,0,0,0,0,1
RIBC2,0,0,0,0,0,1
TRPC6,0,0,0,0,0,1
SLC26A4,0,0,0,0,0,1
RAB30,0,0,0,0,0,1
DPF1,1,0,0,0,0,1
CHRNA5,0,0,0,0,0,1
GRIN2A,0,0,0,0,0,1
SLC2A2,0,0,0,0,0,1
XIAP,1,0,0,1,0,1
MRAS,0,1,0,0,0,1
CYP4F12,0,0,0,0,0,1
GLB1L,0,0,0,0,0,1
KLKB1,0,0,0,0,0,1
SMARCA2,0,0,0,0,0,1
SYCP2,1,0,0,0,0,1
PPEF1,0,0,0,0,0,1
INSL4,0,0,0,0,0,1
NUP155,0,0,0,0,0,1
TAC1,0,0,0,0,0,1
SETMAR,0,0,0,0,0,1
CLUL1,0,0,0,0,0,1
ZNF702P,0,0,0,0,0,1
SIM2,0,0,0,0,0,1
MIA,0,0,0,0,0,1
AKR1B10,0,0,0,0,0,1
CSNK1A1,0,0,0,0,0,1
OPRL1,0,0,0,0,0,1
TNP1,0,0,0,0,0,1
IL24,1,0,0,0,0,1
PSG11,0,0,0,0,0,1
MAP4K4,0,0,0,0,0,1
ZNF85,0,0,0,0,0,1
KCNQ3,0,0,0,0,0,1
PTP4A3,0,0,0,0,0,1
VIP,0,0,0,0,0,1
NKX2-5,1,0,0,0,0,1
ZKSCAN8,0,0,0,0,0,1
EFEMP2,0,0,0,0,0,1
BNC1,0,0,0,0,0,1
KRABD4,0,0,0,0,0,1
LY96,1,0,0,0,0,1
MKRN3,0,0,0,0,0,1
CNR2,0,0,0,0,0,1
CCT6B,0,0,0,0,0,1
DAZL,0,0,0,0,0,1
GFI1,0,0,0,0,0,1
RAG1,0,0,0,0,0,1
AP3D1,0,0,0,0,0,1
MED22,0,0,0,0,0,1
CST6,0,0,0,0,0,1
NRL,0,0,0,0,0,1
INS,0,1,0,0,0,1
SLC16A5,0,0,0,0,0,1
HOXD3,0,0,0,0,0,1
SLC2A4,0,0,0,0,0,1
OVOL1,0,0,0,0,0,1
ENDOU,0,0,0,0,0,1
LIPC,0,0,0,0,0,1
CBL,0,0,0,0,0,1
RPGRIP1,0,0,0,0,0,1
MAGEC1,0,0,0,0,0,1
F11,0,0,0,0,0,1
LINC03124,0,0,0,0,0,1
CACNG1,0,0,0,0,0,1
TAF1A,0,0,0,0,0,1
GDF5,0,0,0,0,0,1
RENBP,0,0,0,0,0,1
IL18R1,0,0,0,0,0,1
DKK4,0,0,0,0,0,1
GRAP,0,0,0,0,0,1
EIF4H,0,0,0,0,0,1
TRH,0,0,0,0,0,1
PDE6A,0,0,0,0,0,1
USP9Y,0,0,0,0,0,1
PRPH2,0,0,0,0,0,1
SSX1,0,0,0,0,0,1
SLC5A1,0,0,0,0,0,1
ADAMTSL2,0,0,0,0,0,1
TYR,0,0,0,0,0,1
PTGER2,0,0,0,0,0,1
APOBEC3B,0,0,0,0,0,1
CHRNA1,0,0,0,0,0,1
SIX3,0,0,0,0,0,1
CHRNB2,0,0,0,0,0,1
RASA2,0,0,0,0,0,1
P2RY14,0,0,0,0,0,1
HTR2B,0,0,0,0,0,1
HTN1,0,0,0,0,0,1
TNFRSF17,0,0,0,0,0,1
DSG1,1,0,0,0,0,1
HAL,0,0,0,0,0,1
NR0B1,0,0,0,0,0,1
GLI1,0,0,0,0,0,1
HBZ,0,0,0,0,0,1
ZNF571,0,0,0,0,0,1
TFE3,0,0,0,0,0,1
IQCC,0,0,0,0,0,1
CPB2,0,0,0,0,0,1
POLR3G,0,0,0,0,0,1
APMAP,0,0,0,0,0,1
MYOD1,0,0,0,0,0,1
UPK3B,0,0,0,0,0,1
IGLL1,0,0,0,0,0,1
DBF4B,0,0,0,0,0,1
GLRX,0,0,0,0,0,1
SP4,0,0,0,0,0,1
SI,0,0,0,0,0,1
GZMK,0,0,0,0,0,1
SCAMP1,0,0,0,0,0,1
SAG,0,0,0,0,0,1
AQP2,0,0,0,0,0,1
GPR176,0,0,0,0,0,1
FLT3,0,0,0,0,0,1
SKIL,0,0,0,0,0,1
CEACAM8,0,0,0,0,0,1
KRT31,0,0,0,0,0,1
GABRA1,0,0,0,0,0,1
APBA1,0,0,0,0,0,1
CD5L,1,0,0,0,0,1
CLEC10A,0,0,0,0,0,1
ZNF165,0,0,0,0,0,1
ATF7,0,0,0,0,0,1
PDK1,0,0,0,0,0,1
PTPN6,0,0,0,0,0,1
CPSF4,0,0,0,0,0,1
KAT5,1,0,0,0,0,1
ASIC2,0,0,0,0,0,1
PDIA2,0,0,0,0,0,1
KCNJ10,0,0,0,0,0,1
IL7,0,0,0,0,0,1
PNLIPRP1,0,0,0,0,0,1
ZNF43,0,0,0,0,0,1
GPR143,0,0,0,0,0,1
HP,0,0,0,0,0,1
XK,0,0,0,0,0,1
KDM5D,0,0,0,0,0,1
EDNRB,0,0,0,0,0,1
TEK,0,0,0,0,0,1
CHRNB1,0,0,0,0,0,1
CLCN5,0,0,0,0,0,1
TULP1,0,0,0,0,0,1
NTF3,0,0,0,0,0,1
FOXN2,0,0,0,0,0,1
GPT,0,0,0,0,0,1
TMEM257,0,0,0,0,0,1
GRTP1,0,0,0,0,0,1
NTNG1,0,0,0,0,0,1
ALOX15B,1,0,0,0,0,1
TFEC,0,0,0,0,0,1
UMOD,1,0,0,0,0,1
LMO1,0,0,0,0,0,1
SYNGR4,0,0,0,0,0,1
MGAT5,0,0,0,0,0,1
CCDC181,0,0,0,0,0,1
LPAR2,0,0,0,0,0,1
CBX4,0,0,0,0,0,1
HPGDS,0,0,0,0,0,1
C9,0,0,0,0,0,1
ECE2,0,0,0,0,0,1
TNFRSF8,0,0,0,0,0,1
GRIA3,0,0,0,0,0,1
CNKSR2,0,0,0,0,0,1
SLITRK3,0,0,0,0,0,1
TULP2,0,0,0,0,0,1
JRKL,0,0,0,0,0,1
WNT11,1,0,0,0,0,1
HOXC5,0,0,0,0,0,1
SYCP1,0,0,0,0,0,1
SSUH2,0,0,0,0,0,1
VEGFD,0,0,0,0,0,1
ASGR1,0,0,0,0,0,1
HOXC11,0,0,0,0,0,1
BFSP1,0,0,0,0,0,1
GPRIN2,0,0,0,0,0,1
CD1B,0,0,0,0,0,1
MAFK,0,0,0,0,0,1
PCYT1B,0,0,0,0,0,1
DFFB,1,0,0,0,0,1
RDH16,0,0,0,0,0,1
CHST7,0,0,0,0,0,1
PDE5A,0,0,0,0,0,1
EDN2,0,0,0,0,0,1
FCER2,0,0,0,0,0,1
CD96,0,0,0,0,0,1
KCNA5,0,0,0,0,0,1
FKBP6,0,0,0,0,0,1
MPPE1,0,0,0,0,0,1
KCNJ2,0,0,0,0,0,1
ITGA10,0,0,0,0,0,1
RBMS3,0,0,0,0,0,1
RPL3L,0,0,0,0,0,1
TMSB4Y,0,0,0,0,0,1
SLC35A3,0,0,0,0,0,1
UPK3A,0,0,0,0,0,1
PTH2R,0,0,0,0,0,1
LY6H,0,0,0,0,0,1
FRMPD1,0,0,0,0,0,1
CUBN,0,0,0,0,0,1
CRYBB2,0,0,0,0,0,1
ASMT,0,0,0,0,0,1
GAD2,0,0,0,0,0,1
DNAJC4,0,0,0,0,0,1
FGF4,1,0,0,0,0,1
AQP8,0,0,0,0,0,1
HTN3,0,0,0,0,0,1
BRDT,0,0,0,0,0,1
POU2F1,0,0,0,0,0,1
NDUFB1,0,0,0,0,0,1
PDE4C,0,0,0,0,0,1
PNMT,0,0,0,0,0,1
F2RL2,0,0,0,0,0,1
CCN4,0,0,0,0,0,1
NAT2,0,0,0,0,0,1
SCGB1D2,0,0,0,0,0,1
MTHFR,0,0,0,0,0,1
NPPB,0,0,0,0,0,1
PDYN,0,0,0,0,0,1
CD3G,0,0,0,0,0,1
SEMA3A,0,0,0,0,0,1
DGKI,0,0,0,0,0,1
HNRNPA3P1,0,0,0,0,0,1
ADCY8,0,0,0,0,0,1
ADRB3,0,0,0,0,0,1
CTF1,0,0,0,0,0,1
NGF,1,0,0,0,0,1
SPAG8,0,0,0,0,0,1
CNNM2,0,0,0,0,0,1
CES1P1,0,0,0,0,0,1
OXTR,0,0,0,0,0,1
PMP2,0,0,0,0,0,1
TRPV6,0,0,0,0,0,1
TXK,0,0,0,0,0,1
ZNF430,0,0,0,0,0,1
SLC4A10,0,0,0,0,0,1
ARSD,0,0,0,0,0,1
ACYP2,0,0,0,0,0,1
HBD,0,0,0,0,0,1
STATH,0,0,0,0,0,1
SLC6A3,0,0,0,0,0,1
ALX1,0,0,0,0,0,1
TBX19,0,0,0,0,0,1
C22orf31,0,0,0,0,0,1
AFM,0,0,0,0,0,1
PDE6H,0,0,0,0,0,1
KCND1,0,0,0,0,0,1
CRYBA4,0,0,0,0,0,1
FBP2,0,0,0,0,0,1
RNF40,0,0,0,0,0,1
HDAC6,0,0,0,0,0,1
HOXA7,0,0,0,0,0,1
GABRG2,0,0,0,0,0,1
RASL10A,0,0,0,0,0,1
RNASE3,0,0,0,0,0,1
EPHA7,1,0,0,0,0,1
MAP3K7,1,1,0,0,0,1
HYAL2,0,0,0,0,0,1
LILRB5,0,0,0,0,0,1
FKBP1B,0,0,0,0,0,1
HOXC6,0,0,0,0,0,1
PAEP,1,0,0,0,0,1
CGGBP1,0,0,0,0,0,1
ZNF254,0,0,0,0,0,1
HRK,1,0,0,0,0,1
CDH4,0,0,0,0,0,1
GCKR,0,0,0,0,0,1
STARD8,0,0,0,0,0,1
CHAD,0,0,0,0,0,1
PPARA,0,0,0,0,0,1
ELANE,0,0,0,0,1,1
SLC17A1,0,0,0,0,0,1
CA6,0,0,0,0,0,1
SLK,1,0,0,0,0,1
SIM1,0,0,0,0,0,1
MXD1,0,0,0,0,0,1
DAO,0,0,0,0,0,1
NRG2,0,0,0,0,0,1
LILRA3,0,0,0,0,0,1
SLC1A6,0,0,0,0,0,1
GP9,0,0,0,0,0,1
SCEL,0,0,0,0,0,1
ACKR2,0,0,0,0,0,1
ARHGDIG,0,0,0,0,0,1
IL12RB1,0,0,0,0,0,1
ACTN3,0,0,0,0,0,1
AMHR2,0,0,0,0,0,1
SALL1,0,0,0,0,0,1
APOA4,0,0,0,0,0,1
PPP1R3A,0,0,0,0,0,1
GNG7,0,0,0,0,0,1
PAGE1,0,0,0,0,0,1
CDH19,0,0,0,0,0,1
NTSR2,0,0,0,0,0,1
ZNF253,0,0,0,0,0,1
BRME1,0,0,0,0,0,1
MATN1,0,0,0,0,0,1
ICAM5,0,0,0,0,0,1
TNFSF9,0,0,0,0,0,1
CLDN11,0,0,0,0,0,1
CFHR2,0,0,0,0,0,1
TRIM25,0,0,0,0,0,1
FOXE1,0,0,0,0,0,1
BAAT,0,0,0,0,0,1
CRTAM,0,0,0,0,0,1
NKX2-2,0,0,0,0,0,1
TAT,0,0,0,0,0,1
GNA13,0,0,0,0,0,1
CPNE1,0,0,0,0,0,1
GLE1,0,0,0,0,0,1
IL11,0,0,0,0,0,1
ST8SIA4,0,0,0,0,0,1
GUCY1A2,0,0,0,0,0,1
ZNF124,0,0,0,0,0,1
NFIC,0,0,0,0,0,1
ZNF141,0,0,0,0,0,1
CH25H,0,0,0,0,0,1
SIRPB1,0,0,0,0,0,1
PCDH8,0,0,0,0,0,1
SPTA1,0,0,0,0,0,1
DCC,1,0,0,0,0,1
SEMA3E,0,0,0,0,0,1
PMCH,0,0,0,0,0,1
TGFBR1,1,0,0,0,0,1
HTR6,0,0,0,0,0,1
LCT,0,0,0,0,0,1
HCN4,0,0,0,0,0,1
B3GALT5,0,0,0,0,0,1
NEU3,0,0,0,0,0,1
RUSC1,0,0,0,0,0,1
SCN9A,0,0,0,0,0,1
G6PC1,0,0,0,0,0,1
ADGRL2,0,0,0,0,0,1
WT1-AS,0,0,0,0,0,1
AQP7,0,0,0,0,0,1
LPAR4,0,0,0,0,0,1
NAT8B,0,0,0,0,0,1
CCNT1,0,0,0,0,0,1
KRT34,0,0,0,0,0,1
CNTN2,0,0,0,0,0,1
PPFIA2,0,0,0,0,0,1
LTA,1,0,0,0,0,1
HSPH1,0,0,0,0,0,1
PTH,0,0,0,0,0,1
CCR2,0,0,0,0,0,1
C8B,0,0,0,0,0,1
SCN4A,0,0,0,0,0,1
CRYBA1,0,0,0,0,0,1
CCR6,0,0,0,0,0,1
RIT2,0,0,0,0,0,1
HSD17B3,0,0,0,0,0,1
CCL25,0,0,0,0,0,1
SCAF11,0,0,0,0,0,1
TNR,0,0,0,0,0,1
CCR5,0,0,0,0,0,1
CST4,0,0,0,0,0,1
SCARF1,0,0,0,0,0,1
HS6ST1,0,0,0,0,0,1
PRB3,0,0,0,0,0,1
IL12RB2,0,0,0,0,0,1
GUCA2A,0,0,0,0,0,1
CCDC106,0,0,0,0,0,1
NR1I3,0,0,0,0,0,1
CXCR2,0,0,0,0,0,1
PHOX2B,0,0,0,0,0,1
GABRB1,0,0,0,0,0,1
PTK7,0,0,0,0,0,1
MMP16,0,0,0,0,0,1
GABRA2,0,0,0,0,0,1
ALDH1A2,0,0,0,0,0,1
RAB27B,0,0,0,0,0,1
AKAP4,0,0,0,0,0,1
HSF2BP,0,0,0,0,0,1
ZPBP,0,0,0,0,0,1
LDHC,0,0,0,0,0,1
KRT10,0,0,0,0,0,1
CHRND,0,0,0,0,0,1
GJC2,0,0,0,0,0,1
ATP2B3,0,0,0,0,0,1
HGFAC,0,0,0,0,0,1
MYCNOS,0,0,0,0,0,1
KITLG,1,0,0,0,0,1
CSRP2,0,0,0,0,0,1
NKX3-2,0,0,0,0,0,1
CRISP1,0,0,0,0,0,1
CBLIF,0,0,0,0,0,1
GLI2,0,0,0,0,0,1
SLC30A3,0,0,0,0,0,1
GRIN2D,0,0,0,0,0,1
TNFRSF11A,0,0,0,0,0,1
SLC16A6,0,0,0,0,0,1
CDKN2A,1,0,0,0,0,1
MASP2,0,0,0,0,0,1
E2F2,0,0,0,0,0,1
SLC6A9,0,0,0,0,0,1
THRB,0,0,0,0,0,1
VPS50,0,0,0,0,0,1
SLC6A11,0,0,0,0,0,1
SCN8A,0,0,0,0,0,1
CACNA2D1,0,0,0,0,0,1
SLC17A4,0,0,0,0,0,1
HAVCR1,0,0,0,0,0,1
SLC8A1,0,0,0,0,0,1
IMPG1,0,0,0,0,0,1
GPR37L1,0,0,0,0,0,1
SLC4A8,0,0,0,0,0,1
PRKN,0,0,0,1,0,1
PAX9,0,0,0,0,0,1
EN2,0,0,0,0,0,1
ERN1,1,1,0,0,0,1
IAPP,1,0,0,0,0,1
AOC2,0,0,0,0,0,1
KRT75,0,0,0,0,0,1
HRC,0,0,0,0,0,1
HDC,0,0,0,0,0,1
ZFP37,0,0,0,0,0,1
SMAD6,0,0,0,0,0,1
RGR,0,0,0,0,0,1
ACO1,0,0,0,0,0,1
IL18RAP,0,0,0,0,0,1
CDKL2,0,0,0,0,0,1
SLC18A1,0,0,0,0,0,1
NLRP3,0,0,0,1,0,1
ASS1,0,0,0,0,0,1
CELA2B,0,0,0,0,0,1
PI4KA,0,0,0,0,0,1
POU3F2,0,0,0,0,0,1
CSF2RA,0,0,0,0,0,1
NRAP,0,0,0,0,0,1
ZFP30,0,0,0,0,0,1
P2RX7,0,0,0,0,0,1
LEP,0,0,0,0,0,1
OMG,0,0,0,0,0,1
CXCR1,0,0,0,0,0,1
SLC10A2,0,0,0,0,0,1
SAA4,0,0,0,0,0,1
SLC17A2,0,0,0,0,0,1
CHM,0,0,0,0,0,1
AKR1D1,0,0,0,0,0,1
KCND2,0,0,0,0,0,1
LILRB1,0,0,0,0,0,1
PIK3R2,1,1,0,0,0,1
LTK,0,0,0,0,0,1
RPE65,0,0,0,0,0,1
NIPBL,0,0,0,0,0,1
KCNJ12,0,0,0,0,0,1
ADGRE1,0,0,0,0,0,1
GAB1,0,0,0,0,0,1
TNF,1,0,0,1,0,1
LY6G6C,0,0,0,0,0,1
MBTD1,0,0,0,0,0,1
GAPDHS,0,0,0,0,0,1
PRKG1,0,0,0,0,0,1
ZNF667,0,0,0,0,0,1
MAPK6,0,0,0,0,0,1
MATN4,0,0,0,0,0,1
ZNF225,0,0,0,0,0,1
ZNF223,0,0,0,0,0,1
PFDN5,0,0,0,0,0,1
ALPK1,0,0,0,0,0,1
TPSB2,0,0,0,0,0,1
HTR2A,0,0,0,0,0,1
ARR3,0,0,0,0,0,1
TONSL,0,0,0,0,0,1
ATP4A,0,0,0,0,0,1
KCNJ3,0,0,0,0,0,1
CDK6,0,0,0,0,0,1
CITED1,1,0,0,0,0,1
MSTN,0,0,0,0,0,1
KRT32,0,0,0,0,0,1
DLX2,0,0,0,0,0,1
CDH12,0,0,0,0,0,1
SLC18A3,0,0,0,0,0,1
ADCYAP1R1,0,0,0,0,0,1
GLMN,0,0,0,0,0,1
DIO3,1,0,0,0,0,1
TBX5,0,0,0,0,0,1
GNG5,0,0,0,0,0,1
APOBEC1,0,0,0,0,0,1
IL12A,0,0,0,0,0,1
CACNA1B,0,0,0,0,0,1
AKT1,1,1,0,0,0,1
HMMR,0,0,0,0,0,1
GNGT1,0,0,0,0,0,1
CD101,0,0,0,0,0,1
LETMD1,0,0,0,0,0,1
CDH11,0,0,0,0,0,1
GPC5,0,0,0,0,0,1
ADIPOQ,0,0,0,0,0,1
CD80,0,0,0,0,0,1
PTGFR,0,0,0,0,0,1
FRK,0,0,0,0,0,1
TLX1,0,0,0,0,0,1
CASP7,1,0,0,0,0,1
GABRA6,0,0,0,0,0,1
GPR19,0,0,0,0,0,1
SLC6A13,0,0,0,0,0,1
SLC10A1,0,0,0,0,0,1
JAK3,0,0,0,1,0,1
CDK3,0,0,0,0,0,1
ISLR,0,0,0,0,0,1
DNASE1L2,0,0,0,0,0,1
AGRP,0,0,0,0,0,1
ICAM4,0,0,0,0,0,1
CNTN6,0,0,0,0,0,1
TNIP1,0,0,0,0,0,1
ZIC3,0,0,0,0,0,1
TERT,0,0,0,0,0,1
OTC,0,0,0,0,0,1
SLC22A1,0,0,0,0,0,1
NR1I2,0,0,0,0,0,1
FSCN2,0,0,0,0,0,1
CEACAM4,0,0,0,0,0,1
ALOX12,0,0,0,0,0,1
RBMXL2,0,0,0,0,0,1
CETN1,0,0,0,0,0,1
GABRA3,0,0,0,0,0,1
SLC9A3,0,0,0,0,0,1
USP2,0,0,0,0,0,1
SPINK4,0,0,0,0,0,1
TNFSF8,0,0,0,0,0,1
NOX1,0,0,0,0,0,1
F9,0,0,0,0,0,1
ZFP69B,0,0,0,0,0,1
ART4,0,0,0,0,0,1
F2RL3,0,0,0,0,0,1
PLA2G10,0,0,0,0,0,1
SIGLEC7,0,0,0,0,0,1
AANAT,0,0,0,0,0,1
H2BC15,0,0,0,0,0,1
RFPL2,0,0,0,0,0,1
PRKACG,0,1,0,0,0,1
CDON,0,0,0,0,0,1
DZIP3,0,0,0,0,0,1
MITF,0,0,0,0,0,1
RFX3,0,0,0,0,0,1
ZNF345,0,0,0,0,0,1
KCNA3,0,0,0,0,0,1
PTPRC,0,0,0,0,0,1
LHCGR,0,0,0,0,0,1
LINC01587,0,0,0,0,0,1
GRIK1,0,0,0,0,0,1
UGT2B17,0,0,0,0,0,1
ZFY,0,0,0,0,0,1
KCNA4,0,0,0,0,0,1
SLC28A2,0,0,0,0,0,1
SIX6,0,0,0,0,0,1
MEP1B,0,0,0,0,0,1
INE1,0,0,0,0,0,1
UBN1,0,0,0,0,0,1
SLC15A1,0,0,0,0,0,1
MBL2,0,0,0,0,0,1
EPO,1,0,0,0,0,1
DSCR4,0,0,0,0,0,1
ANKRD40CL,0,0,0,0,0,1
FEV,0,0,0,0,0,1
CNGA3,0,0,0,0,0,1
APOF,0,0,0,0,0,1
VEZT,0,0,0,0,0,1
RBMS1,0,0,0,0,0,1
RIPPLY3,0,0,0,0,0,1
DEFA4,0,0,0,0,0,1
CD300C,0,0,0,0,0,1
SPAG11B,0,0,0,0,0,1
ZNF80,0,0,0,0,0,1
CHRNE,0,0,0,0,0,1
CDR1,0,0,0,0,0,1
CD209,0,0,0,0,0,1
RNF185,0,0,0,0,0,1
VCX2,0,0,0,0,0,1
MYOG,0,0,0,0,0,1
RPL23AP32,0,0,0,0,0,1
ASMTL-AS1,0,0,0,0,0,1
PRRG4,0,0,0,0,0,1
AGTR2,0,0,0,0,0,1
SCNN1G,0,0,0,0,0,1
ZNF343,0,0,0,0,0,1
SLC17A3,0,0,0,0,0,1
GRM1,0,0,0,0,0,1
F7,0,0,0,0,0,1
SGCG,0,0,0,0,0,1
PDE1C,0,0,0,0,0,1
TRAPPC8,0,0,0,0,0,1
TCF15,0,0,0,0,0,1
NOS1,0,0,0,0,0,1
DOC2B,0,0,0,0,0,1
PHKG1,0,0,0,0,0,1
CD226,0,0,0,0,0,1
HAS1,0,0,0,0,0,1
CASQ2,0,0,0,0,0,1
CDK13,0,0,0,0,0,1
DSC1,0,0,0,0,0,1
MAGEA1,0,0,0,0,0,1
BTC,1,0,0,0,0,1
EYA4,0,0,0,0,0,1
ALOX15,0,0,1,1,0,1
MMP8,0,0,0,0,0,1
PZP,0,0,0,0,0,1
TFRC,0,0,1,0,0,1
NMBR,0,0,0,0,0,1
TGFBR2,1,0,0,0,0,1
ATP5ME,0,0,0,0,0,1
SOX5,0,0,0,0,0,1
CTAG2,0,0,0,0,0,1
ZNF200,0,0,0,0,0,1
LTB,0,0,0,0,0,1
PRTN3,0,0,0,0,0,1
CNGB1,0,0,0,0,0,1
LYZL6,0,0,0,0,0,1
AKAP3,0,0,0,0,0,1
SH2D2A,0,0,0,0,0,1
GABRB2,0,0,0,0,0,1
HMX1,0,0,0,0,0,1
CCL16,0,0,0,0,0,1
SLC1A7,0,0,0,0,0,1
DEFB4A,0,0,0,0,0,1
NTSR1,0,0,0,0,0,1
SLC30A4,0,0,0,0,0,1
RS1,0,0,0,0,0,1
TEX28,0,0,0,0,0,1
KCNS1,0,0,0,0,0,1
ATP12A,0,0,0,0,0,1
HTR1D,0,0,0,0,0,1
BRS3,0,0,0,0,0,1
IBSP,0,0,0,0,0,1
ENTPD2,0,0,0,0,0,1
HOXD10,0,0,0,0,0,1
PLSCR2,0,0,0,0,0,1
IL15RA,0,0,0,0,0,1
VENTX,0,0,0,0,0,1
PPP1R2C,0,0,0,0,0,1
TREH,0,0,0,0,0,1
EDIL3,0,0,0,0,0,1
ALOX12B,0,0,0,0,0,1
RHBDL1,0,0,0,0,0,1
PGLYRP1,0,0,0,0,0,1
TFDP3,0,0,0,0,0,1
CYP7B1,0,0,0,0,0,1
GK,0,0,0,0,0,1
GP1BA,0,0,0,0,0,1
SMTN,0,0,0,0,0,1
PIP5K1A,0,0,0,0,0,1
UGT2B15,0,0,0,0,0,1
HCRTR2,0,0,0,0,0,1
BTN1A1,0,0,0,0,0,1
ALG3,0,0,0,0,0,1
HOXD13,0,0,0,0,0,1
BFSP2,0,0,0,0,0,1
NPY5R,0,0,0,0,0,1
PROX1,0,0,0,0,0,1
ZNF132,0,0,0,0,0,1
HTR1E,0,0,0,0,0,1
RAD17,0,0,0,0,0,1
CYP7A1,0,0,0,0,0,1
CYP4A11,0,0,0,0,0,1
SLC22A14,0,0,0,0,0,1
LECT2,0,0,0,0,0,1
CELP,0,0,0,0,0,1
SCN5A,0,0,0,0,0,1
PCSK6,0,0,0,0,0,1
PLA2R1,0,0,0,0,0,1
NFATC3,0,0,0,0,0,1
ZNF177,0,0,0,0,0,1
RAC2,0,0,0,0,0,1
COLEC10,0,0,0,0,0,1
CA5A,0,0,0,0,0,1
ADAM20,0,0,0,0,0,1
MYF5,0,0,0,0,0,1
TNFSF4,0,0,0,0,0,1
ACR,0,0,0,0,0,1
SLC22A2,0,0,0,0,0,1
MSMB,0,0,0,0,0,1
BEST2,0,0,0,0,0,1
IL10,0,0,0,0,0,1
SRRM2,0,0,0,0,0,1
SNUPN,0,0,0,0,0,1
SMR3B,0,0,0,0,0,1
CSF3,0,0,0,0,0,1
NR2E1,1,0,0,0,0,1
SLC22A13,0,0,0,0,0,1
CCR9,0,0,0,0,0,1
TLR6,0,0,0,0,0,1
MGAT4C,0,0,0,0,0,1
POU6F2,0,0,0,0,0,1
NKX2-8,0,0,0,0,0,1
CNTN5,0,0,0,0,0,1
DNAJB5,0,0,0,0,0,1
GRIK3,0,0,0,0,0,1
P2RY1,0,0,0,0,0,1
HNF4G,0,0,0,0,0,1
LY6G6D,0,0,0,0,0,1
RHPN1-AS1,0,0,0,0,0,1
GZMM,1,0,0,0,0,1
GLRA2,0,0,0,0,0,1
PRSS3,0,0,0,0,0,1
SFRP5,1,0,0,0,0,1
PIR,0,0,0,0,0,1
RARS2,0,0,0,0,0,1
MLN,0,0,0,0,0,1
FABP2,0,0,0,0,0,1
MEIS2,0,0,0,0,0,1
TP53TG5,0,0,0,0,0,1
TUBA4B,0,0,0,0,0,1
MOGAT2,0,0,0,0,0,1
ZNF76,0,0,0,0,0,1
MS4A2,0,0,0,0,0,1
CYP2D6,0,0,0,0,0,1
CASP5,1,0,0,0,1,1
GUCA2B,0,0,0,0,0,1
TCP10L3,0,0,0,0,0,1
CA7,0,0,0,0,0,1
PRKG2,0,0,0,0,0,1
ATP5MC3,0,0,0,0,0,1
LAIR2,0,0,0,0,0,1
BDKRB1,0,0,0,0,0,1
ZNF189,0,0,0,0,0,1
GNAT1,0,0,0,0,0,1
POLR1C,0,0,0,0,0,1
CHRNB4,0,0,0,0,0,1
DGKE,0,0,0,0,0,1
SLC6A4,0,0,0,0,0,1
TSBP1,0,0,0,0,0,1
GIPC1,0,0,0,0,0,1
IL1RL1,0,0,0,0,0,1
KCNJ9,0,0,0,0,0,1
DEFA5,0,0,0,0,0,1
CDKN2B,0,0,0,0,0,1
CRYGC,0,0,0,0,0,1
CRYGD,0,0,0,0,0,1
CCL1,0,0,0,0,0,1
MAGEB1,0,0,0,0,0,1
NFKB2,0,0,0,0,0,1
TNFRSF9,1,0,0,0,0,1
PFKFB1,0,0,0,0,0,1
IL4,0,0,0,0,0,1
SYK,0,0,0,0,0,1
EXOSC10,0,0,0,0,0,1
P4HA1,0,0,0,0,0,1
ADH6,0,0,0,0,0,1
ATP4B,0,0,0,0,0,1
GRM7,0,0,0,0,0,1
OPRK1,0,0,0,0,0,1
DGKZ,0,0,0,0,0,1
PITX2,0,0,0,0,0,1
ZMYM3,0,0,0,0,0,1
SLC28A1,0,0,0,0,0,1
ASIC3,0,0,0,0,0,1
DGKQ,0,0,0,0,0,1
OGT,1,0,0,1,0,1
SLC13A2,0,0,0,0,0,1
CHRNA6,0,0,0,0,0,1
ROS1,0,0,0,0,0,1
SHOX,0,0,0,0,0,1
GOLGA6A,0,0,0,0,0,1
OXT,0,0,0,0,0,1
HTR4,0,0,0,0,0,1
MAGEB3,0,0,0,0,0,1
PIN1P1,0,0,0,0,0,1
ABCD2,0,0,0,0,0,1
LPA,0,0,0,0,0,1
RPL36AL,0,0,0,0,0,1
SHH,0,0,0,0,0,1
CRYGA,0,0,0,0,0,1
ADRA1B,0,0,0,0,0,1
CENPI,0,0,0,0,0,1
HCN2,0,0,0,0,0,1
ABCG4,0,0,0,0,0,1
ADAM18,0,0,0,0,0,1
XRCC2,0,0,0,0,0,1
MMP20,0,0,0,0,0,1
KCNC3,0,0,0,0,0,1
SULT1B1,0,0,0,0,0,1
TMPRSS11D,0,0,0,0,0,1
ZNF117,0,0,0,0,0,1
ARHGAP12,0,0,0,0,0,1
ASCL2,0,0,0,0,0,1
CYP1A2,0,0,0,0,0,1
ADGRE2,0,0,0,0,0,1
H2BC13,0,0,0,0,0,1
WNT8B,0,0,0,0,0,1
CUL1,1,0,0,0,0,1
GAS8-AS1,0,0,0,0,0,1
BCS1L,0,0,0,0,0,1
HCRTR1,0,0,0,0,0,1
CASK,0,0,0,0,0,1
PEMT,0,0,0,0,0,1
ABCF2,0,0,0,0,0,1
RPGR,0,0,0,0,0,1
CBFA2T2,0,0,0,0,0,1
SLC7A2,0,0,0,0,0,1
TFCP2,0,0,0,0,0,1
BUD23,0,0,0,0,0,1
NBR2,0,0,0,0,0,1
MUSK,0,0,0,0,0,1
PDCD1,1,0,0,0,0,1
KCNH1,0,0,0,0,0,1
SERPINI2,0,0,0,0,0,1
WSCD2,0,0,0,0,0,1
TMPRSS15,0,0,0,0,0,1
FZD9,0,0,0,0,0,1
NTN3,0,0,0,0,0,1
TNFRSF13B,0,0,0,0,0,1
HCRT,0,0,0,0,0,1
TNFRSF1A,1,0,0,1,0,1
FOXH1,0,0,0,0,0,1
CDY1,0,0,0,0,0,1
DRP2,0,0,0,0,0,1
KRT37,0,0,0,0,0,1
PTGER1,0,0,0,0,0,1
GPR171,0,0,0,0,0,1
CMKLR1,0,0,0,0,0,1
FOXD2,0,0,0,0,0,1
BLNK,0,0,0,0,0,1
ADAM2,0,0,0,0,0,1
MAP2K3,0,0,0,0,0,1
PDIA6,0,0,0,0,0,1
KRT83,0,0,0,0,0,1
KRT85,0,0,0,0,0,1
BEST1,0,0,0,0,0,1
NPHS1,0,0,0,0,0,1
ONECUT2,0,0,0,0,0,1
NCF4,0,0,0,0,0,1
SOX30,0,0,0,0,0,1
PAX3,1,0,0,0,0,1
CXCR3,1,0,0,0,0,1
FOXN1,0,0,0,0,0,1
CRYBB3,0,0,0,0,0,1
INHBC,0,0,0,0,0,1
ALX3,0,0,0,0,0,1
CACNB4,0,0,0,0,0,1
POU3F4,0,0,0,0,0,1
IGSF1,0,0,0,0,0,1
LILRB2,0,0,0,0,0,1
ZFHX2,0,0,0,0,0,1
NCOA3,0,0,0,0,0,1
YWHAH-AS1,0,0,0,0,0,1
NLGN4Y,0,0,0,0,0,1
NINL,0,0,0,0,0,1
USH2A,0,0,0,0,0,1
SEC13,0,0,0,0,0,1
ALOXE3,0,0,0,0,0,1
PRKAA2,0,1,0,0,0,1
LCE2B,0,0,0,0,0,1
MTCL2,0,0,0,0,0,1
RBCK1,0,0,0,1,0,1
SERPINH1,0,0,0,0,0,1
CRYGB,0,0,0,0,0,1
KRT38,0,0,0,0,0,1
PKP2,0,0,0,0,0,1
CEP170,0,0,0,0,0,1
LORICRIN,0,0,0,0,0,1
BTBD2,0,0,0,0,0,1
KLRC3,0,0,0,0,0,1
POU4F2,1,0,0,0,0,1
ESRRB,0,0,0,0,0,1
MUTYH,0,0,0,0,0,1
CDH9,0,0,0,0,0,1
LAX1,0,0,0,0,0,1
RNF125,0,0,0,0,0,1
NCKAP1,1,0,0,0,0,1
NR6A1,0,0,0,0,0,1
CABP2,0,0,0,0,0,1
DOK4,0,0,0,0,0,1
PRB1,0,0,0,0,0,1
ZNF304,0,0,0,0,0,1
RASSF8,0,0,0,0,0,1
ZFP2,0,0,0,0,0,1
NCOR2,0,0,0,0,0,1
TMT1A,0,0,0,0,0,1
S100A5,0,0,0,0,0,1
ATOSB,0,0,0,0,0,1
CDKL1,0,0,0,0,0,1
EGR4,0,0,0,0,0,1
SLC5A2,0,0,0,0,0,1
PRMT8,0,0,0,0,0,1
ATG10,0,1,0,0,0,1
SP140,0,0,0,0,0,1
CYLC2,0,0,0,0,0,1
ZNF711,0,0,0,0,0,1
CYP2R1,0,0,0,0,0,1
KRT33B,0,0,0,0,0,1
DPP6,0,0,0,0,0,1
RAB1A,0,1,0,0,0,1
OPRD1,0,0,0,0,0,1
LRP2BP,0,0,0,0,0,1
ATXN2L,0,0,0,0,0,1
ARMCX4,0,0,0,0,0,1
AKAP5,0,0,0,0,0,1
RNF10,0,0,0,0,0,1
CRISP3,0,0,0,0,0,1
CSN3,0,0,0,0,0,1
FCN2,0,0,0,0,0,1
PSMD9,1,0,0,0,0,1
PROS1,0,0,0,0,0,1
ATP6AP1,0,0,0,0,0,1
F13B,0,0,0,0,0,1
KRT12,0,0,0,0,0,1
FDXR,0,0,0,0,0,1
DEFA6,0,0,0,0,0,1
PF4V1,0,0,0,0,0,1
LALBA,1,0,0,0,0,1
IFNW1,0,0,0,0,0,1
HTR7,0,0,0,0,0,1
ABCB4,0,0,0,0,0,1
ADH1A,0,0,0,0,0,1
ID3,0,0,0,0,0,1
CENPF,0,0,0,0,0,1
BNIP1,1,0,0,0,0,1
PPP1R8,0,0,0,0,0,1
DHPS,0,0,0,0,0,1
HLCS,0,0,0,0,0,1
TMEM8B,0,0,0,0,0,1
CD160,0,0,0,0,0,1
SPIN2A,0,0,0,0,0,1
CASC3,0,0,0,0,0,1
IL13,0,0,0,0,0,1
ANAPC10,0,0,0,0,0,1
POU1F1,0,0,0,0,0,1
MUC1,0,0,0,0,0,1
AVP,0,0,0,0,0,1
IL2,0,0,0,0,0,1
CXCL3,0,0,0,0,0,1
SNCB,0,0,0,0,0,1
GYPE,0,0,0,0,0,1
CLCC1,0,0,0,0,0,1
LILRA2,0,0,0,0,0,1
CHRNB3,0,0,0,0,0,1
NCR1,0,0,0,0,0,1
CCL22,0,0,0,0,0,1
UPK2,0,0,0,0,0,1
ADPRH,0,0,0,0,0,1
SCN7A,0,0,0,0,0,1
BMP8B,0,0,0,0,0,1
PAX4,0,0,0,0,0,1
CHRNA2,0,0,0,0,0,1
ST7,0,0,0,0,0,1
CFHR4,0,0,0,0,0,1
FLNC,0,0,0,0,0,1
NVL,0,0,0,0,0,1
KRT76,0,0,0,0,0,1
ADAM11,0,0,0,0,0,1
GUCY2D,0,0,0,0,0,1
S100G,0,0,0,0,0,1
CALCR,0,0,0,0,0,1
MMP25,0,0,0,0,0,1
CD40LG,0,0,0,0,0,1
SRY,0,0,0,0,0,1
NAALADL1,0,0,0,0,0,1
CRHR2,0,0,0,0,0,1
GIP,0,0,0,0,0,1
CCL17,0,0,0,0,0,1
IL12B,0,0,0,0,0,1
LNPEP,0,0,0,0,0,1
IL3,1,0,0,0,0,1
TNFSF14,1,0,0,0,0,1
KRT2,0,0,0,0,0,1
SCGB1D1,0,0,0,0,0,1
TGM5,0,0,0,0,0,1
CYP2F1,0,0,0,0,0,1
EVX1,0,0,0,0,0,1
ART1,0,0,0,0,0,1
MAEA,0,0,0,0,0,1
CST5,0,0,0,0,0,1
GP5,0,0,0,0,0,1
GRPR,0,0,0,0,0,1
LCN1,0,0,0,0,0,1
IFNA8,0,0,0,1,0,1
ZP2,0,0,0,0,0,1
RFPL1,0,0,0,0,0,1
KRT13,0,0,0,0,0,1
RFPL3,0,0,0,0,0,1
PI15,0,0,0,0,0,1
PLAGL1,1,0,0,0,0,1
OCM2,0,0,0,0,0,1
CSNK1D,0,0,0,0,0,1
MAML3,0,0,0,0,0,1
CSN2,0,0,0,0,0,1
IL5,0,0,0,0,0,1
CCL27,0,0,0,0,0,1
CAPN11,0,0,0,0,0,1
IFNA4,0,0,0,1,0,1
NEUROG3,0,0,0,0,0,1
MEF2C,1,0,0,0,0,1
GLRA1,0,0,0,0,0,1
NR4A3,0,0,0,0,0,1
CD8B,0,0,0,0,0,1
CITED2,0,0,0,0,0,1
H1-6,0,0,0,0,0,1
MPP2,0,0,0,0,0,1
GNRH1,0,0,0,0,0,1
ACRV1,0,0,0,0,0,1
AMPD3,0,0,0,0,0,1
CHP1,0,0,0,0,0,1
OPRM1,0,0,0,0,0,1
LDLRAD4,0,0,0,0,0,1
GML,1,0,0,0,0,1
ACOT7,0,0,0,0,0,1
NFAT5,0,0,0,0,0,1
OPRPN,0,0,0,0,0,1
NTN1,1,0,0,0,0,1
FOXI1,0,0,0,0,0,1
TBC1D29P,0,0,0,0,0,1
ARHGEF16,0,0,0,0,0,1
MCF2,0,0,0,0,0,1
HCK,0,0,0,0,0,1
ZNF157,0,0,0,0,0,1
CDC14B,0,0,0,0,0,1
HMGA2,0,0,0,0,0,1
LAPTM4B,0,0,0,0,0,1
ADD1,1,0,0,0,0,1
RFX2,0,0,0,0,0,1
ZFHX3,0,0,0,0,0,1
PROZ,0,0,0,0,0,1
GRM6,0,0,0,0,0,1
OPN1SW,0,0,0,0,0,1
MADCAM1,0,0,0,0,0,1
IL1RL2,0,0,0,0,0,1
MYBPC3,0,0,0,0,0,1
GRK1,0,0,0,0,0,1
H4C1,0,0,0,0,0,1
TACR1,0,0,0,0,0,1
CASP2,1,0,0,0,0,1
GUCY2F,0,0,0,0,0,1
HERC4,0,0,0,0,0,1
CBFA2T3,0,0,0,0,0,1
CCR8,0,0,0,0,0,1
PAX7,0,0,0,0,0,1
CAPN9,0,0,0,0,0,1
ST8SIA3,0,0,0,0,0,1
GTF2B,0,0,0,0,0,1
REV3L,0,0,0,0,0,1
DGKD,0,0,0,0,0,1
CCL7,0,0,0,0,0,1
SIK1,0,0,0,0,0,1
ZNF442,0,0,0,0,0,1
ITGB6,0,0,0,0,0,1
ZBP1,1,0,0,1,0,1
CFHR5,0,0,0,0,0,1
TDRD3,0,0,0,0,0,1
AIRE,0,0,0,0,0,1
VOPP1,0,0,0,0,0,1
NDEL1,0,0,0,0,0,1
YJU2B,0,0,0,0,0,1
COL21A1,0,0,0,0,0,1
SEMA6C,0,0,0,0,0,1
URM1,0,0,0,0,0,1
PSD,0,0,0,0,0,1
TSC22D4,0,0,0,0,0,1
GIPR,0,0,0,0,0,1
AVPR2,0,0,0,0,0,1
MED25,0,0,0,0,0,1
EHD1,0,0,0,0,0,1
PABPC3,0,0,0,0,0,1
ISG20L2,0,0,0,0,0,1
MAN1A1,0,0,0,0,0,1
LAS1L,0,0,0,0,0,1
ZNF93,0,0,0,0,0,1
PTPRO,0,0,0,0,0,1
KCNB2,0,0,0,0,0,1
CYP2C18,0,0,0,0,0,1
KIF25,0,0,0,0,0,1
TBXAS1,0,0,0,0,0,1
PTGIS,0,0,0,0,0,1
PSG2,0,0,0,0,0,1
HNF1B,1,0,0,0,0,1
ZNF205-AS1,0,0,0,0,0,1
ZNF611,0,0,0,0,0,1
GAST,0,0,0,0,0,1
DRC3,0,0,0,0,0,1
DOHH,0,0,0,0,0,1
CPVL,0,0,0,0,0,1
CYP2C8,0,0,0,0,0,1
MYH4,0,0,0,0,0,1
DDX11,0,0,0,0,0,1
DDX21,0,0,0,0,0,1
FAT2,0,0,0,0,0,1
EPPK1,0,0,0,0,0,1
OSBPL1A,0,0,0,0,0,1
ABCC3,0,0,0,0,0,1
IL9R,0,0,0,0,0,1
PRSS16,0,0,0,0,0,1
CHIT1,0,0,0,0,0,1
IFNB1,0,0,0,1,0,1
DMP1,0,0,0,0,0,1
SLC34A1,0,0,0,0,0,1
KIR2DL3,0,0,0,0,0,1
IFNA14,0,0,0,1,0,1
TACR3,0,0,0,0,0,1
LIPE,0,0,0,0,0,1
KRT9,0,0,0,0,0,1
MYO7A,0,0,0,0,0,1
LSR,0,0,0,0,0,1
PSG4,0,0,0,0,0,1
IL9,0,0,0,0,0,1
TTN,0,0,0,0,0,1
DUX4L8,0,0,0,0,0,1
CAV3,0,0,0,0,0,1
PCDHA9,0,0,0,0,0,1
MYH13,0,0,0,0,0,1
C4BPB,0,0,0,0,0,1
MAS1,0,0,0,0,0,1
ALK,0,0,0,0,0,1
ADRB1,0,0,0,0,0,1
DRD4,0,0,0,0,0,1
DLX4,0,0,0,0,0,1
GABRR2,0,0,0,0,0,1
AMELY,0,0,0,0,0,1
HOXB1,0,0,0,0,0,1
RAX,0,0,0,0,0,1
BMP3,0,0,0,0,0,1
RAB9BP1,0,0,0,0,0,1
TGDS,0,0,0,0,0,1
DMBT1,0,0,0,0,0,1
KCNC4,0,0,0,0,0,1
SIGLEC8,0,0,0,0,0,1
FKBP8,1,0,0,0,0,1
EFNA2,0,0,0,0,0,1
IFNA7,0,0,0,1,0,1
AVPR1B,0,0,0,0,0,1
IFNA10,0,0,0,1,0,1
MEFV,0,0,0,0,0,1
SLC19A4P,0,0,0,0,0,1
TRPV5,0,0,0,0,0,1
RNPEP,0,0,0,0,0,1
PAPOLB,0,0,0,0,0,1
ZNF695,0,0,0,0,0,1
OCLM,0,0,0,0,0,1
UTF1,0,0,0,0,0,1
PITX3,0,0,0,0,0,1
FBXW10B,0,0,0,0,0,1
GAGE1,0,0,0,0,0,1
GGT1,0,0,0,0,0,1
OR7A5,0,0,0,0,0,1
HCG9,0,0,0,0,0,1
EI24,1,0,0,0,0,1
TH,0,0,0,0,0,1
BMP10,0,0,0,0,0,1
PTPRH,1,0,0,0,0,1
HMHB1,0,0,0,0,0,1
CRLF2,0,0,0,0,0,1
CCR3,0,0,0,0,0,1
PGR,0,0,0,0,0,1
HLA-DRB1,0,0,0,0,0,1
GPI,0,0,0,0,0,1
MALT1,0,0,0,0,0,1
GPR50,0,0,0,0,0,1
SF1,0,0,0,0,0,1
RRH,0,0,0,0,0,1
OCRL,0,0,0,0,0,1
XYLB,0,0,0,0,0,1
RBM3,0,0,0,0,0,1
CABP1,0,0,0,0,0,1
ST3GAL1,0,0,0,0,0,1
ANXA13,0,0,0,0,0,1
AKAP13,0,0,0,0,0,1
CYP2A13,0,0,0,0,0,1
PBOV1,0,0,0,0,0,1
ALX4,0,0,0,0,0,1
BPY2,0,0,0,0,0,1
PRY,0,0,0,0,0,1
LHX5,0,0,0,0,0,1
NDST4,0,0,0,0,0,1
ACKR1,0,0,0,0,0,1
TECR,0,0,0,0,0,1
P2RX3,0,0,0,0,0,1
POU3F1,0,0,0,0,0,1
PPBPP2,0,0,0,0,0,1
CSN1S1,0,0,0,0,0,1
UGT8,0,0,0,0,0,1
KCNJ4,0,0,0,0,0,1
POLR3D,0,0,0,0,0,1
GRK4,0,0,0,0,0,1
PCDH11X,0,0,0,0,0,1
BRCA2,0,0,0,0,0,1
GCDH,0,0,0,0,0,1
RCAN1,0,0,0,0,0,1
P2RY6,0,0,0,0,0,1
CAPZA1,0,0,0,0,0,1
IFNA1,0,0,0,1,0,1
CCR4,0,0,0,0,0,1
CACNA1F,0,0,0,0,0,1
LBX1,0,0,0,0,0,1
PCK1,0,0,0,0,0,1
DMC1,0,0,0,0,0,1
SLC1A2,0,0,0,0,0,1
ESM1,0,0,0,0,0,1
PDE1A,0,0,0,0,0,1
TBPL1,0,0,0,0,0,1
EDN3,0,0,0,0,0,1
GLP1R,0,0,0,0,0,1
KCNJ5,0,0,0,0,0,1
GRAP2,0,0,0,0,0,1
CTNND1,0,0,0,0,0,1
SLC14A2,0,0,0,0,0,1
AMELX,0,0,0,0,0,1
PPEF2,0,0,0,0,0,1
HOXB3,0,0,0,0,0,1
FGF6,0,0,0,0,0,1
CIAPIN1,1,0,0,0,0,1
TANC2,0,0,0,0,0,1
ELAVL2,0,0,0,0,0,1
CACNA1E,0,0,0,0,0,1
LRP8,0,0,0,0,0,1
IRF7,0,0,0,0,0,1
CLCN1,0,0,0,0,0,1
FGR,0,0,0,0,0,1
LINC01565,0,0,0,0,0,1
BAZ1B,0,0,0,0,0,1
IFNA16,0,0,0,1,0,1
FGF8,1,0,0,0,0,1
LGALS2,0,0,0,0,0,1
GABRD,0,0,0,0,0,1
SCNN1D,0,0,0,0,0,1
GJC1,0,0,0,0,0,1
HIC1,0,0,0,0,0,1
GABRA4,0,0,0,0,0,1
GRIA4,0,0,0,0,0,1
GRM2,0,0,0,0,0,1
RAB3D,0,0,0,0,0,1
SOX21,0,0,0,0,0,1
HPR,0,0,0,0,0,1
IKZF4,0,0,0,0,0,1
CLDN6,0,0,0,0,0,1
FRMD4A,0,0,0,0,0,1
KCNC1,0,0,0,0,0,1
BAX,1,0,0,1,1,1
KCNA1,0,0,0,0,0,1
ASB4,0,0,0,0,0,1
SSTR1,0,0,0,0,0,1
KRT33A,0,0,0,0,0,1
H1-1,1,0,0,0,0,1
DRD5,0,0,0,0,0,1
LMX1B,0,0,0,0,0,1
CR1,0,0,0,0,0,1
GJA8,0,0,0,0,0,1
PGM5,0,0,0,0,0,1
RFXAP,0,0,0,0,0,1
SLC6A7,0,0,0,0,0,1
TLX3,0,0,0,0,0,1
NEUROG1,0,0,0,0,0,1
DNAJC3,0,0,0,0,0,1
FOXD3,0,0,0,0,0,1
GFI1B,0,0,0,0,0,1
PITX1,0,0,0,0,0,1
PCDHB11,0,0,0,0,0,1
OR7C2,0,0,0,0,0,1
OR7A17,0,0,0,0,0,1
PPARG,0,0,0,0,0,1
PTTG3P,0,0,0,0,0,1
FOXB1,0,0,0,0,0,1
KCNE1,0,0,0,0,0,1
H2BC14,0,0,0,0,0,1
MTNR1B,0,0,0,0,0,1
BTF3,0,0,0,0,0,1
GNRH2,0,0,0,0,0,1
OR10H3,0,0,0,0,0,1
OR5I1,0,0,0,0,0,1
GPR15,0,0,0,0,0,1
OR2F1,0,0,0,0,0,1
RARB,1,0,0,0,0,1
KRTAP5-8,0,0,0,0,0,1
SOX1,0,0,0,0,0,1
S1PR2,0,0,0,0,0,1
SPRR2B,0,0,0,0,0,1
ZNF208,0,0,0,0,0,1
OR10H2,0,0,0,0,0,1
ADRA2B,0,0,0,0,0,1
H2BC9,0,0,0,0,0,1
H2BC3,0,0,0,0,0,1
IFNA6,0,0,0,1,0,1
KCNG2,0,0,0,0,0,1
H4C7,0,0,0,0,0,1
GRIK4,0,0,0,0,0,1
H1-4,1,0,0,0,0,1
POU4F3,0,0,0,0,0,1
CST2,0,0,0,0,0,1
GPR31,0,0,0,0,0,1
HOXA6,0,0,0,0,0,1
OR10H1,0,0,0,0,0,1
KCNA10,0,0,0,0,0,1
ABCC9,0,0,0,0,0,1
POU3F3,0,0,0,0,0,1
KCNA2,0,0,0,0,0,1
MC5R,0,0,0,0,0,1
WNT1,0,0,0,0,0,1
H3-4,0,0,0,0,0,1
OR2H2,0,0,0,0,0,1
SOX14,0,0,0,0,0,1
H3C1,0,0,0,0,0,1
SCN10A,0,0,0,0,0,1
H2AC14,0,0,0,1,0,1
BTN2A3P,0,0,0,0,0,1
TRPC7,0,0,0,0,0,1
GJA3,0,0,0,0,0,1
MBD1,0,0,0,0,0,1
HUWE1,0,0,0,0,0,1
GPR39,0,0,0,0,0,1
TUBB1,0,0,0,0,0,1
MAPK8IP2,0,0,0,0,0,1
HOXA3,0,0,0,0,0,1
NTRK1,1,0,0,0,0,1
WNT4,0,0,0,0,0,1
SNTB1,0,0,0,0,0,1
TNXB,0,0,0,0,0,1
SPTAN1,1,0,0,0,0,1
PDIA3,0,0,0,0,0,1
FLNB,0,0,0,0,0,1
PTP4A2,0,0,0,0,0,1
DDB1,1,0,0,0,0,1
PCBP1,0,0,1,0,0,1
EZR,0,0,0,0,0,1
EIF4G1,0,0,0,0,0,1
VAT1,0,0,0,0,0,1
YBX1,0,0,0,0,0,1
HADHA,0,0,0,0,0,1
MACF1,0,0,0,0,0,1
NACA,0,0,0,0,0,1
ACTN1,0,0,0,0,0,1
RAC1,0,0,0,0,0,1
XRCC5,0,0,0,0,0,1
PARP1,1,0,0,1,0,1
RPS14,0,0,0,0,0,1
RPS14P3,0,0,0,0,0,1
FDFT1,0,0,0,0,0,1
VCP,0,0,0,0,0,1
PPP2CA,0,1,0,0,0,1
CD164,0,0,0,0,0,1
CCNI,0,0,0,0,0,1
CLIC1,0,0,0,0,0,1
CS,0,0,0,0,0,1
ST13,0,0,0,0,0,1
HMGN2,0,0,0,0,0,1
SERINC1,0,0,0,0,0,1
SRSF3,0,0,0,0,0,1
DDOST,0,0,0,0,0,1
PA2G4,0,0,0,0,0,1
BSG,0,0,0,0,0,1
ATP6V1E1,0,0,0,0,0,1
PRDX1,0,0,0,0,0,1
MAGED2,0,0,0,0,0,1
CAPN2,1,0,0,1,0,1
COPA,0,0,0,0,0,1
HSPA8,0,0,0,0,0,1
RPN2,0,0,0,0,0,1
PDLIM1,0,0,0,0,0,1
RPS3,1,0,0,0,0,1
GARS1,0,0,0,0,0,1
PRKDC,0,0,0,0,0,1
RPL39,0,0,0,0,0,1
CCT5,0,0,0,0,0,1
EIF3E,0,0,0,0,0,1
TKT,0,0,0,0,0,1
APLP2,0,0,0,0,0,1
EIF5,0,0,0,0,0,1
NRDC,0,0,0,0,0,1
CCND1,0,0,0,0,0,1
HNRNPUL1,0,0,0,0,0,1
NDUFV1,0,0,0,0,0,1
TMCO1,0,0,0,0,0,1
OXA1L,0,0,0,0,0,1
DDX17,0,0,0,0,0,1
RBM39,0,0,0,0,0,1
USP11,0,0,0,0,0,1
EIF2S2,0,0,0,0,0,1
CDC42,0,0,0,0,0,1
HLA-B,0,0,0,0,0,1
RAB2A,0,0,0,0,0,1
CTDSP2,0,0,0,0,0,1
ARPC3,0,0,0,0,0,1
ATP6V1G1,0,0,0,0,0,1
SAP18,0,0,0,0,0,1
YWHAB,1,0,0,0,0,1
C1S,0,0,0,0,0,1
NAPA,0,0,0,0,0,1
EIF3I,0,0,0,0,0,1
TMED9,0,0,0,0,0,1
ATIC,0,0,0,0,0,1
NCSTN,0,0,0,0,0,1
SUMO1,0,0,0,0,0,1
TSC22D3,0,0,0,0,0,1
ATP5MC2,0,0,0,0,0,1
HNRNPR,0,0,0,0,0,1
RPL22,0,0,0,0,0,1
EIF4EBP2,0,0,0,0,0,1
LTA4H,0,0,0,0,0,1
XPO1,0,0,0,0,0,1
PSMD11,1,0,0,0,0,1
TCP1,0,0,0,0,0,1
VAPA,0,0,0,0,0,1
FSTL1,0,0,0,0,0,1
CD46,0,0,0,0,0,1
MAP1LC3B,0,1,1,0,0,1
MRPL3,0,0,0,0,0,1
ELOVL5,0,0,0,0,0,1
CAVIN1,0,0,0,0,0,1
CLU,1,0,0,0,0,1
MCM7,0,0,0,0,0,1
CCNG1,0,0,0,0,0,1
GOLGA8A,0,0,0,0,0,1
PSMB5,1,0,0,0,0,1
SRP72,0,0,0,0,0,1
SRSF6,0,0,0,0,0,1
PSMA6,1,0,0,0,0,1
CHD3,0,0,0,0,0,1
HMGB2,1,0,0,0,0,1
C6orf62,0,0,0,0,0,1
GOT1,0,0,0,0,0,1
ANXA2P2,0,0,0,0,0,1
COMT,0,0,0,0,0,1
RAB8A,0,1,0,0,0,1
PTK2,1,0,0,0,0,1
DAP3,1,0,0,0,0,1
CDK16,0,0,0,0,0,1
HINT1,1,0,0,0,0,1
PSMB6,1,0,0,0,0,1
POLE3,0,0,0,0,0,1
TAPBP,0,0,0,0,0,1
SUPT6H,0,0,0,0,0,1
ATXN10,0,0,0,0,0,1
RPL23A,0,0,0,0,0,1
ATP1B3,0,0,0,0,0,1
TMED3,0,0,0,0,0,1
CAND1,0,0,0,0,0,1
G3BP2,0,0,0,0,0,1
GORASP2,0,1,0,0,0,1
VDAC3,0,0,1,1,0,1
ADH5,0,0,0,0,0,1
THY1,0,0,0,0,0,1
CANX,0,0,0,0,0,1
STK24,1,0,0,0,0,1
ESYT1,0,0,0,0,0,1
ATRX,0,0,0,0,0,1
TXN,0,0,0,0,0,1
GABARAPL1,0,1,0,0,0,1
REEP5,0,0,0,0,0,1
PAK2,1,0,0,0,0,1
PRPF6,0,0,0,0,0,1
UBR5,0,0,0,0,0,1
LCP1,0,0,0,0,0,1
H1-0,1,0,0,0,0,1
EIF3G,0,0,0,0,0,1
PLXNB2,0,0,0,0,0,1
DUSP6,0,0,0,0,0,1
HLA-DRA,0,0,0,0,0,1
DDX18,0,0,0,0,0,1
ATP6V1D,0,0,0,0,0,1
TOP1,0,0,0,0,0,1
RPS28,0,0,0,0,0,1
CYCS,1,0,0,0,1,1
BSCL2,0,0,0,0,0,1
MRPS18B,0,0,0,0,0,1
CAST,0,0,0,0,0,1
UQCRFS1,0,0,0,0,0,1
C1QBP,1,0,0,0,0,1
PDHB,0,0,0,0,0,1
CNP,0,0,0,0,0,1
SLC1A5,0,0,0,0,0,1
NADK,0,0,0,0,0,1
SRI,0,0,0,0,0,1
NXF1,0,0,0,0,0,1
CYFIP1,0,0,0,0,0,1
RNF11,0,0,0,0,0,1
CLDND1,0,0,0,0,0,1
NEU1,0,0,0,0,0,1
SPOP,0,0,0,0,0,1
POR,0,0,0,0,0,1
PPP4C,0,0,0,0,0,1
LGALS8,0,0,0,0,0,1
ID1,0,0,0,0,0,1
PRCC,0,0,0,0,0,1
SEPHS1,0,0,0,0,0,1
SEC62,0,0,0,0,0,1
BECN1,1,1,0,0,0,1
LGALS3,0,0,0,0,0,1
ALDH7A1,0,0,0,0,0,1
LARP4B,0,0,0,0,0,1
DUT,0,0,0,0,0,1
ERP44,0,0,0,0,0,1
KLF6,0,0,0,0,0,1
FADS1,0,0,0,0,0,1
IFI16,1,0,0,0,0,1
AK2,0,0,0,0,0,1
NDUFA9,0,0,0,0,0,1
UROD,0,0,0,0,0,1
ATP5MC1,0,0,0,0,0,1
ERI3,0,0,0,0,0,1
KPNB1,1,0,0,0,0,1
CRIP2,0,0,0,0,0,1
NCOA6,0,0,0,0,0,1
UBC,1,1,0,1,0,1
RBM10,0,0,0,0,0,1
EIF3J,0,0,0,0,0,1
TCF12,0,0,0,0,0,1
KDM2A,0,0,0,0,0,1
HNRNPH3,0,0,0,0,0,1
STAT3,1,0,0,1,0,1
PPIG,0,0,0,0,0,1
UCP2,0,0,0,0,0,1
SEPTIN8,0,0,0,0,0,1
ANAPC13,0,0,0,0,0,1
CALCOCO1,0,0,0,0,0,1
SLC25A11,0,0,0,0,0,1
FBXL5,0,0,0,0,0,1
RSRP1,0,0,0,0,0,1
KRT8,0,0,0,0,0,1
ESD,0,0,0,0,0,1
TRIO,0,0,0,0,0,1
MAGED1,1,0,0,0,0,1
DNAJB6,0,0,0,0,0,1
KRT7,0,0,0,0,0,1
LONP1,0,0,0,0,0,1
PINK1,0,0,0,0,0,1
OSER1,0,0,0,0,0,1
STAG2,0,0,0,0,0,1
TUBB,0,0,0,0,0,1
ABI1,0,0,0,0,0,1
COPS7A,0,0,0,0,0,1
CADM1,1,0,0,0,0,1
DYRK1A,0,0,0,0,0,1
PNRC1,0,0,0,0,0,1
MDK,0,0,0,0,0,1
MDH2,0,0,0,0,0,1
PSMB8,1,0,0,0,0,1
UBE2G2,0,0,0,0,0,1
PAPSS1,0,0,0,0,0,1
SF3B4,0,0,0,0,0,1
XPNPEP1,0,0,0,0,0,1
GABARAPL2,0,1,0,0,0,1
AQP1,0,0,0,0,0,1
ZMYND8,0,0,0,0,0,1
RALGDS,0,0,0,0,0,1
NSD2,0,0,0,0,0,1
CDC5L,0,0,0,0,0,1
EDF1,0,0,0,0,0,1
NUMB,0,0,0,0,0,1
FAM107A,0,0,0,0,0,1
ISCU,0,0,0,0,0,1
WDR45B,0,1,0,0,0,1
TXN2,0,0,0,0,0,1
GLRX3,0,0,0,0,0,1
COL18A1,0,0,0,0,0,1
CORO1A,0,0,0,0,0,1
RAB28,0,0,0,0,0,1
RFC1,0,0,0,0,0,1
RAB5A,0,0,0,0,0,1
GLOD4,0,0,0,0,0,1
DDAH1,0,0,0,0,0,1
DLD,0,0,0,0,0,1
UBE2V2,0,0,0,0,0,1
JAG1,0,0,0,0,0,1
IFRD2,0,0,0,0,0,1
CCN2,0,0,0,0,0,1
HBP1,0,0,0,0,0,1
UFD1,0,0,0,0,0,1
NHP2,0,0,0,0,0,1
NCOA1,0,0,0,0,0,1
TSPAN6,0,0,0,0,0,1
RGL2,0,0,0,0,0,1
RNF5,0,0,0,0,0,1
CDKN1B,1,1,0,0,0,1
TSPAN1,0,0,0,0,0,1
UBA3,0,0,0,0,0,1
HBB,0,0,0,0,0,1
WBP2,0,0,0,0,0,1
TUBA1A,1,0,0,0,0,1
NR2F2,0,0,0,0,0,1
PLIN2,0,0,0,0,0,1
QDPR,0,0,0,0,0,1
MYD88,1,0,0,0,0,1
KRT6A,0,0,0,0,0,1
KRT6B,0,0,0,0,0,1
SART3,0,0,0,0,0,1
TRIP6,0,0,0,0,0,1
SNAP23,0,0,0,0,0,1
COMMD4,0,0,0,0,0,1
USP10,0,0,0,0,0,1
PRKRA,0,0,0,0,0,1
UBE2G1,0,0,0,0,0,1
CLNS1A,0,0,0,0,0,1
MSMO1,0,0,0,0,0,1
PLPP1,0,0,0,0,0,1
RXRB,0,0,0,0,0,1
TAX1BP3,0,0,0,0,0,1
NT5C2,0,0,0,0,0,1
COL6A2,0,0,0,0,0,1
DNAJA2,0,0,0,0,0,1
CYTH2,0,0,0,0,0,1
NDRG4,0,0,0,0,0,1
AKR1C3,0,0,0,0,0,1
PRPF4,0,0,0,0,0,1
CYB561,0,0,0,0,0,1
AATF,0,0,0,0,0,1
MAN2B1,0,0,0,0,0,1
GPM6B,0,0,0,0,0,1
ITPA,0,0,0,0,0,1
AGR2,0,0,0,0,0,1
QRICH1,0,0,0,0,0,1
SEC23IP,0,0,0,0,0,1
NDUFAF3,0,0,0,0,0,1
DHX38,0,0,0,0,0,1
MBOAT7,0,0,0,0,0,1
RABGGTB,0,0,0,0,0,1
DEPP1,0,0,0,0,0,1
IRS2,0,1,0,0,0,1
FOS,1,0,0,0,0,1
DIAPH1,0,0,0,0,0,1
TUBB6,0,0,0,0,0,1
PIM1,1,0,0,0,0,1
CETN2,0,0,0,0,0,1
ADCY6,0,0,0,0,0,1
WDR46,0,0,0,0,0,1
SYT11,0,0,0,0,0,1
EXTL3,0,0,0,0,0,1
LMO4,0,0,0,0,0,1
MPDU1,0,0,0,0,0,1
FERMT2,0,0,0,0,0,1
KLF5,0,0,0,0,0,1
CBR1,0,0,0,0,0,1
EWSR1,0,0,0,0,0,1
SLC75A1,0,0,0,0,0,1
WDR45,0,1,0,0,0,1
SQLE,0,0,0,0,0,1
NELFE,0,0,0,0,0,1
GPC3,0,0,0,0,0,1
OSBPL2,0,0,0,0,0,1
NDUFA2,0,0,0,0,0,1
TUSC3,0,0,0,0,0,1
PPP6R1,0,0,0,0,0,1
NUPR1,0,0,0,0,0,1
DCTN5,0,0,0,0,0,1
KIF1B,1,0,0,0,0,1
SLC23A2,0,0,0,0,0,1
STX3,0,0,0,0,0,1
NFKB1,1,0,0,0,0,1
PEG3,1,0,0,0,0,1
KIF1C,0,0,0,0,0,1
GHITM,1,0,0,0,0,1
DEGS1,0,0,0,0,0,1
HARS2,0,0,0,0,0,1
SORBS3,0,0,0,0,0,1
SMC3,0,0,0,0,0,1
SFN,1,0,0,0,0,1
NR2F6,0,0,0,0,0,1
TSPAN4,0,0,0,0,0,1
SLC39A8,0,0,1,0,0,1
VPS45,0,0,0,0,0,1
LAMB3,0,0,0,0,0,1
BPTF,0,0,0,0,0,1
NAB1,0,0,0,0,0,1
ISCA1,0,0,0,0,0,1
CLN3,0,0,0,0,0,1
TFPI2,0,0,0,0,0,1
PRKD2,0,0,0,0,0,1
CRYAB,0,0,0,0,0,1
TASOR,0,0,0,0,0,1
CDC42EP3,0,0,0,0,0,1
ID4,0,0,0,0,0,1
TNFRSF10B,1,0,0,1,0,1
ITSN1,0,0,0,0,0,1
NECAP1,0,0,0,0,0,1
CA2,0,0,0,0,0,1
POLR2H,0,0,0,0,0,1
NDUFS4,0,0,0,0,0,1
GADD45B,1,0,0,0,0,1
SWAP70,0,0,0,0,0,1
BNIP2,1,0,0,0,0,1
AZGP1,0,0,0,0,0,1
CASP4,1,0,0,0,1,1
BCL2L2,1,0,0,0,0,1
GPN1,0,0,0,0,0,1
HBS1L,0,0,0,0,0,1
ADCY3,0,0,0,0,0,1
THAP12,0,0,0,0,0,1
RGS16,0,0,0,0,0,1
SLC35A2,0,0,0,0,0,1
HIGD2A,0,0,0,0,0,1
MAX,0,0,0,0,0,1
ULK1,0,1,0,0,0,1
DCN,0,0,0,0,0,1
PWP2,0,0,0,0,0,1
PSIP1,0,0,0,0,0,1
SIAH2,1,0,0,0,0,1
UAP1,0,0,0,0,0,1
IKBKB,1,0,0,0,0,1
EFHD1,0,0,0,0,0,1
TPM4,0,0,0,0,0,1
MAF,0,0,0,0,0,1
RAD50,0,0,0,0,0,1
KRT14,0,0,0,0,0,1
SIN3B,0,0,0,0,0,1
TNFRSF14,0,0,0,0,0,1
PLPP3,0,0,0,0,0,1
TAF11,0,0,0,0,0,1
RUNX1,0,0,0,0,0,1
PCBP4,0,0,0,0,0,1
MED21,0,0,0,0,0,1
BAD,1,1,0,0,0,1
ECM1,0,0,0,0,0,1
CYB5A,0,0,0,0,0,1
STXBP2,0,0,0,0,0,1
EPHX2,0,0,0,0,0,1
ANXA3,0,0,0,0,0,1
MALL,0,0,0,0,0,1
XPC,0,0,0,0,0,1
HMGN3,0,0,0,0,0,1
CCSER2,0,0,0,0,0,1
ABCC5,0,0,0,0,0,1
POLR3C,0,0,0,0,0,1
DDIT3,1,0,0,0,0,1
PLPBP,0,0,0,0,0,1
TSC1,0,1,0,0,0,1
DPM2,0,0,0,0,0,1
ASMTL,0,0,0,0,0,1
CHI3L1,1,0,0,0,0,1
H1-2,1,0,0,0,0,1
SLC12A4,0,0,0,0,0,1
BAG2,0,0,0,0,0,1
DEAF1,0,0,0,0,0,1
KIF2C,0,0,0,0,0,1
GRB10,0,0,0,0,0,1
GGA3,0,0,0,0,0,1
TRAPPC10,0,0,0,0,0,1
B4GALT2,0,0,0,0,0,1
IFI35,0,0,0,0,0,1
THOC5,0,0,0,0,0,1
SMPD1,0,0,0,1,0,1
MSH2,0,0,0,0,0,1
PHF20,0,0,0,0,0,1
AMACR,0,0,0,0,0,1
ZFPL1,0,0,0,0,0,1
BTAF1,0,0,0,0,0,1
PATZ1,0,0,0,0,0,1
CREB3,0,0,0,0,0,1
PPAT,0,0,0,0,0,1
ARHGEF2,0,0,0,0,0,1
SPON1,0,0,0,0,0,1
PHKA2,0,0,0,0,0,1
PRPS1,0,0,0,0,0,1
RHOBTB2,0,0,0,0,0,1
ANK3,0,0,0,0,0,1
SERPINA5,0,0,0,0,0,1
RAP1GDS1,0,0,0,0,0,1
COA1,0,0,0,0,0,1
SYNE1,0,0,0,0,0,1
HTATIP2,1,0,0,0,0,1
LSM2,0,0,0,0,0,1
OSGEP,0,0,0,0,0,1
VTI1B,0,0,0,0,0,1
SLC9A1,0,0,0,0,0,1
TEAD3,0,0,0,0,0,1
FBXW11,0,0,0,0,0,1
DUSP5,0,0,0,0,0,1
ABAT,0,0,0,0,0,1
WDR18,0,0,0,0,0,1
APLP1,1,0,0,0,0,1
TAF12,0,0,0,0,0,1
AURKB,0,0,0,0,0,1
PTN,0,0,0,0,0,1
MKNK1,0,0,0,0,0,1
LRP5,0,0,0,0,0,1
GPM6A,0,0,0,0,0,1
KYAT3,0,0,0,0,0,1
ENTPD1,0,0,0,0,0,1
TMX1,0,0,0,0,0,1
EMD,0,0,0,0,0,1
CENPX,0,0,0,0,0,1
CCDC28A,0,0,0,0,0,1
SNRK,0,0,0,0,0,1
POP7,0,0,0,0,0,1
NSL1,0,0,0,0,0,1
UTP3,0,0,0,0,0,1
RBPMS,0,0,0,0,0,1
CELF1,0,0,0,0,0,1
PDZD2,0,0,0,0,0,1
CEP250,0,0,0,0,0,1
RARRES2,0,0,0,0,0,1
RBM4B,0,0,0,0,0,1
CEACAM1,0,0,0,0,0,1
CDR2,0,0,0,0,0,1
PSMC5,1,0,0,0,0,1
PLEKHB1,0,0,0,0,0,1
NR2F1,0,0,0,0,0,1
RPA3,0,0,0,0,0,1
DPAGT1,0,0,0,0,0,1
RNF139,0,0,0,0,0,1
POLR2F,0,0,0,0,0,1
HSDL2,0,0,0,0,0,1
RAB27A,0,0,0,0,0,1
SMYD5,0,0,0,0,0,1
ASH2L,0,0,0,0,0,1
SMARCD1,0,0,0,0,0,1
NCBP1,0,0,0,0,0,1
AMOT,0,0,0,0,0,1
CRAT,0,0,0,0,0,1
TAF2,0,0,0,0,0,1
HDGFL3,0,0,0,0,0,1
EXOSC2,0,0,0,0,0,1
PLPP2,0,0,0,0,0,1
CACNB3,0,0,0,0,0,1
GSTZ1,0,0,0,0,0,1
PLAA,0,0,0,0,0,1
EHD4,0,0,0,0,0,1
EXTL2,0,0,0,0,0,1
ZNF32,0,0,0,0,0,1
ARHGEF6,1,0,0,0,0,1
IGF1,0,0,0,0,0,1
CD34,0,0,0,0,0,1
RIPK2,1,0,0,0,0,1
APOL1,0,0,0,0,0,1
NDN,0,0,0,0,0,1
YIPF4,0,0,0,0,0,1
VPS8,0,0,0,0,0,1
NCDN,0,0,0,0,0,1
DLK1,0,0,0,0,0,1
THBS3,0,0,0,0,0,1
INSIG2,0,0,0,0,0,1
RRS1,0,0,0,0,0,1
RGL1,0,0,0,0,0,1
NSG1,1,0,0,0,0,1
CIRSR,0,0,0,0,0,1
EED,0,0,0,0,0,1
IL10RB,0,0,0,0,0,1
GNAI1,0,0,0,0,0,1
PCYT2,0,0,0,0,0,1
POFUT2,0,0,0,0,0,1
PLAAT3,0,0,0,0,0,1
CD200,0,0,0,0,0,1
APOBEC3C,0,0,0,0,0,1
MINPP1,0,0,0,0,0,1
PRUNE1,0,0,0,0,0,1
EPHB2,0,0,0,0,0,1
BMP7,0,0,0,0,0,1
TOR1B,0,0,0,0,0,1
GTF2F2,0,0,0,0,0,1
MXRA5,0,0,0,0,0,1
PNMA2,0,0,0,0,0,1
GATA3,0,0,0,0,0,1
TST,0,0,0,0,0,1
CYTIP,0,0,0,0,0,1
ACAT2,0,0,0,0,0,1
MRPL9,0,0,0,0,0,1
ADH1B,0,0,0,0,0,1
PAK1,1,0,0,0,0,1
CES1,0,0,0,0,0,1
CTNND2,0,0,0,0,0,1
CD74,0,0,0,0,0,1
ABCB7,0,0,0,0,0,1
PDLIM3,0,0,0,0,0,1
STK16,0,0,0,0,0,1
MCCC2,0,0,0,0,0,1
PIGH,0,0,0,0,0,1
OSBPL3,0,0,0,0,0,1
NXT2,0,0,0,0,0,1
FBXW2,0,0,0,0,0,1
GPR37,0,0,0,0,0,1
PPP2R3A,0,0,0,0,0,1
BUB1,1,0,0,0,0,1
PLD2,0,0,0,0,0,1
ALDH1B1,0,0,0,0,0,1
SOCS5,0,0,0,0,0,1
STAM2,0,0,0,0,0,1
TBC1D22A,0,0,0,0,0,1
TGFB1I1,0,0,0,0,0,1
PGF,0,0,0,0,0,1
KPNA4,0,0,0,0,0,1
ICE1,0,0,0,0,0,1
TMEM47,0,0,0,0,0,1
HSF2,0,0,0,0,0,1
CDC16,0,0,0,0,0,1
TTR,0,0,0,0,0,1
KIFC3,0,0,0,0,0,1
CETN3,0,0,0,0,0,1
ITGA7,0,0,0,0,0,1
CYB561D2,0,0,0,0,0,1
CHUK,1,0,0,0,0,1
CES2,0,0,0,0,0,1
CRY1,0,0,0,0,0,1
SMAGP,0,0,0,0,0,1
KIFC1,0,0,0,0,0,1
SLC19A2,0,0,0,0,0,1
CBLB,0,0,0,0,0,1
CYRIA,0,0,0,0,0,1
RIN2,0,0,0,0,0,1
PRKCB,1,0,0,0,0,1
S100B,0,0,0,0,0,1
CXCL12,0,0,0,0,0,1
CCDC93,0,0,0,0,0,1
EYA2,0,0,0,0,0,1
PTS,0,0,0,0,0,1
FBP1,0,0,0,0,0,1
CCHCR1,0,0,0,0,0,1
AKR1C2,0,0,0,0,0,1
FTO,0,0,0,0,0,1
NKX3-1,1,0,0,0,0,1
PIGK,0,0,0,0,0,1
MOXD1,0,0,0,0,0,1
GATA2,0,0,0,0,0,1
SLC35D1,0,0,0,0,0,1
CDKN3,0,0,0,0,0,1
CSF1,0,0,0,0,0,1
EVI5,0,0,0,0,0,1
SERPINB3,0,0,0,0,0,1
IFFO1,0,0,0,0,0,1
SERPINB9,0,0,0,0,0,1
ZBTB14,0,0,0,0,0,1
UTP20,0,0,0,0,0,1
CA11,0,0,0,0,0,1
GAS2L1,0,0,0,0,0,1
NTHL1,0,0,0,0,0,1
CLEC2B,0,0,0,0,0,1
MID2,0,0,0,0,0,1
NCKAP1L,0,0,0,0,0,1
ABCG2,0,0,0,0,0,1
MAGI2,0,0,0,0,0,1
PSG6,0,0,0,0,0,1
PNPLA4,0,0,0,0,0,1
MYL2,0,0,0,0,0,1
ITCH,1,0,0,1,0,1
COQ7,0,0,0,0,0,1
TGFB3,0,0,0,0,0,1
SPAST,0,0,0,0,0,1
ACE,0,0,0,0,0,1
NR1D2,0,0,0,0,0,1
REG1A,0,0,0,0,0,1
NMNAT2,0,0,0,0,0,1
MYCN,0,0,0,0,0,1
ECI1,0,0,0,0,0,1
TMEM131L,0,0,0,0,0,1
SP110,0,0,0,0,0,1
CHRDL1,0,0,0,0,0,1
MGAT3,0,0,0,0,0,1
ADAM19,0,0,0,0,0,1
GP1BB,0,0,0,0,0,1
BTN3A1,0,0,0,0,0,1
CXCL2,0,0,0,0,0,1
TRIP11,0,0,0,0,0,1
LLPH,0,0,0,0,0,1
PHTF2,0,0,0,0,0,1
KHDRBS3,0,0,0,0,0,1
DBP,0,0,0,0,0,1
JAG2,0,0,0,0,0,1
PLA2G4C,0,0,0,1,0,1
HMGN4,0,0,0,0,0,1
ERAP1,0,0,0,0,0,1
CORO2B,0,0,0,0,0,1
PADI2,0,0,0,0,0,1
KLK10,0,0,0,0,0,1
GRIA1,0,0,0,0,0,1
SRGAP3,0,0,0,0,0,1
CD69,0,0,0,0,0,1
CNPY2,0,0,0,0,0,1
NPAT,0,0,0,0,0,1
PRKAA1,0,1,0,0,0,1
KRT16,0,0,0,0,0,1
PHLDA2,1,0,0,0,0,1
DCLRE1A,0,0,0,0,0,1
H2BC12,0,0,0,0,0,1
NFIX,0,0,0,0,0,1
ING1,0,0,0,0,0,1
TARP,0,0,0,0,0,1
ZNF330,0,0,0,0,0,1
PTCH1,0,0,0,0,0,1
HABP4,0,0,0,0,0,1
TBL3,0,0,0,0,0,1
IL33,0,0,0,1,0,1
VLDLR,0,0,0,0,0,1
HLA-DQB1,0,0,0,0,0,1
BMAL1,0,0,0,0,0,1
UCK2,0,0,0,0,0,1
PPT2,0,0,0,0,0,1
IL16,0,0,0,0,0,1
RIPOR2,0,0,0,0,0,1
NHERF2,0,0,0,0,0,1
CDT1,0,0,0,0,0,1
CRADD,1,0,0,0,0,1
CHST3,0,0,0,0,0,1
AP4M1,0,0,0,0,0,1
DNM3,0,0,0,0,0,1
LRRN3,0,0,0,0,0,1
SOX10,0,0,0,0,0,1
HOXB13,0,0,0,0,0,1
CDH17,0,0,0,0,0,1
PMEL,0,0,0,0,0,1
CDC42EP2,0,0,0,0,0,1
PSME3,1,0,0,0,0,1
KLK2,0,0,0,0,0,1
TRIM9,0,0,0,0,0,1
ANXA7,0,0,0,0,0,1
METAP2,0,0,0,0,0,1
TP63,1,0,0,0,1,1
FRAT2,0,0,0,0,0,1
ADGRL3,0,0,0,0,0,1
ADRA2A,0,0,0,0,0,1
APBA2,0,0,0,0,0,1
PKP3,0,0,0,0,0,1
SPP1,0,0,0,0,0,1
GIT2,0,0,0,0,0,1
SNCG,0,0,0,0,0,1
SELPLG,0,0,0,0,0,1
RIT1,0,0,0,0,0,1
COLGALT2,0,0,0,0,0,1
SLC4A7,0,0,0,0,0,1
RHOD,0,0,0,0,0,1
MYL1,0,0,0,0,0,1
SEC31B,0,0,0,0,0,1
TSPAN5,0,0,0,0,0,1
SPC25,0,0,0,0,0,1
LEPR,0,0,0,0,0,1
SLIT2,0,0,0,0,0,1
PUF60,1,0,0,0,0,1
AIF1,0,0,0,0,0,1
ATR,0,0,0,0,0,1
TNNC1,0,0,0,0,0,1
C3AR1,0,0,0,0,0,1
ITSN2,0,0,0,0,0,1
H2BC5,0,0,0,0,0,1
AP5Z1,0,0,0,0,0,1
NRXN1,0,0,0,0,0,1
DHTKD1,0,0,0,0,0,1
GGTLC2,0,0,0,0,0,1
BRAP,0,0,0,0,0,1
CCL18,0,0,0,0,0,1
BORCS8,0,0,0,0,0,1
MSC,0,0,0,0,0,1
IKBKG,1,0,0,0,0,1
NFE2,0,0,0,0,0,1
CD300A,0,0,0,0,0,1
TM4SF4,0,0,0,0,0,1
CFLAR,1,1,0,1,0,1
PARP3,1,0,0,0,0,1
RIPK1,1,0,0,1,0,1
MAGEA3,0,0,0,0,0,1
FBXL4,0,0,0,0,0,1
ZNF410,0,0,0,0,0,1
GSK3B,0,0,0,0,0,1
VEGFC,0,0,0,0,0,1
KCNMB1,0,0,0,0,0,1
NCF2,0,0,0,0,0,1
VILL,0,0,0,0,0,1
CDC37,0,0,0,1,0,1
FAP,1,0,0,0,0,1
NPPA,0,0,0,0,0,1
HGF,0,0,0,0,0,1
RAD51D,0,0,0,0,0,1
ESRRG,0,0,0,0,0,1
NFKBIL1,0,0,0,0,0,1
CYP2E1,0,0,0,0,0,1
PLG,0,0,0,0,0,1
SHMT1,0,0,0,0,0,1
CSDC2,0,0,0,0,0,1
NRXN2,0,0,0,0,0,1
KDM4C,0,0,0,0,0,1
ASCL1,0,0,0,0,0,1
ZNF268,0,0,0,0,0,1
GABBR2,0,0,0,0,0,1
PFKFB2,0,0,0,0,0,1
ABCB1,0,0,0,0,0,1
SOCS1,0,0,0,0,0,1
GATA6,0,0,0,0,0,1
OLR1,0,0,0,0,0,1
ABHD14A,0,0,0,0,0,1
GPD2,0,0,0,0,0,1
SLC25A1,0,0,0,0,0,1
IDH3B,0,0,0,0,0,1
MAP2,0,0,0,0,0,1
MYT1L,0,0,0,0,0,1
CALML3,0,0,0,0,0,1
CCNO,0,0,0,0,0,1
PCGF1,0,0,0,0,0,1
UBE2E3,0,0,0,0,0,1
CARD10,0,0,0,0,0,1
APEX1,0,0,0,0,0,1
ORC3,0,0,0,0,0,1
IDO1,0,0,0,0,0,1
CD247,0,0,0,0,0,1
SPAG6,0,0,0,0,0,1
NOS2,0,0,0,0,0,1
PRKCQ,1,1,0,0,0,1
SLC12A5,0,0,0,0,0,1
CTSZ,1,0,0,0,0,1
FRMD8,0,0,0,0,0,1
LYL1,0,0,0,0,0,1
IDH2,0,0,0,0,0,1
NAPG,0,0,0,0,0,1
SERPINC1,0,0,0,0,0,1
RAPGEF3,0,0,0,0,0,1
TPX2,1,0,0,0,0,1
TAF5,0,0,0,0,0,1
HAUS3,0,0,0,0,0,1
TSHR,0,0,0,0,0,1
RND1,0,0,0,0,0,1
SMG1,0,0,0,0,0,1
MAPK13,0,0,0,0,0,1
PDE6G,0,0,0,0,0,1
SARDH,0,0,0,0,0,1
UPK1B,0,0,0,0,0,1
AQP4,0,0,0,0,0,1
CCL19,0,0,0,0,0,1
ST8SIA1,0,0,0,0,0,1
CTSV,1,0,0,0,0,1
MARCHF2,0,0,0,0,0,1
KCNAB1,0,0,0,0,0,1
ABCA4,0,0,0,0,0,1
SEMA7A,0,0,0,0,0,1
HR,0,0,0,0,0,1
ARC,0,0,0,0,0,1
DTNA,0,0,0,0,0,1
MAGOH,0,0,0,0,0,1
PARD3,0,0,0,0,0,1
CYP4B1,0,0,0,0,0,1
SH3GLB1,1,1,0,0,0,1
FOXA2,0,0,0,0,0,1
MED6,0,0,0,0,0,1
FYN,0,0,0,0,0,1
RDH5,0,0,0,0,0,1
CLCA1,0,0,0,0,0,1
CACNA1D,0,0,0,0,0,1
KLHDC10,0,0,0,0,0,1
NLRP1,1,0,0,0,0,1
INVS,0,0,0,0,0,1
RPL39L,0,0,0,0,0,1
SPAG1,0,0,0,0,0,1
IL1A,1,0,0,1,1,1
KCNJ15,0,0,0,0,0,1
PRM2,0,0,0,0,0,1
SEMA4F,0,0,0,0,0,1
BANF1,0,0,0,0,0,1
PSG9,0,0,0,0,0,1
TTLL3,0,0,0,0,0,1
TM7SF2,0,0,0,0,0,1
EFNA3,0,0,0,0,0,1
CCL11,0,0,0,0,0,1
SHOX2,0,0,0,0,0,1
MBP,0,0,0,0,0,1
RGS20,0,0,0,0,0,1
PMP22,1,0,0,0,0,1
CST7,0,0,0,0,0,1
INHA,0,0,0,0,0,1
FLOT1,0,0,0,1,0,1
ANXA10,0,0,0,0,0,1
PLA2G4A,0,0,0,1,0,1
ART3,0,0,0,0,0,1
HIPK3,1,0,0,0,0,1
ATP5PD,0,0,0,0,0,1
LAMA5,0,0,0,0,0,1
DYRK3,0,0,0,0,0,1
LILRB4,0,0,0,0,0,1
ME2,0,0,0,0,0,1
MYOC,0,0,0,0,0,1
ERCC4,0,0,0,0,0,1
TRIM31,0,0,0,0,0,1
PAFAH1B2,0,0,0,0,0,1
GZMB,1,0,0,0,1,1
DNASE1,1,0,0,0,0,1
TLR5,0,0,0,0,0,1
TEF,0,0,0,0,0,1
C6,0,0,0,0,0,1
SEC14L5,0,0,0,0,0,1
PTPRJ,0,0,0,0,0,1
NR5A2,0,0,0,0,0,1
TLR1,0,0,0,0,0,1
SRSF10,0,0,0,0,0,1
CORT,0,0,0,0,0,1
ITGAX,0,0,0,0,0,1
CACNB1,0,0,0,0,0,1
GABPA,0,0,0,0,0,1
HSPA1L,0,0,0,0,0,1
STX11,0,0,0,0,0,1
MOBP,0,0,0,0,0,1
PSG1,0,0,0,0,0,1
PLP1,0,0,0,0,0,1
CRYAA,0,0,0,0,0,1
BIN1,0,0,0,0,0,1
B3GALT4,0,0,0,0,0,1
BAG6,1,0,0,0,0,1
EIF6,0,0,0,0,0,1
BMPR2,0,0,0,0,0,1
TFR2,0,0,0,0,0,1
RAD1,0,0,0,0,0,1
FZD2,0,0,0,0,0,1
CHRNA3,0,0,0,0,0,1
MR1,0,0,0,0,0,1
DLGAP2,0,0,0,0,0,1
CSF2,0,0,0,0,0,1
GRM4,0,0,0,0,0,1
ARTN,0,0,0,0,0,1
IRX5,0,0,0,0,0,1
CDKN2D,0,1,0,0,0,1
ST20,0,0,0,0,0,1
B4GALT3,0,0,0,0,0,1
CAMP,0,0,0,0,0,1
ABCC8,0,0,0,0,0,1
WNT7A,1,0,0,0,0,1
ADSL,0,0,0,0,0,1
MADD,1,0,0,0,0,1
MS4A3,0,0,0,0,0,1
RAD51B,0,0,0,0,0,1
RGS13,0,0,0,0,0,1
TNFAIP8,1,0,0,0,0,1
KCNK2,0,0,0,0,0,1
CRISP2,0,0,0,0,0,1
KCNF1,0,0,0,0,0,1
GPR35,0,0,0,0,0,1
POU5F1P3,0,0,0,0,0,1
AKAP17A,0,0,0,0,0,1
NEUROD2,0,0,0,0,0,1
CYP2B7P,0,0,0,0,0,1
PCDH7,0,0,0,0,0,1
MAGEA8,0,0,0,0,0,1
ZFAND5,0,0,0,0,0,1
AP4S1,0,0,0,0,0,1
GPR18,0,0,0,0,0,1
MPZ,0,0,0,0,0,1
KLRG1,0,0,0,0,0,1
SEC23B,0,0,0,0,0,1
MAGEA10,0,0,0,0,0,1
PEX2,0,0,0,0,0,1
FHL1,0,0,0,0,0,1
REM1,0,0,0,0,0,1
XDH,0,0,0,0,0,1
MAB21L2,0,0,0,0,0,1
PDE6B,0,0,0,0,0,1
L3MBTL1,0,0,0,0,0,1
KLHL25,0,0,0,0,0,1
FGF5,0,0,0,0,0,1
IFT20,0,0,0,0,0,1
LILRA4,0,0,0,0,0,1
TNFSF13,0,0,0,0,0,1
FLT4,0,0,0,0,0,1
RBP3,0,0,0,0,0,1
DDX52,0,0,0,0,0,1
GZMH,1,0,0,0,0,1
UTY,0,0,0,0,0,1
TEKT2,0,0,0,0,0,1
C8G,0,0,0,0,0,1
CD1A,0,0,0,0,0,1
AGXT,0,0,0,0,0,1
GNMT,0,0,0,0,0,1
HECW1,0,0,0,0,0,1
NR5A1,0,0,0,0,0,1
RASSF9,0,0,0,0,0,1
MZF1,0,0,0,0,0,1
ACLY,0,0,0,0,0,1
MYT1,0,0,0,0,0,1
TPO,0,0,0,0,0,1
OSBPL7,0,0,0,0,0,1
DNAH9,0,0,0,0,0,1
CLK4,0,0,0,0,0,1
BCL11A,0,0,0,0,0,1
CAMK4,0,0,0,0,0,1
IFNG,1,0,0,1,0,1
SMOX,0,0,0,0,0,1
ELF2,0,0,0,0,0,1
PML,1,0,0,0,0,1
SCN2B,0,0,0,0,0,1
SLCO1B1,0,0,0,0,0,1
PTGES,0,0,0,0,0,1
TPD52L1,0,0,0,0,0,1
ACSM3,0,0,0,0,0,1
SSNA1,0,0,0,0,0,1
CACNA1G,0,0,0,0,0,1
CCKBR,0,0,0,0,0,1
SCTR,0,0,0,0,0,1
SCN1A,0,0,0,0,0,1
TUBD1,0,0,0,0,0,1
MYL4,0,0,0,0,0,1
DEFB1,0,0,0,0,0,1
FUT6,0,0,0,0,0,1
GRIN2C,0,0,0,0,0,1
P2RX1,1,0,0,0,0,1
KCNJ1,0,0,0,0,0,1
CAMK2B,0,0,0,1,0,1
CPNE6,0,0,0,0,0,1
AFDN-DT,0,0,0,0,0,1
GRIN2B,0,0,0,0,0,1
FLRT1,0,0,0,0,0,1
ODF2,0,0,0,0,0,1
CHEK2,1,0,0,0,0,1
BARX2,0,0,0,0,0,1
SLC11A1,0,0,0,0,0,1
HGS,0,0,0,0,0,1
RHD,0,0,0,0,0,1
ALPG,0,0,0,0,0,1
SCN3A,0,0,0,0,0,1
JTB,1,0,0,0,0,1
ICOS,0,0,0,0,0,1
OGFR,0,0,0,0,0,1
NPY6R,0,0,0,0,0,1
FABP6,0,0,0,0,0,1
GATA1,0,0,0,0,0,1
P2RX5,0,0,0,0,0,1
CYP4F2,0,0,0,0,0,1
ATP5MG,0,0,0,0,0,1
KCNJ6,0,0,0,0,0,1
R3HCC1L,0,0,0,0,0,1
TANK,0,1,0,0,0,1
LINC00588,0,0,0,0,0,1
SNAPC3,0,0,0,0,0,1
MAGEA12,0,0,0,0,0,1
ADGRA3,0,0,0,0,0,1
PRLR,0,0,0,0,0,1
MAPK8,1,1,0,1,0,1
RORA,0,0,0,0,0,1
CLEC4M,0,0,0,0,0,1
DNTT,0,0,0,0,0,1
MAGEA11,0,0,0,0,0,1
KLF1,0,0,0,0,0,1
ADH7,0,0,0,0,0,1
FUT7,0,0,0,0,0,1
KCNQ2,0,0,0,0,0,1
INHBA,0,0,0,0,0,1
VEGFA,1,0,0,0,0,1
HNF1A,0,0,0,0,0,1
AKAP12,0,0,0,0,0,1
FETUB,0,0,0,0,0,1
BMPR1B,0,0,0,0,0,1
MSH4,0,0,0,0,0,1
B9D1,0,0,0,0,0,1
SPAM1,0,0,0,0,0,1
TADA2A,0,0,0,0,0,1
BIRC3,1,0,0,1,0,1
B4GALT4,0,0,0,0,0,1
ICA1,0,0,0,0,0,1
CCL23,0,0,0,0,0,1
RASGRF1,0,0,0,0,0,1
CTBP2,0,0,0,0,0,1
AKR1C4,0,0,0,0,0,1
GBX2,0,0,0,0,0,1
GCGR,0,0,0,0,0,1
SIGLEC9,0,0,0,0,0,1
PCDHA2,0,0,0,0,0,1
NUDC,0,0,0,0,0,1
CASR,0,0,0,0,0,1
TRIM10,0,0,0,0,0,1
INHBE,0,0,0,0,0,1
GBA1LP,0,0,0,0,0,1
NAA11,0,0,0,0,0,1
GNAT2,0,0,0,0,0,1
MFGE8,0,0,0,0,0,1
KLRD1,0,0,0,0,0,1
FLT3LG,0,0,0,0,0,1
FUT2,0,0,0,0,0,1
TP53I3,0,0,0,0,0,1
SYNJ2,0,0,0,0,0,1
TTPA,0,0,0,0,0,1
PHEX,0,0,0,0,0,1
HYAL1,0,0,0,0,0,1
HACL2,0,0,0,0,0,1
MOGS,0,0,0,0,0,1
SGCA,0,0,0,0,0,1
FBXO9,0,0,0,0,0,1
ATG5,1,1,1,0,0,1
GPER1,1,0,0,0,0,1
CCIN,0,0,0,0,0,1
TNFSF11,0,0,0,0,0,1
LAIR1,0,0,0,0,0,1
TTC3,0,0,0,0,0,1
PLA2G6,0,0,0,0,0,1
ARID1A,0,0,0,0,0,1
TTC39A,0,0,0,0,0,1
TNFRSF10D,1,0,0,0,0,1
SEPTIN4,1,0,0,0,0,1
LILRA1,0,0,0,0,0,1
GLRA3,0,0,0,0,0,1
PPY,0,0,0,0,0,1
PTPRR,0,0,0,0,0,1
SOAT2,0,0,0,0,0,1
USP15,0,0,0,0,0,1
LPO,0,0,0,0,0,1
NRTN,0,0,0,0,0,1
CLDN14,0,0,0,0,0,1
CACYBP,0,0,0,0,0,1
ZNF257,0,0,0,0,0,1
TRIM5,0,0,0,0,0,1
RNF24,0,0,0,0,0,1
LDHAL6B,0,0,0,0,0,1
SPINT2,0,0,0,0,0,1
CLIP1,0,0,0,0,0,1
HMG20B,0,0,0,0,0,1
NECAB3,0,0,0,0,0,1
ADGRE3,0,0,0,0,0,1
NPY2R,0,0,0,0,0,1
TUB,0,0,0,0,0,1
ITPK1,0,0,0,0,0,1
CDC14A,0,0,0,0,0,1
IL5RA,0,0,0,0,0,1
ONECUT1,0,0,0,0,0,1
EPB42,0,0,0,0,0,1
RGN,0,0,0,0,0,1
LYN,0,0,0,0,0,1
PSMA1,1,0,0,0,0,1
GRB7,0,0,0,0,0,1
DLC1,1,0,0,0,0,1
FPR2,0,0,0,0,0,1
NCOA4,0,0,1,0,0,1
ESR2,0,0,0,0,0,1
GRIN1,0,0,0,0,0,1
THEMIS2,0,0,0,0,0,1
FLI1,0,0,0,0,0,1
DHRS7,0,0,0,0,0,1
SIVA1,1,0,0,0,0,1
OASL,0,0,0,0,0,1
HTR1B,0,0,0,0,0,1
SLC16A7,0,0,0,0,0,1
POSTN,0,0,0,0,0,1
SLC6A5,0,0,0,0,0,1
CALCRL,0,0,0,0,0,1
CALCOCO2,0,1,0,0,0,1
CENPA,0,0,0,0,0,1
RPL13P5,0,0,0,0,0,1
PTPRS,0,0,0,0,0,1
ELF3,0,0,0,0,0,1
ACVRL1,0,0,0,0,0,1
ENPP2,0,0,0,0,0,1
PLAUR,0,0,0,0,0,1
VPS41,0,1,0,0,0,1
AASS,0,0,0,0,0,1
CCN6,0,0,0,0,0,1
FASLG,1,0,0,1,0,1
APOBEC3A,0,0,0,0,0,1
NAA80,0,0,0,0,0,1
KDM3B,0,0,0,0,0,1
RAB11FIP5,0,0,0,0,0,1
EFS,0,0,0,0,0,1
TRIM15,0,0,0,0,0,1
TP53TG1,0,0,0,0,0,1
ITIH1,0,0,0,0,0,1
FCGR2B,0,0,0,0,0,1
KIR2DL1,0,0,0,0,0,1
GTF2I,0,0,0,0,0,1
CD86,0,0,0,0,0,1
ASPH,0,0,0,0,0,1
POU5F1P4,0,0,0,0,0,1
PDCD10,1,0,0,0,0,1
LPAL2,0,0,0,0,0,1
POMZP3,0,0,0,0,0,1
GSTM4,0,0,0,0,0,1
CDH20,0,0,0,0,0,1
POTEKP,0,0,0,0,0,1
AHSG,0,0,0,0,0,1
BLK,0,0,0,0,0,1
PDX1,0,0,0,0,0,1
CAPN3,1,0,0,0,0,1
MSH3,0,0,0,0,0,1
ADRA1D,0,0,0,0,0,1
AKAP9,0,0,0,0,0,1
GYG2,0,0,0,0,0,1
RTN4,1,0,0,0,0,1
IBTK,0,0,0,0,0,1
PFKM,0,0,0,0,0,1
HSF4,0,0,0,0,0,1
TAGLN2,0,0,0,0,0,1
GRK6,0,0,0,0,0,1
TPM1,0,0,0,0,0,1
SMAD1,0,0,0,0,0,1
TRIM23,0,0,0,0,0,1
YWHAE,1,0,0,0,0,1
KCNB1,0,0,0,0,0,1
ZNF271P,0,0,0,0,0,1
NCR3,0,0,0,0,0,1
COL19A1,0,0,0,0,0,1
HSPA4,0,0,0,0,0,1
GCNT2,0,0,0,0,0,1
NKX2-1,0,0,0,0,0,1
MGLL,0,0,0,0,0,1
KHK,0,0,0,0,0,1
FGF18,0,0,0,0,0,1
CLIP2,0,0,0,0,0,1
PEX7,0,0,0,0,0,1
HECTD4,0,0,0,0,0,1
CROCCP2,0,0,0,0,0,1
AP2S1,0,0,0,0,0,1
PDIA4,0,0,0,0,0,1
TLX2,0,0,0,0,0,1
TBCD,0,0,0,0,0,1
ZNF493,0,0,0,0,0,1
DBI,0,0,0,0,0,1
MLLT11,0,0,0,0,0,1
NEK1,0,0,0,0,0,1
PDE6C,0,0,0,0,0,1
NFATC1,0,0,0,0,0,1
AURKC,0,0,0,0,0,1
AR,0,0,0,0,0,1
GEMIN2,0,0,0,0,0,1
SLC9A2,0,0,0,0,0,1
DOK1,0,0,0,0,0,1
CXCL11,0,0,0,0,0,1
SLC5A5,0,0,0,0,0,1
LILRB3,0,0,0,0,0,1
KMO,0,0,0,0,0,1
IFNA21,0,0,0,1,0,1
P2RX6,0,0,0,0,0,1
DLAT,0,0,0,0,0,1
THPO,0,0,0,0,0,1
COL3A1,0,0,0,0,0,1
FAM153A,0,0,0,0,0,1
GCK,0,0,0,0,0,1
UPF1,0,0,0,0,0,1
CCKAR,0,0,0,0,0,1
GPR45,0,0,0,0,0,1
TXNRD2,0,0,0,0,0,1
PSTPIP1,0,0,0,0,0,1
DRC8,0,0,0,0,0,1
FSHR,0,0,0,0,0,1
CNTN1,0,0,0,0,0,1
ACSL6,0,0,1,0,0,1
SH2D1A,0,0,0,0,0,1
LHX2,0,0,0,0,0,1
PROP1,1,0,0,0,0,1
ABCB11,0,0,0,0,0,1
GALR2,0,0,0,0,0,1
ADAM7,0,0,0,0,0,1
KIR2DL4,0,0,0,0,0,1
CHRD,0,0,0,0,0,1
GPR68,0,0,0,0,0,1
SH3BP2,0,0,0,0,0,1
PTCRA,0,0,0,0,0,1
PYY,0,0,0,0,0,1
ZNF638,0,0,0,0,0,1
HESX1,0,0,0,0,0,1
TBX1,0,0,0,0,0,1
GYG1,0,0,0,0,0,1
TCEAL2,0,0,0,0,0,1
CDK7,0,0,0,0,0,1
ALB,0,0,0,0,0,1
PDE4B,0,0,0,0,0,1
FOLH1B,0,0,0,0,0,1
FCAR,0,0,0,0,0,1
RAE1,0,0,0,0,0,1
PTPRU,0,0,0,0,0,1
ITPR1,1,1,0,0,0,1
TUBGCP4,0,0,0,0,0,1
IFNA2,1,0,0,1,0,1
ITK,0,0,0,0,0,1
MCAM,0,0,0,0,0,1
POU4F1,0,0,0,0,0,1
LRIT1,0,0,0,0,0,1
ALDOB,0,0,0,0,0,1
CASP1,1,0,0,1,1,1
IL1R2,0,0,0,0,0,1
PPIA,1,0,0,1,0,1
TACC2,0,0,0,0,0,1
WDR37,0,0,0,0,0,1
SULT1A2,0,0,0,0,0,1
FCGR2C,0,0,0,0,0,1
IFNA17,0,0,0,1,0,1
IER3IP1,0,0,0,0,0,1
GGTLC1,0,0,0,0,0,1
RET,0,0,0,0,0,1
SC5D,0,0,0,0,0,1
SERPINA1,0,0,0,0,0,1
TYRO3,0,0,0,0,0,1
CCRL2,0,0,0,0,0,1
TRHR,0,0,0,0,0,1
CYP3A43,0,0,0,0,0,1
NACA4P,0,0,0,0,0,1
RGSL1,0,0,0,0,0,1
MT1HL1,0,0,0,0,0,1
TBL1Y,0,0,0,0,0,1
ZIC4,0,0,0,0,0,1
CASP6,1,0,0,0,0,1
CXCR6,0,0,0,0,0,1
SULT1C2,0,0,0,0,0,1
RAB36,0,0,0,0,0,1
SERPINB6,0,0,0,0,0,1
BAG1,1,0,0,0,0,1
HTR2C,0,0,0,0,0,1
SLCO1A2,0,0,0,0,0,1
DSCAM,0,0,0,0,0,1
ITGB8,0,0,0,0,0,1
ADRA1A,1,0,0,0,0,1
PDC,0,0,0,0,0,1
MAPK11,0,0,0,0,0,1
RAB14,0,0,0,0,0,1
BMP4,0,0,0,0,0,1
GNRHR,0,0,0,0,0,1
RTEL1,0,0,0,0,0,1
HLA-G,0,0,0,0,0,1
FGFR1,0,0,0,0,0,1
HSPA2,0,0,0,0,0,1
GHRHR,0,0,0,0,0,1
APAF1,1,0,0,0,0,1
GUCY1B1,0,0,0,0,0,1
ALAS2,0,0,0,0,0,1
MAPK14,1,0,0,0,0,1
URI1,0,0,0,0,0,1
PDLIM4,0,0,0,0,0,1
RAPSN,0,0,0,0,0,1
SLC19A1,0,0,0,0,0,1
RPS6KB1,1,1,0,0,0,1
CACNA1C,0,0,0,0,0,1
MRPS11,0,0,0,0,0,1
LRIG1,0,0,0,0,0,1
HOPX,0,0,0,0,0,1
ETV4,0,0,0,0,0,1
HAP1,0,0,0,0,0,1
LRPPRC,0,0,0,0,0,1
ALPI,0,0,0,0,0,1
FBL,0,0,0,0,0,1
DRD3,0,0,0,0,0,1
GPR135,0,0,0,0,0,1
PTAFR,0,0,0,0,0,1
VDAC2,0,0,1,1,0,1
PTGDS,0,0,0,0,0,1
RPL3,0,0,0,0,0,1
PLAU,0,0,0,0,0,1
SSX3,0,0,0,0,0,1
MDFIC,0,0,0,0,0,1
IFNGR1,0,0,0,1,0,1
UGT2B28,0,0,0,0,0,1
DYNC1I2,0,0,0,0,0,1
NCALD,0,0,0,0,0,1
MAK16,0,0,0,0,0,1
KIR3DL1,0,0,0,0,0,1
TMPRSS2,0,0,0,0,0,1
BBC3,1,0,0,0,0,1
TSSK1B,0,0,0,0,0,1
TRO,0,0,0,0,0,1
USP32,0,0,0,0,0,1
TM2D1,1,0,0,0,0,1
IQCB1,0,0,0,0,0,1
CLEC11A,0,0,0,0,0,1
PTEN,1,1,0,0,0,1
ANXA9,0,0,0,0,0,1
BDH1,0,0,0,0,0,1
ANKRD40,0,0,0,0,0,1
ZNF551,0,0,0,0,0,1
MIOS,0,0,0,0,0,1
BID,1,0,0,1,0,1
FMO2,0,0,0,0,0,1
HYAL3,0,0,0,0,0,1
BLVRA,0,0,0,0,0,1
POLR2L,0,0,0,0,0,1
FCER1A,0,0,0,0,0,1
CELA3A,0,0,0,0,0,1
PRG2,0,0,0,0,0,1
LSM5,0,0,0,0,0,1
TUBA1C,1,0,0,0,0,1
NDUFS7,0,0,0,0,0,1
RLN1,0,0,0,0,0,1
SLC25A17,0,0,0,0,0,1
ATP5PB,0,0,0,0,0,1
PTHLH,0,0,0,0,0,1
TXNDC9,0,0,0,0,0,1
KPNA2,0,0,0,0,0,1
UBE2D1,0,0,0,0,0,1
PNLIPRP2,0,0,0,0,0,1
GINS4,0,0,0,0,0,1
POU2F2,0,0,0,0,0,1
ZKSCAN3,0,0,0,0,0,1
MMACHC,0,0,0,0,0,1
OVOL2,0,0,0,0,0,1
DCTN1,0,0,0,0,0,1
MTA1,0,0,0,0,0,1
EIF4A1,0,0,0,0,0,1
TREX2,0,0,0,0,0,1
ABI2,0,0,0,0,0,1
FYB1,0,0,0,0,0,1
HLA-C,0,0,0,0,0,1
USP4,0,0,0,0,0,1
PCDHGB5,0,0,0,0,0,1
COL13A1,0,0,0,0,0,1
PCDHA6,0,0,0,0,0,1
B3GALNT1,0,0,0,0,0,1
TNIK,0,0,0,0,0,1
PCDHA5,0,0,0,0,0,1
CYP3A7,0,0,0,0,0,1
NECTIN1,0,0,0,0,0,1
CD28,0,0,0,0,0,1
FZR1,0,0,0,0,0,1
PCDHA10,0,0,0,0,0,1
PCDHA3,0,0,0,0,0,1
PCDHGA9,0,0,0,0,0,1
PCDHGA10,0,0,0,0,0,1
PCDHGA1,0,0,0,0,0,1
SEZ6L,0,0,0,0,0,1
EPHB1,0,0,0,0,0,1
SERPINB4,0,0,0,0,0,1
MYO1A,0,0,0,0,0,1
CXCR4,1,0,0,0,0,1
ZNF471,0,0,0,0,0,1
MYH9,0,0,0,0,0,1
DYNC1H1,0,0,0,0,0,1
HNRNPA3,0,0,0,0,0,1
GANAB,0,0,0,0,0,1
ARL6IP1,1,0,0,0,0,1
HSPA5,0,0,0,0,0,1
EIF4B,0,0,0,0,0,1
ITGB1,0,0,0,0,0,1
PRRC2C,0,0,0,0,0,1
UBR4,0,0,0,0,0,1
IPO5,0,0,0,0,0,1
IGFBP5,0,0,0,0,0,1
RAB7A,0,1,0,0,0,1
ZFP36L1,1,0,0,0,0,1
ARPC5,0,0,0,0,0,1
COL4A2,0,0,0,0,0,1
TMEM123,0,0,0,0,0,1
HSP90AA1,0,0,0,1,0,1
RPLP0,0,0,0,0,0,1
RBPJ,0,0,0,0,0,1
ARFGAP2,0,0,0,0,0,1
GPR107,0,0,0,0,0,1
COL4A1,0,0,0,0,0,1
XPO6,0,0,0,0,0,1
AHNAK,0,0,0,0,0,1
TOP2B,0,0,0,0,0,1
SMARCE1,0,0,0,0,0,1
HLA-DPA1,0,0,0,0,0,1
WNK1,0,0,0,0,0,1
H3-3B,0,0,0,0,0,1
SZRD1,0,0,0,0,0,1
UBXN4,0,0,0,0,0,1
CDV3,0,0,0,0,0,1
PXDN,0,0,0,0,0,1
FAM168B,0,0,0,0,0,1
RSL1D1,0,0,0,0,0,1
MKI67,0,0,0,0,0,1
FLII,0,0,0,0,0,1
RBM25,0,0,0,0,0,1
PTOV1,0,0,0,0,0,1
EXOC7,0,0,0,0,0,1
PNN,0,0,0,0,0,1
ATP6V0D1,0,0,0,0,0,1
TGOLN2,0,0,0,0,0,1
MAPK3,1,1,0,0,0,1
RNF167,0,0,0,0,0,1
YARS1,1,0,0,0,0,1
WIPF2,0,0,0,0,0,1
PDXDC1,0,0,0,0,0,1
TBC1D9B,0,0,0,0,0,1
GSE1,0,0,0,0,0,1
U2SURP,0,0,0,0,0,1
TRPC4AP,0,0,0,0,0,1
ATP9A,0,0,0,0,0,1
MAZ,0,0,0,0,0,1
USP34,0,0,0,0,0,1
C1R,0,0,0,0,0,1
PRRC2B,0,0,0,0,0,1
ADGRG1,0,0,0,0,0,1
CSNK2A1,1,0,0,0,0,1
SUN1,0,0,0,0,0,1
KMT2A,1,0,0,0,0,1
PRRC2A,0,0,0,0,0,1
MYL6,0,0,0,0,0,1
TEX261,0,0,0,0,0,1
SLC25A6,1,0,0,1,0,1
LMNA,1,0,0,0,0,1
ERAL1,0,0,0,0,0,1
PMPCA,0,0,0,0,0,1
GRINA,0,0,0,0,0,1
PEG10,1,0,0,0,0,1
MTUS1,0,0,0,0,0,1
RHOB,1,0,0,0,0,1
POLDIP3,0,0,0,0,0,1
KPNA6,0,0,0,0,0,1
FAF2,0,0,0,0,0,1
SLC39A14,0,0,1,0,0,1
STX12,0,0,0,0,0,1
ATXN7L3B,0,0,0,0,0,1
JPT2,0,0,0,0,0,1
TRIM27,0,0,0,0,0,1
TCTN3,1,0,0,0,0,1
RHOQ,0,0,0,0,0,1
ZMIZ1,0,0,0,0,0,1
CBX5,0,0,0,0,0,1
RANGAP1,0,0,0,0,0,1
NIPA2,0,0,0,0,0,1
PHLDB1,0,0,0,0,0,1
ATP2B4,0,0,0,0,0,1
LARP1,0,0,0,0,0,1
GCN1,0,0,0,0,0,1
PDS5A,0,0,0,0,0,1
IGFBP3,1,0,0,0,0,1
SUN2,0,0,0,0,0,1
MRPS27,0,0,0,0,0,1
PLEKHM2,0,0,0,0,0,1
PBX1,0,0,0,0,0,1
EFR3A,0,0,0,0,0,1
POGZ,0,0,0,0,0,1
SDC2,0,0,0,0,0,1
RNF187,0,0,0,0,0,1
VPS39,0,1,0,0,0,1
AP2A2,0,0,0,0,0,1
XPOT,0,0,0,0,0,1
KIDINS220,0,0,0,0,0,1
TMEM183A,0,0,0,0,0,1
XPO7,0,0,0,0,0,1
SMARCB1,0,0,0,0,0,1
FKBP9,0,0,0,0,0,1
PNISR,0,0,0,0,0,1
CRKL,0,0,0,0,0,1
NUDT4,0,0,0,0,0,1
TAB2,0,0,0,0,0,1
MT2A,0,0,0,0,0,1
ACACA,0,0,0,0,0,1
COG4,0,0,0,0,0,1
SERPINE2,0,0,0,0,0,1
RPL13,0,0,0,0,0,1
KCTD12,0,0,0,0,0,1
IL6ST,0,0,0,0,0,1
TM9SF4,0,0,0,0,0,1
MRFAP1L1,0,0,0,0,0,1
ANKLE2,0,0,0,0,0,1
IFITM3,0,0,0,0,0,1
TMEM87A,0,0,0,0,0,1
H2AZ2,0,0,0,1,0,1
MED13L,0,0,0,0,0,1
ANKRD17,0,0,0,0,0,1
INTS1,0,0,0,0,0,1
OPA1,1,0,0,0,0,1
PREPL,0,0,0,0,0,1
FASN,0,0,0,0,0,1
PSME4,1,0,0,0,0,1
ALDH1A1,0,0,0,0,0,1
COQ9,0,0,0,0,0,1
FBXO21,0,0,0,0,0,1
FNBP4,0,0,0,0,0,1
KRT17,0,0,0,0,0,1
ASXL1,0,0,0,0,0,1
TUBA4A,1,0,0,0,0,1
MCFD2,0,0,0,0,0,1
NUP205,0,0,0,0,0,1
PIK3R1,1,1,0,0,0,1
MTDH,0,0,0,0,0,1
DST,0,0,0,0,0,1
ATP2C1,0,0,0,0,0,1
GALNT10,0,0,0,0,0,1
PBXIP1,0,0,0,0,0,1
GIGYF2,0,0,0,0,0,1
WAPL,0,0,0,0,0,1
MCM3AP,0,0,0,0,0,1
MAPK1,1,1,0,0,0,1
LPIN1,0,0,0,0,0,1
ATG4B,0,1,0,0,0,1
TMEM97,0,0,0,0,0,1
AGRN,0,0,0,0,0,1
ANKRD12,0,0,0,0,0,1
SUZ12,0,0,0,0,0,1
FNBP1,0,0,0,0,0,1
HIPK1,0,0,0,0,0,1
GNG12,0,0,0,0,0,1
SLC7A1,0,0,0,0,0,1
PSMD14,1,0,0,0,0,1
ATP13A3,0,0,0,0,0,1
NRP1,0,0,0,0,0,1
NEK9,0,0,0,0,0,1
TXLNA,0,0,0,0,0,1
RTF1,0,0,0,0,0,1
CLASP2,0,0,0,0,0,1
MIA3,0,0,0,0,0,1
SEL1L3,0,0,0,0,0,1
BCL2L1,1,1,0,0,0,1
CHMP7,0,0,0,1,1,1
SGSM2,0,0,0,0,0,1
SGPL1,1,0,0,0,0,1
VPS13D,0,0,0,0,0,1
LIMCH1,0,0,0,0,0,1
SCAP,0,0,0,0,0,1
TFDP1,1,0,0,0,0,1
RBL2,0,0,0,0,0,1
FAM98A,0,0,0,0,0,1
GNS,0,0,0,0,0,1
EPB41L1,0,0,0,0,0,1
MYO1D,0,0,0,0,0,1
YIPF6,0,0,0,0,0,1
SULF1,1,0,0,0,0,1
CREB3L2,0,0,0,0,0,1
MXD4,0,0,0,0,0,1
KDM1A,0,0,0,0,0,1
POFUT1,0,0,0,0,0,1
TBC1D1,0,0,0,0,0,1
EIF2B5,0,0,0,0,0,1
KHNYN,0,0,0,0,0,1
CLIP3,0,0,0,0,0,1
ZSWIM8,0,0,0,0,0,1
AMPD2,0,0,0,0,0,1
ATP2A2,0,0,0,0,0,1
MYO1B,0,0,0,0,0,1
ZNF292,0,0,0,0,0,1
FEM1B,1,0,0,0,0,1
ZNF384,0,0,0,0,0,1
DESI2,0,0,0,0,0,1
MYH10,0,0,0,0,0,1
EP400,0,0,0,0,0,1
GART,0,0,0,0,0,1
CMTR1,0,0,0,0,0,1
ATP6V0A1,0,0,0,0,0,1
TCF4,0,0,0,0,0,1
USP24,0,0,0,0,0,1
PDE4DIP,0,0,0,0,0,1
SBF1,0,0,0,0,0,1
EMC1,0,0,0,0,0,1
RDX,0,0,0,0,0,1
VGLL4,0,0,0,0,0,1
EEIG1,0,0,0,0,0,1
CDK11A,1,0,0,0,0,1
ZC3H13,0,0,0,0,0,1
UBE3B,0,0,0,0,0,1
PCMTD2,0,0,0,0,0,1
TOR1AIP1,0,0,0,0,0,1
MICU2,0,0,0,0,0,1
IMP4,0,0,0,0,0,1
ELF1,0,0,0,0,0,1
ZCCHC24,0,0,0,0,0,1
PDCD11,0,0,0,0,0,1
ECPAS,0,0,0,0,0,1
GTF3C2,0,0,0,0,0,1
RBM38,0,0,0,0,0,1
GRPEL1,0,0,0,0,0,1
RPS2,0,0,0,0,0,1
TRIM33,0,0,0,0,0,1
CENPB,0,0,0,0,0,1
IP6K1,0,0,0,0,0,1
SNRNP27,0,0,0,0,0,1
KIAA0232,0,0,0,0,0,1
NBEAL2,0,0,0,0,0,1
CERS6,0,0,0,0,0,1
KBTBD2,0,0,0,0,0,1
NEDD4L,0,0,0,0,0,1
SECISBP2L,0,0,0,0,0,1
KIFBP,0,0,0,0,0,1
YTHDC1,0,0,0,0,0,1
CLUH,0,0,0,0,0,1
SPRED2,0,0,0,0,0,1
SPTSSA,0,0,0,0,0,1
KAT6B,0,0,0,0,0,1
FN1,0,0,0,0,0,1
SETD3,0,0,0,0,0,1
DNAJC13,0,0,0,0,0,1
SPAG9,0,0,0,0,0,1
MICAL2,0,0,0,0,0,1
AVL9,0,0,0,0,0,1
ACAP2,0,0,0,0,0,1
SPECC1L,0,0,0,0,0,1
RMND5A,0,0,0,0,0,1
GPATCH8,0,0,0,0,0,1
COL5A1,0,0,0,0,0,1
SETD2,0,0,0,0,0,1
TNS2,0,0,0,0,0,1
ADO,0,0,0,0,0,1
CEBPB,0,0,0,0,0,1
DIP2C,0,0,0,0,0,1
MAU2,0,0,0,0,0,1
PICALM,0,0,0,0,0,1
TMEM131,0,0,0,0,0,1
MOAP1,1,0,0,0,0,1
MXRA7,0,0,0,0,0,1
GPD1L,0,0,0,0,0,1
CARM1,0,0,0,0,0,1
USP33,0,0,0,0,0,1
DDX3X,1,0,0,0,0,1
ATRN,0,0,0,0,0,1
PIP5K1C,0,0,0,0,0,1
UBE2E1,0,0,0,0,0,1
PDE8A,0,0,0,0,0,1
SPART,0,0,0,0,0,1
DESI1,0,0,0,0,0,1
LSM12,0,0,0,0,0,1
NEK7,0,0,0,0,0,1
LCN2,1,0,0,0,0,1
WEE1,0,0,0,0,0,1
ZNF24,0,0,0,0,0,1
ATP11B,0,0,0,0,0,1
RPL17,0,0,0,0,0,1
DOCK9,0,0,0,0,0,1
CHD1L,0,0,0,0,0,1
CDC34,0,0,0,0,0,1
FLAD1,0,0,0,0,0,1
PHIP,0,0,0,0,0,1
CRYBG1,0,0,0,0,0,1
ZNHIT3,0,0,0,0,0,1
BRD3,0,0,0,0,0,1
FRYL,0,0,0,0,0,1
CAP2,0,0,0,0,0,1
HPCAL1,0,0,0,0,0,1
RPRD2,0,0,0,0,0,1
SCRIB,0,0,0,0,0,1
ZNF451,0,0,0,0,0,1
SPRY1,0,0,0,0,0,1
PRKAR1B,0,0,0,0,0,1
SORL1,0,0,0,0,0,1
DENND5A,0,0,0,0,0,1
BOP1,0,0,0,0,0,1
ENDOD1,0,0,0,0,0,1
CHD8,0,0,0,0,0,1
STK38L,0,0,0,0,0,1
TMEM259,0,0,0,0,0,1
MGRN1,0,0,0,0,0,1
SMCHD1,0,0,0,0,0,1
AQR,0,0,0,0,0,1
OSBPL8,0,0,0,0,0,1
RRAS2,0,1,0,0,0,1
RBM34,0,0,0,0,0,1
JCHAIN,0,0,0,0,0,1
PDCD4,1,0,0,0,0,1
DAZAP2,0,0,0,0,0,1
HMGXB4,0,0,0,0,0,1
AUTS2,0,0,0,0,0,1
ZZEF1,0,0,0,0,0,1
MRPS31,0,0,0,0,0,1
WDFY3,0,1,0,0,0,1
AKT3,1,1,0,0,0,1
PTPN11,0,0,0,0,0,1
DTX4,0,0,0,0,0,1
RCOR1,0,0,0,0,0,1
BTN3A2,0,0,0,0,0,1
ARID5B,0,0,0,0,0,1
CHD9,0,0,0,0,0,1
ZNF609,0,0,0,0,0,1
NEMP1,0,0,0,0,0,1
TMEM41B,0,0,0,0,0,1
CHN1,0,0,0,0,0,1
STX10,0,0,0,0,0,1
HNRNPC,0,0,0,0,0,1
EXOSC7,0,0,0,0,0,1
PKN2,1,0,0,0,0,1
EXOC3,0,0,0,0,0,1
STX7,0,1,0,0,0,1
UFL1,0,0,0,0,0,1
TNPO1,0,0,0,0,0,1
QKI,0,0,0,0,0,1
WWP1,0,0,0,0,0,1
HACD2,0,0,0,0,0,1
HIVEP2,0,0,0,0,0,1
MAPK1IP1L,0,0,0,0,0,1
RFTN1,0,0,0,0,0,1
RRAS,0,1,0,0,0,1
DHX29,0,0,0,0,0,1
RHOBTB1,0,0,0,0,0,1
SNX4,0,0,0,0,0,1
EHBP1,0,0,0,0,0,1
ZCCHC14,0,0,0,0,0,1
IL1RN,0,0,0,0,0,1
LHFPL2,0,0,0,0,0,1
JADE2,0,0,0,0,0,1
PVR,0,0,0,0,0,1
TUBB4A,0,0,0,0,0,1
TIPARP,0,0,0,0,0,1
SMURF1,0,0,0,0,0,1
SPARC,0,0,0,0,0,1
CAMK2G,0,0,0,1,0,1
ELN,0,0,0,0,0,1
ATM,1,0,0,0,0,1
METAP1,0,0,0,0,0,1
CEP68,0,0,0,0,0,1
NF1,1,0,0,0,0,1
PPP1R14B,0,0,0,0,0,1
EPB41L3,1,0,0,0,0,1
LMF2,0,0,0,0,0,1
ZNF3,0,0,0,0,0,1
TBL2,0,0,0,0,0,1
PPM1H,0,0,0,0,0,1
LIMS1,0,0,0,0,0,1
PIK3CB,1,1,0,0,0,1
KDM3A,0,0,0,0,0,1
DDHD2,0,0,0,0,0,1
NUP188,0,0,0,0,0,1
LRBA,0,0,0,0,0,1
MDN1,0,0,0,0,0,1
PCCB,0,0,0,0,0,1
CRY2,0,0,0,0,0,1
RNF4,0,0,0,0,0,1
RETREG3,0,0,0,0,0,1
SEPTIN10,0,0,0,0,0,1
SCAMP5,0,0,0,0,0,1
TLN2,0,0,0,0,0,1
BICD2,0,0,0,0,0,1
TUT4,0,0,0,0,0,1
PNPLA2,0,0,0,0,0,1
RASA4,0,0,0,0,0,1
MSL1,0,0,0,0,0,1
NUP160,0,0,0,0,0,1
CAMSAP1,0,0,0,0,0,1
MFAP4,0,0,0,0,0,1
LARP4,0,0,0,0,0,1
MICAL3,0,0,0,0,0,1
PLEKHM1,0,1,0,0,0,1
PAPOLA,0,0,0,0,0,1
PHLPP1,1,0,0,0,0,1
SREK1,0,0,0,0,0,1
JMJD6,0,0,0,0,0,1
RND3,0,0,0,0,0,1
TUG1,0,0,0,0,0,1
PHF2,0,0,0,0,0,1
DLG3,0,0,0,0,0,1
SYNM,0,0,0,0,0,1
ANKRD46,0,0,0,0,0,1
MEG3,0,0,0,0,0,1
RUBCN,0,1,0,0,0,1
BMERB1,0,0,0,0,0,1
GM2A,0,0,0,0,0,1
ARHGAP19,0,0,0,0,0,1
NME4,0,0,0,0,0,1
PIK3R4,0,1,0,0,0,1
MAOA,0,0,0,0,0,1
RNF115,0,0,0,0,0,1
BBS4,0,0,0,0,0,1
ANKS1A,0,0,0,0,0,1
MRTFA,0,0,0,0,0,1
RCHY1,0,0,0,0,0,1
UBE2N,0,0,0,0,0,1
CLASP1,0,0,0,0,0,1
PCGF3,0,0,0,0,0,1
MON2,0,0,0,0,0,1
UBR2,0,0,0,0,0,1
ZEB1,0,0,0,0,0,1
CAMSAP2,0,0,0,0,0,1
MTG1,0,0,0,0,0,1
OLFM4,0,0,0,0,0,1
FAM171A1,0,0,0,0,0,1
ABCA2,0,0,0,0,0,1
ZBTB18,0,0,0,0,0,1
OBSL1,0,0,0,0,0,1
SOS1,0,0,0,0,0,1
PACS2,1,0,0,0,0,1
BLTP1,0,0,0,0,0,1
RBBP6,0,0,0,0,0,1
POLR2J,0,0,0,0,0,1
CIC,0,0,0,0,0,1
LARP7,0,0,0,0,0,1
CLEC16A,0,0,0,0,0,1
YLPM1,0,0,0,0,0,1
NCAPD3,0,0,0,0,0,1
C1orf216,0,0,0,0,0,1
DPY19L1,0,0,0,0,0,1
DAAM2,0,0,0,0,0,1
WASHC4,0,0,0,0,0,1
TBC1D2B,0,0,0,0,0,1
ANKMY2,0,0,0,0,0,1
STX6,0,0,0,0,0,1
CIT,0,0,0,0,0,1
NAB2,0,0,0,0,0,1
GAPVD1,0,0,0,0,0,1
PRUNE2,1,0,0,0,0,1
SORT1,0,0,0,0,0,1
NFATC2IP,0,0,0,0,0,1
SLC1A4,0,0,0,0,0,1
SERINC5,0,0,0,0,0,1
JAM3,0,0,0,0,0,1
AHCYL2,0,0,0,0,0,1
ASCC3,0,0,0,0,0,1
CBS,0,0,0,0,0,1
ASB1,0,0,0,0,0,1
DMXL2,0,0,0,0,0,1
HEG1,0,0,0,0,0,1
PLEKHG3,0,0,0,0,0,1
FUBP3,0,0,0,0,0,1
PAXIP1,0,0,0,0,0,1
PIP4K2A,0,0,0,0,0,1
MEGF9,0,0,0,0,0,1
CKAP5,0,0,0,0,0,1
SLC25A46,0,0,0,0,0,1
POLD3,0,0,0,0,0,1
ABRAXAS2,0,0,0,0,0,1
DNMBP,0,0,0,0,0,1
PPFIBP2,0,0,0,0,0,1
NCAM1,0,0,0,0,0,1
SAMD4A,0,0,0,0,0,1
RRP1B,1,0,0,0,0,1
AOPEP,0,0,0,0,0,1
AXIN1,1,0,0,0,0,1
LRP4,0,0,0,0,0,1
DCUN1D4,0,0,0,0,0,1
GRAMD4,1,0,0,0,0,1
PAQR4,0,0,0,0,0,1
MT1E,0,0,0,0,0,1
ZDHHC18,0,0,0,0,0,1
SLC61A1,0,0,0,0,0,1
CDS2,0,0,0,0,0,1
COL14A1,0,0,0,0,0,1
R3HCC1,0,0,0,0,0,1
NCOA2,0,0,0,0,0,1
SOS2,0,0,0,0,0,1
MAPKAPK5,0,0,0,0,0,1
MED20,0,0,0,0,0,1
ARHGAP45,0,0,0,0,0,1
C2CD2,0,0,0,0,0,1
WDR7,0,0,0,0,0,1
PIAS4,0,0,0,0,0,1
KLHL18,0,0,0,0,0,1
MPHOSPH10,0,0,0,0,0,1
CCDC69,0,0,0,0,0,1
SEC23A,0,0,0,0,0,1
DICER1,0,0,0,0,0,1
SLC38A10,0,0,0,0,0,1
GADD45GIP1,0,0,0,0,0,1
ZNF282,0,0,0,0,0,1
ZZZ3,0,0,0,0,0,1
SUPV3L1,0,0,0,0,0,1
MTREX,0,0,0,0,0,1
TTI1,0,0,0,0,0,1
CDK19,0,0,0,0,0,1
SEC24A,0,0,0,0,0,1
LRRC47,0,0,0,0,0,1
CSTF2T,0,0,0,0,0,1
GRAMD1B,0,0,0,0,0,1
SLC30A1,0,0,0,0,0,1
DNAJC16,0,0,0,0,0,1
LYPD1,0,0,0,0,0,1
THAP11,0,0,0,0,0,1
RPS6KA2,0,0,0,0,0,1
CBX7,0,0,0,0,0,1
PDZRN3,0,0,0,0,0,1
PHF8,0,0,0,0,0,1
DCP2,0,0,0,0,0,1
REST,0,0,0,0,0,1
SMYD2,0,0,0,0,0,1
PXDC1,0,0,0,0,0,1
MISP,0,0,0,0,0,1
SMC5,0,0,0,0,0,1
TSPYL4,0,0,0,0,0,1
TCF20,0,0,0,0,0,1
UBXN2B,0,0,0,0,0,1
ARB2A,0,0,0,0,0,1
CEMIP,0,0,0,0,0,1
C2CD5,0,0,0,0,0,1
MGA,0,0,0,0,0,1
VWA8,0,0,0,0,0,1
SLC9A8,0,0,0,0,0,1
CAMTA2,0,0,0,0,0,1
NCAPH,0,0,0,0,0,1
ADGRF5,0,0,0,0,0,1
DYRK4,0,0,0,0,0,1
POLR2I,0,0,0,0,0,1
TBC1D9,0,0,0,0,0,1
LINC01278,0,0,0,0,0,1
GNPTAB,0,0,0,0,0,1
EOLA2,0,0,0,0,0,1
HIC2,0,0,0,0,0,1
RFNG,0,0,0,0,0,1
RPIA,0,0,0,0,0,1
DENND3,0,0,0,0,0,1
ACKR3,0,0,0,0,0,1
LRRC8B,0,0,0,0,0,1
TCAF1,0,0,0,0,0,1
ZDHHC17,0,0,0,0,0,1
HRAS,1,1,0,0,0,1
ATF2,1,0,0,0,0,1
SGMS1,1,0,0,0,0,1
SYNJ1,0,0,0,0,0,1
AHNAK2,0,0,0,0,0,1
NACC2,0,0,0,0,0,1
URB1,0,0,0,0,0,1
TLK2,0,0,0,0,0,1
MORC3,0,0,0,0,0,1
ANGPTL2,0,0,0,0,0,1
SPIDR,0,0,0,0,0,1
KANK1,0,0,0,0,0,1
FANCI,0,0,0,0,0,1
TRIM37,0,0,0,0,0,1
CAVIN3,0,0,0,0,0,1
TPI1,0,0,0,0,0,1
NEDD4,0,0,0,0,0,1
MAPK8IP1,0,0,0,0,0,1
BBX,0,0,0,0,0,1
ABHD3,0,0,0,0,0,1
GATAD1,0,0,0,0,0,1
RANBP6,0,0,0,0,0,1
GOSR1,0,0,0,0,0,1
UTRN,0,0,0,0,0,1
TMF1,1,0,0,0,0,1
THUMPD1,0,0,0,0,0,1
RO60,0,0,0,0,0,1
NFRKB,0,0,0,0,0,1
PLXNA2,0,0,0,0,0,1
WDR73,0,0,0,0,0,1
NFIB,0,0,0,0,0,1
SIK3,0,0,0,0,0,1
ANKRD28,0,0,0,0,0,1
ATP2A3,0,0,0,0,0,1
STAU1,0,0,0,0,0,1
RNF19B,0,0,0,0,0,1
ARHGEF18,0,0,0,0,0,1
NPTXR,0,0,0,0,0,1
ATP5F1D,0,0,0,0,0,1
MED24,0,0,0,0,0,1
ROCK1,1,0,0,0,0,1
MAST3,0,0,0,0,0,1
SET,0,0,0,0,0,1
RALGAPA1,0,0,0,0,0,1
COBL,0,0,0,0,0,1
ZC3HAV1,0,0,0,0,0,1
PRKAR2A,0,0,0,0,0,1
CD47,1,0,0,0,0,1
FRMD4B,0,0,0,0,0,1
ATPAF2,0,0,0,0,0,1
CREB3L1,0,0,0,0,0,1
CHI3L2,0,0,0,0,0,1
NTAN1,0,0,0,0,0,1
ZFC3H1,0,0,0,0,0,1
RUSC2,0,0,0,0,0,1
PIK3C2A,0,0,0,0,0,1
DPT,0,0,0,0,0,1
ZFTRAF1,0,0,0,0,0,1
ZFYVE26,0,0,0,0,0,1
OLFML2A,0,0,0,0,0,1
ITPKC,0,0,0,0,0,1
YTHDC2,0,0,0,0,0,1
TSR2,0,0,0,0,0,1
ZBTB22,0,0,0,0,0,1
SLC35D2,0,0,0,0,0,1
WWC1,0,0,0,0,0,1
DNAJC9,0,0,0,0,0,1
TAF4,0,0,0,0,0,1
CRTC1,0,0,0,0,0,1
PRKCA,1,0,0,0,0,1
ADGRG6,0,0,0,0,0,1
TMCC2,0,0,0,0,0,1
DNAJC2,0,0,0,0,0,1
ANGEL1,0,0,0,0,0,1
ACTR3,0,0,0,0,0,1
STARD13,0,0,0,0,0,1
TSR3,0,0,0,0,0,1
ATP8A1,0,0,0,0,0,1
CAMK2A,0,0,0,1,0,1
COL4A5,0,0,0,0,0,1
PIKFYVE,0,0,0,0,0,1
SLC43A3,0,0,0,0,0,1
ATG4A,0,1,0,0,0,1
NEK3,0,0,0,0,0,1
BLTP3B,0,0,0,0,0,1
SLC36A1,0,0,0,0,0,1
TSPYL5,0,0,0,0,0,1
MFAP3,0,0,0,0,0,1
ZNF473,0,0,0,0,0,1
OLFML2B,0,0,0,0,0,1
MED8,0,0,0,0,0,1
UBE3A,0,0,0,0,0,1
OLFM1,0,0,0,0,0,1
MCAT,0,0,0,0,0,1
BTG3,0,0,0,0,0,1
TIAM1,0,0,0,0,0,1
PTPN2,0,0,0,0,0,1
ARID5A,0,0,0,0,0,1
SNAI2,0,0,0,0,0,1
SS18L1,0,0,0,0,0,1
PSKH1,0,0,0,0,0,1
GSAP,0,0,0,0,0,1
C2orf72,0,0,0,0,0,1
FBXL14,0,0,0,0,0,1
KDM6B,0,0,0,0,0,1
HOXA10,0,0,0,0,0,1
SEPTIN7,0,0,0,0,0,1
SETD1B,0,0,0,0,0,1
WSCD1,0,0,0,0,0,1
PCNX1,0,0,0,0,0,1
DOCK2,0,0,0,0,0,1
MZT2A,0,0,0,0,0,1
SP3,0,0,0,0,0,1
SEMA5A,0,0,0,0,0,1
GPX7,0,0,0,0,0,1
MMP24,0,0,0,0,0,1
TTC9,0,0,0,0,0,1
SNRPB,0,0,0,0,0,1
MAPK8IP3,0,0,0,0,0,1
CNOT9,0,0,0,0,0,1
GOSR2,0,0,0,0,0,1
MOCS1,0,0,0,0,0,1
SENP5,0,0,0,0,0,1
KATNIP,0,0,0,0,0,1
FTL,0,0,1,1,0,1
RIOX2,0,0,0,0,0,1
COG7,0,0,0,0,0,1
TICAM1,1,0,0,1,0,1
THAP3,0,0,0,0,0,1
ROBO1,0,0,0,0,0,1
LYRM9,0,0,0,0,0,1
ZNF629,0,0,0,0,0,1
ASTN1,0,0,0,0,0,1
ACVR1B,0,0,0,0,0,1
C2CD3,0,0,0,0,0,1
SYP,0,0,0,0,0,1
TNNT1,0,0,0,0,0,1
SETD1A,0,0,0,0,0,1
SNAPC5,0,0,0,0,0,1
CUL9,0,0,0,0,0,1
RAD54L2,0,0,0,0,0,1
BICRAL,0,0,0,0,0,1
TAF6L,0,0,0,0,0,1
OTUD3,0,0,0,0,0,1
ADCY2,0,0,0,0,0,1
BBIP1,0,0,0,0,0,1
SIK2,0,0,0,0,0,1
PLCB1,0,0,0,0,0,1
PPM1B,0,0,0,0,0,1
PDE8B,0,0,0,0,0,1
CDR2L,0,0,0,0,0,1
DMWD,0,0,0,0,0,1
KLHL9,0,0,0,0,0,1
FAM234B,0,0,0,0,0,1
KNOP1,0,0,0,0,0,1
ATP10D,0,0,0,0,0,1
PIBF1,0,0,0,0,0,1
PLXNC1,0,0,0,0,0,1
CEP170B,0,0,0,0,0,1
VPS13B,0,0,0,0,0,1
SCAMP4,0,0,0,0,0,1
ADCY1,0,0,0,0,0,1
SVEP1,0,0,0,0,0,1
LOC730101,0,0,0,0,0,1
FBXL7,0,0,0,0,0,1
SH3PXD2A,0,0,0,0,0,1
TNRC6B,0,0,0,0,0,1
MARCHF3,0,0,0,0,0,1
TFPI,0,0,0,0,0,1
FOXC1,0,0,0,0,0,1
TRANK1,0,0,0,0,0,1
SACS,0,0,0,0,0,1
CAMTA1,0,0,0,0,0,1
ZNF248,0,0,0,0,0,1
DOP1A,0,0,0,0,0,1
LDAF1,0,0,0,0,0,1
TENM4,0,0,0,0,0,1
MTMR9,0,0,0,0,0,1
DHRS1,0,0,0,0,0,1
RAP1GAP2,0,0,0,0,0,1
APOOL,0,0,0,0,0,1
SALL2,0,0,0,0,0,1
MBOAT2,0,0,0,0,0,1
SNX13,0,0,0,0,0,1
TRIM22,0,0,0,0,0,1
ATG2A,0,1,0,0,0,1
PFAS,0,0,0,0,0,1
TOGARAM1,0,0,0,0,0,1
MPDZ,0,0,0,0,0,1
SHANK2,0,0,0,0,0,1
PLCL2,0,0,0,0,0,1
AGO2,0,0,0,0,0,1
SMIM8,0,0,0,0,0,1
EOLA1,0,0,0,0,0,1
JCAD,0,0,0,0,0,1
CLIC5,0,0,0,0,0,1
PRMT3,0,0,0,0,0,1
BCKDHB,0,0,0,0,0,1
OARD1,0,0,0,0,0,1
ZC3H7B,0,0,0,0,0,1
SRC,0,0,0,0,0,1
NECTIN3,0,0,0,0,0,1
VAMP1,0,0,0,0,0,1
USP12,0,0,0,0,0,1
SRGAP2,0,0,0,0,0,1
STIP1,0,0,0,0,0,1
PAPPA2,0,0,0,0,0,1
HAUS7,0,0,0,0,0,1
TMEM158,0,0,0,0,0,1
GFOD3P,0,0,0,0,0,1
FEM1C,0,0,0,0,0,1
YAP1,0,0,0,0,0,1
GDPD5,0,0,0,0,0,1
TEX30,0,0,0,0,0,1
RPS4X,0,0,0,0,0,1
TMCC1,0,0,0,0,0,1
ABCA5,0,0,0,0,0,1
ST3GAL6,0,0,0,0,0,1
GTF2H5,0,0,0,0,0,1
MTCL1,0,0,0,0,0,1
TDRD7,0,0,0,0,0,1
CA5BP1,0,0,0,0,0,1
SNX1,0,0,0,0,0,1
ERI2,0,0,0,0,0,1
LOC155060,0,0,0,0,0,1
CDHR1,0,0,0,0,0,1
SFMBT1,0,0,0,0,0,1
LDB3,0,0,0,0,0,1
PAQR3,0,0,0,0,0,1
CASP8,1,0,0,1,0,1
HIBCH,0,0,0,0,0,1
ZBTB1,0,0,0,0,0,1
RPS12,0,0,0,0,0,1
COQ2,0,0,0,0,0,1
VSTM4,0,0,0,0,0,1
PLCB3,0,0,0,0,0,1
CHN2,0,0,0,0,0,1
PGAP4,0,0,0,0,0,1
ATAD2B,0,0,0,0,0,1
ZC3H4,0,0,0,0,0,1
DPY19L4,0,0,0,0,0,1
IQCK,0,0,0,0,0,1
SLC67A2,0,0,0,0,0,1
MAPKBP1,0,0,0,0,0,1
MLC1,0,0,0,0,0,1
AKAP10,0,0,0,0,0,1
SDR39U1,0,0,0,0,0,1
TBL1X,0,0,0,0,0,1
ZNF787,0,0,0,0,0,1
RAB22A,0,0,0,0,0,1
PHLPP2,0,0,0,0,0,1
EDRF1,0,0,0,0,0,1
ADAM22,0,0,0,0,0,1
STON1,0,0,0,0,0,1
CLIC2,0,0,0,0,0,1
ITGA4,0,0,0,0,0,1
TBX2,1,0,0,0,0,1
HSPA6,0,0,0,0,0,1
APBB2,0,0,0,0,0,1
DHX57,0,0,0,0,0,1
MXRA8,0,0,0,0,0,1
MATCAP2,0,0,0,0,0,1
WNT5A,0,0,0,0,0,1
RPP40,0,0,0,0,0,1
COL6A1,1,0,0,0,0,1
BICC1,0,0,0,0,0,1
MUC5B,0,0,0,0,0,1
STX2,0,0,0,0,0,1
SATB2,0,0,0,0,0,1
CNR1,0,0,0,0,0,1
NFASC,0,0,0,0,0,1
RUNDC3A,0,0,0,0,0,1
ZNF862,0,0,0,0,0,1
ZC3H3,0,0,0,0,0,1
IPW,0,0,0,0,0,1
POP1,0,0,0,0,0,1
ICOSLG,0,0,0,0,0,1
ZNF184,0,0,0,0,0,1
FAM114A1,0,0,0,0,0,1
SOSTDC1,0,0,0,0,0,1
MFHAS1,0,0,0,0,0,1
NUDT21,0,0,0,0,0,1
NPAS2,0,0,0,0,0,1
RAB40C,0,0,0,0,0,1
RND2,0,0,0,0,0,1
ERCC2,1,0,0,0,0,1
PGAP1,0,0,0,0,0,1
NPHP4,0,0,0,0,0,1
KCTD7,0,0,0,0,0,1
ITGAL,0,0,0,0,0,1
KAZN,0,0,0,0,0,1
NPTX2,0,0,0,0,0,1
VAMP4,0,0,0,0,0,1
DOCK3,0,0,0,0,0,1
PPWD1,0,0,0,0,0,1
ABCC10,0,0,0,0,0,1
SNED1,0,0,0,0,0,1
MAPRE2,0,0,0,0,0,1
COL2A1,0,0,0,0,0,1
PLPPR4,0,0,0,0,0,1
ABTB2,0,0,0,0,0,1
CLCN2,0,0,0,0,0,1
ACOX1,0,0,0,0,0,1
ANXA2,0,0,0,0,0,1
SUGP2,0,0,0,0,0,1
F2RL1,0,0,0,0,0,1
USP32P2,0,0,0,0,0,1
CLBA1,0,0,0,0,0,1
ARPC2,0,0,0,0,0,1
PRKCI,0,0,0,0,0,1
LAMA2,0,0,0,0,0,1
RECQL4,0,0,0,0,0,1
PTPN18,0,0,0,0,0,1
CCNE1,0,0,0,0,0,1
G0S2,1,0,0,0,0,1
LIN37,0,0,0,0,0,1
ZNF688,0,0,0,0,0,1
METTL18,0,0,0,0,0,1
RAB3GAP1,0,0,0,0,0,1
PASK,0,0,0,0,0,1
UBE2I,0,0,0,0,0,1
CD3D,0,0,0,0,0,1
HSD17B8,0,0,0,0,0,1
ERG,0,0,0,0,0,1
SGCD,0,0,0,0,0,1
DKFZP586I1420,0,0,0,0,0,1
CAND2,0,0,0,0,0,1
PDZD8,0,0,0,0,0,1
GLCE,0,0,0,0,0,1
RWDD2A,0,0,0,0,0,1
PINLYP,0,0,0,0,0,1
PCLO,0,0,0,0,0,1
RNASE6,0,0,0,0,0,1
OSR2,0,0,0,0,0,1
EIF4E2,0,0,0,0,0,1
SERPINB1,0,0,0,0,0,1
BMPR1A,0,0,0,0,0,1
EP300,1,0,0,0,0,1
ATP11A,0,0,0,0,0,1
ATP6V0E2,0,0,0,0,0,1
QTGAL,0,0,0,0,0,1
APLNR,0,0,0,0,0,1
OIP5,0,0,0,0,0,1
SLIT1,0,0,0,0,0,1
SRRD,0,0,0,0,0,1
KLHL23,0,0,0,0,0,1
AQP5,0,0,0,0,0,1
EEF1A1,0,0,0,0,0,1
TPGS2,0,0,0,0,0,1
ARAP2,0,0,0,0,0,1
ICAM2,0,0,0,0,0,1
COL9A2,0,0,0,0,0,1
KIF3A,0,0,0,0,0,1
SMPDL3A,0,0,0,0,0,1
ZKSCAN4,0,0,0,0,0,1
CBR4,0,0,0,0,0,1
MT1F,0,0,0,0,0,1
NACAD,0,0,0,0,0,1
DHODH,0,0,0,0,0,1
SH3BP1,0,0,0,0,0,1
TRMU,0,0,0,0,0,1
PHACTR1,0,0,0,0,0,1
ZNF500,0,0,0,0,0,1
CEP112,0,0,0,0,0,1
DNA2,0,0,0,0,0,1
INPP5J,0,0,0,0,0,1
METTL3,0,0,0,0,0,1
TAF5L,0,0,0,0,0,1
KLC1,0,0,0,0,0,1
TOP3B,0,0,0,0,0,1
PAMR1,0,0,0,0,0,1
SLC1A1,0,0,0,0,0,1
SEPTIN6,0,0,0,0,0,1
SRCAP,0,0,0,0,0,1
FCHO1,0,0,0,0,0,1
NSUN5P1,0,0,0,0,0,1
PMS1,0,0,0,0,0,1
TMEM151B,0,0,0,0,0,1
IFT70A,0,0,0,0,0,1
NUP50,0,0,0,0,0,1
PDLIM5,0,0,0,0,0,1
RPL35A,0,0,0,0,0,1
DIPK1A,0,0,0,0,0,1
RSBN1,0,0,0,0,0,1
PON3,0,0,0,0,0,1
RLIG1,0,0,0,0,0,1
ASAH1,0,0,0,0,0,1
DLX5,0,0,0,0,0,1
MLX,0,0,0,0,0,1
GPRASP3,0,0,0,0,0,1
KRT81,0,0,0,0,0,1
ELOVL2,0,0,0,0,0,1
GLB1L2,0,0,0,0,0,1
CACNB2,0,0,0,0,0,1
KANK3,0,0,0,0,0,1
SECTM1,0,0,0,0,0,1
RBM4,0,0,0,0,0,1
SMARCA4,0,0,0,0,0,1
SOX2,0,0,0,0,0,1
XYLT1,0,0,0,0,0,1
TUBB4B,0,0,0,0,0,1
TCF3,0,0,0,0,0,1
MYO1F,0,0,0,0,0,1
COX5B,0,0,0,0,0,1
GOLGA8H,0,0,0,0,0,1
ATP5F1A,0,0,0,0,0,1
KPNA1,1,0,0,0,0,1
ATRNL1,0,0,0,0,0,1
FLNA,0,0,0,0,0,1
TRIM66,0,0,0,0,0,1
MASP1,0,0,0,0,0,1
PAIP1,0,0,0,0,0,1
SAXO6,0,0,0,0,0,1
RBMX,0,0,0,0,0,1
HIPK2,1,0,0,0,0,1
MFAP5,0,0,0,0,0,1
KSR1,0,0,0,0,0,1
IRF2BP1,0,0,0,0,0,1
GGA2,0,0,0,0,0,1
NSUN5,0,0,0,0,0,1
ZNF276,0,0,0,0,0,1
EMID1,0,0,0,0,0,1
TCHH,0,0,0,0,0,1
PPP1R37,0,0,0,0,0,1
MYOZ2,0,0,0,0,0,1
PENK,0,0,0,0,0,1
INSR,0,0,0,0,0,1
HOMER1,0,0,0,0,0,1
NGDN,0,0,0,0,0,1
PTPRA,0,0,0,0,0,1
RSAD2,0,0,0,0,0,1
CFH,0,0,0,0,0,1
RPSA,0,0,0,0,0,1
PRSS12,0,0,0,0,0,1
INPP5B,0,0,0,0,0,1
ADAM23,0,0,0,0,0,1
CAMKK2,0,1,0,0,0,1
IRAK3,0,0,0,0,0,1
STARD5,0,0,0,0,0,1
HOXA11,0,0,0,0,0,1
OLIG2,0,0,0,0,0,1
ARHGAP33,0,0,0,0,0,1
HLA-DQA1,0,0,0,0,0,1
KCND3,0,0,0,0,0,1
IQSEC3,0,0,0,0,0,1
GTPBP3,0,0,0,0,0,1
HOXA5,0,0,0,0,0,1
GRIK2,0,0,0,0,0,1
PRPH,0,0,0,0,0,1
DUSP7,0,0,0,0,0,1
PPP2R2B,1,0,0,0,0,1
STIMATE,0,0,0,0,0,1
RBM8A,0,0,0,0,0,1
DNAJC24,0,0,0,0,0,1
ZNF250,0,0,0,0,0,1
EEF1AKMT3,0,0,0,0,0,1
DCBLD2,0,0,0,0,0,1
SAMD14,0,0,0,0,0,1
COL11A2,0,0,0,0,0,1
SERPINA4,0,0,0,0,0,1
ZRSR2,0,0,0,0,0,1
LGR5,0,0,0,0,0,1
APRT,0,0,0,0,0,1
PMS2P5,0,0,0,0,0,1
THSD7A,0,0,0,0,0,1
FAM149B1,0,0,0,0,0,1
MRPL23,0,0,0,0,0,1
ENTREP1,0,0,0,0,0,1
BGN,0,0,0,0,0,1
MYBL1,0,0,0,0,0,1
LRRC15,0,0,0,0,0,1
IGFBP7,0,0,0,0,0,1
TBC1D30,0,0,0,0,0,1
NKG7,0,0,0,0,0,1
CUX2,0,0,0,0,0,1
SST,0,0,0,0,0,1
TTBK2,0,0,0,0,0,1
RAP2B,0,0,0,0,0,1
GNAL,0,0,0,0,0,1
STUM,0,0,0,0,0,1
MAP3K9,1,0,0,0,0,1
HLA-A,0,0,0,0,0,1
PTGER3,0,0,0,0,0,1
ZNF23,0,0,0,0,0,1
ERC2,0,0,0,0,0,1
RUFY3,0,0,0,0,0,1
RPS7,0,0,0,0,0,1
MEGF6,0,0,0,0,0,1
TWIST1,0,0,0,0,0,1
CADM3,0,0,0,0,0,1
PSMC3IP,0,0,0,0,0,1
KRT20,1,0,0,0,0,1
FAM169A,0,0,0,0,0,1
MYOZ3,0,0,0,0,0,1
CD6,0,0,0,0,0,1
RPGRIP1L,0,0,0,0,0,1
CHD5,0,0,0,0,0,1
RALYL,0,0,0,0,0,1
RABL3,0,0,0,0,0,1
ADAMTSL3,0,0,0,0,0,1
LYZ,0,0,0,0,0,1
CIZ1,0,0,0,0,0,1
MTSS2,0,0,0,0,0,1
CTBP1,0,0,0,0,0,1
SAT1,0,0,1,0,0,1
PAK5,1,0,0,0,0,1
COL4A6,0,0,0,0,0,1
DMAC2L,0,0,0,0,0,1
YPEL1,0,0,0,0,0,1
ENTREP2,0,0,0,0,0,1
MSL3,0,0,0,0,0,1
NOP16,0,0,0,0,0,1
SOCS7,0,0,0,0,0,1
DHX34,0,0,0,0,0,1
GRIP1,0,0,0,0,0,1
TUBB2B,0,0,0,0,0,1
DGCR6L,0,0,0,0,0,1
SLC25A42,0,0,0,0,0,1
CRYBG3,0,0,0,0,0,1
ZAP70,0,0,0,0,0,1
EFNA5,0,0,0,0,0,1
CCL8,0,0,0,0,0,1
GSN,1,0,0,0,0,1
PTPRD,0,0,0,0,0,1
RYR2,0,0,0,0,0,1
LIAS,0,0,0,0,0,1
FUT9,0,0,0,0,0,1
MBD4,0,0,0,0,0,1
ERBB4,1,0,0,0,0,1
DOK2,0,0,0,0,0,1
MYCL,0,0,0,0,0,1
TBC1D31,0,0,0,0,0,1
NFKBIB,0,0,0,0,0,1
BEAN1,0,0,0,0,0,1
ATP10B,0,0,0,0,0,1
CTTN,0,0,0,0,0,1
DHRS2,0,0,0,0,0,1
CA5B,0,0,0,0,0,1
NCF1C,0,0,0,0,0,1
PARP2,1,0,0,0,0,1
MYBPC1,0,0,0,0,0,1
GPX3,0,0,0,0,0,1
FUBP1,0,0,0,0,0,1
KIAA1107,0,0,0,0,0,1
GPR161,0,0,0,0,0,1
FASTK,1,0,0,0,0,1
RFPL1S,0,0,0,0,0,1
CEP43,0,0,0,0,0,1
DAGLA,0,0,0,0,0,1
MUC6,0,0,0,0,0,1
CRACDL,0,0,0,0,0,1
NUDT13,0,0,0,0,0,1
ZNF79,0,0,0,0,0,1
SLC25A16,0,0,0,0,0,1
SRSF7,0,0,0,0,0,1
ZG16,0,0,0,0,0,1
SPTB,0,0,0,0,0,1
PPBP,0,0,0,0,0,1
MROH7,0,0,0,0,0,1
LOC100507424,0,0,0,0,0,1
MYRIP,0,0,0,0,0,1
CA12,0,0,0,0,0,1
FH,0,0,0,0,0,1
RYK,0,0,0,0,0,1
LST1,0,0,0,0,0,1
TKTL1,0,0,0,0,0,1
HEXIM1,0,0,0,0,0,1
DGCR2,0,0,0,0,0,1
SFTPD,0,0,0,0,0,1
PRODH,0,0,0,0,0,1
PACRG,0,0,0,0,0,1
PPIL6,0,0,0,0,0,1
KLHL35,0,0,0,0,0,1
ABCB9,0,0,0,0,0,1
FTH1,0,0,1,1,0,1
GRM5,0,0,0,0,0,1
XIST,0,0,0,0,0,1
MAP4K1,0,0,0,0,0,1
ALMS1,0,0,0,0,0,1
DNAH7,0,0,0,0,0,1
PRSS53,0,0,0,0,0,1
TNFRSF4,0,0,0,0,0,1
DNAH17,0,0,0,0,0,1
CYP3A5,0,0,0,0,0,1
PCGF2,0,0,0,0,0,1
GAL,0,0,0,0,0,1
MINK1,0,0,0,0,0,1
CLN5,0,0,0,0,0,1
DTNB,0,0,0,0,0,1
MAGEA4,0,0,0,0,0,1
ATP10A,0,0,0,0,0,1
AKR7A2,0,0,0,0,0,1
POLR2C,0,0,0,0,0,1
EFCAB11,0,0,0,0,0,1
ITGA8,0,0,0,0,0,1
MTMR4,0,1,0,0,0,1
SLC49A3,0,0,0,0,0,1
RPL12,0,0,0,0,0,1
NPRL3,0,0,0,0,0,1
ACAA1,0,0,0,0,0,1
KLF12,0,0,0,0,0,1
HNRNPA1,0,0,0,0,0,1
TOP3A,0,0,0,0,0,1
RPS9,0,0,0,0,0,1
CYP2A6,0,0,0,0,0,1
CCN3,0,0,0,0,0,1
UPF3A,0,0,0,0,0,1
GP2,0,0,0,0,0,1
TPT1,0,0,0,0,0,1
TSFM,0,0,0,0,0,1
IDH3G,0,0,0,0,0,1
THTPA,0,0,0,0,0,1
ATXN7L1,0,0,0,0,0,1
DDC,0,0,0,0,0,1
TACR2,0,0,0,0,0,1
KRAS,1,1,0,0,0,1
C1orf105,0,0,0,0,0,1
MTERF4,0,0,0,0,0,1
TPM3,0,0,0,0,0,1
RASGRP2,0,0,0,0,0,1
TSSK2,0,0,0,0,0,1
ERN2,1,0,0,0,0,1
PPFIBP1,0,0,0,0,0,1
CTRL,0,0,0,0,0,1
SEPTIN7P11,0,0,0,0,0,1
UNC93A,0,0,0,0,0,1
KLHDC3,0,0,0,0,0,1
MUC5AC,0,0,0,0,0,1
SLC5A12,0,0,0,0,0,1
IRGC,0,0,0,0,0,1
KRT4,0,0,0,0,0,1
PAX1,0,0,0,0,0,1
SPDEF,0,0,0,0,0,1
CTRB2,0,0,0,0,0,1
CT62,0,0,0,0,0,1
CHAF1A,0,0,0,0,0,1
NOP2,0,0,0,0,0,1
MTMR6,0,0,0,0,0,1
GLA,0,0,0,0,0,1
GMPS,0,0,0,0,0,1
ATP1A3,0,0,0,0,0,1
SELENBP1,0,0,0,0,0,1
HSPA12A,0,0,0,0,0,1
RALA,0,0,0,0,0,1
FBXL2,0,0,0,0,0,1
SHMT2,0,0,0,0,0,1
HLX,0,0,0,0,0,1
NAT1,0,0,0,0,0,1
PIAS2,0,0,0,0,0,1
ELL2,0,0,0,0,0,1
ETS1,0,0,0,0,0,1
CTSW,1,0,0,0,0,1
BCAT1,0,0,0,0,0,1
IFI44,0,0,0,0,0,1
ADAMTS2,0,0,0,0,0,1
HOXA2,0,0,0,0,0,1
TRAF3IP1,0,0,0,0,0,1
LSAMP,0,0,0,0,0,1
LBP,0,0,0,0,0,1
GJA5,0,0,0,0,0,1
GPR65,1,0,0,0,0,1
MYH6,0,0,0,0,0,1
H2AC8,0,0,0,1,0,1
KLRB1,0,0,0,0,0,1
LHB,0,0,0,0,0,1
PMS2P3,0,0,0,0,0,1
PRKAB2,0,0,0,0,0,1
TFF2,0,0,0,0,0,1
MLLT1,0,0,0,0,0,1
SPP2,0,0,0,0,0,1
GFRA3,0,0,0,0,0,1
ETV3,0,0,0,0,0,1
ZBTB25,0,0,0,0,0,1
SIGMAR1,0,0,0,0,0,1
ODF1,0,0,0,0,0,1
FSHB,0,0,0,0,0,1
ARSF,0,0,0,0,0,1
SSTR3,0,0,0,0,0,1
SPG7,0,0,0,0,0,1
CACNG2,0,0,0,0,0,1
ASIP,0,0,0,0,0,1
MACROH2A1,0,0,0,1,0,1
H2BC11,0,0,0,0,0,1
ABO,0,0,0,0,0,1
ACKR5,0,0,0,0,0,1
CREM,0,0,0,0,0,1
GPR20,0,0,0,0,0,1
OR1E1,0,0,0,0,0,1
KRTAP5-9,0,0,0,0,0,1
PDHA2,0,0,0,0,0,1
RLN2,0,0,0,0,0,1
FOXC2,0,0,0,0,0,1
HES2,0,0,0,0,0,1
CEBPE,0,0,0,0,0,1
GHRH,0,0,0,0,0,1
PQBP1,0,0,0,0,0,1
TSHB,0,0,0,0,0,1
EPB41,0,0,0,0,0,1
POU5F1B,0,0,0,0,0,1
CMA1,0,0,0,0,0,1
H1-5,1,0,0,0,0,1
SLURP1,0,0,0,0,0,1
H1-3,1,0,0,0,0,1
RGS6,0,0,0,0,0,1
SERPINB10,0,0,0,0,0,1
H2BC17,0,0,0,0,0,1
H2AC13,0,0,0,1,0,1
ADCY10,0,0,0,0,0,1
SPRR1A,0,0,0,0,0,1
TNPO3,0,0,0,0,0,1
CD7,0,0,0,0,0,1
RABEP1,1,0,0,0,0,1
SSTR5,0,0,0,0,0,1
SSTR4,0,0,0,0,0,1
PTTG2,0,0,0,0,0,1
GPR12,0,0,0,0,0,1
FPR3,0,0,0,0,0,1
LILRP2,0,0,0,0,0,1
PCDHGC3,0,0,0,0,0,1
SMR3A,0,0,0,0,0,1
TPSD1,0,0,0,0,0,1
IFNA5,0,0,0,1,0,1
FGF3,0,0,0,0,0,1
INSL3,0,0,0,0,0,1
AZU1,0,0,0,0,0,1
KRT36,0,0,0,0,0,1
MAP1B,0,0,0,0,0,1
NIPAL3,0,0,0,0,0,1
PDE3B,0,0,0,0,0,1
DDI2,0,0,0,0,0,1
VPS52,0,0,0,0,0,1
COL8A1,0,0,0,0,0,1
FGF12,0,0,0,0,0,1
KLHL4,0,0,0,0,0,1
ATP8B1,0,0,0,0,0,1
KCNG1,0,0,0,0,0,1
CHRM3,0,0,0,0,0,1
SSTR2,0,0,0,0,0,1
CLDN8,0,0,0,0,0,1
IVL,0,0,0,0,0,1
TEAD1,0,0,0,0,0,1
TPH1,0,0,0,0,0,1
COL4A4,0,0,0,0,0,1
HOXD11,0,0,0,0,0,1
CMKLR2,0,0,0,0,0,1
TSPAN2,0,0,0,0,0,1
PAK3,0,0,0,0,0,1
EYA1,0,0,0,0,0,1
PHOX2A,0,0,0,0,0,1
CYP11B1,0,0,0,0,0,1
MAGEA6,0,0,0,0,0,1
GPR3,0,0,0,0,0,1
MNX1,0,0,0,0,0,1
P2RY10,0,0,0,0,0,1
PRF1,1,0,0,0,0,1
CRHR1,0,0,0,0,0,1
PAM,0,0,0,0,0,1
GYS2,0,0,0,0,0,1
CYP21A2,0,0,0,0,0,1
FBXW4P1,0,0,0,0,0,1
UPK1A,0,0,0,0,0,1
EPX,0,0,0,0,0,1
NHLH1,0,0,0,0,0,1
CYP11B2,0,0,0,0,0,1
ZBTB33,0,0,0,0,0,1
NRP2,0,0,0,0,0,1
SOX3,0,0,0,0,0,1
CLDN9,0,0,0,0,0,1
CALCB,0,0,0,0,0,1
OSM,0,0,0,0,0,1
HOXA1,0,0,0,0,0,1
GPX5,0,0,0,0,0,1
DRD1,0,0,0,0,0,1
GPR6,0,0,0,0,0,1
NEAT1,0,0,0,0,0,1
TMED7,0,0,0,0,0,1
ITGA1,0,0,0,0,0,1
NOP14,0,0,0,0,0,1
WDR43,0,0,0,0,0,1
DSTYK,0,0,0,0,0,1
IREB2,0,0,0,0,0,1
SPRYD7,0,0,0,0,0,1
ZKSCAN1,0,0,0,0,0,1
ABR,0,0,0,0,0,1
TTLL5,0,0,0,0,0,1
USP19,0,0,0,0,0,1
MUC3A,0,0,0,0,0,1
ZFX,0,0,0,0,0,1
MEF2A,1,0,0,0,0,1
ZNF266,0,0,0,0,0,1
TAF1B,0,0,0,0,0,1
MINDY2,0,0,0,0,0,1
NBPF10,0,0,0,0,0,1
MIR22HG,0,0,0,0,0,1
PTBP3,0,0,0,0,0,1
RIF1,0,0,0,0,0,1
MAN2B2,0,0,0,0,0,1
PATJ,0,0,0,0,0,1
CCNB1,0,0,0,0,0,1
GATC,0,0,0,0,0,1
SNX29P2,0,0,0,0,0,1
ZNF394,0,0,0,0,0,1
ZNF160,0,0,0,0,0,1
LINC01963,0,0,0,0,0,1
SLC46A3,0,0,0,0,0,1
CDC42EP4,0,0,0,0,0,1
NOTCH2NLA,0,0,0,0,0,1
ANKRD36,0,0,0,0,0,1
DIXDC1,0,0,0,0,0,1
SBSPON,0,0,0,0,0,1
POLR1F,0,0,0,0,0,1
GLG1,0,0,0,0,0,1
SP1,0,0,0,0,0,1
YIPF1,0,0,0,0,0,1
EXPH5,0,0,0,0,0,1
IPCEF1,0,0,0,0,0,1
LRCH3,0,0,0,0,0,1
ZNF131,0,0,0,0,0,1
CEP131,0,0,0,0,0,1
CUX1,0,0,0,0,0,1
PLCH1,0,0,0,0,0,1
ZNF467,0,0,0,0,0,1
ARMCX6,0,0,0,0,0,1
ZNF468,0,0,0,0,0,1
TET3,0,0,0,0,0,1
UAP1L1,0,0,0,0,0,1
DCAF4,0,0,0,0,0,1
ZNF337,0,0,0,0,0,1
ZNF423,0,0,0,0,0,1
ACOT11,0,0,0,0,0,1
NAAA,0,0,0,0,0,1
AHCTF1,0,0,0,0,0,1
HSPB6,0,0,0,0,0,1
CLCN4,0,0,0,0,0,1
MSR1,0,0,0,0,0,1
MPRIP,0,0,0,0,0,1
KIAA1549L,0,0,0,0,0,1
TIPRL,0,0,0,0,0,1
N4BP3,0,0,0,0,0,1
MEGF8,0,0,0,0,0,1
VPS13A,0,0,0,0,0,1
MAP3K1,0,0,0,0,0,1
DENND4A,0,0,0,0,0,1
DDN,0,0,0,0,0,1
SP140L,0,0,0,0,0,1
TRMT9B,0,0,0,0,0,1
CDK18,0,0,0,0,0,1
CDH6,0,0,0,0,0,1
BICD1,0,0,0,0,0,1
RIMBP2,0,0,0,0,0,1
MOB1A,0,0,0,0,0,1
ZNF75D,0,0,0,0,0,1
FAAP24,0,0,0,0,0,1
UNC13A,0,0,0,0,0,1
CCDC57,0,0,0,0,0,1
IQSEC2,0,0,0,0,0,1
BRWD1,0,0,0,0,0,1
BRINP2,0,0,0,0,0,1
ZNF204P,0,0,0,0,0,1
NALF1,0,0,0,0,0,1
PDE12,0,0,0,0,0,1
PARD6B,0,0,0,0,0,1
SLC38A6,0,0,0,0,0,1
ELK4,0,0,0,0,0,1
HNF4A,0,0,0,0,0,1
TMEM63A,0,0,0,0,0,1
PWAR5,0,0,0,0,0,1
SFT2D2,0,0,0,0,0,1
MIR124-1HG,0,0,0,0,0,1
TOM1L2,0,0,0,0,0,1
CNIH3,0,0,0,0,0,1
DOK5,0,0,0,0,0,1
ALPK3,0,0,0,0,0,1
KCTD20,0,0,0,0,0,1
FSTL4,0,0,0,0,0,1
SLC9A7,0,0,0,0,0,1
DOT1L,0,0,0,0,0,1
PIWIL1,0,0,0,0,0,1
LRP5L,0,0,0,0,0,1
TUBGCP5,0,0,0,0,0,1
CDKAL1,0,0,0,0,0,1
UBTF,0,0,0,0,0,1
FAM149A,0,0,0,0,0,1
CACTIN,0,0,0,0,0,1
ZNF780B,0,0,0,0,0,1
ZNF8,0,0,0,0,0,1
SYT2,0,0,0,0,0,1
ZNF41,0,0,0,0,0,1
N4BP2L1,0,0,0,0,0,1
CEACAM21,0,0,0,0,0,1
APOM,0,0,0,0,0,1
BRD2,0,0,0,0,0,1
ADAMTS3,0,0,0,0,0,1
FAM13C,0,0,0,0,0,1
ZNF362,0,0,0,0,0,1
ZNF484,0,0,0,0,0,1
ITGBL1,0,0,0,0,0,1
SLITRK5,0,0,0,0,0,1
CACNA1A,0,0,0,0,0,1
ATP9B,0,0,0,0,0,1
LRCH1,0,0,0,0,0,1
AFDN,0,0,0,0,0,1
SMG6,0,0,0,0,0,1
SLC26A10P,0,0,0,0,0,1
SUSD5,0,0,0,0,0,1
TMPRSS6,0,0,0,0,0,1
AAK1,0,0,0,0,0,1
ACTL8,0,0,0,0,0,1
MTUS2,0,0,0,0,0,1
SPATA2L,0,0,0,1,0,1
DDX51,0,0,0,0,0,1
CXCL5,0,0,0,0,0,1
PPFIA4,0,0,0,0,0,1
TTTY15,0,0,0,0,0,1
SON,0,0,0,0,0,1
PIGO,0,0,0,0,0,1
DNASE2,1,0,0,0,0,1
ASPHD1,0,0,0,0,0,1
APOBEC3F,0,0,0,0,0,1
SCAI,0,0,0,0,0,1
FEZ2,0,0,0,0,0,1
DGCR9,0,0,0,0,0,1
SUGP1,0,0,0,0,0,1
NECAB2,0,0,0,0,0,1
THAP9-AS1,0,0,0,0,0,1
BRSK2,1,0,0,0,0,1
SNHG3,0,0,0,0,0,1
BICDL1,0,0,0,0,0,1
FNBP1L,0,0,0,0,0,1
CEP295,0,0,0,0,0,1
ZNF528,0,0,0,0,0,1
ZNF33B,0,0,0,0,0,1
PEX1,0,0,0,0,0,1
CCZ1B,0,0,0,0,0,1
SEMA6A,1,0,0,0,0,1
RNF126,0,0,0,0,0,1
TM4SF1,0,0,0,0,0,1
CELF3,0,0,0,0,0,1
KANSL1L,0,0,0,0,0,1
TRIM58,0,0,0,0,0,1
ZNF280B,0,0,0,0,0,1
CD163,0,0,0,0,0,1
FRMPD4,0,0,0,0,0,1
EPOR,0,0,0,0,0,1
EOLA2-DT,0,0,0,0,0,1
DENND5B,0,0,0,0,0,1
EEF1AKMT2,0,0,0,0,0,1
FBXL18,0,0,0,0,0,1
H2AC6,0,0,0,1,0,1
GRB2,0,0,0,0,0,1
MINAR1,0,0,0,0,0,1
LRRC42,0,0,0,0,0,1
DLEC1,0,0,0,0,0,1
SDHC,0,0,0,0,0,1
GTF3A,0,0,0,0,0,1
NSDHL,0,0,0,0,0,1
SPICE1,0,0,0,0,0,1
ADTRP,0,0,0,0,0,1
DPY19L1P1,0,0,0,0,0,1
NRIP2,0,0,0,0,0,1
MBL1P,0,0,0,0,0,1
TSC22D1,0,0,0,0,0,1
MCF2L2,0,0,0,0,0,1
DNM1,0,0,0,0,0,1
RAG2,0,0,0,0,0,1
MYO16,0,0,0,0,0,1
TBX6,0,0,0,0,0,1
NPIPB3,0,0,0,0,0,1
ZNF550,0,0,0,0,0,1
PIK3C2G,0,0,0,0,0,1
PI4K2A,0,0,0,0,0,1
EXOSC8,0,0,0,0,0,1
NOP14-AS1,0,0,0,0,0,1
H2AP,0,0,0,0,0,1
DPY19L2P2,0,0,0,0,0,1
TTC28,0,0,0,0,0,1
YOD1,0,0,0,0,0,1
NOS1AP,0,0,0,0,0,1
PABPC1,0,0,0,0,0,1
DEDD,1,0,0,0,0,1
UMPS,0,0,0,0,0,1
CEP152,0,0,0,0,0,1
TIMM17A,0,0,0,0,0,1
ITGA6,0,0,0,0,0,1
CDH22,0,0,0,0,0,1
PMS2P4,0,0,0,0,0,1
REPS1,0,0,0,0,0,1
DLST,0,0,0,0,0,1
REXO5,0,0,0,0,0,1
WDR62,0,0,0,0,0,1
SNORA21,0,0,0,0,0,1
ACP1,0,0,0,0,0,1
NHLH2,1,0,0,0,0,1
ZNF273,0,0,0,0,0,1
ANO3,0,0,0,0,0,1
LIMS3,0,0,0,0,0,1
IGSF9B,0,0,0,0,0,1
CADM4,0,0,0,0,0,1
EMX1,0,0,0,0,0,1
DNAH3,0,0,0,0,0,1
SLC8A2,0,0,0,0,0,1
LFNG,0,0,0,0,0,1
TNN,0,0,0,0,0,1
TADA3,0,0,0,0,0,1
SLC12A3,0,0,0,0,0,1
TRAF3IP3,0,0,0,0,0,1
WFDC8,0,0,0,0,0,1
PPFIA3,0,0,0,0,0,1
LINC00667,0,0,0,0,0,1
PHTF1,0,0,0,0,0,1
TRPC2,0,0,0,0,0,1
ZNF749,0,0,0,0,0,1
SYCE1L,0,0,0,0,0,1
ZNF529,0,0,0,0,0,1
ZNF674,0,0,0,0,0,1
ZNF549,0,0,0,0,0,1
ATP8B3,0,0,0,0,0,1
RUNDC3B,0,0,0,0,0,1
LUZP2,0,0,0,0,0,1
SEMA3D,0,0,0,0,0,1
CBARP,0,0,0,0,0,1
MYH15,0,0,0,0,0,1
GSTM1,0,0,0,0,0,1
EFR3B,0,0,0,0,0,1
DNAH6,0,0,0,0,0,1
RABGAP1L,0,0,0,0,0,1
CCDC88C,0,0,0,0,0,1
BTBD18,0,0,0,0,0,1
PELP1,0,0,0,0,0,1
POU2F3,0,0,0,0,0,1
TDRD12,0,0,0,0,0,1
ZNF37BP,0,0,0,0,0,1
ZNF44,0,0,0,0,0,1
KIAA1614,0,0,0,0,0,1
NEB,0,0,0,0,0,1
GGCT,0,0,0,0,0,1
TNNT2,0,0,0,0,0,1
ADGRV1,0,0,0,0,0,1
OS9,0,0,0,0,0,1
ASTN2,0,0,0,0,0,1
TRAF3IP2,0,0,0,0,0,1
STOML2,0,0,0,0,0,1
EXOC6B,0,0,0,0,0,1
ZFR2,0,0,0,0,0,1
IHH,0,0,0,0,0,1
ZNF428,0,0,0,0,0,1
GK2,0,0,0,0,0,1
ACSM1,0,0,0,0,0,1
BEX4,0,0,0,0,0,1
LOX,0,0,0,0,0,1
TSPO2,0,0,0,0,0,1
SUMO4,0,0,0,0,0,1
ZNRF4,0,0,0,0,0,1
OR7E24,0,0,0,0,0,1
ABCA12,0,0,0,0,0,1
GTF2H2B,0,0,0,0,0,1
EIF2B4,0,0,0,0,0,1
PRPS1L1,0,0,0,0,0,1
IBA57,0,0,0,0,0,1
SNX29,0,0,0,0,0,1
DUSP10,0,0,0,0,0,1
SPINT3,0,0,0,0,0,1
DIRAS3,0,0,0,0,0,1
ETV2,0,0,0,0,0,1
LAMB4,0,0,0,0,0,1
PYGO1,0,0,0,0,0,1
STXBP5L,0,0,0,0,0,1
SGSM3,0,0,0,0,0,1
PHC3,0,0,0,0,0,1
SORCS3,0,0,0,0,0,1
ZNF391,0,0,0,0,0,1
KHDRBS2,0,0,0,0,0,1
DIP2A,0,0,0,0,0,1
ZNF492,0,0,0,0,0,1
AGPAT1,0,0,0,0,0,1
HLA-DQB2,0,0,0,0,0,1
LARGE1,0,0,0,0,0,1
SCFD1,0,0,0,0,0,1
CTAGE9,0,0,0,0,0,1
ABCC6,0,0,0,0,0,1
LYPLA2,0,0,0,0,0,1
FCF1,0,0,0,0,0,1
ACVR2B-AS1,0,0,0,0,0,1
LTN1,0,0,0,0,0,1
GUSBP3,0,0,0,0,0,1
FBXW12,0,0,0,0,0,1
FGD2,0,0,0,0,0,1
ERC1,0,0,0,0,0,1
KDM4B,0,0,0,0,0,1
BRMS1,1,0,0,0,0,1
NEUROG2,0,0,0,0,0,1
CEP41,0,0,0,0,0,1
SH2D3C,0,0,0,0,0,1
FLCN,0,0,0,0,0,1
EPHA5,0,0,0,0,0,1
SCAND2P,0,0,0,0,0,1
ASCC2,0,0,0,0,0,1
TFAP2B,0,0,0,0,0,1
SHBG,0,0,0,0,0,1
GPAA1,0,0,0,0,0,1
IFT25,0,0,0,0,0,1
DDX27,0,0,0,0,0,1
SEC16A,0,0,0,0,0,1
FLG,0,0,0,0,0,1
PRNP,0,0,1,0,0,1
PRIM2,0,0,0,0,0,1
IGFALS,0,0,0,0,0,1
SLC6A2,0,0,0,0,0,1
ATP2B1,0,0,0,0,0,1
DGCR11,0,0,0,0,0,1
MPHOSPH9,0,0,0,0,0,1
DTX2,0,0,0,0,0,1
IZUMO4,0,0,0,0,0,1
TSC2,0,1,0,0,0,1
USF2,0,0,0,0,0,1
RCC1,0,0,0,0,0,1
GORASP1,0,1,0,0,0,1
BTG2-DT,0,0,0,0,0,1
ANKRD53,0,0,0,0,0,1
ZNF804A,0,0,0,0,0,1
SUCLG2,0,0,0,0,0,1
INSRR,0,0,0,0,0,1
H2BC8,0,0,0,0,0,1
RAB40AL,0,0,0,0,0,1
ALPL,0,0,0,0,0,1
CD1E,0,0,0,0,0,1
CYFIP2,1,0,0,0,0,1
AJAP1,0,0,0,0,0,1
DNAJC11,0,0,0,0,0,1
MTMR7,0,0,0,0,0,1
GLUD2,0,0,0,1,0,1
MYH7B,0,0,0,0,0,1
PLXNB1,0,0,0,0,0,1
NUDT7,0,0,0,0,0,1
ZNF835,0,0,0,0,0,1
LILRA5,0,0,0,0,0,1
DNAH2,0,0,0,0,0,1
GUCA1B,0,0,0,0,0,1
TLL2,0,0,0,0,0,1
HERC2P3,0,0,0,0,0,1
CFAP70,0,0,0,0,0,1
SIGLEC15,0,0,0,0,0,1
SYT12,0,0,0,0,0,1
PLA2G5,0,0,0,0,0,1
UBQLN2,0,0,0,0,0,1
SSX7,0,0,0,0,0,1
ZNF440,0,0,0,0,0,1
PTGDR,0,0,0,0,0,1
ZNF81,0,0,0,0,0,1
MAST2,0,0,0,0,0,1
SNRNP40,0,0,0,0,0,1
RAD21L1,0,0,0,0,0,1
PSD4,0,0,0,0,0,1
CD72,0,0,0,0,0,1
HHEX,0,0,0,0,0,1
TRIM2,0,0,0,0,0,1
FAM136A,0,0,0,0,0,1
ZMYM5,0,0,0,0,0,1
OAZ1,0,0,0,0,0,1
SLC5A4,0,0,0,0,0,1
GK3,0,0,0,0,0,1
LY9,0,0,0,0,0,1
LOC100130331,0,0,0,0,0,1
ZNF721,0,0,0,0,0,1
IGHMBP2,0,0,0,0,0,1
DXO,0,0,0,0,0,1
POLR1HASP,0,0,0,0,0,1
CBX2,0,0,0,0,0,1
BCL6,0,0,0,0,0,1
PRAMEF12,0,0,0,0,0,1
FUT3,0,0,0,0,0,1
ZXDB,0,0,0,0,0,1
CYP2C9,0,0,0,0,0,1
POLE,0,0,0,0,0,1
SEMG2,0,0,0,0,0,1
ERGIC3,0,0,0,0,0,1
ZNF280A,0,0,0,0,0,1
TCF7L2,0,0,0,0,0,1
CCDC144A,0,0,0,0,0,1
FAM182A,0,0,0,0,0,1
CYP2C19,0,0,0,0,0,1
DAAM1,0,0,0,0,0,1
HBBP1,0,0,0,0,0,1
ANKRD34C,0,0,0,0,0,1
FADS3,0,0,0,0,0,1
SPATA31F2P,0,0,0,0,0,1
SV2C,0,0,0,0,0,1
SLC7A8,0,0,0,0,0,1
MTMR1,0,0,0,0,0,1
HTR7P1,0,0,0,0,0,1
SPEF1,0,0,0,0,0,1
GARNL3,0,0,0,0,0,1
RIMS1,0,0,0,0,0,1
MAP2K7,1,0,0,0,0,1
ATF6B,0,0,0,0,0,1
LINC00939,0,0,0,0,0,1
TRIOBP,0,0,0,0,0,1
RBFOX2,0,0,0,0,0,1
AQP6,0,0,0,0,0,1
CPN2,0,0,0,0,0,1
TAF4B,0,0,0,0,0,1
B2M,0,0,0,0,0,1
MCM5,0,0,0,0,0,1
PVT1,0,0,0,0,0,1
TCEA1,0,0,0,0,0,1
POLR2J2,0,0,0,0,0,1
LPXN,0,0,0,0,0,1
TTLL12,0,0,0,0,0,1
SERPINB13,0,0,0,0,0,1
LAMB2,0,0,0,0,0,1
MYH7,0,0,0,0,0,1
TMEM115,0,0,0,0,0,1
ADAM3A,0,0,0,0,0,1
ZNF460,0,0,0,0,0,1
CYSLTR1,0,0,0,0,0,1
CLTA,0,0,0,0,0,1
XRCC3,0,0,0,0,0,1
GCFC2,0,0,0,0,0,1
PTBP1,0,0,0,0,0,1
DGKB,0,0,0,0,0,1
GRHPR,0,0,0,0,0,1
TAOK1,1,0,0,0,0,1
RHCE,0,0,0,0,0,1
MST1,0,0,0,0,0,1
NR3C1,1,0,0,0,0,1
TUBA3D,1,0,0,0,0,1
HDAC3,0,0,0,0,0,1
POU6F1,0,0,0,0,0,1
YIPF3,0,0,0,0,0,1
SEC14L3,0,0,0,0,0,1
PPP1R13B,1,0,0,0,0,1
RPS17,0,0,0,0,0,1
ZNF10,0,0,0,0,0,1
PCDHGA3,0,0,0,0,0,1
MUC7,0,0,0,0,0,1
AKR7A3,0,0,0,0,0,1
LOXL3,0,0,0,0,0,1
LTB4R,0,0,0,0,0,1
KLHL1,0,0,0,0,0,1
GYPB,0,0,0,0,0,1
SCAPER,0,0,0,0,0,1
SEC14L4,0,0,0,0,0,1
ATXN8OS,0,0,0,0,0,1
OR2B2,0,0,0,0,0,1
GALK2,0,0,0,0,0,1
HOXB9,0,0,0,0,0,1
TRPM3,0,0,0,0,0,1
SF3A1,0,0,0,0,0,1
SLC66A3,0,0,0,0,0,1
ZNF682,0,0,0,0,0,1
TAPT1,0,0,0,0,0,1
OR2B6,0,0,0,0,0,1
ATXN3L,0,0,0,0,0,1
GS1-600G8.3,0,0,0,0,0,1
RBMY2FP,0,0,0,0,0,1
TBC1D22B,0,0,0,0,0,1
KIR2DS4,0,0,0,0,0,1
PRR14L,0,0,0,0,0,1
FOXL1,0,0,0,0,0,1
GJB4,0,0,0,0,0,1
POM121L2,0,0,0,0,0,1
FZD8,0,0,0,0,0,1
GNAT3,0,0,0,0,0,1
MAGEC3,0,0,0,0,0,1
PIGC,0,0,0,0,0,1
AKR1C1,0,0,0,0,0,1
FAM186A,0,0,0,0,0,1
LINC02249,0,0,0,0,0,1
CCL2,0,0,0,0,0,1
SLC22A6,0,0,0,0,0,1
AOC4P,0,0,0,0,0,1
FARSA,0,0,0,0,0,1
HTR3A,0,0,0,0,0,1
MAG,0,0,0,0,0,1
GTPBP10,0,0,0,0,0,1
ARHGEF10,0,0,0,0,0,1
TOX3,1,0,0,0,0,1
B4GALT1,0,0,0,0,0,1
DR1,0,0,0,0,0,1
DHFRP3,0,0,0,0,0,1
MYO7B,0,0,0,0,0,1
ZMYND10,0,0,0,0,0,1
KIR3DL3,0,0,0,0,0,1
ANKRD36BP2,0,0,0,0,0,1
OR7C1,0,0,0,0,0,1
PRODH2,0,0,0,0,0,1
KLK1,0,0,0,0,0,1
TAF1,0,0,0,0,0,1
KRIT1,0,0,0,0,0,1
CYP2U1,0,0,0,0,0,1
SLC25A30,0,0,0,0,0,1
VENTXP1,0,0,0,0,0,1
DCLK2,0,0,0,0,0,1
GATM,0,0,0,0,0,1
PYHIN1,0,0,0,0,0,1
USP53,0,0,0,0,0,1
CFAP74,0,0,0,0,0,1
CYLC1,0,0,0,0,0,1
KRTAP4-7,0,0,0,0,0,1
OR2H1,0,0,0,0,0,1
OR2J2,0,0,0,0,0,1
MPL,0,0,0,0,0,1
ERBB2,0,0,0,0,0,1
KMT2D,0,0,0,0,0,1
SNRPN,0,0,0,0,0,1
GDF11,0,0,0,0,0,1
ATP8B2,0,0,0,0,0,1
TEX41,0,0,0,0,0,1
IL17A,1,0,0,0,0,1
PRB4,0,0,0,0,0,1
GABRG3,0,0,0,0,0,1
FAM76A,0,0,0,0,0,1
CHRNA4,0,0,0,0,0,1
MICU1,0,0,0,0,0,1
ST14,0,0,0,0,0,1
RRP12,0,0,0,0,0,1
KRT35,0,0,0,0,0,1
CDKL5,0,0,0,0,0,1
DRD2,0,0,0,0,0,1
FCGR1A,0,0,0,0,0,1
LMNB2,1,0,0,0,0,1
ATP5PO,0,0,0,0,0,1
IVD,0,0,0,0,0,1
ZNF133,0,0,0,0,0,1
RPAIN,0,0,0,0,0,1
NPAS1,0,0,0,0,0,1
ZNF224,0,0,0,0,0,1
GRM8,0,0,0,0,0,1
RUNX2,0,0,0,0,0,1
FASTKD2,1,0,0,0,0,1
ADAM5,0,0,0,0,0,1
ADAM15,0,0,0,0,0,1
PGK2,0,0,0,0,0,1
GBX1,0,0,0,0,0,1
AZGP1P1,0,0,0,0,0,1
TMEM212,0,0,0,0,0,1
KRT84,0,0,0,0,0,1
MFN1,0,0,0,0,0,1
AGER,0,0,0,0,0,1
FAM13A,0,0,0,0,0,1
HOMER2,0,0,0,0,0,1
KPLCE,0,0,0,0,0,1
RPL7,0,0,0,0,0,1
UBXN7,0,0,0,0,0,1
DIMT1,0,0,0,0,0,1
MUC4,0,0,0,0,0,1
KIAA0930,0,0,0,0,0,1
SLC35E2B,0,0,0,0,0,1
PMCHL1,0,0,0,0,0,1
CTH,0,0,0,0,0,1
CAMK1G,0,0,0,0,0,1
CYP2B6,0,0,0,0,0,1
VDAC1,1,0,0,1,0,1
UBB,1,1,0,1,0,1
TRAT1,0,0,0,0,0,1
TNK1,0,0,0,0,0,1
TSPY1,0,0,0,0,0,1
HERPUD1,0,0,0,0,0,1
PRDM1,0,0,0,0,0,1
MTRF1L,0,0,0,0,0,1
BTNL3,0,0,0,0,0,1
CEACAM3,0,0,0,0,0,1
SFXN3,0,0,0,0,0,1
MAST1,0,0,0,0,0,1
ZNF154,0,0,0,0,0,1
PRAMEF10,0,0,0,0,0,1
SERHL2,0,0,0,0,0,1
NDRG3,0,0,0,0,0,1
MYO9B,0,0,0,0,0,1
RBBP4,0,0,0,0,0,1
OR2F2,0,0,0,0,0,1
OR1F2P,0,0,0,0,0,1
OR7A10,0,0,0,0,0,1
KRT3,0,0,0,0,0,1
DISC1,0,0,0,0,0,1
CTAGE11P,0,0,0,0,0,1
OR2J3,0,0,0,0,0,1
PRICKLE3,0,0,0,0,0,1
HLA-DRB6,0,0,0,0,0,1
PRAMEF11,0,0,0,0,0,1
ZHX3,0,0,0,0,0,1
MDM2,1,0,0,0,0,1
NTRK3,0,0,0,0,0,1
KYNU,0,0,0,0,0,1
UBE2NL,0,0,0,0,0,1
MT4,0,0,0,0,0,1
GAPDH,1,0,0,0,0,1
ZNF227,0,0,0,0,0,1
PPIL2,0,0,0,0,0,1
MS4A1,0,0,0,0,0,1
HIRA,0,0,0,0,0,1
COL10A1,0,0,0,0,0,1
MC2R,0,0,0,0,0,1
TACC1,0,0,0,0,0,1
CADM3-AS1,0,0,0,0,0,1
B3GALT2,0,0,0,0,0,1
HLA-E,0,0,0,0,0,1
TNP2,0,0,0,0,0,1
HLA-DMA,0,0,0,0,0,1
NCR2,0,0,0,0,0,1
PTENP1,0,0,0,0,0,1
IDE,0,0,0,0,0,1
IFIT2,1,0,0,0,0,1
STK17B,1,0,0,0,0,1
ABCA6,0,0,0,0,0,1
ARK2N,0,0,0,0,0,1
GRIK5,0,0,0,0,0,1
CRX,0,0,0,0,0,1
KAZALD1,0,0,0,0,0,1
KNG1,0,0,0,0,0,1
MILR1,0,0,0,0,0,1
CACNA1S,0,0,0,0,0,1
LOC283683,0,0,0,0,0,1
KCNV2,0,0,0,0,0,1
OLFML1,0,0,0,0,0,1
CLCA2,0,0,0,0,0,1
NXPE3,0,0,0,0,0,1
ZNF816,0,0,0,0,0,1
MT1M,0,0,0,0,0,1
ZNF675,0,0,0,0,0,1
OR7E14P,0,0,0,0,0,1
STEAP1B,0,0,0,0,0,1
RPL10L,0,0,0,0,0,1
CALCA,0,0,0,0,0,1
BRINP3,0,0,0,0,0,1
TGM4,0,0,0,0,0,1
EDDM3A,0,0,0,0,0,1
CDH8,0,0,0,0,0,1
RAB40A,0,0,0,0,0,1
TRPA1,0,0,0,0,0,1
ZSWIM1,0,0,0,0,0,1
SCUBE3,0,0,0,0,0,1
USP27X,0,0,0,0,0,1
SREK1IP1,0,0,0,0,0,1
ERICH1,0,0,0,0,0,1
TIMM50,0,0,0,0,0,1
MYLK3,0,0,0,0,0,1
ZNF573,0,0,0,0,0,1
POLG,0,0,0,0,0,1
SKA1,0,0,0,0,0,1
COX16,0,0,0,0,0,1
SIX5,0,0,0,0,0,1
ZNF234,0,0,0,0,0,1
ZNF813,0,0,0,0,0,1
SEC14L1P1,0,0,0,0,0,1
LRRC75B,0,0,0,0,0,1
ZBTB7C,0,0,0,0,0,1
PLEKHA2,0,0,0,0,0,1
SLC7A11,0,0,1,0,0,1
HBE1,0,0,0,0,0,1
SLC16A3,0,0,0,0,0,1
CNPY4,0,0,0,0,0,1
SEC61A1,0,0,0,0,0,1
EIF3L,0,0,0,0,0,1
CHCHD2,0,0,0,0,0,1
NGRN,0,0,0,0,0,1
SERBP1,0,0,0,0,0,1
COPZ1,0,0,0,0,0,1
VPS35,0,0,0,0,0,1
S100A6,0,0,0,0,0,1
TLE5,0,0,0,0,0,1
TMBIM1,0,0,0,0,0,1
ITM2B,0,0,0,0,0,1
TMSB10,0,0,0,0,0,1
WDR6,0,0,0,0,0,1
EIF2AK1,0,0,0,0,0,1
RTF2,0,0,0,0,0,1
NAMPT,0,0,0,0,0,1
RPL7A,0,0,0,0,0,1
WAC,0,0,0,0,0,1
TMEM30A,0,0,0,0,0,1
PERP,1,0,0,0,0,1
NAA50,0,0,0,0,0,1
PDCD6IP,1,0,0,1,0,1
ADIPOR1,0,0,0,0,0,1
COPG1,0,0,0,0,0,1
UBE2Z,1,0,0,0,0,1
GSTK1,0,0,0,0,0,1
CNDP2,0,0,0,0,0,1
RPS26,0,0,0,0,0,1
DDX56,0,0,0,0,0,1
JPT1,0,0,0,0,0,1
SERF2,0,0,0,0,0,1
A2M,0,0,0,0,0,1
TM9SF3,0,0,0,0,0,1
TRIM44,0,0,0,0,0,1
ADI1,0,0,0,0,0,1
RAB31,0,0,0,0,0,1
NRBP1,0,0,0,0,0,1
TMEM50A,0,0,0,0,0,1
C3,0,0,0,0,0,1
RTRAF,0,0,0,0,0,1
POMP,0,0,0,0,0,1
PIGT,0,0,0,0,0,1
GOLM1,0,0,0,0,0,1
MTCH2,0,0,0,0,0,1
COXFA4,0,0,0,0,0,1
TRMT112,0,0,0,0,0,1
RDH11,0,0,0,0,0,1
HACD3,0,0,0,0,0,1
SLC39A1,0,0,0,0,0,1
ZNF106,0,0,0,0,0,1
GPS1,0,0,0,0,0,1
YPEL5,0,0,0,0,0,1
YKT6,0,1,0,0,0,1
PRMT5,0,0,0,0,0,1
GALNT2,0,0,0,0,0,1
SNX6,0,0,0,0,0,1
SSR3,0,0,0,0,0,1
ALDH18A1,0,0,0,0,0,1
SNX5,0,0,0,0,0,1
RAB11B,0,0,0,0,0,1
PRR13,0,0,0,0,0,1
TMEM43,0,0,0,0,0,1
NPLOC4,0,0,0,0,0,1
UFC1,0,0,0,0,0,1
CNOT2,0,0,0,0,0,1
UBE2H,0,0,0,0,0,1
NDFIP1,0,0,0,0,0,1
ATP5F1E,0,0,0,0,0,1
NUCKS1,0,0,0,0,0,1
GOLPH3,0,0,0,0,0,1
ILF3,0,0,0,0,0,1
POLDIP2,0,0,0,0,0,1
NOP53,0,0,0,0,0,1
MAPKAP1,0,0,0,0,0,1
BZW2,0,0,0,0,0,1
LARS1,0,0,0,0,0,1
SELENOT,0,0,0,0,0,1
YTHDF2,0,0,0,0,0,1
SPIN1,0,0,0,0,0,1
CCDC47,0,0,0,0,0,1
SUPT16H,0,0,0,0,0,1
PCNP,0,0,0,0,0,1
ARPC4,0,0,0,0,0,1
GOLGA7,0,0,0,0,0,1
ENAH,0,0,0,0,0,1
WBP11,0,0,0,0,0,1
UBE2J1,0,0,0,0,0,1
SPG21,0,0,0,0,0,1
SLTM,1,0,0,0,0,1
USP39,0,0,0,0,0,1
SYNCRIP,0,0,0,0,0,1
RAB5IF,0,0,0,0,0,1
YY1AP1,0,0,0,0,0,1
CHMP3,1,0,0,1,1,1
EVL,0,0,0,0,0,1
TFG,0,0,0,0,0,1
DDX41,1,0,0,0,0,1
PPME1,0,0,0,0,0,1
MED4,0,0,0,0,0,1
CTDSP1,0,0,0,0,0,1
QARS1,0,0,0,0,0,1
THRAP3,0,0,0,0,0,1
PPA1,0,0,0,0,0,1
CDC42BPB,0,0,0,0,0,1
GNL3,0,0,0,0,0,1
PRELID3B,0,0,0,0,0,1
ARL8B,0,0,0,0,0,1
TNS3,0,0,0,0,0,1
POLR2E,0,0,0,0,0,1
ARMCX3,0,0,0,0,0,1
SLC39A9,0,0,0,0,0,1
NDUFA10,0,0,0,0,0,1
PREB,0,0,0,0,0,1
PIAS1,0,0,0,0,0,1
RNF130,1,0,0,0,0,1
CPSF7,0,0,0,0,0,1
BACE2,0,0,0,0,0,1
METTL9,0,0,0,0,0,1
HSD17B12,0,0,0,0,0,1
CMPK1,0,0,0,0,0,1
MIF,0,0,0,0,0,1
PIH1D1,0,0,0,0,0,1
CAB39,0,0,0,0,0,1
SUCLG1,0,0,0,0,0,1
PMEPA1,0,0,0,0,0,1
GTF3C5,0,0,0,0,0,1
GPBP1L1,0,0,0,0,0,1
CDC27,0,0,0,0,0,1
EMC3,0,0,0,0,0,1
MMADHC,0,0,0,0,0,1
NAT10,0,0,0,0,0,1
IPO9,0,0,0,0,0,1
EPS15,0,0,0,0,0,1
ARFGAP1,0,0,0,0,0,1
CYBRD1,0,0,0,0,0,1
PARVA,0,0,0,0,0,1
RUSF1,0,0,0,0,0,1
LIMA1,0,0,0,0,0,1
AKIRIN1,0,0,0,0,0,1
KCTD3,0,0,0,0,0,1
PTCD3,0,0,0,0,0,1
PSME3IP1,0,0,0,0,0,1
FXYD6,0,0,0,0,0,1
EMC7,0,0,0,0,0,1
TMEM214,1,0,0,0,0,1
IARS2,0,0,0,0,0,1
DSG2,1,0,0,0,0,1
HERC2,0,0,0,0,0,1
STRN4,0,0,0,0,0,1
BACE1,0,0,0,0,0,1
MCMBP,0,0,0,0,0,1
KLHDC2,0,0,0,0,0,1
MRPL18,0,0,0,0,0,1
DCAF6,0,0,0,0,0,1
BAG3,1,0,0,0,0,1
DUS1L,0,0,0,0,0,1
VPS4A,0,0,0,1,0,1
TPCN1,0,0,0,0,0,1
RSL24D1,0,0,0,0,0,1
CYRIB,0,0,0,0,0,1
DYNLRB1,0,0,0,0,0,1
MRPL42,0,0,0,0,0,1
MAN1A2,0,0,0,0,0,1
PEF1,0,0,0,0,0,1
ILRUN,0,0,0,0,0,1
C19orf53,0,0,0,0,0,1
SPCS1,0,0,0,0,0,1
PPP6R3,0,0,0,0,0,1
KIAA0319L,0,0,0,0,0,1
TOLLIP,0,0,0,0,0,1
CNPY3,0,0,0,0,0,1
MRPS7,0,0,0,0,0,1
LAP3,0,0,0,0,0,1
STUB1,0,0,0,1,0,1
UQCC1,0,0,0,0,0,1
ARHGAP5,0,0,0,0,0,1
HDAC7,0,0,0,0,0,1
KCMF1,0,0,0,0,0,1
AFTPH,0,0,0,0,0,1
NAXD,0,0,0,0,0,1
ERBIN,0,0,0,0,0,1
MRPS35,0,0,0,0,0,1
MAP7D1,0,0,0,0,0,1
POMGNT1,0,0,0,0,0,1
BTBD1,0,0,0,0,0,1
SAE1,0,0,0,0,0,1
CMTM6,0,0,0,0,0,1
RTL8A,0,0,0,0,0,1
VKORC1,0,0,0,0,0,1
NOSIP,0,0,0,0,0,1
PHF3,0,0,0,0,0,1
BCL2L13,1,0,0,0,0,1
ENOPH1,0,0,0,0,0,1
CFAP20,0,0,0,0,0,1
TRAPPC4,0,0,0,0,0,1
TOMM22,0,0,0,0,0,1
SLC25A38,0,0,0,0,0,1
NOP10,0,0,0,0,0,1
BEX3,1,0,0,0,0,1
TTC19,0,0,0,0,0,1
SAP30BP,0,0,0,0,0,1
NIBAN1,0,0,0,0,0,1
EIPR1,0,0,0,0,0,1
VPS51,0,0,0,0,0,1
CNOT6,0,0,0,0,0,1
LAMTOR3,0,0,0,0,0,1
CHCHD3,0,0,0,0,0,1
DCXR,0,0,0,0,0,1
TM7SF3,0,0,0,0,0,1
TCEAL9,0,0,0,0,0,1
DYNC1LI1,0,0,0,0,0,1
MSRB1,0,0,0,0,0,1
UBE2Q1,0,0,0,0,0,1
TSPAN13,0,0,0,0,0,1
MRPL16,0,0,0,0,0,1
MORF4L1,0,0,0,0,0,1
RNASET2,0,0,0,0,0,1
BAZ1A,0,0,0,0,0,1
ASNSD1,0,0,0,0,0,1
CCNB1IP1,0,0,0,0,0,1
HSD17B11,0,0,0,0,0,1
GMPR2,0,0,0,0,0,1
SSBP3,0,0,0,0,0,1
EFHD2,0,0,0,0,0,1
MAT2B,0,0,0,0,0,1
INTS11,0,0,0,0,0,1
SQOR,0,0,0,0,0,1
PHLDA1,1,0,0,0,0,1
MRPS2,0,0,0,0,0,1
CXCL14,0,0,0,0,0,1
FKBP3,0,0,0,0,0,1
ZNF22,0,0,0,0,0,1
RPS27L,0,0,0,0,0,1
TMEM248,0,0,0,0,0,1
PRC1,0,0,0,0,0,1
PPDPF,0,0,0,0,0,1
UBL5,0,0,0,0,0,1
TSPYL2,0,0,0,0,0,1
DCTN4,0,0,0,0,0,1
NUP85,0,0,0,0,0,1
WRNIP1,0,0,0,0,0,1
POLR3E,0,0,0,0,0,1
HGSNAT,0,0,0,0,0,1
PDXK,0,0,0,0,0,1
ZFAND3,0,0,0,0,0,1
FAM53C,0,0,0,0,0,1
MPC1,0,0,0,0,0,1
ECI2,0,0,0,0,0,1
COA3,0,0,0,0,0,1
MRPL15,0,0,0,0,0,1
RIPOR1,0,0,0,0,0,1
GIT1,0,0,0,0,0,1
FOXN3,0,0,0,0,0,1
SNN,0,0,0,0,0,1
FIS1,1,0,0,0,0,1
RBM47,0,0,0,0,0,1
NMD3,0,0,0,0,0,1
NUSAP1,0,0,0,0,0,1
PRPF38B,0,0,0,0,0,1
COPS4,0,0,0,0,0,1
AZI2,0,0,0,0,0,1
PTMS,0,0,0,0,0,1
MRPS16,0,0,0,0,0,1
OSBPL9,0,0,0,0,0,1
COMMD3,0,0,0,0,0,1
MRPL13,0,0,0,0,0,1
UFM1,0,0,0,0,0,1
NT5DC2,0,0,0,0,0,1
ATP13A1,0,0,0,0,0,1
PRPF40A,0,0,0,0,0,1
WDR41,0,1,0,0,0,1
BFAR,1,0,0,0,0,1
EMC8,0,0,0,0,0,1
ZNF706,0,0,0,0,0,1
USB1,0,0,0,0,0,1
MEA1,0,0,0,0,0,1
AKAP8L,0,0,0,0,0,1
TMEM9B,0,0,0,0,0,1
SLC12A7,0,0,0,0,0,1
ARGLU1,0,0,0,0,0,1
ZNF672,0,0,0,0,0,1
DCTPP1,0,0,0,0,0,1
GMPPA,0,0,0,0,0,1
MKRN2,0,0,0,0,0,1
COMMD9,0,0,0,0,0,1
NDC1,0,0,0,0,0,1
CIAO2B,0,0,0,0,0,1
AAAS,0,0,0,0,0,1
ARHGAP17,0,0,0,0,0,1
ZDHHC3,0,0,0,0,0,1
GGNBP2,0,0,0,0,0,1
FAF1,1,0,0,0,0,1
UBP1,0,0,0,0,0,1
PTGES2,0,0,0,0,0,1
FXYD5,0,0,0,0,0,1
NPDC1,0,0,0,0,0,1
SORBS1,0,0,0,0,0,1
RRAGC,1,1,0,0,0,1
AAR2,0,0,0,0,0,1
WDR11,0,0,0,0,0,1
AGFG1,0,0,0,0,0,1
ANKRD10,0,0,0,0,0,1
TMEM165,0,0,0,0,0,1
AGPAT5,0,0,0,0,0,1
CUEDC2,0,0,0,0,0,1
ARFGEF2,0,0,0,0,0,1
TEX2,0,0,0,0,0,1
IFT57,1,0,0,0,0,1
DERA,0,0,0,0,0,1
FTSJ3,0,0,0,0,0,1
TEX10,0,0,0,0,0,1
MRPL4,0,0,0,0,0,1
MRPS10,0,0,0,0,0,1
WDR26,0,0,0,0,0,1
UBR7,0,0,0,0,0,1
MFSD1,0,0,0,0,0,1
XAB2,0,0,0,0,0,1
CMAS,0,0,0,0,0,1
MRPS34,0,0,0,0,0,1
CEMIP2,0,0,0,0,0,1
ASF1B,0,0,0,0,0,1
C9orf78,0,0,0,0,0,1
RBX1,0,0,0,0,0,1
TIMM23,0,0,0,0,0,1
HMOX2,0,0,0,0,0,1
SENP2,0,0,0,0,0,1
CFAP298,0,0,0,0,0,1
RETSAT,0,0,0,0,0,1
CCDC25,0,0,0,0,0,1
RMDN3,1,0,0,0,0,1
NFYB,0,0,0,0,0,1
CYBC1,0,0,0,0,0,1
GATAD2A,0,0,0,0,0,1
TSEN34,0,0,0,0,0,1
NIF3L1,0,0,0,0,0,1
RBM22,0,0,0,0,0,1
ERGIC2,0,0,0,0,0,1
SLC25A37,0,0,0,0,0,1
SMAP1,0,0,0,0,0,1
MKKS,0,0,0,0,0,1
AP5M1,0,0,0,0,0,1
SRPRB,0,0,0,0,0,1
UBE2O,0,0,0,0,0,1
CRBN,0,0,0,0,0,1
SCAMP2,0,0,0,0,0,1
INF2,0,0,0,0,0,1
TRIB3,1,0,0,0,0,1
GLT8D1,0,0,0,0,0,1
CENPT,0,0,0,0,0,1
ZNF395,0,0,0,0,0,1
ARL5A,0,0,0,0,0,1
SLC52A2,0,0,0,0,0,1
HMG20A,0,0,0,0,0,1
CARS2,0,0,0,0,0,1
GSDMD,1,0,0,0,1,1
TSR1,0,0,0,0,0,1
CDC42SE1,0,0,0,0,0,1
APPL1,1,0,0,0,0,1
DDRGK1,0,0,0,0,0,1
NDUFA8,0,0,0,0,0,1
CLN6,0,0,0,0,0,1
OLFML3,0,0,0,0,0,1
MCTS1,0,0,0,0,0,1
SPATA20,0,0,0,0,0,1
MEAF6,0,0,0,0,0,1
RSF1,0,0,0,0,0,1
AMZ2,0,0,0,0,0,1
COQ8A,0,0,0,0,0,1
VAC14,0,0,0,0,0,1
ISOC1,0,0,0,0,0,1
VPS4B,0,0,0,1,0,1
DERL1,0,0,0,0,0,1
TMEM254,0,0,0,0,0,1
CCDC92,0,0,0,0,0,1
MAGEF1,0,0,0,0,0,1
CHMP1B,0,0,0,1,0,1
TRAPPC11,0,0,0,0,0,1
EPS8L2,0,0,0,0,0,1
CLDN1,0,0,0,0,0,1
CDIP1,1,0,0,0,0,1
TULP4,0,0,0,0,0,1
ARMC1,0,0,0,0,0,1
RAB25,0,0,0,0,0,1
C8orf33,0,0,0,0,0,1
TIMM13,0,0,0,0,0,1
NANS,0,0,0,0,0,1
UQCR10,0,0,0,0,0,1
LMBRD1,0,0,0,0,0,1
IP6K2,0,0,0,0,0,1
GOLT1B,0,0,0,0,0,1
REXO2,0,0,0,0,0,1
DCPH1,0,0,0,0,0,1
OSTM1,0,0,0,0,0,1
OXR1,0,0,0,0,0,1
DHX32,0,0,0,0,0,1
NOL6,0,0,0,0,0,1
NDUFB2,0,0,0,0,0,1
MRPL44,0,0,0,0,0,1
ALG5,0,0,0,0,0,1
FYCO1,0,0,0,0,0,1
MKNK2,1,0,0,0,0,1
SCAND1,0,0,0,0,0,1
STMN3,0,0,0,0,0,1
SLC66A2,0,0,0,0,0,1
RPRD1A,0,0,0,0,0,1
FN3KRP,0,0,0,0,0,1
MLPH,0,0,0,0,0,1
MOCS2,0,0,0,0,0,1
TMEM258,0,0,0,0,0,1
ATG101,0,1,0,0,0,1
NR1H2,0,0,0,0,0,1
ARL6IP4,0,0,0,0,0,1
SCPEP1,0,0,0,0,0,1
APPL2,0,0,0,0,0,1
LANCL2,0,0,0,0,0,1
MYG1,0,0,0,0,0,1
ARNT,0,0,0,0,0,1
PLEKHO1,0,0,0,0,0,1
PNMA1,0,0,0,0,0,1
ECSIT,0,0,0,0,0,1
NDUFB4,0,0,0,0,0,1
NUBP2,0,0,0,0,0,1
TNKS2,0,0,0,0,0,1
POGK,0,0,0,0,0,1
ARFIP1,0,0,0,0,0,1
NAGK,0,0,0,0,0,1
C1QA,0,0,0,0,0,1
UTP11,0,0,0,0,0,1
PRKD3,0,0,0,0,0,1
SLC38A1,0,0,0,0,0,1
GTPBP4,0,0,0,0,0,1
GOLGA5,0,0,0,0,0,1
KMT5B,0,0,0,0,0,1
RUFY1,0,0,0,0,0,1
NOL8,0,0,0,0,0,1
TSKU,0,0,0,0,0,1
MUL1,1,0,0,0,0,1
MEX3C,0,0,0,0,0,1
FAM111A,0,0,0,0,0,1
ZDHHC6,0,0,0,0,0,1
CNOT7,0,0,0,0,0,1
MID1IP1,0,0,0,0,0,1
CKAP2,1,0,0,0,0,1
EIF2D,0,0,0,0,0,1
SAR1B,0,0,0,0,0,1
FBRS,0,0,0,0,0,1
NUP54,0,0,0,0,0,1
UGGT1,0,0,0,0,0,1
POLR1D,0,0,0,0,0,1
MRTFB,0,0,0,0,0,1
DDA1,0,0,0,0,0,1
AP1M2,0,0,0,0,0,1
RMND5B,0,0,0,0,0,1
ZBED5,0,0,0,0,0,1
BCCIP,0,0,0,0,0,1
SECISBP2,0,0,0,0,0,1
NCS1,0,0,0,0,0,1
CINP,0,0,0,0,0,1
TBC1D15,0,0,0,0,0,1
DROSHA,0,0,0,0,0,1
MRPL24,0,0,0,0,0,1
PARL,0,0,0,0,0,1
TTC38,0,0,0,0,0,1
PDP1,0,0,0,0,0,1
ANKZF1,0,0,0,0,0,1
SLC25A10,0,0,0,0,0,1
SAV1,1,0,0,0,0,1
DHX40,0,0,0,0,0,1
H2AC18,0,0,0,1,0,1
MRPL48,0,0,0,0,0,1
EDEM2,0,0,0,0,0,1
SS18L2,0,0,0,0,0,1
BDH2,0,0,0,0,0,1
RNF7,0,0,0,0,0,1
AGO1,0,0,0,0,0,1
CCDC90B,0,0,0,0,0,1
UBA5,0,0,0,0,0,1
PLEKHJ1,0,0,0,0,0,1
LAMTOR2,0,0,0,0,0,1
PRKAG2,0,0,0,0,0,1
MINDY3,1,0,0,0,0,1
DGLUCY,0,0,0,0,0,1
RNPEPL1,0,0,0,0,0,1
KRCC1,0,0,0,0,0,1
OSBPL11,0,0,0,0,0,1
HERC1,0,0,0,0,0,1
RSAD1,0,0,0,0,0,1
TACC3,0,0,0,0,0,1
CAMK2N1,0,0,0,0,0,1
MAP4K3,0,0,0,0,0,1
ZSCAN18,0,0,0,0,0,1
GALNT7,0,0,0,0,0,1
NKAPD1,0,0,0,0,0,1
CDK5RAP1,0,0,0,0,0,1
TIMM9,0,0,0,0,0,1
NLK,0,0,0,0,0,1
PELI1,0,0,0,1,0,1
NDUFB11,0,0,0,0,0,1
STYXL1,0,0,0,0,0,1
ACSL5,0,0,1,0,0,1
SPATS2,0,0,0,0,0,1
DIDO1,1,0,0,0,0,1
LGR4,0,0,0,0,0,1
SNAP29,0,1,0,0,0,1
COQ4,0,0,0,0,0,1
NAV2,0,0,0,0,0,1
TASOR2,0,0,0,0,0,1
BEX1,0,0,0,0,0,1
DERL2,0,0,0,0,0,1
THOC7,0,0,0,0,0,1
PFDN2,0,0,0,0,0,1
FHIP2B,0,0,0,0,0,1
PHC1,0,0,0,0,0,1
MRPL22,0,0,0,0,0,1
UBA6,0,0,0,0,0,1
PPCS,0,0,0,0,0,1
ERMP1,0,0,0,0,0,1
GTF3C3,0,0,0,0,0,1
RCOR3,0,0,0,0,0,1
TMEM176A,0,0,0,0,0,1
SESN1,0,0,0,0,0,1
TYW1,0,0,0,0,0,1
ZC3H7A,0,0,0,0,0,1
ZWILCH,0,0,0,0,0,1
GMNN,0,0,0,0,0,1
COMMD8,0,0,0,0,0,1
RCBTB1,0,0,0,0,0,1
RGS5,0,0,0,0,0,1
TRAPPC2L,0,0,0,0,0,1
KIF4A,0,0,0,0,0,1
TIMM8B,0,0,0,0,0,1
CRELD2,0,0,0,0,0,1
NRSN2,0,0,0,0,0,1
GOLPH3L,0,0,0,0,0,1
DIS3,0,0,0,0,0,1
EXD2,0,0,0,0,0,1
DARS2,0,0,0,0,0,1
METTL17,0,0,0,0,0,1
USP21,0,0,0,1,0,1
TNFRSF12A,1,0,0,0,0,1
EXOSC1,0,0,0,0,0,1
S100PBP,0,0,0,0,0,1
PSPC1,0,0,0,0,0,1
MED9,0,0,0,0,0,1
AKTIP,1,0,0,0,0,1
FERRY3,0,0,0,0,0,1
NUDT9,0,0,0,0,0,1
MICAL1,0,0,0,0,0,1
RWDD2B,0,0,0,0,0,1
PRKRIP1,0,0,0,0,0,1
RBM7,0,0,0,0,0,1
U2AF2,0,0,0,0,0,1
HAUS4,0,0,0,0,0,1
CARHSP1,0,0,0,0,0,1
USP16,0,0,0,0,0,1
PGLS,0,0,0,0,0,1
APH1A,0,0,0,0,0,1
FAM204A,0,0,0,0,0,1
SNF8,0,0,0,0,0,1
SFXN1,0,0,0,0,0,1
SMU1,0,0,0,0,0,1
ROGDI,0,0,0,0,0,1
ACTR6,0,0,0,0,0,1
VPS13C,0,0,0,0,0,1
FANCL,0,0,0,0,0,1
MRPS30,1,0,0,0,0,1
CDCA4,0,0,0,0,0,1
OAS3,0,0,0,0,0,1
ZNF281,0,0,0,0,0,1
HPS4,0,0,0,0,0,1
TRIAP1,1,0,0,0,0,1
SNX10,0,0,0,0,0,1
ABT1,0,0,0,0,0,1
NENF,0,0,0,0,0,1
TIMM10,0,0,0,0,0,1
DNAJC1,0,0,0,0,0,1
PGP,0,0,0,0,0,1
MBIP,0,0,0,0,0,1
GTF2IRD1,0,0,0,0,0,1
ZNF639,0,0,0,0,0,1
NDE1,0,0,0,0,0,1
VPS33B,0,0,0,0,0,1
SLC48A1,0,0,0,0,0,1
KANK2,1,0,0,0,0,1
TMUB2,0,0,0,0,0,1
PROSER1,0,0,0,0,0,1
CERK,0,0,0,0,0,1
RBM26,0,0,0,0,0,1
VPS54,0,0,0,0,0,1
STEAP3,1,0,1,0,0,1
RNF216,1,0,0,0,0,1
ENTR1,0,0,0,0,0,1
REV1,0,0,0,0,0,1
SHFL,0,0,0,0,0,1
RFX7,0,0,0,0,0,1
VIPAS39,0,0,0,0,0,1
FBXO3,0,0,0,0,0,1
AACS,0,0,0,0,0,1
DNAJC15,0,0,0,0,0,1
SIL1,0,0,0,0,0,1
LZTFL1,0,0,0,0,0,1
MED28,0,0,0,0,0,1
COMMD10,0,0,0,0,0,1
MCCC1,0,0,0,0,0,1
RPAP1,0,0,0,0,0,1
TTC4,0,0,0,0,0,1
DAZAP1,0,0,0,0,0,1
ALG12,0,0,0,0,0,1
MACROH2A2,0,0,0,1,0,1
TVP23B,0,0,0,0,0,1
CMC2,0,0,0,0,0,1
GID8,0,0,0,0,0,1
UFSP2,0,0,0,0,0,1
HEBP1,0,0,0,0,0,1
CDCP1,0,0,0,0,0,1
SMARCAL1,0,0,0,0,0,1
TMEM242,0,0,0,0,0,1
PLBD1,0,0,0,0,0,1
NFS1,0,0,0,0,0,1
CAPRIN2,0,0,0,0,0,1
DNMT3A,0,0,0,0,0,1
GMCL1,0,0,0,0,0,1
TOR3A,0,0,0,0,0,1
DNAAF5,0,0,0,0,0,1
GPN3,0,0,0,0,0,1
RPF1,0,0,0,0,0,1
MUS81,0,0,0,0,0,1
FAM222B,0,0,0,0,0,1
TMEM33,0,0,0,0,0,1
TBC1D17,0,0,0,0,0,1
PSMG2,0,0,0,0,0,1
GREM1,0,0,0,0,0,1
YARS2,0,0,0,0,0,1
BBS1,0,0,0,0,0,1
PELO,0,0,0,0,0,1
COLGALT1,0,0,0,0,0,1
KCTD5,0,0,0,0,0,1
TRMT2A,0,0,0,0,0,1
POMT1,0,0,0,0,0,1
TMEM14A,1,0,0,0,0,1
ZCCHC8,0,0,0,0,0,1
XPO4,0,0,0,0,0,1
AGBL5,0,0,0,0,0,1
EXOSC5,0,0,0,0,0,1
ENY2,0,0,0,0,0,1
IFT46,0,0,0,0,0,1
COXFA4L2,0,0,0,0,0,1
SLC35C1,0,0,0,0,0,1
KLF11,1,0,0,0,0,1
ALAD,0,0,0,0,0,1
EIF2B3,0,0,0,0,0,1
ZNF302,0,0,0,0,0,1
THYN1,0,0,0,0,0,1
THAP7,0,0,0,0,0,1
SNRNP25,0,0,0,0,0,1
SLC2A4RG,0,0,0,0,0,1
UXT,1,0,0,0,0,1
RNASEH1,0,0,0,0,0,1
ERO1A,1,0,0,0,0,1
STK26,1,0,0,0,0,1
THEM6,0,0,0,0,0,1
ARHGEF3,0,0,0,0,0,1
TRPS1,0,0,0,0,0,1
FOCAD,0,0,0,0,0,1
WDR59,0,0,0,0,0,1
GLYR1,0,0,0,0,0,1
HILPDA,0,0,0,0,0,1
DCP1A,0,0,0,0,0,1
RETREG1,0,0,0,0,0,1
PNPO,0,0,0,0,0,1
WDR12,0,0,0,0,0,1
TMA16,0,0,0,0,0,1
SMG8,0,0,0,0,0,1
PAXBP1,0,0,0,0,0,1
BPNT2,0,0,0,0,0,1
JADE1,1,0,0,0,0,1
FAM13B,0,0,0,0,0,1
SLC35A5,0,0,0,0,0,1
TBK1,0,1,0,0,0,1
UBE2W,0,0,0,0,0,1
MAP1S,1,0,0,0,0,1
LHPP,0,0,0,0,0,1
E4F1,0,0,0,0,0,1
APTX,0,0,0,0,0,1
RNF38,0,0,0,0,0,1
CD320,0,0,0,0,0,1
FHOD1,0,0,0,0,0,1
TMEM134,0,0,0,0,0,1
UCKL1,0,0,0,0,0,1
AGGF1,0,0,0,0,0,1
RIOK2,0,0,0,0,0,1
MRS2,0,0,0,0,0,1
FBXO34,0,0,0,0,0,1
TCIM,1,0,0,0,0,1
CEP55,0,0,0,0,0,1
PARP12,0,0,0,0,0,1
RCL1,0,0,0,0,0,1
CCDC91,0,0,0,0,0,1
C1orf115,0,0,0,0,0,1
DHDDS,0,0,0,0,0,1
TEX264,0,0,0,0,0,1
RMDN1,0,0,0,0,0,1
LRRC20,0,0,0,0,0,1
MIIP,0,0,0,0,0,1
ECHDC2,0,0,0,0,0,1
KCTD15,0,0,0,0,0,1
ASH1L,0,0,0,0,0,1
ANAPC2,0,0,0,0,0,1
ORMDL2,0,0,0,0,0,1
NIT2,0,0,0,0,0,1
MRPL39,0,0,0,0,0,1
MAFB,0,0,0,0,0,1
JMJD4,0,0,0,0,0,1
LYRM4,0,0,0,0,0,1
MACO1,0,0,0,0,0,1
NDUFA3,0,0,0,0,0,1
RFWD3,0,0,0,0,0,1
SPOUT1,0,0,0,0,0,1
CHORDC1,0,0,0,0,0,1
DPP3,0,0,0,0,0,1
KBTBD4,0,0,0,0,0,1
CHMP4A,0,0,0,1,1,1
MAGEH1,1,0,0,0,0,1
LMCD1,0,0,0,0,0,1
ANAPC1,0,0,0,0,0,1
DUSP12,0,0,0,0,0,1
LRRC40,0,0,0,0,0,1
CDC73,0,0,0,0,0,1
DHX35,0,0,0,0,0,1
AURKAIP1,0,0,0,0,0,1
ABHD4,0,0,0,0,0,1
MARCHF5,0,0,0,0,0,1
DCUN1D1,0,0,0,0,0,1
TCTN1,0,0,0,0,0,1
DTL,0,0,0,0,0,1
MRGBP,0,0,0,0,0,1
POGLUT1,0,0,0,0,0,1
FAM114A2,0,0,0,0,0,1
LPAR6,0,0,0,0,0,1
TWNK,0,0,0,0,0,1
NOL10,0,0,0,0,0,1
HDHD5,0,0,0,0,0,1
RBM28,0,0,0,0,0,1
HEATR1,0,0,0,0,0,1
TBC1D13,0,0,0,0,0,1
CISD1,0,0,0,0,0,1
RINT1,0,0,0,0,0,1
REC8,0,0,0,0,0,1
LIMD2,0,0,0,0,0,1
URGCP,0,0,0,0,0,1
HAUS6,0,0,0,0,0,1
HECA,0,0,0,0,0,1
LEMD3,0,0,0,0,0,1
TFB2M,0,0,0,0,0,1
ZDHHC7,0,0,0,0,0,1
SDAD1,0,0,0,0,0,1
ATP13A2,0,0,0,0,0,1
NUDT2,1,0,0,0,0,1
CPPED1,0,0,0,0,0,1
IER5,0,0,0,0,0,1
TSSC4,0,0,0,0,0,1
PSD3,0,0,0,0,0,1
RESF1,0,0,0,0,0,1
TMEM39A,0,0,0,0,0,1
INTS12,0,0,0,0,0,1
TRIT1,0,0,0,0,0,1
FNDC3B,0,0,0,0,0,1
SUV39H1,0,0,0,0,0,1
HEMK1,0,0,0,0,0,1
NUP37,0,0,0,0,0,1
NSG2,0,0,0,0,0,1
CENPBD2P,0,0,0,0,0,1
NRN1,0,0,0,0,0,1
EIF4ENIF1,0,0,0,0,0,1
DRAM1,1,0,0,0,0,1
WASHC3,0,0,0,0,0,1
SMO,1,0,0,0,0,1
MKS1,0,0,0,0,0,1
AVPI1,0,0,0,0,0,1
HECTD3,0,0,0,0,0,1
ABHD10,0,0,0,0,0,1
PHLDA3,1,0,0,0,0,1
MAN1B1,0,0,0,0,0,1
IMPACT,0,0,0,0,0,1
SPON2,0,0,0,0,0,1
ZXDC,0,0,0,0,0,1
PLEKHF2,0,0,0,0,0,1
CHCHD7,0,0,0,0,0,1
CRIPT,0,0,0,0,0,1
PLEK2,0,0,0,0,0,1
ZNF277,0,0,0,0,0,1
HPF1,0,0,0,0,0,1
YRDC,0,0,0,0,0,1
CRTC3,0,0,0,0,0,1
NEMF,0,0,0,0,0,1
DGCR8,0,0,0,0,0,1
LARP6,0,0,0,0,0,1
PIGG,0,0,0,0,0,1
SLC25A15,0,0,0,0,0,1
MRPS33,0,0,0,0,0,1
CWC25,0,0,0,0,0,1
LHFPL6,0,0,0,0,0,1
RAPGEFL1,0,0,0,0,0,1
ACTR8,0,0,0,0,0,1
ASXL2,0,0,0,0,0,1
DYSF,0,0,0,0,0,1
NCAPG,0,0,0,0,0,1
MECR,0,0,0,0,0,1
FZD4,0,0,0,0,0,1
STX17,0,1,0,0,0,1
PJA1,0,0,0,0,0,1
RAP2C,0,0,0,0,0,1
PUS1,0,0,0,0,0,1
ATP5IF1,0,0,0,0,0,1
SCNM1,0,0,0,0,0,1
ATG7,0,1,1,0,0,1
TRAPPC13,0,0,0,0,0,1
SLC22A17,0,0,0,0,0,1
PCTP,0,0,0,0,0,1
S100A14,1,0,0,0,0,1
NES,0,0,0,0,0,1
VPS28,0,0,0,0,0,1
SDF2L1,0,0,0,0,0,1
SLC4A1AP,0,0,0,0,0,1
PTBP2,0,0,0,0,0,1
LRRC8D,0,0,0,0,0,1
SMUG1,0,0,0,0,0,1
RHBDF1,0,0,0,0,0,1
MUC13,0,0,0,0,0,1
TKFC,0,0,0,0,0,1
SYBU,0,0,0,0,0,1
TSPAN15,0,0,0,0,0,1
ARMCX1,0,0,0,0,0,1
EXOSC4,0,0,0,0,0,1
EIF2AK3,1,1,0,0,0,1
NCKIPSD,0,0,0,0,0,1
APIP,1,0,0,0,0,1
RAB29,0,0,0,0,0,1
LACTB2,0,0,0,0,0,1
SARS2,0,0,0,0,0,1
SEC22A,0,0,0,0,0,1
RNF43,0,0,0,0,0,1
SNX24,0,0,0,0,0,1
GRAMD2B,0,0,0,0,0,1
NXT1,0,0,0,0,0,1
IFT52,0,0,0,0,0,1
TTC27,0,0,0,0,0,1
CAVIN2,0,0,0,0,0,1
AIRIM,0,0,0,0,0,1
ICE2,0,0,0,0,0,1
PRR14,0,0,0,0,0,1
UTP6,0,0,0,0,0,1
MTO1,0,0,0,0,0,1
P3H2,0,0,0,0,0,1
PDGFC,0,0,0,0,0,1
SEZ6L2,0,0,0,0,0,1
ODR4,0,0,0,0,0,1
CCDC51,0,0,0,0,0,1
RGCC,0,0,0,0,0,1
TGIF2,0,0,0,0,0,1
SLC25A22,0,0,0,0,0,1
HJURP,0,0,0,0,0,1
CNIH4,0,0,0,0,0,1
LXN,0,0,0,0,0,1
OGN,0,0,0,0,0,1
VWA1,0,0,0,0,0,1
PTRH2,1,0,0,0,0,1
MSL2,0,0,0,0,0,1
ZNF544,0,0,0,0,0,1
PALMD,0,0,0,0,0,1
SBNO1,0,0,0,0,0,1
RNF138,0,0,0,0,0,1
ABHD5,0,0,0,0,0,1
CDK5RAP3,0,0,0,0,0,1
CENPM,0,0,0,0,0,1
CIAO3,0,0,0,0,0,1
CHMP6,0,0,0,1,1,1
PACSIN3,0,0,0,0,0,1
TMEM161A,0,0,0,0,0,1
TAPBPL,0,0,0,0,0,1
EXOC5,0,0,0,0,0,1
SLC8B1,0,0,0,0,0,1
TAF1D,0,0,0,0,0,1
FBXW7,0,0,0,0,0,1
ZMAT5,0,0,0,0,0,1
XKR8,1,0,0,0,0,1
NOL9,0,0,0,0,0,1
KIF20A,0,0,0,0,0,1
DHRS11,0,0,0,0,0,1
UPF3B,0,0,0,0,0,1
RRP1,0,0,0,0,0,1
COQ6,0,0,0,0,0,1
RNF111,0,0,0,0,0,1
ZNF574,0,0,0,0,0,1
STX18,0,0,0,0,0,1
WARS2,0,0,0,0,0,1
REXO4,0,0,0,0,0,1
NUP107,0,0,0,0,0,1
ANKRA2,0,0,0,0,0,1
TMEM39B,0,0,0,0,0,1
PANK4,0,0,0,0,0,1
TMEM38B,0,0,0,0,0,1
MSRB2,0,0,0,0,0,1
DCPS,0,0,0,0,0,1
WWC2,0,0,0,0,0,1
TMEM62,0,0,0,0,0,1
REEP4,0,0,0,0,0,1
HOOK2,0,0,0,0,0,1
SMC6,0,0,0,0,0,1
ATAD2,0,0,0,0,0,1
SAYSD1,0,0,0,0,0,1
IFT22,0,0,0,0,0,1
NT5DC3,0,0,0,0,0,1
CWF19L1,0,0,0,0,0,1
SMYD3,0,0,0,0,0,1
C11orf71,0,0,0,0,0,1
TMLHE,0,0,0,0,0,1
KATNBL1,0,0,0,0,0,1
BSPRY,0,0,0,0,0,1
SCML1,0,0,0,0,0,1
TXNL4B,0,0,0,0,0,1
ACP6,0,0,0,0,0,1
FERMT1,0,0,0,0,0,1
SIRT7,0,0,0,0,0,1
KRI1,0,0,0,0,0,1
GPN2,0,0,0,0,0,1
SRD5A3,0,0,0,0,0,1
UGGT2,0,0,0,0,0,1
MCUB,0,0,0,0,0,1
CHFR,0,0,0,0,0,1
ANO1,0,0,0,0,0,1
GIMAP5,0,0,0,0,0,1
VAV3,0,0,0,0,0,1
PANK2,0,0,0,0,0,1
ZC3H12A,1,0,0,0,0,1
ORAI2,0,0,0,0,0,1
SH3GLB2,0,0,0,0,0,1
PACC1,0,0,0,0,0,1
TMEM51,0,0,0,0,0,1
LRRC1,0,0,0,0,0,1
FHL3,0,0,0,0,0,1
INTS6,0,0,0,0,0,1
C14orf132,0,0,0,0,0,1
KCTD9,0,0,0,0,0,1
PNMA8A,0,0,0,0,0,1
EGFL7,0,0,0,0,0,1
SLC35F2,0,0,0,0,0,1
CEP192,0,0,0,0,0,1
CHD7,0,0,0,0,0,1
RPL26L1,0,0,0,0,0,1
FCGRT,0,0,0,0,0,1
ARRB1,0,0,0,0,0,1
MAP3K20,0,0,0,0,0,1
TMEM132A,0,0,0,0,0,1
SFTPA2,0,0,0,0,0,1
UBE2D4,0,0,0,0,0,1
TTC31,0,0,0,0,0,1
NADSYN1,0,0,0,0,0,1
ASB8,0,0,0,0,0,1
RPAP3,0,0,0,0,0,1
FNDC4,0,0,0,0,0,1
ACSF2,0,0,0,0,0,1
DUSP22,0,0,0,0,0,1
MED23,0,0,0,0,0,1
IGF2BP2,0,0,0,0,0,1
THOC6,1,0,0,0,0,1
PPP1R13L,1,0,0,0,0,1
LIMD1,0,0,0,0,0,1
WDR33,0,0,0,0,0,1
PPP2R3C,0,0,0,0,0,1
MOSPD1,0,0,0,0,0,1
DSE,0,0,0,0,0,1
TPRA1,0,0,0,0,0,1
TNFRSF21,1,0,0,0,0,1
ASRGL1,0,0,0,0,0,1
DEPTOR,0,1,0,0,0,1
ESF1,0,0,0,0,0,1
NOC4L,0,0,0,0,0,1
RNF25,0,0,0,0,0,1
ASB13,0,0,0,0,0,1
MTARC1,0,0,0,0,0,1
POLR3K,0,0,0,0,0,1
SPRING1,0,0,0,0,0,1
ACTR3B,0,0,0,0,0,1
MLYCD,0,0,0,0,0,1
ARHGAP15,0,0,0,0,0,1
TESC,0,0,0,0,0,1
GON4L,0,0,0,0,0,1
ATAT1,0,0,0,0,0,1
FBXO5,0,0,0,0,0,1
TPPP3,0,0,0,0,0,1
TRMT11,0,0,0,0,0,1
SIRT1,1,0,0,0,0,1
MTHFSD,0,0,0,0,0,1
FOSL2,0,0,0,0,0,1
WDR3,0,0,0,0,0,1
CENPU,0,0,0,0,0,1
GUF1,0,0,0,0,0,1
GALNT12,0,0,0,0,0,1
PAK1IP1,0,0,0,0,0,1
MRPL2,0,0,0,0,0,1
NETO2,0,0,0,0,0,1
NOC3L,0,0,0,0,0,1
MRPL35,0,0,0,0,0,1
ISOC2,0,0,0,0,0,1
MAGOHB,0,0,0,0,0,1
GPATCH3,0,0,0,0,0,1
NCBP3,0,0,0,0,0,1
TMEM177,0,0,0,0,0,1
TLCD3A,0,0,0,0,0,1
BAALC,0,0,0,0,0,1
CNNM4,0,0,0,0,0,1
PLSCR4,0,0,0,0,0,1
NOTCH1,1,0,0,0,0,1
NABP2,0,0,0,0,0,1
C9orf40,0,0,0,0,0,1
INTS8,0,0,0,0,0,1
KLC2,0,0,0,0,0,1
LRRC61,0,0,0,0,0,1
ASPSCR1,0,0,0,0,0,1
RPS6KC1,0,0,0,0,0,1
ANO10,0,0,0,0,0,1
YEATS4,0,0,0,0,0,1
GCC1,0,0,0,0,0,1
GMIP,0,0,0,0,0,1
METTL25B,0,0,0,0,0,1
NF2,0,0,0,0,0,1
ZNF768,0,0,0,0,0,1
MAN1C1,0,0,0,0,0,1
ZFAND1,0,0,0,0,0,1
FAM193B,0,0,0,0,0,1
SIGIRR,0,0,0,0,0,1
CERS4,0,0,0,0,0,1
CTBS,0,0,0,0,0,1
CFAP68,0,0,0,0,0,1
MYNN,0,0,0,0,0,1
CHST12,0,0,0,0,0,1
SLC37A1,0,0,0,0,0,1
CDKN2AIP,0,0,0,0,0,1
TMEM106B,0,0,0,0,0,1
RAB17,0,0,0,0,0,1
ZNHIT6,0,0,0,0,0,1
HSPB7,0,0,0,0,0,1
EHD3,0,0,0,0,0,1
CCDC59,0,0,0,0,0,1
ZSCAN32,0,0,0,0,0,1
FBXL15,0,0,0,0,0,1
VCPKMT,0,0,0,0,0,1
PIP4K2C,0,0,0,0,0,1
RIGI,0,0,0,0,0,1
PYCR3,0,0,0,0,0,1
METTL22,0,0,0,0,0,1
NFU1,0,0,0,0,0,1
MTPAP,0,0,0,0,0,1
QRSL1,0,0,0,0,0,1
ARAP3,0,0,0,0,0,1
PLCXD1,0,0,0,0,0,1
PCSK1N,0,0,0,0,0,1
PCYOX1L,0,0,0,0,0,1
BRF2,0,0,0,0,0,1
PTCD1,0,0,0,0,0,1
PAAF1,0,0,0,0,0,1
HOXC10,0,0,0,0,0,1
TMPRSS4,0,0,0,0,0,1
PNKP,0,0,0,0,0,1
TMEM168,0,0,0,0,0,1
KRT23,0,0,0,0,0,1
ARID3B,0,0,0,0,0,1
TUT1,0,0,0,0,0,1
MYO5C,0,0,0,0,0,1
PTER,0,0,0,0,0,1
ZFP64,0,0,0,0,0,1
PAM16,0,0,0,0,0,1
CUTC,0,0,0,0,0,1
WDR91,0,0,0,0,0,1
TTC17,0,0,0,0,0,1
EFL1,0,0,0,0,0,1
SOBP,0,0,0,0,0,1
COL5A3,0,0,0,0,0,1
DNAJC12,0,0,0,0,0,1
TRNAU1AP,0,0,0,0,0,1
RMI1,0,0,0,0,0,1
FHOD3,0,0,0,0,0,1
SDHAF3,0,0,0,0,0,1
C1RL,0,0,0,0,0,1
PUS7,0,0,0,0,0,1
SLC2A8,0,0,0,0,0,1
DDX60,0,0,0,0,0,1
ATF7IP,0,0,0,0,0,1
SLC35E3,0,0,0,0,0,1
SLC30A5,0,0,0,0,0,1
SPRR3,0,0,0,0,0,1
PLGRKT,0,0,0,0,0,1
MRM3,0,0,0,0,0,1
STAG3L4,0,0,0,0,0,1
EDN1,0,0,0,0,0,1
TFPT,1,0,0,0,0,1
POLR1E,0,0,0,0,0,1
ABITRAM,0,0,0,0,0,1
TMEM140,0,0,0,0,0,1
DSCC1,0,0,0,0,0,1
DCAF10,0,0,0,0,0,1
FASTKD1,0,0,0,0,0,1
MANEA,0,0,0,0,0,1
MIS18A,0,0,0,0,0,1
TMEM59L,0,0,0,0,0,1
NDUFAF4,0,0,0,0,0,1
NUP43,0,0,0,0,0,1
LDAH,0,0,0,0,0,1
C14orf93,0,0,0,0,0,1
INAVA,0,0,0,0,0,1
PLEKHA4,0,0,0,0,0,1
EMSY,0,0,0,0,0,1
GALNT11,0,0,0,0,0,1
PLAC8,0,0,0,0,0,1
FASTKD5,0,0,0,0,0,1
ETNK1,0,0,0,0,0,1
CCDC85C,0,0,0,0,0,1
HS1BP3,0,0,0,0,0,1
RNF121,0,0,0,0,0,1
C12orf43,0,0,0,0,0,1
AP1AR,0,0,0,0,0,1
PLEKHA1,0,0,0,0,0,1
CD248,0,0,0,0,0,1
RASAL2,0,0,0,0,0,1
MYO9A,0,0,0,0,0,1
TMEM267,0,0,0,0,0,1
TPRKB,0,0,0,0,0,1
NIP7,0,0,0,0,0,1
OPN3,0,0,0,0,0,1
PARP8,0,0,0,0,0,1
PARP16,0,0,0,0,0,1
RNF34,1,0,0,0,0,1
CEP70,0,0,0,0,0,1
RRP15,0,0,0,0,0,1
MORC4,0,0,0,0,0,1
CORO7,0,0,0,0,0,1
REPIN1,0,0,0,0,0,1
THNSL2,0,0,0,0,0,1
RHOF,0,0,0,0,0,1
ZNF668,0,0,0,0,0,1
PIGN,0,0,0,0,0,1
CSGALNACT1,0,0,0,0,0,1
ZNHIT2,0,0,0,0,0,1
METRN,0,0,0,0,0,1
HPS6,0,0,0,0,0,1
VPS37C,0,0,0,0,0,1
SRBD1,0,0,0,0,0,1
RNASEH2B,0,0,0,0,0,1
TINAGL1,0,0,0,0,0,1
LYVE1,0,0,0,0,0,1
NTAQ1,0,0,0,0,0,1
LAGE3,0,0,0,0,0,1
ZCCHC2,0,0,0,0,0,1
C1orf35,0,0,0,0,0,1
ITIH5,0,0,0,0,0,1
PPCDC,0,0,0,0,0,1
NSMCE4A,0,0,0,0,0,1
ATAD3A,0,0,0,0,0,1
ANKRD49,0,0,0,0,0,1
MOSPD3,0,0,0,0,0,1
HGH1,0,0,0,0,0,1
BCL7C,1,0,0,0,0,1
OSBPL10,0,0,0,0,0,1
TMEM184C,0,0,0,0,0,1
PXMP2,0,0,0,0,0,1
WWOX,1,0,0,0,0,1
GPATCH2,0,0,0,0,0,1
CYB5R4,0,0,0,0,0,1
CTPS2,0,0,0,0,0,1
ANKHD1,0,0,0,0,0,1
AMDHD2,0,0,0,0,0,1
SHQ1,0,0,0,0,0,1
NSD1,0,0,0,0,0,1
GEMIN7,0,0,0,0,0,1
ZNF839,0,0,0,0,0,1
ASPN,0,0,0,0,0,1
ZNF576,0,0,0,0,0,1
SLC24A3,0,0,0,0,0,1
MMRN2,0,0,0,0,0,1
IPPK,0,0,0,0,0,1
PID1,0,0,0,0,0,1
ARMC7,0,0,0,0,0,1
MYBBP1A,0,0,0,0,0,1
TIGAR,1,0,0,0,0,1
STN1,0,0,0,0,0,1
ABHD8,0,0,0,0,0,1
RCN3,0,0,0,0,0,1
RNF141,0,0,0,0,0,1
ORC6,0,0,0,0,0,1
KLHL41,0,0,0,0,0,1
SPAG16,0,0,0,0,0,1
GAR1,0,0,0,0,0,1
DDX54,0,0,0,0,0,1
HSD17B14,0,0,0,0,0,1
C3orf18,0,0,0,0,0,1
IL20RA,0,0,0,0,0,1
DCUN1D2,0,0,0,0,0,1
FKBP11,0,0,0,0,0,1
LSM8,0,0,0,0,0,1
WDCP,0,0,0,0,0,1
ESRP1,0,0,0,0,0,1
THG1L,0,0,0,0,0,1
ZNF232,0,0,0,0,0,1
TTI2,0,0,0,0,0,1
SLC50A1,0,0,0,0,0,1
PHF10,0,0,0,0,0,1
PRR15L,0,0,0,0,0,1
C2orf42,0,0,0,0,0,1
SAP30L,0,0,0,0,0,1
TRMT13,0,0,0,0,0,1
UBIAD1,0,0,0,0,0,1
PELI2,0,0,0,0,0,1
OXSM,0,0,0,0,0,1
ADGRL4,0,0,0,0,0,1
LMF1,0,0,0,0,0,1
MFF,0,0,0,0,0,1
CROCCP3,0,0,0,0,0,1
RBP4,0,0,0,0,0,1
AMBRA1,0,1,0,0,0,1
RASL11B,0,0,0,0,0,1
DUSP26,0,0,0,0,0,1
ADGRL1,0,0,0,0,0,1
TEFM,0,0,0,0,0,1
NMRK1,0,0,0,0,0,1
PBK,0,0,0,0,0,1
DBR1,0,0,0,0,0,1
PODXL2,0,0,0,0,0,1
THSD4,0,0,0,0,0,1
TMEM120B,0,0,0,0,0,1
PITPNC1,0,0,0,0,0,1
SYNJ2BP,0,0,0,0,0,1
KLHL2,0,0,0,0,0,1
NAA15,0,0,0,0,0,1
SLAMF7,0,0,0,0,0,1
MRPL11,0,0,0,0,0,1
ZNF562,0,0,0,0,0,1
ATG2B,0,1,0,0,0,1
PDLIM2,0,0,0,0,0,1
DNAAF2,0,0,0,0,0,1
RASL12,0,0,0,0,0,1
TFB1M,0,0,0,0,0,1
FSD1,0,0,0,0,0,1
ZNF236,0,0,0,0,0,1
UBTD1,0,0,0,0,0,1
IFT74,0,0,0,0,0,1
SLC41A3,0,0,0,0,0,1
MAIP1,0,0,0,0,0,1
BRIX1,0,0,0,0,0,1
QTRT2,0,0,0,0,0,1
DACT1,0,0,0,0,0,1
PEX26,0,0,0,0,0,1
LIPG,0,0,0,0,0,1
TMEM231,0,0,0,0,0,1
CYTH4,0,0,0,0,0,1
TIMM22,0,0,0,0,0,1
SIRT5,0,0,0,0,0,1
ZBTB7A,0,0,0,0,0,1
FKBPL,0,0,0,0,0,1
MACROD1,0,0,0,0,0,1
FBXL6,0,0,0,0,0,1
AGO4,0,0,0,0,0,1
BIN2,0,0,0,0,0,1
UBAP2,0,0,0,0,0,1
WDR70,0,0,0,0,0,1
SEMA4G,0,0,0,0,0,1
PPARGC1A,0,0,0,0,0,1
SCG3,0,0,0,0,0,1
SCUBE2,0,0,0,0,0,1
GTF3C4,0,0,0,0,0,1
AFF4,0,0,0,0,0,1
FASTKD3,0,0,0,0,0,1
TWSG1,0,0,0,0,0,1
RHBDF2,0,0,0,0,0,1
EMC9,0,0,0,0,0,1
SRR,0,0,0,0,0,1
TMBIM4,1,0,0,0,0,1
EDC3,0,0,0,0,0,1
FBXO11,0,0,0,0,0,1
IFIH1,0,0,0,0,0,1
RAB8B,0,0,0,0,0,1
USP18,0,0,0,0,0,1
HSPA14,0,0,0,0,0,1
JAM2,0,0,0,0,0,1
NT5C,0,0,0,0,0,1
SLC39A4,0,0,0,0,0,1
ETAA1,0,0,0,0,0,1
NARS2,0,0,0,0,0,1
BAHCC1,0,0,0,0,0,1
TMEM160,0,0,0,0,0,1
MRPS22,0,0,0,0,0,1
ZBTB38,0,0,0,0,0,1
RBKS,0,0,0,0,0,1
CACFD1,0,0,0,0,0,1
ZNF408,0,0,0,0,0,1
PGBD5,0,0,0,0,0,1
CDK12,0,0,0,0,0,1
CCNJL,0,0,0,0,0,1
ZNF331,0,0,0,0,0,1
SLCO3A1,0,0,0,0,0,1
TMEM100,0,0,0,0,0,1
TGS1,0,0,0,0,0,1
EGLN3,1,0,0,0,0,1
GSDMB,0,0,0,0,0,1
SCRN3,0,0,0,0,0,1
PHACTR4,0,0,0,0,0,1
PAQR6,0,0,0,0,0,1
DNAJB14,0,0,0,0,0,1
PIGV,0,0,0,0,0,1
ZNF654,0,0,0,0,0,1
C10orf88,0,0,0,0,0,1
CEP63,0,0,0,0,0,1
GIMAP4,0,0,0,0,0,1
MRPL46,0,0,0,0,0,1
OGFOD2,0,0,0,0,0,1
ZDHHC14,0,0,0,0,0,1
THUMPD2,0,0,0,0,0,1
FKBP10,0,0,0,0,0,1
FLRT3,0,0,0,0,0,1
DYNC2I1,0,0,0,0,0,1
GEMIN8,0,0,0,0,0,1
TMEM185B,0,0,0,0,0,1
IL17RB,0,0,0,0,0,1
SH3TC1,0,0,0,0,0,1
SPHK1,0,0,0,0,0,1
TIPIN,0,0,0,0,0,1
SEMA4A,0,0,0,0,0,1
ELP5,0,0,0,0,0,1
INTS15,0,0,0,0,0,1
SUV39H2,0,0,0,0,0,1
RNF128,0,0,0,0,0,1
PPP2R3B,0,0,0,0,0,1
MOB3B,0,0,0,0,0,1
ZNF350,0,0,0,0,0,1
GLTP,0,0,0,0,0,1
ETNK2,0,0,0,0,0,1
HMBOX1,0,0,0,0,0,1
CHAC1,1,0,0,0,0,1
GALNT14,0,0,0,0,0,1
CCNK,0,0,0,0,0,1
TSPAN12,0,0,0,0,0,1
PDCD5,1,0,0,0,0,1
CAAP1,1,0,0,0,0,1
OGDHL,0,0,0,0,0,1
MAP3K6,0,0,0,0,0,1
DOCK10,0,0,0,0,0,1
MSRA,0,0,0,0,0,1
TRPV2,0,0,0,0,0,1
C1GALT1C1,0,0,0,0,0,1
HSPBAP1,0,0,0,0,0,1
NIN,0,0,0,0,0,1
RBM15,0,0,0,0,0,1
KCNMB4,0,0,0,0,0,1
CEP15,0,0,0,0,0,1
HEATR3,0,0,0,0,0,1
DAPP1,0,0,0,0,0,1
DTWD1,0,0,0,0,0,1
THAP1,0,0,0,0,0,1
OLA1,0,0,0,0,0,1
CENPQ,0,0,0,0,0,1
PCOLCE2,0,0,0,0,0,1
ZDHHC13,0,0,0,0,0,1
WDR44,0,0,0,0,0,1
ECHDC3,0,0,0,0,0,1
TYW2,0,0,0,0,0,1
CNTNAP2,0,0,0,0,0,1
OBI1,0,0,0,0,0,1
PDGFD,0,0,0,0,0,1
FBXO2,0,0,0,0,0,1
KIF15,0,0,0,0,0,1
PDSS2,0,0,0,0,0,1
AK5,0,0,0,0,0,1
C22orf46P,0,0,0,0,0,1
SYNDIG1,0,0,0,0,0,1
ZBTB10,0,0,0,0,0,1
GRAMD1C,0,0,0,0,0,1
ZNF219,0,0,0,0,0,1
TMEM204,0,0,0,0,0,1
FLVCR2,0,0,0,0,0,1
POLI,0,0,0,0,0,1
MED31,0,0,0,0,0,1
HIF3A,1,0,0,0,0,1
MYO19,0,0,0,0,0,1
PALS1,0,0,0,0,0,1
WRAP73,0,0,0,0,0,1
IL18BP,0,0,0,0,0,1
NOL12,0,0,0,0,0,1
ELAC1,0,0,0,0,0,1
B3GNT2,0,0,0,0,0,1
GPRC5C,0,0,0,0,0,1
DDX31,0,0,0,0,0,1
ATRAID,0,0,0,0,0,1
VANGL1,0,0,0,0,0,1
KLHDC8A,0,0,0,0,0,1
MICALL2,0,0,0,0,0,1
CAPN10,0,0,0,0,0,1
NABP1,0,0,0,0,0,1
ARMCX5,0,0,0,0,0,1
ASCC1,0,0,0,0,0,1
C1orf159,0,0,0,0,0,1
LRRC49,0,0,0,0,0,1
EHMT1,0,0,0,0,0,1
CLN8,1,0,0,0,0,1
CASD1,0,0,0,0,0,1
CDC37L1,0,0,0,0,0,1
SLC29A3,0,0,0,0,0,1
BOLA1,0,0,0,0,0,1
LRFN3,0,0,0,0,0,1
NUDT15,0,0,0,0,0,1
EXOC2,0,0,0,0,0,1
DIABLO,1,0,0,0,0,1
TRAPPC2,0,0,0,0,0,1
HERC6,0,0,0,0,0,1
NHLRC2,0,0,0,0,0,1
KLHL26,0,0,0,0,0,1
RADX,0,0,0,0,0,1
CHMP5,0,0,0,1,0,1
GTPBP1,0,0,0,0,0,1
ADAP2,0,0,0,0,0,1
PGGHG,0,0,0,0,0,1
TRPM4,0,0,0,0,0,1
AEN,1,0,0,0,0,1
NAA35,0,0,0,0,0,1
MTERF3,0,0,0,0,0,1
DHX58,0,0,0,0,0,1
CAMKV,0,0,0,0,0,1
AVEN,1,0,0,0,0,1
NAP1L2,0,0,0,0,0,1
OTUB2,0,0,0,0,0,1
RPRM,0,0,0,0,0,1
KLF2,0,0,0,0,0,1
IFT81,0,0,0,0,0,1
DPM3,0,0,0,0,0,1
CEPT1,0,0,0,0,0,1
GAREM1,0,0,0,0,0,1
NAA16,0,0,0,0,0,1
ZNF358,0,0,0,0,0,1
POLH,0,0,0,0,0,1
CPLANE1,0,0,0,0,0,1
SERTAD3,0,0,0,0,0,1
PRR5L,0,0,0,0,0,1
ADAT1,0,0,0,0,0,1
SLAMF8,0,0,0,0,0,1
CCDC88A,0,0,0,0,0,1
GRHL2,0,0,0,0,0,1
SUSD4,0,0,0,0,0,1
FKBP14,0,0,0,0,0,1
BPNT1,0,0,0,0,0,1
PRR11,0,0,0,0,0,1
PGS1,0,0,0,0,0,1
ESRP2,0,0,0,0,0,1
NEIL1,0,0,0,0,0,1
COQ10B,0,0,0,0,0,1
CIDEC,1,0,0,0,0,1
CNTNAP1,0,0,0,0,0,1
XYLT2,0,0,0,0,0,1
HPSE,0,0,0,0,0,1
EPS8L3,0,0,0,0,0,1
TRIM68,0,0,0,0,0,1
C1orf50,0,0,0,0,0,1
LAMC3,0,0,0,0,0,1
PRMT7,0,0,0,0,0,1
SNIP1,0,0,0,0,0,1
TMEM45A,0,0,0,0,0,1
ELMO3,1,0,0,0,0,1
RAB38,0,0,0,0,0,1
ACBD4,0,0,0,0,0,1
CLSTN2,0,0,0,0,0,1
TTYH1,0,0,0,0,0,1
SCARA3,0,0,0,0,0,1
BORCS6,0,0,0,0,0,1
NHEJ1,0,0,0,0,0,1
RBFA,0,0,0,0,0,1
COA7,0,0,0,0,0,1
TTC33,0,0,0,0,0,1
ESPN,0,0,0,0,0,1
TNFRSF25,1,0,0,0,0,1
EBI3,0,0,0,0,0,1
SULT4A1,0,0,0,0,0,1
AGO3,0,0,0,0,0,1
FAT4,0,0,0,0,0,1
PXMP4,0,0,0,0,0,1
FA2H,0,0,0,0,0,1
ARHGAP10,1,0,0,0,0,1
EVC,0,0,0,0,0,1
BCOR,0,0,0,0,0,1
TREM1,0,0,0,0,0,1
CTC1,0,0,0,0,0,1
EMCN,0,0,0,0,0,1
ANKRD11,0,0,0,0,0,1
NKAIN1,0,0,0,0,0,1
C1GALT1,0,0,0,0,0,1
RAI2,0,0,0,0,0,1
LRRK1,0,0,0,0,0,1
CLUHP3,0,0,0,0,0,1
TASP1,0,0,0,0,0,1
BCORL1,0,0,0,0,0,1
BICRA,0,0,0,0,0,1
RIC8B,0,0,0,0,0,1
SLC35H1,0,0,0,0,0,1
TMEM70,0,0,0,0,0,1
PGCKA1,0,0,0,0,0,1
DPEP2,0,0,0,0,0,1
KLHL36,0,0,0,0,0,1
EGFL6,0,0,0,0,0,1
CFAP69,0,0,0,0,0,1
NSUN3,0,0,0,0,0,1
POLR3B,0,0,0,0,0,1
TMEM127,0,0,0,0,0,1
PAK6,1,0,0,0,0,1
TMEM53,0,0,0,0,0,1
LAMP5,0,0,0,0,0,1
CA14,0,0,0,0,0,1
APOA2,0,0,0,0,0,1
GIN1,0,0,0,0,0,1
CUEDC1,0,0,0,0,0,1
DYNC2H1,0,0,0,0,0,1
CCNJ,0,0,0,0,0,1
CENPO,0,0,0,0,0,1
GDAP2,0,0,0,0,0,1
C3orf52,0,0,0,0,0,1
OSGIN1,0,0,0,0,0,1
WFDC1,0,0,0,0,0,1
POGLUT2,0,0,0,0,0,1
SNAI1,0,0,0,0,0,1
TTC13,0,0,0,0,0,1
SETD4,0,0,0,0,0,1
PORCN,0,0,0,0,0,1
HCFC2,0,0,0,0,0,1
PSMD10,1,0,0,0,0,1
BBS10,0,0,0,0,0,1
A4GALT,0,0,0,0,0,1
NXN,0,0,0,0,0,1
DCLRE1B,0,0,0,0,0,1
LRFN4,0,0,0,0,0,1
CHIC2,0,0,0,0,0,1
SHCBP1,0,0,0,0,0,1
RAD54B,0,0,0,0,0,1
ZNF180,0,0,0,0,0,1
SOWAHC,0,0,0,0,0,1
SEC61A2,0,0,0,0,0,1
CLCF1,0,0,0,0,0,1
ENOX1,0,0,0,0,0,1
NEIL3,0,0,0,0,0,1
TMEM40,0,0,0,0,0,1
RPAP2,0,0,0,0,0,1
ADA2,0,0,0,0,0,1
C1orf54,0,0,0,0,0,1
RSRC1,0,0,0,0,0,1
GCNT3,0,0,0,0,0,1
MYOZ1,0,0,0,0,0,1
POLQ,0,0,0,0,0,1
SNCAIP,0,0,0,0,0,1
DSN1,0,0,0,0,0,1
SH2D3A,0,0,0,0,0,1
PRDM10,0,0,0,0,0,1
TRPV4,0,0,0,0,0,1
SIGLEC1,0,0,0,0,0,1
WWC3,0,0,0,0,0,1
B3GAT1,0,0,0,0,0,1
FJX1,0,0,0,0,0,1
TENM3,0,0,0,0,0,1
NDUFAF5,0,0,0,0,0,1
SLC47A1,0,0,0,0,0,1
BCL11B,1,0,0,0,0,1
CLIC3,0,0,0,0,0,1
PALB2,1,0,0,0,0,1
CEP72,0,0,0,0,0,1
ELOVL4,0,0,0,0,0,1
CDKN1C,0,0,0,0,0,1
HUNK,0,0,0,0,0,1
DLL3,0,0,0,0,0,1
GEMIN6,0,0,0,0,0,1
ZNF267,0,0,0,0,0,1
NEK11,0,0,0,0,0,1
PBLD,0,0,0,0,0,1
BORA,0,0,0,0,0,1
KCTD14,0,0,0,0,0,1
COX15,0,0,0,0,0,1
ZNF16,0,0,0,0,0,1
RTN3,1,0,0,0,0,1
ROBO3,0,0,0,0,0,1
EAF2,1,0,0,0,0,1
NME7,0,0,0,0,0,1
RHCG,0,0,0,0,0,1
TEDC2,0,0,0,0,0,1
NRIP3,0,0,0,0,0,1
SLC17A9,0,0,0,0,0,1
COPZ2,0,0,0,0,0,1
LINC00341,0,0,0,0,0,1
KCNJ16,0,0,0,0,0,1
CYP20A1,0,0,0,0,0,1
PLEKHF1,1,0,0,0,0,1
EXO5,0,0,0,0,0,1
SOX18,0,0,0,0,0,1
SLC35G2,0,0,0,0,0,1
KIF16B,0,0,0,0,0,1
ZNF12,0,0,0,0,0,1
CADPS2,0,0,0,0,0,1
CARMIL1,0,0,0,0,0,1
MARCHF1,0,0,0,0,0,1
MAP7D3,0,0,0,0,0,1
ABCA7,0,0,0,0,0,1
CPEB1,0,0,0,0,0,1
RAB3IL1,0,0,0,0,0,1
TMC5,0,0,0,0,0,1
TSEN2,0,0,0,0,0,1
OGFRL1,0,0,0,0,0,1
SPATA7,0,0,0,0,0,1
PLA1A,0,0,0,0,0,1
TTC12,0,0,0,0,0,1
NCAPG2,0,0,0,0,0,1
TMEM143,0,0,0,0,0,1
DPH5,0,0,0,0,0,1
CEND1,0,0,0,0,0,1
MCPH1,0,0,0,0,0,1
SLC15A3,0,0,0,0,0,1
NINJ2,0,0,0,0,0,1
THAP10,0,0,0,0,0,1
DUOX1,0,0,0,0,0,1
RWDD1,0,0,0,0,0,1
TMEM50B,0,0,0,0,0,1
C10orf12,0,0,0,0,0,1
PIEZO2,0,0,0,0,0,1
ZNF226,0,0,0,0,0,1
MS4A4A,0,0,0,0,0,1
FBXO38,0,0,0,0,0,1
WDR25,0,0,0,0,0,1
ARHGEF28,0,0,0,0,0,1
CEP85,0,0,0,0,0,1
FGG,0,0,0,0,0,1
SIRT6,0,0,0,0,0,1
SLC6A20,0,0,0,0,0,1
KCNK5,0,0,0,0,0,1
ACSS3,0,0,0,0,0,1
CAMKMT,0,0,0,0,0,1
IRAK4,0,0,0,0,0,1
DIRAS2,0,0,0,0,0,1
TOR4A,0,0,0,0,0,1
CLSPN,1,0,0,0,0,1
RAB20,0,0,0,0,0,1
ACTR5,0,0,0,0,0,1
BAG4,0,0,0,0,0,1
CERT1,0,0,0,0,0,1
ZNF767P,0,0,0,0,0,1
ZMAT3,1,0,0,0,0,1
FAM118A,0,0,0,0,0,1
PDZK1IP1,0,0,0,0,0,1
LRP12,0,0,0,0,0,1
TRPV1,0,0,0,0,0,1
TTPAL,0,0,0,0,0,1
CHST11,1,0,0,0,0,1
ZNF606,0,0,0,0,0,1
ARMC9,0,0,0,0,0,1
FBXO22,0,0,0,0,0,1
PARP6,0,0,0,0,0,1
CLDN15,0,0,0,0,0,1
DET1,0,0,0,0,0,1
PEX5L,0,0,0,0,0,1
LRP1B,0,0,0,0,0,1
CEP83,0,0,0,0,0,1
CASQ1,0,0,0,0,0,1
DEF8,0,0,0,0,0,1
POPDC2,0,0,0,0,0,1
MREG,0,0,0,0,0,1
ALG6,0,0,0,0,0,1
ERCC6L,0,0,0,0,0,1
DPPA4,0,0,0,0,0,1
DIPK2B,0,0,0,0,0,1
LSM14B,0,0,0,0,0,1
HACD1,0,0,0,0,0,1
SUGCT,0,0,0,0,0,1
PCDH12,0,0,0,0,0,1
KLF3,0,0,0,0,0,1
PTCD2,0,0,0,0,0,1
ATP8A2,0,0,0,0,0,1
RANBP17,0,0,0,0,0,1
C2orf49,0,0,0,0,0,1
TMEM121,0,0,0,0,0,1
DECR2,0,0,0,0,0,1
NUDT18,0,0,0,0,0,1
MS4A6A,0,0,0,0,0,1
BANK1,0,0,0,0,0,1
GDAP1L1,0,0,0,0,0,1
CD177,0,0,0,0,0,1
BEND5,0,0,0,0,0,1
HPCAL4,0,0,0,0,0,1
AHSP,0,0,0,0,0,1
MCM9,0,0,0,0,0,1
UXS1,0,0,0,0,0,1
ZSCAN16,0,0,0,0,0,1
SPSB1,0,0,0,0,0,1
NLRX1,0,0,0,0,0,1
RAB11FIP1,0,0,0,0,0,1
TBX3,0,0,0,0,0,1
FZD3,0,0,0,0,0,1
RTP4,0,0,0,0,0,1
TMEM35A,0,0,0,0,0,1
STK32B,0,0,0,0,0,1
HHAT,0,0,0,0,0,1
BBS7,0,0,0,0,0,1
SEMA3G,0,0,0,0,0,1
IGFLR1,0,0,0,0,0,1
SAMD9,0,0,0,0,0,1
KREMEN2,0,0,0,0,0,1
AGPAT4,0,0,0,0,0,1
OTULINL,0,0,0,0,0,1
SMPD3,0,0,0,0,0,1
DENND1B,0,0,0,0,0,1
HS3ST2,0,0,0,0,0,1
METTL4,0,0,0,0,0,1
LGI2,0,0,0,0,0,1
PLXDC1,0,0,0,0,0,1
TMOD2,0,0,0,0,0,1
PLAC1,0,0,0,0,0,1
MNS1,0,0,0,0,0,1
YBX2,0,0,0,0,0,1
QSER1,0,0,0,0,0,1
AP5S1,0,0,0,0,0,1
CPNE7,0,0,0,0,0,1
NT5M,0,0,0,0,0,1
ANTKMT,0,0,0,0,0,1
SH3TC2,0,0,0,0,0,1
ZNF586,0,0,0,0,0,1
CACNA2D3,0,0,0,0,0,1
TDP1,0,0,0,0,0,1
APOL6,0,0,0,0,0,1
DCAF16,0,0,0,0,0,1
FGGY,0,0,0,0,0,1
HIGD1B,0,0,0,0,0,1
GPATCH2L,0,0,0,0,0,1
GDPD3,0,0,0,0,0,1
AGPAT3,0,0,0,0,0,1
TESPA1,0,0,0,0,0,1
TREM2,0,0,0,0,0,1
NLGN3,0,0,0,0,0,1
DUOX2,0,0,0,0,0,1
MYOT,0,0,0,0,0,1
PRRX2,0,0,0,0,0,1
CC2D2B,0,0,0,0,0,1
PLPPR1,0,0,0,0,0,1
SLC27A5,0,0,0,0,0,1
SIDT1,0,0,0,0,0,1
TFCP2L1,0,0,0,0,0,1
TRIM36,0,0,0,0,0,1
PCDH9,0,0,0,0,0,1
RNF186,0,0,0,0,0,1
VASH2,0,0,0,0,0,1
ZNF552,0,0,0,0,0,1
PRR7,0,0,0,0,0,1
HEY2,0,0,0,0,0,1
FN3K,0,0,0,0,0,1
SLC68A1,0,0,0,0,0,1
DPF3,0,0,0,0,0,1
NDNF,0,0,0,0,0,1
TREML2,0,0,0,0,0,1
SH2D4A,0,0,0,0,0,1
TMEM144,0,0,0,0,0,1
SETD6,0,0,0,0,0,1
RASAL1,0,0,0,0,0,1
STAG3,0,0,0,0,0,1
RBM41,0,0,0,0,0,1
CBX8,0,0,0,0,0,1
POF1B,0,0,0,0,0,1
TMEM260,0,0,0,0,0,1
IFT56,0,0,0,0,0,1
ERAP2,0,0,0,0,0,1
LIN7B,0,0,0,0,0,1
CLEC1A,0,0,0,0,0,1
RPL36,0,0,0,0,0,1
DENND1A,0,0,0,0,0,1
FZD10,0,0,0,0,0,1
ZNF329,0,0,0,0,0,1
B9D2,0,0,0,0,0,1
CRYZL1,0,0,0,0,0,1
VTCN1,0,0,0,0,0,1
INCENP,0,0,0,0,0,1
QTMAN,0,0,0,0,0,1
TBC1D8B,0,0,0,0,0,1
SMPX,0,0,0,0,0,1
NOX4,0,0,0,0,0,1
GIMAP6,0,0,0,0,0,1
ZFPM2,0,0,0,0,0,1
ZFHX4,0,0,0,0,0,1
ZNF771,0,0,0,0,0,1
SLC35F6,0,0,0,0,0,1
TESMIN,0,0,0,0,0,1
ECT2,0,0,0,0,0,1
NPR3,0,0,0,0,0,1
HAND2-AS1,0,0,0,0,0,1
AGMAT,0,0,0,0,0,1
SNX16,0,0,0,0,0,1
SLC6A14,0,0,0,0,0,1
CDHR5,0,0,0,0,0,1
MGAT4A,0,0,0,0,0,1
MEPCE,0,0,0,0,0,1
DHRS9,0,0,0,0,0,1
THNSL1,0,0,0,0,0,1
ZNF34,0,0,0,0,0,1
PYROXD1,0,0,0,0,0,1
ANGPTL3,0,0,0,0,0,1
SYNPO2L,0,0,0,0,0,1
STEEP1,0,0,0,0,0,1
SMCO4,0,0,0,0,0,1
RAB4B,0,0,0,0,0,1
WDR55,0,0,0,0,0,1
VCPIP1,0,0,0,0,0,1
LATS1,0,0,0,0,0,1
MBNL3,0,0,0,0,0,1
GAL3ST4,0,0,0,0,0,1
RBM23,0,0,0,0,0,1
GPATCH1,0,0,0,0,0,1
MRPS28,0,0,0,0,0,1
SLC6A16,0,0,0,0,0,1
GFOD1,0,0,0,0,0,1
MTRF1,0,0,0,0,0,1
LIN28A,0,0,0,0,0,1
SLC13A4,0,0,0,0,0,1
CYP26B1,0,0,0,0,0,1
ZNF419,0,0,0,0,0,1
UCP3,0,0,0,0,0,1
RABL6,0,0,0,0,0,1
ITGB1BP2,0,0,0,0,0,1
RAI1,0,0,0,0,0,1
CDKL3,0,0,0,0,0,1
HOXC13,0,0,0,0,0,1
EFHC1,0,0,0,0,0,1
CARF,0,0,0,0,0,1
PRDM8,0,0,0,0,0,1
ZBED2,0,0,0,0,0,1
CYTL1,0,0,0,0,0,1
TTC23,0,0,0,0,0,1
TCL6,0,0,0,0,0,1
AICDA,0,0,0,0,0,1
ARL15,0,0,0,0,0,1
IPP,0,0,0,0,0,1
CCDC186,0,0,0,0,0,1
BARX1,0,0,0,0,0,1
HDAC11,0,0,0,0,0,1
ZNF432,0,0,0,0,0,1
ZNF671,0,0,0,0,0,1
EHF,0,0,0,0,0,1
ZNF613,0,0,0,0,0,1
MORN1,0,0,0,0,0,1
FKRP,0,0,0,0,0,1
ZNF14,0,0,0,0,0,1
NUDT11,0,0,0,0,0,1
C1orf116,0,0,0,0,0,1
PLEKHS1,0,0,0,0,0,1
MFSD6,0,0,0,0,0,1
CLEC4E,0,0,0,0,0,1
LY6G5C,0,0,0,0,0,1
DNAJC17,0,0,0,0,0,1
NARF,0,0,0,0,0,1
HERC5,0,0,0,0,0,1
RCAN3,0,0,0,0,0,1
LINC00339,0,0,0,0,0,1
CHODL,0,0,0,0,0,1
ANKFY1,0,0,0,0,0,1
ATF7IP2,0,0,0,0,0,1
KLF3-AS1,0,0,0,0,0,1
GASK1B,0,0,0,0,0,1
COLEC11,0,0,0,0,0,1
SLC12A8,0,0,0,0,0,1
GOLGA2P5,0,0,0,0,0,1
ZMAT4,0,0,0,0,0,1
KLF13,0,0,0,0,0,1
HROB,0,0,0,0,0,1
TTLL7,0,0,0,0,0,1
CATSPERZ,0,0,0,0,0,1
LHX6,0,0,0,0,0,1
SLFN12,0,0,0,0,0,1
CEP97,0,0,0,0,0,1
SPAG4,0,0,0,0,0,1
FRAT1,0,0,0,0,0,1
CLEC5A,0,0,0,0,0,1
PGPEP1,0,0,0,0,0,1
TM6SF1,0,0,0,0,0,1
CCDC71,0,0,0,0,0,1
MAGEL2,0,0,0,0,0,1
TMEM255A,0,0,0,0,0,1
CALY,0,0,0,0,0,1
RNF122,0,0,0,0,0,1
GPR85,0,0,0,0,0,1
NDOR1,0,0,0,0,0,1
ZNF446,0,0,0,0,0,1
FGD6,0,0,0,0,0,1
BHMT2,0,0,0,0,0,1
ZSCAN5A,0,0,0,0,0,1
ERMAP,0,0,0,0,0,1
EBLN2,0,0,0,0,0,1
FRS3,0,0,0,0,0,1
DKK2,0,0,0,0,0,1
MMP28,0,0,0,0,0,1
FICD,0,0,0,0,0,1
SLCO4A1,0,0,0,0,0,1
CRNKL1,0,0,0,0,0,1
ECEL1,0,0,0,0,0,1
SLC16A10,0,0,0,0,0,1
RNF39,0,0,0,0,0,1
ZCCHC4,0,0,0,0,0,1
ASPM,0,0,0,0,0,1
DOCK5,0,0,0,0,0,1
LTBP3,0,0,0,0,0,1
TRIM45,0,0,0,0,0,1
ZMYM6,0,0,0,0,0,1
POPDC3,0,0,0,0,0,1
CABYR,0,0,0,0,0,1
ZFYVE21,0,0,0,0,0,1
KLF8,0,0,0,0,0,1
KLHL12,0,0,0,0,0,1
SLC27A6,0,0,0,0,0,1
GLRX2,1,0,0,0,0,1
SULT1E1,0,0,0,0,0,1
ADAMTS5,0,0,0,0,0,1
GPR87,0,0,0,0,0,1
TRHDE,0,0,0,0,0,1
PSTPIP2,0,0,0,0,0,1
CSDE1,0,0,0,0,0,1
PCID2,0,0,0,0,0,1
TMEM19,0,0,0,0,0,1
MYL7,0,0,0,0,0,1
CLIP4,0,0,0,0,0,1
DDX25,0,0,0,0,0,1
MYH14,0,0,0,0,0,1
CLEC4A,0,0,0,0,0,1
UGT2A3,0,0,0,0,0,1
LRRC2,0,0,0,0,0,1
TIAM2,0,0,0,0,0,1
DZANK1,0,0,0,0,0,1
MCOLN1,0,0,0,0,0,1
AKIP1,0,0,0,0,0,1
GBA3,0,0,0,0,0,1
L1TD1,0,0,0,0,0,1
GALNT6,0,0,0,0,0,1
RUFY2,0,0,0,0,0,1
TMEM74B,0,0,0,0,0,1
MOCOS,0,0,0,0,0,1
UCHL5,0,0,0,0,0,1
ACE2,0,0,0,0,0,1
DUSP13B,0,0,0,0,0,1
ST7L,0,0,0,0,0,1
MAGIX,0,0,0,0,0,1
BANP,0,0,0,0,0,1
MRM1,0,0,0,0,0,1
ZNF589,0,0,0,0,0,1
TXLNG,0,0,0,0,0,1
GIPC2,0,0,0,0,0,1
PCNX4,0,0,0,0,0,1
ARSJ,0,0,0,0,0,1
ECHDC1,0,0,0,0,0,1
OLAH,0,0,0,0,0,1
HOOK1,0,0,0,0,0,1
AIPL1,1,0,0,0,0,1
HIKESHI,0,0,0,0,0,1
ABHD18,0,0,0,0,0,1
ZNF587,0,0,0,0,0,1
PLAAT1,0,0,0,0,0,1
HS3ST3A1,0,0,0,0,0,1
ACAD10,0,0,0,0,0,1
ERVMER34-1,0,0,0,0,0,1
RNF220,0,0,0,0,0,1
ANKS1B,0,0,0,0,0,1
E2F8,0,0,0,0,0,1
SLC2A9,0,0,0,0,0,1
TAC3,0,0,0,0,0,1
SOX17,0,0,0,0,0,1
APBB1IP,0,0,0,0,0,1
ZNF750,0,0,0,0,0,1
ASB7,0,0,0,0,0,1
COPS7B,0,0,0,0,0,1
LGALSL,0,0,0,0,0,1
MAN2A2,0,0,0,0,0,1
SIGLEC5,0,0,0,0,0,1
PADI4,0,0,0,0,0,1
KIF26B,0,0,0,0,0,1
LRRC36,0,0,0,0,0,1
DDX43,0,0,0,0,0,1
P2RY13,0,0,0,0,0,1
EFCC1,0,0,0,0,0,1
METTL8,0,0,0,0,0,1
PEAK1,0,0,0,0,0,1
LONRF3,0,0,0,0,0,1
AUNIP,0,0,0,0,0,1
ERO1B,0,0,0,0,0,1
EPHX3,0,0,0,0,0,1
PRR16,0,0,0,0,0,1
CASZ1,0,0,0,0,0,1
CBLL1,0,0,0,0,0,1
XPNPEP3,0,0,0,0,0,1
TMC7,0,0,0,0,0,1
ZNF334,0,0,0,0,0,1
APOBR,0,0,0,0,0,1
PRX,0,0,0,0,0,1
TBR1,0,0,0,0,0,1
CLCA4,0,0,0,0,0,1
RASIP1,0,0,0,0,0,1
ACVR2B,0,0,0,0,0,1
OTUD7B,0,0,0,0,0,1
CPED1,0,0,0,0,0,1
NUP210,0,0,0,0,0,1
LMBR1L,0,0,0,0,0,1
ZC4H2,0,0,0,0,0,1
PIGZ,0,0,0,0,0,1
HIVEP3,0,0,0,0,0,1
MELTF,0,0,0,0,0,1
NEUROD6,0,0,0,0,0,1
CCNL1,0,0,0,0,0,1
EDAR,1,0,0,0,0,1
PDCD1LG2,0,0,0,0,0,1
SPACA9,0,0,0,0,0,1
PRSS21,0,0,0,0,0,1
TINF2,0,0,0,0,0,1
GDF3,0,0,0,0,0,1
IL23A,0,0,0,0,0,1
ZNF287,0,0,0,0,0,1
IL22RA1,0,0,0,0,0,1
GID4,0,0,0,0,0,1
STAP1,0,0,0,0,0,1
PARPBP,0,0,0,0,0,1
ACSM5,0,0,0,0,0,1
MAGEC2,0,0,0,0,0,1
GSTCD,0,0,0,0,0,1
TTC21B,0,0,0,0,0,1
TNMD,0,0,0,0,0,1
NOD2,0,0,0,0,0,1
SPTBN5,0,0,0,0,0,1
VPREB3,0,0,0,0,0,1
TUBA8,1,0,0,0,0,1
KDM8,0,0,0,0,0,1
HAUS2,0,0,0,0,0,1
CSPP1,0,0,0,0,0,1
PLEKHG6,0,0,0,0,0,1
ANKH,0,0,0,0,0,1
CCDC134,0,0,0,0,0,1
USP48,0,0,0,0,0,1
FBXL8,0,0,0,0,0,1
HSD17B7,0,0,0,0,0,1
PPP1R14D,0,0,0,0,0,1
CCDC198,0,0,0,0,0,1
HELLS,1,0,0,0,0,1
IKZF5,0,0,0,0,0,1
BCO1,0,0,0,0,0,1
C5AR1,0,0,0,0,0,1
L2HGDH,0,0,0,0,0,1
CRNN,0,0,0,0,0,1
SLC2A6,0,0,0,0,0,1
ANTXR1,0,0,0,0,0,1
MCUR1,0,0,0,0,0,1
CNTLN,0,0,0,0,0,1
SLC38A12,0,0,0,0,0,1
HYDIN,0,0,0,0,0,1
LUC7L2,0,0,0,0,0,1
SLC22A11,0,0,0,0,0,1
FOXL2,0,0,0,0,0,1
MRPS18C,0,0,0,0,0,1
RSPH14,0,0,0,0,0,1
NPC1L1,0,0,0,0,0,1
ZC2HC1C,0,0,0,0,0,1
GNA14,0,0,0,0,0,1
NXF3,0,0,0,0,0,1
ANO2,0,0,0,0,0,1
ANKRD55,0,0,0,0,0,1
POLR1B,0,0,0,0,0,1
STAB2,0,0,0,0,0,1
CDH10,0,0,0,0,0,1
KCNN2,0,0,0,0,0,1
ZNF385D,0,0,0,0,0,1
ZBTB32,0,0,0,0,0,1
EPB41L4A,0,0,0,0,0,1
LINS1,0,0,0,0,0,1
MCTP1,0,0,0,0,0,1
SLC35F5,0,0,0,0,0,1
GAN,0,0,0,0,0,1
DNAI1,0,0,0,0,0,1
PRSS50,0,0,0,0,0,1
FBXL12,0,0,0,0,0,1
NIPAL2,0,0,0,0,0,1
SOHLH2,0,0,0,0,0,1
FXYD7,0,0,0,0,0,1
CLEC2D,0,0,0,0,0,1
ODAM,0,0,0,0,0,1
SLC7A9,0,0,0,0,0,1
CRYBA2,0,0,0,0,0,1
VSIG10,0,0,0,0,0,1
HAND1,0,0,0,0,0,1
DNMT3L,0,0,0,0,0,1
SNX11,0,0,0,0,0,1
JHY,0,0,0,0,0,1
HAPLN2,0,0,0,0,0,1
LUC7L,0,0,0,0,0,1
ANKEF1,0,0,0,0,0,1
MAP9,0,0,0,0,0,1
TLR7,0,0,0,0,0,1
SINHCAF,0,0,0,0,0,1
ALDH8A1,0,0,0,0,0,1
MAB21L4,0,0,0,0,0,1
FAM184A,0,0,0,0,0,1
C10orf95,0,0,0,0,0,1
ENTPD7,0,0,0,0,0,1
BRD9,0,0,0,0,0,1
CLXN,0,0,0,0,0,1
PLEKHA8P1,0,0,0,0,0,1
LGALS14,1,0,0,0,0,1
ABCA11P,0,0,0,0,0,1
KPTN,0,0,0,0,0,1
EPB41L4B,0,0,0,0,0,1
CARD9,0,0,0,0,0,1
FBXO40,0,0,0,0,0,1
INO80D,0,0,0,0,0,1
CNNM1,0,0,0,0,0,1
DNAI7,0,0,0,0,0,1
TMEM156,0,0,0,0,0,1
FHL5,0,0,0,0,0,1
GPALPP1,0,0,0,0,0,1
DCAF17,0,0,0,0,0,1
BBOF1,0,0,0,0,0,1
LRRC8E,0,0,0,0,0,1
NUBPL,0,0,0,0,0,1
TMPRSS3,0,0,0,0,0,1
MFSD12,0,0,0,0,0,1
DPEP3,0,0,0,0,0,1
CCDC68,0,0,0,0,0,1
SLC25A23,0,0,0,0,0,1
NUDT6,0,0,0,0,0,1
NANOG,0,0,0,0,0,1
SPTBN4,0,0,0,0,0,1
CDHR2,0,0,0,0,0,1
STEAP4,0,0,0,0,0,1
JPH3,0,0,0,0,0,1
MGAT4B,0,0,0,0,0,1
GKN1,0,0,0,0,0,1
SH3D21,0,0,0,0,0,1
NSUN7,0,0,0,0,0,1
MBD5,0,0,0,0,0,1
MUC16,0,0,0,0,0,1
ATP6V0A4,0,0,0,0,0,1
EIF5A2,0,0,0,0,0,1
AIDA,0,0,0,0,0,1
KMT5A,0,0,0,0,0,1
RC3H2,0,0,0,0,0,1
BMP8A,0,0,0,0,0,1
TPTE,0,0,0,0,0,1
ZMYM1,0,0,0,0,0,1
YIF1B,0,0,0,0,0,1
ADAMTS13,0,0,0,0,0,1
PYY2,0,0,0,0,0,1
CHRNA10,0,0,0,0,0,1
THADA,0,0,0,0,0,1
TSHZ2,0,0,0,0,0,1
ZNF215,0,0,0,0,0,1
ZNF669,0,0,0,0,0,1
C8orf44,0,0,0,0,0,1
SPANXC,0,0,0,0,0,1
SPATA6L,0,0,0,0,0,1
LRRC37A4P,0,0,0,0,0,1
ATAD5,0,0,0,0,0,1
HAO1,0,0,0,0,0,1
IRX4,0,0,0,0,0,1
TRPM8,0,0,0,0,0,1
AP4E1,0,0,0,0,0,1
CYB5R2,0,0,0,0,0,1
PPP1R17,0,0,0,0,0,1
SCD5,0,0,0,0,0,1
CA8,0,0,0,0,0,1
LRIF1,0,0,0,0,0,1
PDPR,0,0,0,0,0,1
KLHL7,0,0,0,0,0,1
SLC9D1,0,0,0,0,0,1
ZNF701,0,0,0,0,0,1
ZBTB44,0,0,0,0,0,1
SLC45A2,0,0,0,0,0,1
CAMK1D,0,0,0,0,0,1
KNL1,0,0,0,0,0,1
NSFL1C,0,0,0,0,0,1
HYAL4,0,0,0,0,0,1
ZNF286A,0,0,0,0,0,1
TASL,0,0,0,0,0,1
FANCE,0,0,0,0,0,1
OXCT2,0,0,0,0,0,1
PLEKHH3,0,0,0,0,0,1
TBC1D19,0,0,0,0,0,1
ZDHHC4,0,0,0,0,0,1
DLK2,0,0,0,0,0,1
SMAD5-AS1,0,0,0,0,0,1
KLF4,0,0,0,0,0,1
KRT24,0,0,0,0,0,1
ZBBX,0,0,0,0,0,1
RNF17,0,0,0,0,0,1
EFCAB6,0,0,0,0,0,1
BNC2,0,0,0,0,0,1
IL17B,0,0,0,0,0,1
DRC11,0,0,0,0,0,1
CUZD1,0,0,0,0,0,1
RERGL,0,0,0,0,0,1
CXXC4,0,0,0,0,0,1
KDM4D,0,0,0,0,0,1
TRIM17,0,0,0,0,0,1
ANKMY1,0,0,0,0,0,1
SLC12A1,0,0,0,0,0,1
RIC3,0,0,0,0,0,1
HHIPL2,0,0,0,0,0,1
DKKL1,0,0,0,0,0,1
ABHD17B,0,0,0,0,0,1
MTMR10,0,0,0,0,0,1
ADAMTS9,0,0,0,0,0,1
MYO15A,0,0,0,0,0,1
CRYBG2,0,0,0,0,0,1
GDPD2,0,0,0,0,0,1
CATSPERB,0,0,0,0,0,1
KCNV1,0,0,0,0,0,1
DEPDC1,0,0,0,0,0,1
SAP30L-AS1,0,0,0,0,0,1
BTBD7,0,0,0,0,0,1
SPATA6,0,0,0,0,0,1
CCDC102B,0,0,0,0,0,1
MAK,0,0,0,0,0,1
NHERF4,0,0,0,0,0,1
CNGB3,0,0,0,0,0,1
MAVS,0,0,0,0,0,1
TENT5C,0,0,0,0,0,1
CD244,0,0,0,0,0,1
CFAP45,0,0,0,0,0,1
TTC22,0,0,0,0,0,1
TUBAL3,1,0,0,0,0,1
HEMK2,0,0,0,0,0,1
FAM83E,0,0,0,0,0,1
GPR88,0,0,0,0,0,1
PARP11,0,0,0,0,0,1
NPAS3,0,0,0,0,0,1
LRAT,0,0,0,0,0,1
EPN3,0,0,0,0,0,1
MYLIP,0,0,0,0,0,1
DOK3,0,0,0,0,0,1
CCDC121,0,0,0,0,0,1
IL36G,0,0,0,0,0,1
CCNP,0,0,0,0,0,1
LINC00472,0,0,0,0,0,1
TAF7L,0,0,0,0,0,1
VGLL3,0,0,0,0,0,1
RMND1,0,0,0,0,0,1
SAMSN1,0,0,0,0,0,1
CYP46A1,0,0,0,0,0,1
CLDN16,0,0,0,0,0,1
PAQR5,0,0,0,0,0,1
RGS17,0,0,0,0,0,1
CES3,0,0,0,0,0,1
GP6,0,0,0,0,0,1
NGB,0,0,0,0,0,1
RALGPS2,0,0,0,0,0,1
TPSG1,0,0,0,0,0,1
GREB1L,0,0,0,0,0,1
MRNIP,0,0,0,0,0,1
EDEM3,0,0,0,0,0,1
PDE7B,0,0,0,0,0,1
C11orf16,0,0,0,0,0,1
LRRTM4,0,0,0,0,0,1
MTHFD2L,0,0,0,0,0,1
KLHL29,0,0,0,0,0,1
ENGASE,0,0,0,0,0,1
ZNF235,0,0,0,0,0,1
ACKR4,0,0,0,0,0,1
FAM86C1P,0,0,0,0,0,1
PBRM1,0,0,0,0,0,1
CORIN,0,0,0,0,0,1
SGK2,0,0,0,0,0,1
BATF3,0,0,0,0,0,1
ARPP21,0,0,0,0,0,1
THAP9,0,0,0,0,0,1
IQCH,0,0,0,0,0,1
PSORS1C1,0,0,0,0,0,1
ALLC,0,0,0,0,0,1
ELSPBP1,0,0,0,0,0,1
SAP130,0,0,0,0,0,1
PPP4R3A,0,0,0,0,0,1
USP36,0,0,0,0,0,1
SLC12A9,0,0,0,0,0,1
DNAJC28,0,0,0,0,0,1
DCHS2,0,0,0,0,0,1
KLHL28,0,0,0,0,0,1
LRRC19,0,0,0,0,0,1
TCP11,0,0,0,0,0,1
FSCN3,0,0,0,0,0,1
DNASE2B,0,0,0,0,0,1
ARHGAP28,0,0,0,0,0,1
ABCG5,0,0,0,0,0,1
NME8,0,0,0,0,0,1
JPH2,0,0,0,0,0,1
EML4,0,0,0,0,0,1
ANKRD13C-DT,0,0,0,0,0,1
CCDC81,0,0,0,0,0,1
AGBL2,0,0,0,0,0,1
ZBTB3,0,0,0,0,0,1
EBF2,0,0,0,0,0,1
LGSN,0,0,0,0,0,1
FGF20,0,0,0,0,0,1
DNAJA4,0,0,0,0,0,1
LINC00115,0,0,0,0,0,1
TP53AIP1,1,0,0,0,0,1
ADGRG3,0,0,0,0,0,1
TGFB2,0,0,0,0,0,1
PODNL1,0,0,0,0,0,1
KCNK7,0,0,0,0,0,1
SLC39A2,0,0,0,0,0,1
CALML5,0,0,0,0,0,1
TNNI3K,0,0,0,0,0,1
ATP8B4,0,0,0,0,0,1
THAP4,0,0,0,0,0,1
UBASH3A,0,0,0,0,0,1
USP25,0,0,0,0,0,1
LMAN1L,0,0,0,0,0,1
BTNL8,0,0,0,0,0,1
UBQLN3,0,0,0,0,0,1
PLA2G2D,0,0,0,0,0,1
NPHS2,0,0,0,0,0,1
ROPN1B,0,0,0,0,0,1
FNDC11,0,0,0,0,0,1
OBSCN,0,0,0,0,0,1
CD207,0,0,0,0,0,1
NDST3,0,0,0,0,0,1
FAM110D,0,0,0,0,0,1
TMPRSS11E,0,0,0,0,0,1
CYP39A1,0,0,0,0,0,1
PRRG3,0,0,0,0,0,1
COQ8B,0,0,0,0,0,1
SLC30A10,0,0,0,0,0,1
ANGPTL8,0,0,0,0,0,1
QPCTL,0,0,0,0,0,1
LGALS13,1,0,0,0,0,1
DNAJC22,0,0,0,0,0,1
VAX2,0,0,0,0,0,1
ZNF557,0,0,0,0,0,1
CHST4,0,0,0,0,0,1
HRH3,0,0,0,0,0,1
KCNK12,0,0,0,0,0,1
LINC01260,0,0,0,0,0,1
BIRC7,1,0,0,0,0,1
SLC66A1,0,0,0,0,0,1
SLC16A8,0,0,0,0,0,1
SPTLC3,0,0,0,0,0,1
SAMD4B,0,0,0,0,0,1
MCM3AP-AS1,0,0,0,0,0,1
SLCO1C1,0,0,0,0,0,1
CSRNP3,1,0,0,0,0,1
CCDC15,0,0,0,0,0,1
ARL14,0,0,0,0,0,1
BET1L,0,0,0,0,0,1
MYCT1,0,0,0,0,0,1
SLC25A21,0,0,0,0,0,1
SLC28A3,0,0,0,0,0,1
INKA2,0,0,0,0,0,1
TMEM230,0,0,0,0,0,1
APOL5,0,0,0,0,0,1
HAND2,1,0,0,0,0,1
GPR75,0,0,0,0,0,1
SERGEF,0,0,0,0,0,1
RNF19A,0,0,0,0,0,1
MCOLN3,0,0,0,0,0,1
SIRPG,0,0,0,0,0,1
TMEM164,0,0,0,0,0,1
SNTG2,0,0,0,0,0,1
BCAS3,0,0,0,0,0,1
HAMP,0,0,0,0,0,1
OTOF,0,0,0,0,0,1
DMRT1,0,0,0,0,0,1
TXNDC15,0,0,0,0,0,1
CLEC1B,0,0,0,0,0,1
ZNF214,0,0,0,0,0,1
ACTL7B,0,0,0,0,0,1
FNDC8,0,0,0,0,0,1
ACTL7A,0,0,0,0,0,1
SLC13A1,0,0,0,0,0,1
KERA,0,0,0,0,0,1
GUCY1B2,0,0,0,0,0,1
UPB1,0,0,0,0,0,1
CCT8L2,0,0,0,0,0,1
RHBG,0,0,0,0,0,1
DUSP21,0,0,0,0,0,1
ZSCAN2,0,0,0,0,0,1
ABI3BP,0,0,0,0,0,1
LIM2,0,0,0,0,0,1
NUP62CL,0,0,0,0,0,1
ATG16L1,0,1,0,0,0,1
CRB1,0,0,0,0,0,1
AUP1,0,0,0,0,0,1
MRPL20,0,0,0,0,0,1
TMEM176B,0,0,0,0,0,1
TRIM48,0,0,0,0,0,1
FAM90A1,0,0,0,0,0,1
VRTN,0,0,0,0,0,1
MTMR8,0,0,0,0,0,1
ADM2,0,0,0,0,0,1
CFAP46,0,0,0,0,0,1
KCNK15,0,0,0,0,0,1
MMP26,0,0,0,0,0,1
BPIFA1,0,0,0,0,0,1
EPCIP,0,0,0,0,0,1
TSKS,0,0,0,0,0,1
SHLD2,0,0,0,0,0,1
PKDREJ,0,0,0,0,0,1
FBXO4,0,0,0,0,0,1
SLC17A6,0,0,0,0,0,1
TRPC5,0,0,0,0,0,1
PRPF39,0,0,0,0,0,1
PDZD7,0,0,0,0,0,1
ATP1B4,0,0,0,0,0,1
PACS1,0,0,0,0,0,1
TSPAN32,0,0,0,0,0,1
EN1,0,0,0,0,0,1
C11orf21,0,0,0,0,0,1
IGF2-AS,0,0,0,0,0,1
CYP2W1,0,0,0,0,0,1
SHANK1,0,0,0,0,0,1
RNLS,0,0,0,0,0,1
CCR10,0,0,0,0,0,1
PIK3R5,0,0,0,0,0,1
IKZF2,0,0,0,0,0,1
RETN,0,0,0,0,0,1
PRDM11,0,0,0,0,0,1
KLK14,0,0,0,0,0,1
SEMA6D,0,0,0,0,0,1
GVINP1,0,0,0,0,0,1
ADAMTSL4,1,0,0,0,0,1
CCDC170,0,0,0,0,0,1
PRR36,0,0,0,0,0,1
HKDC1,0,0,0,0,0,1
MLST8,0,1,0,0,0,1
BCAS4,0,0,0,0,0,1
EFHC2,0,0,0,0,0,1
CCDC40,0,0,0,0,0,1
PDZRN4,0,0,0,0,0,1
CARD14,1,0,0,0,0,1
ELP6,0,0,0,0,0,1
PHAF1,0,0,0,0,0,1
MCTP2,0,0,0,0,0,1
FTCD,0,0,0,0,0,1
SIRT2,0,0,0,0,0,1
ADPRM,0,0,0,0,0,1
NELFCD,0,0,0,0,0,1
ZNF770,0,0,0,0,0,1
SIMC1P1,0,0,0,0,0,1
LRRFIP2,0,0,0,0,0,1
DAB1,0,0,0,0,0,1
SYTL2,0,0,0,0,0,1
ADGB,0,0,0,0,0,1
FAR2,0,0,0,0,0,1
ZNF532,0,0,0,0,0,1
ZCWPW1,0,0,0,0,0,1
CRCT1,0,0,0,0,0,1
FOXE3,0,0,0,0,0,1
LRRC31,0,0,0,0,0,1
TSGA10,0,0,0,0,0,1
ELF5,0,0,0,0,0,1
SERPINA10,0,0,0,0,0,1
CST8,0,0,0,0,0,1
SDK2,0,0,0,0,0,1
KCNQ1DN,0,0,0,0,0,1
CHIA,1,0,0,0,0,1
OSGEPL1,0,0,0,0,0,1
POMT2,0,0,0,0,0,1
HP1BP3,0,0,0,0,0,1
TBX4,0,0,0,0,0,1
PSORS1C2,0,0,0,0,0,1
DNAI2,0,0,0,0,0,1
FAM124B,0,0,0,0,0,1
CBLC,0,0,0,0,0,1
TM4SF20,0,0,0,0,0,1
NOX5,1,0,0,0,0,1
FAIM,1,0,0,0,0,1
NXPE4,0,0,0,0,0,1
KLRF1,0,0,0,0,0,1
COA4,0,0,0,0,0,1
ADARB2,0,0,0,0,0,1
AGBL3,0,0,0,0,0,1
SLC9A5,0,0,0,0,0,1
MCM10,0,0,0,0,0,1
KIF24,0,0,0,0,0,1
ZIM2,0,0,0,0,0,1
PPY2P,0,0,0,0,0,1
TNIP3,0,0,0,0,0,1
KLHL11,0,0,0,0,0,1
BMAL2,0,0,0,0,0,1
TRAPPC14,0,0,0,0,0,1
LINC00474,0,0,0,0,0,1
ZNF692,0,0,0,0,0,1
HEYL,0,0,0,0,0,1
IL1RAPL1,0,0,0,0,0,1
LUZP4,0,0,0,0,0,1
USP49,0,0,0,0,0,1
DNMT3B,0,0,0,0,0,1
NOCT,0,0,0,0,0,1
PPP4R4,0,0,0,0,0,1
PNPLA3,0,0,0,0,0,1
ADAMTS8,0,0,0,0,0,1
CDH7,0,0,0,0,0,1
RAVER2,0,0,0,0,0,1
PRR34,0,0,0,0,0,1
RDH8,0,0,0,0,0,1
TBX21,0,0,0,0,0,1
FAM120C,0,0,0,0,0,1
PIWIL2,0,0,0,0,0,1
MRTO4,0,0,0,0,0,1
DHRS7B,0,0,0,0,0,1
CCDC82,0,0,0,0,0,1
IDI2-AS1,0,0,0,0,0,1
ADAMTS7,0,0,0,0,0,1
FOXRED2,0,0,0,0,0,1
ZNF556,0,0,0,0,0,1
DENND6B,0,0,0,0,0,1
PRDM14,0,0,0,0,0,1
ADAMTS20,1,0,0,0,0,1
HEXA-AS1,0,0,0,0,0,1
ZNF614,0,0,0,0,0,1
SLC5A7,0,0,0,0,0,1
CWH43,0,0,0,0,0,1
KCNK10,0,0,0,0,0,1
ZNF778,0,0,0,0,0,1
NECAP2,0,0,0,0,0,1
PREX2,0,0,0,0,0,1
SLC26A1,0,0,0,0,0,1
CPTP,0,0,0,0,0,1
SENP7,0,0,0,0,0,1
SLC19A3,0,0,0,0,0,1
RPS6KA6,0,0,0,0,0,1
CNNM3,0,0,0,0,0,1
SLC12A6,0,0,0,0,0,1
PPA2,0,0,0,0,0,1
NGLY1,0,0,0,0,0,1
IFT122,0,0,0,0,0,1
IL19,1,0,0,0,0,1
UIMC1,0,0,0,0,0,1
LINC00652,0,0,0,0,0,1
ZNF580,0,0,0,0,0,1
CCDC7,0,0,0,0,0,1
P3H1,0,0,0,0,0,1
FAXDC2,0,0,0,0,0,1
PBX3-DT,0,0,0,0,0,1
CRYL1,0,0,0,0,0,1
SNHG32,0,0,0,0,0,1
SLC52A1,0,0,0,0,0,1
UBXN6,0,0,0,0,0,1
ROBO4,0,0,0,0,0,1
EDDM3B,0,0,0,0,0,1
ZNF665,0,0,0,0,0,1
TAOK3,0,0,0,0,0,1
GNB1L,0,0,0,0,0,1
PPP4R2,0,0,0,0,0,1
LIMS2,0,0,0,0,0,1
BTG4,0,0,0,0,0,1
CSNK1G3,0,0,0,0,0,1
DNAI4,0,0,0,0,0,1
FAM200C,0,0,0,0,0,1
BPESC1,0,0,0,0,0,1
GPHN,0,0,0,0,0,1
DYM,0,0,0,0,0,1
UEVLD,0,0,0,0,0,1
KCNJ14,0,0,0,0,0,1
KIF13A,0,0,0,0,0,1
SEMA6B,0,0,0,0,0,1
PADI3,0,0,0,0,0,1
PLA2G3,0,0,0,0,0,1
DELEC1,0,0,0,0,0,1
KLK12,0,0,0,0,0,1
MMP27,0,0,0,0,0,1
UTS2,0,0,0,0,0,1
SLC38A4,0,0,0,0,0,1
RNF31,0,0,0,1,0,1
TBRG4,0,0,0,0,0,1
MS4A5,0,0,0,0,0,1
SCN11A,0,0,0,0,0,1
PRDM5,0,0,0,0,0,1
SAGE1,0,0,0,0,0,1
GREM2,0,0,0,0,0,1
BEGAIN,0,0,0,0,0,1
METTL16,0,0,0,0,0,1
PLPPR3,0,0,0,0,0,1
GCM2,0,0,0,0,0,1
TMOD3,0,0,0,0,0,1
HAO2,0,0,0,0,0,1
KCNH4,0,0,0,0,0,1
STAMBPL1,0,0,0,0,0,1
TP73,1,0,0,0,0,1
HRH2,0,0,0,0,0,1
GNG13,0,0,0,0,0,1
HBQ1,0,0,0,0,0,1
SPMAP2,0,0,0,0,0,1
CLCA3P,0,0,0,0,0,1
PRG3,0,0,0,0,0,1
HHLA2,0,0,0,0,0,1
CYSLTR2,0,0,0,0,0,1
CTNNA3,0,0,0,0,0,1
LPAR3,0,0,0,0,0,1
TRPC4,0,0,0,0,0,1
FRMD1,0,0,0,0,0,1
GALR1,0,0,0,0,0,1
KIRREL1,0,0,0,0,0,1
TCP10L,0,0,0,0,0,1
B3GALT1,0,0,0,0,0,1
IMPG2,0,0,0,0,0,1
GCNT4,0,0,0,0,0,1
TLR8,0,0,0,0,0,1
MS4A12,0,0,0,0,0,1
ZNF407,0,0,0,0,0,1
EXD3,0,0,0,0,0,1
FIRRM,0,0,0,0,0,1
DCAF13,0,0,0,0,0,1
ELOA2,0,0,0,0,0,1
ACOXL,0,0,0,0,0,1
ZNF221,0,0,0,0,0,1
OBP2A,0,0,0,0,0,1
MORC1,0,0,0,0,0,1
FOXN3-AS2,0,0,0,0,0,1
PURG,0,0,0,0,0,1
MIP,0,0,0,0,0,1
PDSS1,0,0,0,0,0,1
ADAMTS6,0,0,0,0,0,1
SLC24A2,0,0,0,0,0,1
SLC7A10,0,0,0,0,0,1
CPAP,0,0,0,0,0,1
CCDC177,0,0,0,0,0,1
CASS4,0,0,0,0,0,1
CA10,0,0,0,0,0,1
DDX47,1,0,0,0,0,1
TRMT44,0,0,0,0,0,1
PSAT1,0,0,0,0,0,1
PRDM12,0,0,0,0,0,1
USP29,0,0,0,0,0,1
GPR157,0,0,0,0,0,1
GFM1,0,0,0,0,0,1
LINC00574,0,0,0,0,0,1
ADGRF1,0,0,0,0,0,1
CCDC33,0,0,0,0,0,1
TRIM46,0,0,0,0,0,1
FRAS1,0,0,0,0,0,1
NYNRIN,0,0,0,0,0,1
WDR19,0,0,0,0,0,1
CFAP43,0,0,0,0,0,1
PNMA3,0,0,0,0,0,1
SLC38A2,0,0,0,0,0,1
HPSE2,0,0,0,0,0,1
PRDM16,0,0,0,0,0,1
GALNT8,0,0,0,0,0,1
SMIM2,0,0,0,0,0,1
TUT7,0,0,0,0,0,1
TMEM223,0,0,0,0,0,1
CDK5RAP2,0,0,0,0,0,1
H2AJ,0,0,0,1,0,1
GMEB1,0,0,0,0,0,1
DPP8,1,0,0,0,0,1
C21orf91,0,0,0,0,0,1
FAM162A,1,0,0,0,0,1
NDUFAF7,0,0,0,0,0,1
PGLYRP4,0,0,0,0,0,1
MANSC1,0,0,0,0,0,1
TBC1D10B,0,0,0,0,0,1
ATP1A1,0,0,0,0,0,1
CYREN,0,0,0,0,0,1
KANSL3,0,0,0,0,0,1
A1CF,0,0,0,0,0,1
PLEKHA5,0,0,0,0,0,1
MTMR12,0,0,0,0,0,1
PILRB,0,0,0,0,0,1
RAB23,0,0,0,0,0,1
EGLN2,0,0,0,0,0,1
CTAGE1,0,0,0,0,0,1
ULK4,0,0,0,0,0,1
PADI1,0,0,0,0,0,1
CPLANE2,0,0,0,0,0,1
RAB1B,0,0,0,0,0,1
RSPH6A,0,0,0,0,0,1
ARPC5L,0,0,0,0,0,1
ZNF696,0,0,0,0,0,1
TSPAN9,0,0,0,0,0,1
KRTAP2-4,0,0,0,0,0,1
IL25,0,0,0,0,0,1
KRTAP9-9,0,0,0,0,0,1
SHARPIN,0,0,0,1,0,1
C1QTNF1,0,0,0,0,0,1
KRTAP1-1,0,0,0,0,0,1
EPB41L5,0,0,0,0,0,1
KRTAP1-3,0,0,0,0,0,1
ST6GALNAC5,0,0,0,0,0,1
ADPGK,0,0,0,0,0,1
NXF2,0,0,0,0,0,1
SPACA1,0,0,0,0,0,1
SLCO5A1,0,0,0,0,0,1
RNF170,0,0,0,0,0,1
C1QTNF3,0,0,0,0,0,1
AMN,0,0,0,0,0,1
RNF32,0,0,0,0,0,1
TRMT1L,0,0,0,0,0,1
GPR63,0,0,0,0,0,1
STXBP6,0,0,0,0,0,1
SHCBP1L,0,0,0,0,0,1
DIAPH3,0,0,0,0,0,1
UNC93B1,0,0,0,0,0,1
TSPAN14,0,0,0,0,0,1
CAB39L,0,0,0,0,0,1
ITM2C,0,0,0,0,0,1
PTDSS2,0,0,0,0,0,1
FIP1L1,0,0,0,0,0,1
ETNPPL,0,0,0,0,0,1
ANGPTL4,0,0,0,0,0,1
LBH,0,0,0,0,0,1
TRIM8,0,0,0,0,0,1
RAB33B,0,1,0,0,0,1
CDADC1,0,0,0,0,0,1
TCF7L1,0,0,0,0,0,1
LRRC3,0,0,0,0,0,1
TDRD1,0,0,0,0,0,1
COLEC12,0,0,0,0,0,1
SLC25A32,0,0,0,0,0,1
CTNNBL1,0,0,0,0,0,1
PMFBP1,0,0,0,0,0,1
KCNH6,0,0,0,0,0,1
SLC2A10,0,0,0,0,0,1
PUS7L,0,0,0,0,0,1
SCRT1,0,0,0,0,0,1
PLA2G12A,0,0,0,0,0,1
GFOD2,0,0,0,0,0,1
WNT5B,0,0,0,0,0,1
ARHGAP24,0,0,0,0,0,1
APOLD1,0,0,0,0,0,1
TMPRSS5,0,0,0,0,0,1
TEX13B,0,0,0,0,0,1
TEX14,0,0,0,0,0,1
APH1B,0,0,0,0,0,1
SLC25A31,0,0,0,1,0,1
ASAP1,0,0,0,0,0,1
SLC17A5,0,0,0,0,0,1
CLMN,0,0,0,0,0,1
PER3,0,0,0,0,0,1
GTPBP8,0,0,0,0,0,1
MARK1,0,0,0,0,0,1
MTNAP1,0,0,0,0,0,1
POLL,0,0,0,0,0,1
GTPBP2,0,0,0,0,0,1
NMRK2,0,0,0,0,0,1
TDRKH,0,0,0,0,0,1
CKLF,0,0,0,0,0,1
COTL1,0,0,0,0,0,1
TLR4,1,0,0,1,0,1
PKD2L1,0,0,0,0,0,1
HS3ST3B1,0,0,0,0,0,1
RNF123,0,0,0,0,0,1
UNKL,0,0,0,0,0,1
CHST8,0,0,0,0,0,1
RXFP3,0,0,0,0,0,1
SPX,0,0,0,0,0,1
TACO1,0,0,0,0,0,1
CCAR2,1,0,0,0,0,1
NOD1,1,0,0,0,0,1
ODAD2,0,0,0,0,0,1
DENND1C,0,0,0,0,0,1
DENND2D,0,0,0,0,0,1
KCNQ4,0,0,0,0,0,1
HTR3B,0,0,0,0,0,1
TNFSF15,0,0,0,0,0,1
FEZF2,0,0,0,0,0,1
APOL3,0,0,0,0,0,1
PPP1R9A,0,0,0,0,0,1
NOX3,0,0,0,0,0,1
OGFOD1,0,0,0,0,0,1
INSL5,0,0,0,0,0,1
IKZF3,0,0,0,0,0,1
BRD7P3,0,0,0,0,0,1
ELP3,0,0,0,0,0,1
KCNE2,0,0,0,0,0,1
TMCO6,0,0,0,0,0,1
KCNMB2,0,0,0,0,0,1
C6orf15,0,0,0,0,0,1
TRPM6,0,0,0,0,0,1
CFAP44,0,0,0,0,0,1
NIPSNAP3B,0,0,0,0,0,1
CHRNA9,0,0,0,0,0,1
DRICH1,0,0,0,0,0,1
PDE11A,0,0,0,0,0,1
IL26,0,0,0,0,0,1
IL1RAPL2,0,0,0,0,0,1
WNT16,0,0,0,0,0,1
AMBN,0,0,0,0,0,1
LENEP,0,0,0,0,0,1
PKD2L2,0,0,0,0,0,1
ARHGEF38,0,0,0,0,0,1
CT55,0,0,0,0,0,1
PLAAT2,0,0,0,0,0,1
VSX1,0,0,0,0,0,1
KCNMB3,0,0,0,0,0,1
FAM215A,0,0,0,0,0,1
A4GNT,0,0,0,0,0,1
CLDN18,0,0,0,0,0,1
ANGPT4,0,0,0,0,0,1
ASTE1,0,0,0,0,0,1
GDF2,0,0,0,0,0,1
CSAD,0,0,0,0,0,1
GPR132,0,0,0,0,0,1
EPN1,0,0,0,0,0,1
PECR,0,0,0,0,0,1
RPA4,0,0,0,0,0,1
C5AR2,0,0,0,0,0,1
MEPE,0,0,0,0,0,1
PRDM9,0,0,0,0,0,1
FBXO24,0,0,0,0,0,1
CABP5,0,0,0,0,0,1
ASCL3,0,0,0,0,0,1
HHLA1,0,0,0,0,0,1
MLXIPL,0,0,0,0,0,1
CHST5,0,0,0,0,0,1
IL22,0,0,0,0,0,1
FGF23,0,0,0,0,0,1
CCDC70,0,0,0,0,0,1
PRDM13,0,0,0,0,0,1
HRH4,0,0,0,0,0,1
CCDC30,0,0,0,0,0,1
PKD1L1-AS1,0,0,0,0,0,1
C3orf36,0,0,0,0,0,1
CTAGE5,0,0,0,0,0,1
BAIAP2L2,0,0,0,0,0,1
MAP3K19,0,0,0,0,0,1
MROH9,0,0,0,0,0,1
DRC9,0,0,0,0,0,1
FUZ,0,0,0,0,0,1
TARS2,0,0,0,0,0,1
RMC1,0,0,0,0,0,1
MFSD11,0,0,0,0,0,1
ZCCHC10,0,0,0,0,0,1
RNFT1,0,0,0,0,0,1
BRCC3,0,0,0,0,0,1
CHAT,0,0,0,0,0,1
SCT,0,0,0,0,0,1
GFRA4,0,0,0,0,0,1
ZNF155,0,0,0,0,0,1
YEATS2,0,0,0,0,0,1
CRTAC1,0,0,0,0,0,1
NBEA,0,0,0,0,0,1
MSANTD2,0,0,0,0,0,1
OTOR,0,0,0,0,0,1
NPL,0,0,0,0,0,1
MAP3K7CL,0,0,0,0,0,1
ZNF280D,0,0,0,0,0,1
NSMF,0,0,0,0,0,1
RIPK4,0,0,0,0,0,1
SCMH1,0,0,0,0,0,1
RBFOX1,0,0,0,0,0,1
TPK1,0,0,0,0,0,1
KLHDC4,0,0,0,0,0,1
SCYL2,0,0,0,0,0,1
KLHL3,0,0,0,0,0,1
C1orf56,0,0,0,0,0,1
CISH,0,0,0,0,0,1
DCAKD,0,0,0,0,0,1
ASIC4,0,0,0,0,0,1
COQ3,0,0,0,0,0,1
TRMT61B,0,0,0,0,0,1
ARID4B,0,0,0,0,0,1
NRDE2,0,0,0,0,0,1
ANKRD2,0,0,0,0,0,1
FAM135A,0,0,0,0,0,1
BACH2,0,0,0,0,0,1
TGFBRAP1,0,0,0,0,0,1
STMN4,0,0,0,0,0,1
OSBP2,0,0,0,0,0,1
FCRL2,0,0,0,0,0,1
B3GNT4,0,0,0,0,0,1
BCL2L14,1,0,0,0,0,1
FZD5,0,0,0,0,0,1
RCC1L,0,0,0,0,0,1
NSD3,0,0,0,0,0,1
FAM117A,0,0,0,0,0,1
MXD3,0,0,0,0,0,1
INO80B,0,0,0,0,0,1
GSG1,0,0,0,0,0,1
PITPNM3,0,0,0,0,0,1
EMC6,0,0,0,0,0,1
HDHD3,0,0,0,0,0,1
KIF18A,0,0,0,0,0,1
TEX11,1,0,0,0,0,1
CSRNP2,1,0,0,0,0,1
SLC2A11,0,0,0,0,0,1
SF3B5,0,0,0,0,0,1
TARDBP,0,0,0,0,0,1
INTS14,0,0,0,0,0,1
DCSTAMP,0,0,0,0,0,1
ABHD17A,0,0,0,0,0,1
SGPP1,0,0,0,0,0,1
SH3BGRL3,0,0,0,0,0,1
QTRT1,0,0,0,0,0,1
IL21,0,0,0,0,0,1
C1orf21,0,0,0,0,0,1
RNF208,0,0,0,0,0,1
LMAN2L,0,0,0,0,0,1
SYNC,0,0,0,0,0,1
PUS3,0,0,0,0,0,1
HOXB8,0,0,0,0,0,1
GDAP1,0,0,0,0,0,1
ST8SIA2,0,0,0,0,0,1
MZB1,1,0,0,0,0,1
RNASEL,0,0,0,0,0,1
GPR22,0,0,0,0,0,1
DLX6,0,0,0,0,0,1
PWWP3A,0,0,0,0,0,1
ULBP2,0,0,0,0,0,1
PTCH2,0,0,0,0,0,1
DEF6,0,0,0,0,0,1
CIDEA,1,0,0,0,0,1
TECTA,0,0,0,0,0,1
GPRC5D,0,0,0,0,0,1
SLC22A8,0,0,0,0,0,1
GPR173,0,0,0,0,0,1
NPAP1,0,0,0,0,0,1
VWA7,0,0,0,0,0,1
KLF15,0,0,0,0,0,1
PCDHB1,0,0,0,0,0,1
KCNIP1,0,0,0,0,0,1
FRS2,0,0,0,0,0,1
RBM17,0,0,0,0,0,1
FGF14,0,0,0,0,0,1
LYRM2,0,0,0,0,0,1
GLP2R,0,0,0,0,0,1
GPR52,0,0,0,0,0,1
GDF9,0,0,0,0,0,1
FGF22,0,0,0,0,0,1
CATSPERG,0,0,0,0,0,1
PCDHB6,0,0,0,0,0,1
NEUROD4,0,0,0,0,0,1
PCDHB8,0,0,0,0,0,1
BCL2L10,1,0,0,0,0,1
KCNIP2,0,0,0,0,0,1
NPVF,0,0,0,0,0,1
ULBP1,0,0,0,0,0,1
TAS2R1,0,0,0,0,0,1
KCNK13,0,0,0,0,0,1
CLDN17,0,0,0,0,0,1
OR52A1,0,0,0,0,0,1
CHRM2,0,0,0,0,0,1
CTLA4,0,0,0,0,0,1
BMP15,0,0,0,0,0,1
FOXP3,0,0,0,0,0,1
SMG9,0,0,0,0,0,1
ATOH1,0,0,0,0,0,1
ADAM29,0,0,0,0,0,1
OR10C1,0,0,0,0,0,1
CDX4,0,0,0,0,0,1
MPIG6B,0,0,0,0,0,1
OR11A1,0,0,0,0,0,1
OR12D2,0,0,0,0,0,1
FFAR2,0,0,0,0,0,1
OR10J1,0,0,0,0,0,1
CHRM5,0,0,0,0,0,1
NPPC,0,0,0,0,0,1
VPREB1,0,0,0,0,0,1
HOXC8,0,0,0,0,0,1
HTR1A,0,0,0,0,0,1
OR3A1,0,0,0,0,0,1
MCHR1,0,0,0,0,0,1
CHRNG,0,0,0,0,0,1
P2RX2,0,0,0,0,0,1
CHRM4,0,0,0,0,0,1
NPBWR2,0,0,0,0,0,1
GDNF,0,0,0,0,0,1
GHSR,0,0,0,0,0,1
OMP,0,0,0,0,0,1
HTR5A,0,0,0,0,0,1
GPR25,0,0,0,0,0,1
GRID2,0,0,0,0,0,1
MLNR,0,0,0,0,0,1
NKX6-1,0,0,0,0,0,1
MOS,0,0,0,0,0,1
NEU2,0,0,0,0,0,1
MTNR1A,0,0,0,0,0,1
TNFSF18,0,0,0,0,0,1
PSPN,0,0,0,0,0,1
OR1G1,0,0,0,0,0,1
FGF17,0,0,0,0,0,1
RBPJL,0,0,0,0,0,1
CER1,0,0,0,0,0,1
NMUR1,0,0,0,0,0,1
UCP1,0,0,0,0,0,1
FFAR3,0,0,0,0,0,1
OR3A2,0,0,0,0,0,1
NPFFR1,0,0,0,0,0,1
OR1A1,0,0,0,0,0,1
PLA2G2E,0,0,0,0,0,1
TAS2R14,0,0,0,0,0,1
TAS2R4,0,0,0,0,0,1
TAAR3P,0,0,0,0,0,1
TAAR2,0,0,0,0,0,1
TAS2R13,0,0,0,0,0,1
TAS2R7,0,0,0,0,0,1
TAS2R10,0,0,0,0,0,1
TAS2R8,0,0,0,0,0,1
EDA2R,0,0,0,0,0,1
MYO3A,0,0,0,0,0,1
CACNG5,0,0,0,0,0,1
OR1F1,0,0,0,0,0,1
INSL6,0,0,0,0,0,1
IL36A,0,0,0,0,0,1
GJD2,0,0,0,0,0,1
PCDHB12,0,0,0,0,0,1
OR2S2,0,0,0,0,0,1
PCDHB3,0,0,0,0,0,1
HOXD12,0,0,0,0,0,1
KCNAB3,0,0,0,0,0,1
DEFB126,0,0,0,0,0,1
PLA2G2F,0,0,0,0,0,1
S1PR5,0,0,0,0,0,1
ADAMTS12,0,0,0,0,0,1
MIR600HG,0,0,0,0,0,1
YIPF5,0,0,0,0,0,1
OR51E2,0,0,0,0,0,1
OR3A3,0,0,0,0,0,1
CCNL2,0,0,0,0,0,1
TBL1XR1,0,0,0,0,0,1
TEX13A,0,0,0,0,0,1
RNF146,0,0,0,0,0,1
OR12D3,0,0,0,0,0,1
SLC25A28,0,0,0,0,0,1
FGF21,0,0,0,0,0,1
SLIRP,0,0,0,0,0,1
HYI,0,0,0,0,0,1
CDCA3,0,0,0,0,0,1
MRPS15,0,0,0,0,0,1
TEX12,0,0,0,0,0,1
RBBP9,0,0,0,0,0,1
GSC2,0,0,0,0,0,1
MC3R,0,0,0,0,0,1
PRLH,0,0,0,0,0,1
TAS2R16,0,0,0,0,0,1
OR1A2,0,0,0,0,0,1
ADAM30,0,0,0,0,0,1
GLT8D2,0,0,0,0,0,1
TEX15,0,0,0,0,0,1
ITFG1,0,0,0,0,0,1
PCDHB13,0,0,0,0,0,1
OR2W1,0,0,0,0,0,1
TMEM14B,0,0,0,0,0,1
G6PC2,0,0,0,0,0,1
BOK,1,0,0,0,0,1
WNT3,0,0,0,0,0,1
TAS2R3,0,0,0,0,0,1
BTNL2,0,0,0,0,0,1
HTR1F,0,0,0,0,0,1
TAAR5,0,0,0,0,0,1
OR2C1,0,0,0,0,0,1
TAS2R9,0,0,0,0,0,1
KLK15,0,0,0,0,0,1
CCL24,0,0,0,0,0,1
OR1D2,0,0,0,0,0,1
OR6A2,0,0,0,0,0,1
P2RY4,0,0,0,0,0,1
MC4R,0,0,0,0,0,1
XCR1,0,0,0,0,0,1
GPR32,0,0,0,0,0,1
IL37,0,0,0,0,0,1
SERINC3,0,0,0,0,0,1
MYL12B,0,0,0,0,0,1
RPL15,0,0,0,0,0,1
SOD2,0,0,0,0,0,1
BNIP3L,1,0,0,0,0,1
HNRNPD,0,0,0,0,0,1
ARPP19,0,0,0,0,0,1
B4GALT5,0,0,0,0,0,1
ENSA,0,0,0,0,0,1
CUTA,0,0,0,0,0,1
SPRY4,0,0,0,0,0,1
UBAP1,0,0,0,0,0,1
ATG3,0,1,0,0,0,1
TSPYL1,0,0,0,0,0,1
EIF3K,0,0,0,0,0,1
TCF25,0,0,0,0,0,1
EGLN1,0,0,0,0,0,1
SNX27,0,0,0,0,0,1
STX16,0,0,0,0,0,1
PKD1P1,0,0,0,0,0,1
KPNA3,0,0,0,0,0,1
ATP6V1H,0,0,0,0,0,1
ANP32E,0,0,0,0,0,1
TNPO2,0,0,0,0,0,1
DENR,0,0,0,0,0,1
GLS,0,0,0,0,0,1
TMEM222,0,0,0,0,0,1
UTP14A,0,0,0,0,0,1
LCMT1,0,0,0,0,0,1
MED17,0,0,0,0,0,1
USP47,0,0,0,0,0,1
FBXW4,0,0,0,0,0,1
CDCA8,0,0,0,0,0,1
GINS2,0,0,0,0,0,1
ANKRD27,0,0,0,0,0,1
RRAGD,0,1,0,0,0,1
ELMO2,1,0,0,0,0,1
PLVAP,0,0,0,0,0,1
BHLHE41,0,0,0,0,0,1
SKIC8,0,0,0,0,0,1
C11orf68,0,0,0,0,0,1
LSG1,0,0,0,0,0,1
PLXNA1,0,0,0,0,0,1
EIF4EBP1,0,0,0,0,0,1
CRISPLD2,0,0,0,0,0,1
ERLIN2,0,0,0,0,0,1
MED16,0,0,0,0,0,1
PRPF18,0,0,0,0,0,1
ILKAP,0,0,0,0,0,1
GRWD1,0,0,0,0,0,1
ST6GALNAC4,0,0,0,0,0,1
ABHD6,0,0,0,0,0,1
MAGT1,0,0,0,0,0,1
LEF1,0,0,0,0,0,1
MIS12,0,0,0,0,0,1
SOAT1,0,0,0,0,0,1
SIRT3,0,0,0,0,0,1
PRMT2,0,0,0,0,0,1
NOL3,1,0,0,0,0,1
LIN7C,0,0,0,0,0,1
AHI1,0,0,0,0,0,1
METTL5,0,0,0,0,0,1
TRAF3,1,0,0,0,0,1
SLC26A6,0,0,0,0,0,1
SCLY,0,0,0,0,0,1
GDF15,0,0,0,0,0,1
NUDT3,0,0,0,0,0,1
LAT2,0,0,0,0,0,1
H2AC25,0,0,0,1,0,1
KCNMA1,0,0,0,0,0,1
CACNG4,0,0,0,0,0,1
E2F5,0,0,0,0,0,1
FAM174C,0,0,0,0,0,1
ALDH6A1,0,0,0,0,0,1
PIMREG,0,0,0,0,0,1
RBM48,0,0,0,0,0,1
TMEM208,0,0,0,0,0,1
AAMDC,0,0,0,0,0,1
FCMR,0,0,0,0,0,1
PEX16,0,0,0,0,0,1
PIPOX,0,0,0,0,0,1
HMGN5,0,0,0,0,0,1
WNT6,0,0,0,0,0,1
STAP2,0,0,0,0,0,1
PHF7,0,0,0,0,0,1
LRTM1,0,0,0,0,0,1
ZFAND6,1,0,0,0,0,1
RPH3AL,0,0,0,0,0,1
TAF9B,0,0,0,0,0,1
MTCH1,1,0,0,0,0,1
APOO,0,0,0,0,0,1
SNHG20,0,0,0,0,0,1
TMEM126B,0,0,0,0,0,1
BCAN,0,0,0,0,0,1
ZNF506,0,0,0,0,0,1
DDX4,0,0,0,0,0,1
CACNA1I,0,0,0,0,0,1
WDR4,0,0,0,0,0,1
RPL23AP7,0,0,0,0,0,1
MTARC2,0,0,0,0,0,1
PIDD1,1,0,0,0,0,1
ACOT9,0,0,0,0,0,1
ZNF83,0,0,0,0,0,1
ZDHHC11,0,0,0,0,0,1
RIC8A,0,0,0,0,0,1
PPAN,0,0,0,0,0,1
MED18,0,0,0,0,0,1
INTS13,0,0,0,0,0,1
APOL2,0,0,0,0,0,1
USP3,0,0,0,0,0,1
ARHGEF10L,0,0,0,0,0,1
ASB6,0,0,0,0,0,1
IL21R,0,0,0,0,0,1
MYL10,0,0,0,0,0,1
SLC22A7,0,0,0,0,0,1
PYCARD,1,0,0,1,0,1
HSPB8,0,0,0,0,0,1
ACAD8,0,0,0,0,0,1
LHX3,1,0,0,0,0,1
CSNK1G1,0,0,0,0,0,1
CHPT1,0,0,0,0,0,1
CORO1C,0,0,0,0,0,1
DONSON,0,0,0,0,0,1
ETV7,0,0,0,0,0,1
DSPP,0,0,0,0,0,1
PCDHGB6,0,0,0,0,0,1
NYX,0,0,0,0,0,1
SPDL1,0,0,0,0,0,1
RECQL5,0,0,0,0,0,1
IMP3,0,0,0,0,0,1
PIGP,0,0,0,0,0,1
NLRP2,1,0,0,0,0,1
NPM1,0,0,0,0,0,1
MRPL34,0,0,0,0,0,1
MRPS18A,0,0,0,0,0,1
MAP3K2,0,0,0,0,0,1
STYK1,0,0,0,0,0,1
MAP1LC3C,0,1,1,0,0,1
CLEC7A,0,0,0,0,0,1
DDX50,0,0,0,0,0,1
UBA52,1,1,0,1,0,1
STRA6,0,0,0,0,0,1
TM2D3,0,0,0,0,0,1
BRIP1,0,0,0,0,0,1
VPS37B,0,0,0,0,0,1
SIKE1,0,0,0,0,0,1
USE1,0,0,0,0,0,1
VPS53,0,0,0,0,0,1
UNC45A,0,0,0,0,0,1
EVA1B,0,0,0,0,0,1
BABAM1,0,0,0,0,0,1
WDR74,0,0,0,0,0,1
MAP6D1,0,0,0,0,0,1
ACSBG2,0,0,0,0,0,1
SLC4A5,0,0,0,0,0,1
WASF2,0,0,0,0,0,1
SUB1,0,0,0,0,0,1
COL5A2,0,0,0,0,0,1
CANT1,0,0,0,0,0,1
GPATCH4,0,0,0,0,0,1
PRRC1,0,0,0,0,0,1
GNA12,0,0,0,0,0,1
RALGAPB,0,0,0,0,0,1
MYDGF,1,0,0,0,0,1
YTHDF1,0,0,0,0,0,1
DCAF7,0,0,0,0,0,1
UBL4A,0,0,0,0,0,1
TNS1,0,0,0,0,0,1
YTHDF3,0,0,0,0,0,1
HMGCS1,0,0,0,0,0,1
PANK3,0,0,0,0,0,1
SSH1,0,0,0,0,0,1
EHBP1L1,0,0,0,0,0,1
PIK3IP1,0,0,0,0,0,1
ARMC6,0,0,0,0,0,1
G6PC3,0,0,0,0,0,1
ADSS2,0,0,0,0,0,1
PCIF1,0,0,0,0,0,1
JMJD1C,0,0,0,0,0,1
R3HDM4,0,0,0,0,0,1
UGCG,0,0,0,0,0,1
TENT5A,0,0,0,0,0,1
HDLBP,0,0,0,0,0,1
RPE,0,0,0,0,0,1
MPHOSPH8,0,0,0,0,0,1
PPP2R2D,0,0,0,0,0,1
ELK3,0,0,0,0,0,1
SUPT20H,0,1,0,0,0,1
BRD7,0,0,0,0,0,1
RITA1,0,0,0,0,0,1
KDM7A,0,0,0,0,0,1
MICALL1,0,0,0,0,0,1
DNAJC10,0,0,0,0,0,1
PGM3,0,0,0,0,0,1
LDLRAP1,0,0,0,0,0,1
TMA7,0,0,0,0,0,1
RAB6B,0,0,0,0,0,1
NTRK2,0,0,0,0,0,1
CHPF2,0,0,0,0,0,1
FAAP100,0,0,0,0,0,1
SHTN1,0,0,0,0,0,1
NRBF2,0,1,0,0,0,1
SETD5,0,0,0,0,0,1
TRABD,0,0,0,0,0,1
RAB9A,0,0,0,0,0,1
FBXO42,0,0,0,0,0,1
ABHD2,0,0,0,0,0,1
PHF11,0,0,0,0,0,1
DOLPP1,0,0,0,0,0,1
INTS5,0,0,0,0,0,1
RAB35,0,0,0,0,0,1
KAT8,0,0,0,0,0,1
KANSL2,0,0,0,0,0,1
MACIR,0,0,0,0,0,1
MARCHF8,0,0,0,0,0,1
ANGEL2,0,0,0,0,0,1
RAP2A,0,0,0,0,0,1
LUZP1,0,0,0,0,0,1
LONP2,0,0,0,0,0,1
TRAPPC9,0,0,0,0,0,1
KLHL22,0,0,0,0,0,1
PTPRE,0,0,0,0,0,1
MEAK7,0,0,0,0,0,1
SPCS3,0,0,0,0,0,1
CLPB,0,0,0,0,0,1
CASKIN2,0,0,0,0,0,1
PKP1,1,0,0,0,0,1
SDHAF1,0,0,0,0,0,1
MINDY1,0,0,0,0,0,1
TBC1D12,0,0,0,0,0,1
SYT13,0,0,0,0,0,1
ORAI3,0,0,0,0,0,1
TMEM268,0,0,0,0,0,1
PAIP2B,0,0,0,0,0,1
ZNF143,0,0,0,0,0,1
ELAPOR1,0,0,0,0,0,1
C2orf68,0,0,0,0,0,1
FAM174B,0,0,0,0,0,1
PGAP6,0,0,0,0,0,1
PKNOX1,0,0,0,0,0,1
MECOM,1,0,0,0,0,1
WHRN,0,0,0,0,0,1
CC2D1A,0,0,0,0,0,1
KCTD13,0,0,0,0,0,1
ZNF335,0,0,0,0,0,1
H6PD,0,0,0,0,0,1
HIGD1A,0,0,0,0,0,1
TRIM52,0,0,0,0,0,1
GPR153,0,0,0,0,0,1
FAM131A,0,0,0,0,0,1
TXNRD3,0,0,0,0,0,1
TRMT61A,0,0,0,0,0,1
RNFT2,0,0,0,0,0,1
CCDC28B,0,0,0,0,0,1
SYN1,0,0,0,0,0,1
CDK17,0,0,0,0,0,1
GPSM2,0,0,0,0,0,1
IL17RC,0,0,0,0,0,1
ABHD11,0,0,0,0,0,1
ACACB,0,0,0,0,0,1
SEH1L,0,0,0,0,0,1
GLRX5,0,0,0,0,0,1
NLGN4X,0,0,0,0,0,1
DALRD3,0,0,0,0,0,1
EOGT,0,0,0,0,0,1
MRPL41,1,0,0,0,0,1
SYNRG,0,0,0,0,0,1
RPUSD2,0,0,0,0,0,1
PAOX,0,0,0,0,0,1
GUCY1A1,0,0,0,0,0,1
EMX2,0,0,0,0,0,1
TRMT5,0,0,0,0,0,1
PDK3,0,0,0,0,0,1
WLS,0,0,0,0,0,1
FAM110B,0,0,0,0,0,1
GPR137,0,0,0,0,0,1
NXPH4,0,0,0,0,0,1
PAX5,0,0,0,0,0,1
NOL11,0,0,0,0,0,1
SDF4,0,0,0,0,0,1
TZMP1,0,0,0,0,0,1
EMILIN2,0,0,0,0,0,1
RETREG2,0,0,0,0,0,1
KLHL24,0,0,0,0,0,1
SMIM7,0,0,0,0,0,1
RPL10,0,0,0,0,0,1
NXPH3,0,0,0,0,0,1
MRPL52,0,0,0,0,0,1
VRK3,0,0,0,0,0,1
C1orf174,0,0,0,0,0,1
LINC00623,0,0,0,0,0,1
GNG3,0,0,0,0,0,1
LETM1,0,0,0,0,0,1
COL9A1,0,0,0,0,0,1
EEF2KMT,0,0,0,0,0,1
ZSCAN31,0,0,0,0,0,1
NTM,0,0,0,0,0,1
SDHAP1,0,0,0,0,0,1
OPLAH,0,0,0,0,0,1
ZNF45,0,0,0,0,0,1
PFDN6,0,0,0,0,0,1
FLT1,0,0,0,0,0,1
MCM4,0,0,0,0,0,1
KIF18B,0,0,0,0,0,1
CRYBB2P1,0,0,0,0,0,1
ACTMAP,0,0,0,0,0,1
PPIEL,0,0,0,0,0,1
FAHD2A,0,0,0,0,0,1
IL27RA,0,0,0,0,0,1
AARSD1,0,0,0,0,0,1
DNAAF1,0,0,0,0,0,1
SLCO4C1,0,0,0,0,0,1
COL4A3,0,0,0,0,0,1
OAZ3,0,0,0,0,0,1
RACGAP1,0,0,0,0,0,1
PKLR,0,0,0,0,0,1
GLYAT,0,0,0,0,0,1
DNAAF8,0,0,0,0,0,1
NDUFB2-AS1,0,0,0,0,0,1
FAM163A,0,0,0,0,0,1
LSM14A,0,0,0,0,0,1
DCHS1,0,0,0,0,0,1
GSTA3,0,0,0,0,0,1
ATF1,0,0,0,0,0,1
GTF2H3,0,0,0,0,0,1
NKIRAS2,0,0,0,0,0,1
PRND,0,0,0,0,0,1
AMIGO2,0,0,0,0,0,1
EPS15L1,0,0,0,0,0,1
TBC1D16,0,0,0,0,0,1
CENPN,0,0,0,0,0,1
ARHGEF26,0,0,0,0,0,1
THOC2,0,0,0,0,0,1
P4HTM,0,0,0,0,0,1
EXOC1,0,0,0,0,0,1
NSUN6,0,0,0,0,0,1
MRM2,0,0,0,0,0,1
AGK,0,0,0,0,0,1
PHF20L1,0,0,0,0,0,1
DDO,0,0,0,0,0,1
ZNF814,0,0,0,0,0,1
WDR13,0,0,0,0,0,1
MTMR14,0,1,0,0,0,1
KIF17,0,0,0,0,0,1
RHOT1,0,0,0,0,0,1
MYEF2,0,0,0,0,0,1
SPATS2L,0,0,0,0,0,1
CCPG1,0,0,0,0,0,1
WDR48,0,0,0,0,0,1
NAALAD2,0,0,0,0,0,1
ADAMTS1,0,0,0,0,0,1
AFG2B,0,0,0,0,0,1
TBC1D2,0,0,0,0,0,1
MED15,0,0,0,0,0,1
B4GALT7,0,0,0,0,0,1
FAM66D,0,0,0,0,0,1
TRMO,0,0,0,0,0,1
BIN3,0,0,0,0,0,1
BSDC1,0,0,0,0,0,1
RDH14,0,0,0,0,0,1
RRN3,0,0,0,0,0,1
NCLN,0,0,0,0,0,1
TMEM135,0,0,0,0,0,1
CERS2,0,0,0,0,0,1
MRPL17,0,0,0,0,0,1
SLC27A3,0,0,0,0,0,1
PILRA,0,0,0,0,0,1
TLE6,0,0,0,0,0,1
TSNAXIP1,0,0,0,0,0,1
IL36RN,0,0,0,0,0,1
NACA2,0,0,0,0,0,1
SAA3P,0,0,0,0,0,1
ALKBH4,0,0,0,0,0,1
RPL26,0,0,0,0,0,1
ACTR10,0,0,0,0,0,1
LRRC59,0,0,0,0,0,1
DCLRE1C,0,0,0,0,0,1
DBNDD1,0,0,0,0,0,1
CSGALNACT2,0,0,0,0,0,1
ASAP3,0,0,0,0,0,1
ZNF112,0,0,0,0,0,1
POLM,0,0,0,0,0,1
ISYNA1,0,0,0,0,0,1
KLK5,0,0,0,0,0,1
TOB2,0,0,0,0,0,1
SIRT4,0,0,0,0,0,1
INTS7,0,0,0,0,0,1
GMEB2,0,0,0,0,0,1
UBQLN4,0,0,0,0,0,1
POM121L9P,0,0,0,0,0,1
JMJD7,0,0,0,0,0,1
SH3BP4,0,0,0,0,0,1
SPO11,0,0,0,0,0,1
SLC35E1,0,0,0,0,0,1
HNRNPUL2,0,0,0,0,0,1
TNS4,0,0,0,0,0,1
TMEM209,0,0,0,0,0,1
PPP4R3B,0,0,0,0,0,1
SCIN,0,0,0,0,0,1
PAPOLG,0,0,0,0,0,1
ZDHHC8BP,0,0,0,0,0,1
METTL2B,0,0,0,0,0,1
HLA-F-AS1,0,0,0,0,0,1
TMEM147-AS1,0,0,0,0,0,1
ZNF480,0,0,0,0,0,1
TRDN,0,0,0,0,0,1
KCNC2,0,0,0,0,0,1
MIR9-1HG,0,0,0,0,0,1
SCAF4,0,0,0,0,0,1
EGOT,0,0,0,0,0,1
ZNF324B,0,0,0,0,0,1
ALS2CL,0,0,0,0,0,1
SMIM14,0,0,0,0,0,1
BCL2L11,1,0,0,0,0,1
LAMA1,0,0,0,0,0,1
RNF126P1,0,0,0,0,0,1
F11R,0,0,0,0,0,1
ZBTB20,0,0,0,0,0,1
TUBBP5,0,0,0,0,0,1
AGFG2,0,0,0,0,0,1
SLC44A1,0,0,0,0,0,1
NAA40,0,0,0,0,0,1
TBX10,0,0,0,0,0,1
KCNE4,0,0,0,0,0,1
SMG7-AS1,0,0,0,0,0,1
DDX49,0,0,0,0,0,1
FKBP15,0,0,0,0,0,1
HRG,0,0,0,0,0,1
ELF4,0,0,0,0,0,1
ENOX2,0,0,0,0,0,1
LRRC14,0,0,0,0,0,1
N4BP1,0,0,0,0,0,1
SLC25A44,0,0,0,0,0,1
SAFB2,0,0,0,0,0,1
SYMPK,0,0,0,0,0,1
PPP3CC,1,0,0,0,0,1
NPR1,0,0,0,0,0,1
CSTF1,0,0,0,0,0,1
MYO1C,0,0,0,0,0,1
AGPAT2,0,0,0,0,0,1
CPSF1,0,0,0,0,0,1
ETFDH,0,0,0,0,0,1
GALR3,0,0,0,0,0,1
TBXA2R,0,0,0,0,0,1
STOML1,0,0,0,0,0,1
PEX14,0,0,0,0,0,1
NEFH,0,0,0,0,0,1
MAP4,0,0,0,0,0,1
ARAP1,0,0,0,0,0,1
CD52,0,0,0,0,0,1
HMGXB3,0,0,0,0,0,1
TELO2,0,0,0,0,0,1
RTN2,0,0,0,0,0,1
MYH8,0,0,0,0,0,1
LRP6,0,0,0,0,0,1
LARS2,0,0,0,0,0,1
KCTD2,0,0,0,0,0,1
SMG5,0,0,0,0,0,1
MCF2L,0,0,0,0,0,1
TJP3,0,0,0,0,0,1
LDB1,0,0,0,0,0,1
TRAFD1,0,0,0,0,0,1
FXR2,0,0,0,0,0,1
MAPK7,0,0,0,0,0,1
SEMA3F,0,0,0,0,0,1
GTF3C1,0,0,0,0,0,1
RING1,0,0,0,0,0,1
THRA,0,0,0,0,0,1
WHR1,0,0,0,0,0,1
CELSR2,0,0,0,0,0,1
SFI1,0,0,0,0,0,1
CTNS,0,0,0,0,0,1
FAM168A,0,0,0,0,0,1
MIPEP,0,0,0,0,0,1
HAUS5,0,0,0,0,0,1
MTM1,0,0,0,0,0,1
GFUS,0,0,0,0,0,1
SFTPB,0,0,0,0,0,1
CRP,0,0,0,0,0,1
PPARD,1,0,0,0,0,1
ITIH4,0,0,0,0,0,1
KIAA0586,0,0,0,0,0,1
TAFAZZIN,0,0,0,0,0,1
MRC2,0,0,0,0,0,1
SF3A2,0,0,0,0,0,1
BBS9,0,0,0,0,0,1
PHF24,0,0,0,0,0,1
ZNF142,0,0,0,0,0,1
CABIN1,0,0,0,0,0,1
SIPA1L3,0,0,0,0,0,1
COL11A1,0,0,0,0,0,1
ASIC1,0,0,0,0,0,1
DMPK,0,0,0,0,0,1
HBEGF,0,0,0,0,0,1
FAM3A,0,0,0,0,0,1
CLCN7,0,0,0,0,0,1
HIP1R,0,0,0,0,0,1
PLXND1,0,0,0,0,0,1
SFTPC,0,0,0,0,0,1
DNPEP,0,0,0,0,0,1
OTUB1,0,0,0,0,0,1
SOX13,0,0,0,0,0,1
WAS,0,0,0,0,0,1
AQP3,0,0,0,0,0,1
TCL1A,0,0,0,0,0,1
CYLD,0,0,0,1,0,1
PRDX2,0,0,0,0,0,1
HPX,0,0,0,0,0,1
DNPH1,0,0,0,0,0,1
ZNF710,0,0,0,0,0,1
CSPG5,0,0,0,0,0,1
MAST4,0,0,0,0,0,1
BCAM,0,0,0,0,0,1
SH2B1,0,0,0,0,0,1
SPHK2,0,0,0,0,0,1
PHF1,0,0,0,0,0,1
LPCAT4,0,0,0,0,0,1
ATN1,0,0,0,0,0,1
GNA11,0,0,0,0,0,1
WDTC1,0,0,0,0,0,1
TEAD4,0,0,0,0,0,1
BBLN,0,0,0,0,0,1
SEPTIN9,0,0,0,0,0,1
ZNF821,0,0,0,0,0,1
PPP1R16B,0,0,0,0,0,1
SASH1,0,0,0,0,0,1
CELSR1,0,0,0,0,0,1
UNC5B,1,0,0,0,0,1
PGAP2,0,0,0,0,0,1
FBXO41,0,0,0,0,0,1
ADCK2,0,0,0,0,0,1
WRAP53,0,0,0,0,0,1
SYDE1,0,0,0,0,0,1
HEY1,0,0,0,0,0,1
RUBCNL,0,0,0,0,0,1
MIER2,0,0,0,0,0,1
EHD2,0,0,0,0,0,1
NAA60,0,0,0,0,0,1
GINS3,0,0,0,0,0,1
HCFC1R1,0,0,0,0,0,1
DMAC2,0,0,0,0,0,1
SPSB3,0,0,0,0,0,1
SEMA4C,0,0,0,0,0,1
GNL3L,0,0,0,0,0,1
PRR5,0,0,0,0,0,1
DUS2,0,0,0,0,0,1
LZTS1,0,0,0,0,0,1
TJAP1,0,0,0,0,0,1
SGF29,0,0,0,0,0,1
TNIP2,1,0,0,0,0,1
CXXC1,0,0,0,0,0,1
ING4,1,0,0,0,0,1
DTX3,0,0,0,0,0,1
RASSF4,0,0,0,0,0,1
PRDM4,0,0,0,0,0,1
TFEB,0,0,0,0,0,1
GGA1,0,0,0,0,0,1
ADISSP,0,0,0,0,0,1
OXLD1,0,0,0,0,0,1
ZNF444,0,0,0,0,0,1
RAB26,0,0,0,0,0,1
MED27,0,0,0,0,0,1
SSH3,0,0,0,0,0,1
REX1BD,0,0,0,0,0,1
RBM12B,0,0,0,0,0,1
WIZ,0,0,0,0,0,1
C11orf24,0,0,0,0,0,1
STRADA,0,0,0,0,0,1
CEP76,0,0,0,0,0,1
COL8A2,0,0,0,0,0,1
SHISAL1,0,0,0,0,0,1
MVB12B,0,0,0,0,0,1
OGFOD3,0,0,0,0,0,1
RANBP10,0,0,0,0,0,1
DENND2A,0,0,0,0,0,1
ZMIZ2,0,0,0,0,0,1
MARK4,0,0,0,0,0,1
DOCK6,0,0,0,0,0,1
PGAP3,0,0,0,0,0,1
ARMH3,0,0,0,0,0,1
ZNF512B,0,0,0,0,0,1
PLSCR3,1,0,0,0,0,1
SIDT2,0,0,0,0,0,1
SLC38A7,0,0,0,0,0,1
ELOVL1,0,0,0,0,0,1
ZNF764,0,0,0,0,0,1
DVL2,0,0,0,0,0,1
ZGPAT,0,0,0,0,0,1
CALHM2,0,0,0,0,0,1
TRIM62,0,0,0,0,0,1
ARHGEF40,0,0,0,0,0,1
MYO15B,0,0,0,0,0,1
PIERCE1,0,0,0,0,0,1
BMP2K,0,0,0,0,0,1
RAB15,0,0,0,0,0,1
HIF1AN,0,0,0,0,0,1
RIN3,0,0,0,0,0,1
POLR2J4,0,0,0,0,0,1
GSK3A,0,0,0,0,0,1
PKNOX2,0,0,0,0,0,1
PPP2R5B,0,0,0,0,0,1
CALML4,0,0,0,0,0,1
MAPKAPK5-AS1,0,0,0,0,0,1
CORO1B,0,0,0,0,0,1
IRGQ,0,0,0,0,0,1
MOSPD2,0,0,0,0,0,1
PLPPR2,0,0,0,0,0,1
YIPF2,0,0,0,0,0,1
HEATR6,0,0,0,0,0,1
FAM86B1,0,0,0,0,0,1
TMEM80,0,0,0,0,0,1
ADGRA2,0,0,0,0,0,1
RHOT2,0,0,0,0,0,1
RABEP2,0,0,0,0,0,1
ZNF783,0,0,0,0,0,1
CX3CL1,0,0,0,0,0,1
NPEPL1,0,0,0,0,0,1
ADAP1,0,0,0,0,0,1
LRCH4,0,0,0,0,0,1
MEX3D,0,0,0,0,0,1
EPS8L1,0,0,0,0,0,1
DCAF15,0,0,0,0,0,1
ACTB,1,0,0,0,0,1
