,apoptosis,autophagy,ferroptosis,necroptosis,pyroptosis,others
DDR1,0.0,0.0,0.0,0.0,0.0,1.0
PAX8,0.0,0.0,0.0,0.0,0.0,1.0
GUCA1A,0.0,0.0,0.0,0.0,0.0,1.0
EPHB3,0.0343053290142123,0.03458247836528575,0.01337605670175674,0.09872251513926561,0.10683133990342089,1.0
ESRRA,0.03810813904189366,0.04577201450630373,0.010508003174415574,0.1542558814056457,0.10194821566288098,1.0
TRADD,0.0625,0.0,0.0,0.0625,0.0,1.0
PRPF8,0.0,0.0,0.0,0.0,0.0,1.0
CAPNS1,0.0,0.0,0.0,0.0,0.0,1.0
RPL35,0.0,0.0,0.0,0.0,0.0,1.0
RPL28,0.0,0.0,0.0,0.0,0.0,1.0
EIF4G2,0.0,0.0,0.0,0.0,0.0,1.0
EIF3D,0.0,0.0,0.0,0.0,0.0,1.0
PARK7,0.0332392662218033,0.0180062762386539,0.0013941118258960269,0.3368998709772687,0.05947756020208113,1.0
SRP14,0.0,0.0,0.0,0.0,0.0,1.0
GDI2,0.0,0.0,0.0,0.0,0.0,1.0
RPL11,0.5022735508478323,0.03880658989859992,0.0023083297589492685,0.11784377606626964,0.02485621495008725,1.0
RPL21,0.0,0.0,0.0,0.0,0.0,1.0
RPL24,0.0,0.0,0.0,0.0,0.0,1.0
SEPTIN2,0.0,0.0,0.0,0.0,0.0,1.0
RPS27A,0.0625,0.0625,0.0,0.0625,0.0,1.0
RPS13,0.0,0.0,0.0,0.0,0.0,1.0
FAU,0.0,0.0,0.0,0.0,0.0,1.0
CFL1,0.04103998776275154,0.045734278528495174,0.010431983608630747,0.16537799919119947,0.13981536681598708,1.0
RPL18,0.0,0.0,0.0,0.0,0.0,1.0
EIF3F,0.0,0.0,0.0,0.0,0.0,1.0
RPS5,0.0,0.0,0.0,0.0,0.0,1.0
RPL27,0.0,0.0,0.0,0.0,0.0,1.0
RPL34,0.0,0.0,0.0,0.0,0.0,1.0
NARS1,0.0,0.0,0.0,0.0,0.0,1.0
STARD7,0.0,0.0,0.0,0.0,0.0,1.0
RPL19,0.6078771315134978,0.0559320169551975,0.028536986084822216,0.1299869290392704,0.020105339310305025,1.0
SLC25A3,0.0,0.0,0.0,0.0,0.0,1.0
RPS11,0.0,0.0,0.0,0.0,0.0,1.0
RPL9,0.0,0.0,0.0,0.0,0.0,1.0
DDX5,0.0,0.0,0.0,0.0,0.0,1.0
RPL6,0.0,0.0,0.0,0.0,0.0,1.0
CTDNEP1,0.0,0.0,0.0,0.0,0.0,1.0
RPL10A,0.0,0.0,0.0,0.0,0.0,1.0
CBX3,0.06170786208005248,0.03614000756676116,0.0019493980939560632,0.1250900927263057,0.08559447056894397,1.0
PSMB2,0.18377107819879468,0.2878693380690554,0.41504905001460424,0.1465841019693175,0.09020220554052386,1.0
KHDRBS1,0.0,0.0,0.0,0.0,0.0,1.0
RTCB,0.0,0.0,0.0,0.0,0.0,1.0
ERH,0.0,0.0,0.0,0.0,0.0,1.0
ABCF1,0.0,0.0,0.0,0.0,0.0,1.0
DAD1,0.0625,0.0,0.0,0.0,0.0,1.0
KAT7,0.0631198786105752,0.044326393101153515,0.017418371676348382,0.14790933419973717,0.13612472471414327,1.0
ZNF146,0.0,0.0,0.0,0.0,0.0,1.0
SART1,0.03525072576669201,0.0277378532854575,0.0702996058695836,0.27092017513037936,0.08185980076223032,1.0
ILF2,0.0,0.0,0.0,0.0,0.0,1.0
SPAG7,0.0,0.0,0.0,0.0,0.0,1.0
ZPR1,0.0,0.0,0.0,0.0,0.0,1.0
TAF10,0.0625,0.0,0.0,0.0,0.0,1.0
C1D,0.0625,0.0,0.0,0.0,0.0,1.0
NONO,0.0,0.0,0.0,0.0,0.0,1.0
SNRNP200,0.0,0.0,0.0,0.0,0.0,1.0
RHOA,0.04815955573921695,0.058494024611826984,0.010859594005711527,0.24099017140569065,0.11531204777062254,1.0
RNPS1,0.0,0.0,0.0,0.0,0.0,1.0
RPS24,0.0,0.0,0.0,0.0,0.0,1.0
RPL30,0.0,0.0,0.0,0.0,0.0,1.0
HSP90AB1,0.047366075738138225,0.03899725721095441,0.020974562613139937,0.19261271487602094,0.0991682403516639,1.0
ARF1,0.04260331885383147,0.06958522007429227,0.03454465404296991,0.10158345934246418,0.0788792150633284,1.0
IK,0.0,0.0,0.0,0.0,0.0,1.0
SNX3,0.0,0.0,0.0,0.0,0.0,1.0
CNPPD1,0.0,0.0,0.0,0.0,0.0,1.0
SMNDC1,0.0625,0.0,0.0,0.0,0.0,1.0
HNRNPM,0.06207194763124525,0.034997466804139295,0.039560643840496054,0.1095015213333925,0.13551625324437164,1.0
RPL14,0.0,0.0,0.0,0.0,0.0,1.0
GUK1,0.03392647456490305,0.04363528741699594,0.01607677300634329,0.10992752077990328,0.07537316543861294,1.0
KXD1,0.0,0.0,0.0,0.0,0.0,1.0
ATP6V0B,0.0,0.0,0.0,0.0,0.0,1.0
RPS6,0.42095329542543347,0.036043741928847815,0.00678977163906104,0.14090024125485237,0.03368069826967925,1.0
USP22,0.0,0.0,0.0,0.0,0.0,1.0
ELOB,0.0,0.0,0.0,0.0,0.0,1.0
COX4I1,0.03095014196644708,0.03182178158360866,0.009559553280619436,0.3274869581420143,0.09979448115618658,1.0
TMED2,0.0,0.0,0.0,0.0,0.0,1.0
FNTA,0.08371423782862278,0.017825905909544935,0.00242500308995053,0.23108155217610815,0.07110377263506262,1.0
RPS25,0.0,0.0,0.0,0.0,0.0,1.0
RPL37,0.25050601417790486,0.04482635281820809,0.016728833942999167,0.22584810490817894,0.029012959367547102,1.0
EEF2,0.23805086991754326,0.020713363054457215,0.006580037682126255,0.12662097230672067,0.055124874708364885,1.0
HNRNPK,0.0,0.0,0.0,0.0,0.0,1.0
ANAPC5,0.0,0.0,0.0,0.0,0.0,1.0
RPS3A,0.0,0.0,0.0,0.0,0.0,1.0
HNRNPU,0.0,0.0,0.0,0.0,0.0,1.0
EIF3A,0.0,0.0,0.0,0.0,0.0,1.0
HSP90B1,0.03416022952648767,0.09301556547752744,0.01627451320548009,0.09047056183662977,0.06373773078666711,1.0
MSN,0.0,0.0,0.0,0.0,0.0,1.0
ACTN4,0.03250003521137934,0.035357024689653155,0.021335094942715273,0.13545705766925076,0.17000543230865528,1.0
APP,0.1044881673766681,0.028588872538577503,0.030745856647637394,0.22753769390467254,0.1255656443289716,1.0
PRKAR1A,0.03442158625418733,0.06618582119383613,0.03714882274097926,0.12008488401153318,0.09257461979575138,1.0
DSP,0.0625,0.0,0.0,0.0,0.0,1.0
RAD21,0.16218816101485484,0.003942865812230941,0.0050045670696888195,0.05917955615332885,0.06355496104364529,1.0
NCL,0.0,0.0,0.0,0.0,0.0,1.0
WDR1,0.0,0.0,0.0,0.0,0.0,1.0
AP2M1,0.0,0.0,0.0,0.0,0.0,1.0
CLTC,0.0,0.0,0.0,0.0,0.0,1.0
AP2B1,0.0,0.0,0.0,0.0,0.0,1.0
MLEC,0.0,0.0,0.0,0.0,0.0,1.0
LASP1,0.0,0.0,0.0,0.0,0.0,1.0
SF3B2,0.0,0.0,0.0,0.0,0.0,1.0
TMEM59,0.0,0.0,0.0,0.0,0.0,1.0
CSRP1,0.0,0.0,0.0,0.0,0.0,1.0
CALM3,0.0,0.0,0.0,0.0,0.0,1.0
MATR3,0.0,0.0,0.0,0.0,0.0,1.0
CAP1,0.0,0.0,0.0,0.0,0.0,1.0
PTGES3,0.0,0.0,0.0,0.0,0.0,1.0
WARS1,0.0,0.0,0.0,0.0,0.0,1.0
NDRG1,0.0,0.0,0.0,0.0,0.0,1.0
PFN1,0.0,0.0,0.0,0.0,0.0,1.0
PTPRF,0.0,0.0,0.0,0.0,0.0,1.0
YWHAZ,0.0625,0.0,0.0,0.0,0.0,1.0
SOD1,0.104968373177743,0.03672987965760566,0.05681761960677005,0.14277936291285664,0.0785585108351132,1.0
MARCKSL1,0.0,0.0,0.0,0.0,0.0,1.0
GLUL,0.02951056883871283,0.023842904966740422,0.012848139501289185,0.22326036847766872,0.07673193592628272,1.0
NUCB1,0.0,0.0,0.0,0.0,0.0,1.0
LDHA,0.040081564117625854,0.022559387853008914,0.014623835996685765,0.18526086609165027,0.09124246648894321,1.0
RACK1,0.0625,0.0,0.0,0.0,0.0,1.0
SSR2,0.0,0.0,0.0,0.0,0.0,1.0
P4HB,0.027347981718641588,0.015485644704206221,0.016713948095900714,0.24134839989219983,0.09689756473282585,1.0
SLC25A5,0.0522581429672041,0.04439174144462803,0.008958292657683603,0.1441777155441721,0.11059661808442267,1.0
PHB1,0.0,0.0,0.0,0.0,0.0,1.0
S100A11,0.0,0.0,0.0,0.0,0.0,1.0
CTSA,0.05022355464068286,0.028063580073468417,0.006489298972375256,0.07753680784632852,0.1264926452200858,1.0
TOMM20,0.0,0.0,0.0,0.0,0.0,1.0
CD63,0.033076588117117535,0.005667547289498832,0.02183535115105819,0.26844174177293917,0.1274124864954853,1.0
DNAJB1,0.0,0.0,0.0,0.0,0.0,1.0
UBE2D3,0.12343124170066569,0.04159080486033015,0.03635297429332117,0.19250243167659697,0.08406628844646792,1.0
XBP1,0.10175383827308909,0.020795762750349195,0.004748412737992244,0.31404280010584573,0.10248418508969658,1.0
SPTBN1,0.0374453220707555,0.02095187074928262,0.008552475900623793,0.1615898190558121,0.1576165873881259,1.0
LAPTM4A,0.0,0.0,0.0,0.0,0.0,1.0
RPL32,0.0,0.0,0.0,0.0,0.0,1.0
CD81,0.04749695034615871,0.02002185690279977,0.019780028199353122,0.07645740631706585,0.09421455531929912,1.0
PTTG1IP,0.0,0.0,0.0,0.0,0.0,1.0
GRN,0.0,0.0,0.0,0.0,0.0,1.0
HMGB1,0.0625,0.0625,0.0,0.0625,0.0625,1.0
GLO1,0.03963756509767552,0.04349724379231855,0.020884840131844506,0.04406671648628922,0.09517250457741958,1.0
UBE2L3,0.05537285960603115,0.06931256449131873,0.08058135568319091,0.22914101269080223,0.09221615858392841,1.0
SRSF11,0.0,0.0,0.0,0.0,0.0,1.0
SF3B3,0.0,0.0,0.0,0.0,0.0,1.0
HSPA9,0.0,0.0,0.0,0.0,0.0,1.0
YWHAQ,0.0625,0.0,0.0,0.0,0.0,1.0
DDX24,0.0,0.0,0.0,0.0,0.0,1.0
PPP2R1A,0.0,0.0,0.0,0.0,0.0,1.0
HK1,0.0461679565869552,0.030675642933912443,0.019400627659823436,0.18845270146930654,0.10322389645080485,1.0
KDELR2,0.0,0.0,0.0,0.0,0.0,1.0
NPC2,0.0,0.0,0.0,0.0,0.0,1.0
DYNLL1,0.0992673013245401,0.02987081903718959,0.025344966998324697,0.2889595618970984,0.06387564220280374,1.0
EEF1B2,0.0,0.0,0.0,0.0,0.0,1.0
LITAF,0.03130998306238675,0.022292722818981266,0.008464305499031103,0.27474226725955886,0.07913758780758047,1.0
PRKCSH,0.0,0.0,0.0,0.0,0.0,1.0
GOT2,0.03642801688195343,0.017226120155145647,0.00859480999968125,0.17265854523924326,0.09217927120234964,1.0
FKBP1A,0.04861506801768906,0.03423788989417953,0.011969235234150229,0.2159234156933767,0.0952518076052688,1.0
ACADVL,0.0,0.0,0.0,0.0,0.0,1.0
SKP1,0.06539698752750409,0.022760980770362663,0.023481477259928232,0.0825350713541115,0.13331353394514825,1.0
MAPRE1,0.0,0.0,0.0,0.0,0.0,1.0
RPL13A,0.3649886397864144,0.04347485980635642,0.013979286252289717,0.08781976089955335,0.07408239485383464,1.0
ACTR1A,0.10133648517665328,0.03817457949152808,0.09501243738293119,0.09386018337715175,0.09383925145023302,1.0
CAPRIN1,0.0321711802022972,0.017008361570912227,0.014446723458743647,0.06965015578132705,0.05415130166606546,1.0
PPP1CC,0.0,0.0,0.0,0.0,0.0,1.0
ACTR2,0.034009123176044875,0.03142544712422659,0.005342169640292137,0.2520664503822304,0.08632461107698032,1.0
PTP4A1,0.05845050995113843,0.026481845444668077,0.0004324363722471502,0.1925183620783404,0.11812065727532453,1.0
ARF3,0.0,0.0,0.0,0.0,0.0,1.0
GPX1,0.08909969767650112,0.021230499116502842,0.009195797692642248,0.1333359061542986,0.10190865105727412,1.0
PGK1,0.0431736515072194,0.019475488674815914,0.028834673804824712,0.17320524852302224,0.07176745036673618,1.0
SUMO3,0.0,0.0,0.0,0.0,0.0,1.0
RPS27,0.0,0.0,0.0,0.0,0.0,1.0
TPP1,0.0,0.0,0.0,0.0,0.0,1.0
GNB1,0.0,0.0,0.0,0.0,0.0,1.0
NUMA1,0.0,0.0,0.0,0.0,0.0,1.0
RAN,0.0,0.0,0.0,0.0,0.0,1.0
CAPN1,0.0625,0.0,0.0,0.0625,0.0,1.0
CALU,0.03674608983528273,0.042790513312905926,0.013833968279672617,0.1033244682772064,0.20584118735785545,1.0
NFE2L1,0.04849247040217333,0.028563069270526237,0.007692604264058186,0.1144584094774716,0.06376297550475506,1.0
ARL6IP5,0.0,0.0,0.0,0.0,0.0,1.0
DPYSL2,0.03680766757796218,0.01608379513970411,0.006281688218553235,0.217266248158753,0.1269717916856965,1.0
RPLP1,0.0,0.0,0.0,0.0,0.0,1.0
CTNNA1,0.0625,0.0,0.0,0.0,0.0,1.0
CTSD,0.0625,0.0625,0.0,0.0,0.0,1.0
MAT2A,0.0,0.0,0.0,0.0,0.0,1.0
LAMC1,0.0,0.0,0.0,0.0,0.0,1.0
PTMA,0.0,0.0,0.0,0.0,0.0,1.0
FAM120A,0.0,0.0,0.0,0.0,0.0,1.0
BZW1,0.0,0.0,0.0,0.0,0.0,1.0
ATF4,0.20760609896137988,0.06321815714734738,0.02235659491493196,0.0875770476749636,0.11808227226413592,1.0
RPS15A,0.0,0.0,0.0,0.0,0.0,1.0
ANXA5,0.03296801721241434,0.017631419673575153,0.010102593048230087,0.2234418277267737,0.09875449146340924,1.0
STMN1,0.03303213977568236,0.04033592206598792,0.005773386856207499,0.12609912835098164,0.09563994652753978,1.0
LRP1,0.036294037828798975,0.010212777437744687,0.019749150551625103,0.27588584312397,0.08283370665906437,1.0
PSMB7,0.0625,0.0,0.0,0.0,0.0,1.0
PEA15,0.0625,0.0,0.0,0.0,0.0,1.0
ECH1,0.0,0.0,0.0,0.0,0.0,1.0
ODC1,0.08121956750710546,0.09945010707804813,0.0,0.05953561895855269,0.054256223366146106,1.0
IQGAP1,0.0,0.0,0.0,0.0,0.0,1.0
XRCC6,0.09243129567872804,0.04109289045501598,0.031739902310221044,0.1305944609134791,0.07809969066435325,1.0
ACO2,0.03904311927749172,0.05474278203480221,0.01755551233592815,0.2066850847229678,0.08452353715597109,1.0
SPARCL1,0.0,0.0,0.0,0.0,0.0,1.0
MCL1,0.09746272485039263,0.03081808531088131,0.01873413480797399,0.1293742095736422,0.11452497879620113,1.0
HSPA1A,0.0,0.0,0.0,0.0,0.0,1.0
SARS1,0.0,0.0,0.0,0.0,0.0,1.0
TMBIM6,0.0625,0.0,0.0,0.0,0.0,1.0
LMAN2,0.0,0.0,0.0,0.0,0.0,1.0
HSPD1,0.0,0.0,0.0,0.0,0.0,1.0
ZYX,0.0,0.0,0.0,0.0,0.0,1.0
CIRBP,0.03179191280385396,0.03112353081915217,0.06476869025704092,0.2147804121643228,0.08667160146538225,1.0
CCT7,0.0,0.0,0.0,0.0,0.0,1.0
PSME1,0.0625,0.0,0.0,0.0,0.0,1.0
PAFAH1B1,0.0,0.0,0.0,0.0,0.0,1.0
RPS10,0.0,0.0,0.0,0.0,0.0,1.0
RPS15,0.0,0.0,0.0,0.0,0.0,1.0
PSMD8,0.0625,0.0,0.0,0.0,0.0,1.0
LAMP2,0.04524828571816619,0.08223650459553254,0.0010087781378971495,0.22544211646596538,0.15042055156223277,1.0
RPL29,0.0,0.0,0.0,0.0,0.0,1.0
GSTP1,0.04573219832304655,0.02553506750752721,0.018270148488795976,0.3814543812891862,0.07363458182303179,1.0
HYOU1,0.0,0.0,0.0,0.0,0.0,1.0
SNRPD2,0.0,0.0,0.0,0.0,0.0,1.0
PLOD1,0.03712970091572071,0.03351552126317495,0.010012509299187743,0.21741323866697645,0.0992450162142503,1.0
ZNF207,0.0,0.0,0.0,0.0,0.0,1.0
PSMD2,0.0625,0.0,0.0,0.0,0.0,1.0
SCD,0.053937511544640736,0.09265770783861907,0.15915823115861713,0.10415921992910676,0.09999058720621068,1.0
RAP1B,0.0,0.0,0.0,0.0,0.0,1.0
RPS21,0.0,0.0,0.0,0.0,0.0,1.0
BCAP31,0.10308681258827848,0.01740093479886229,0.0018399917152326487,0.16651781428927914,0.1335416984703386,1.0
CTSB,0.09640413306353253,0.0853696862110933,0.011511142663913766,0.28755824512931116,0.1160399222085785,1.0
KARS1,0.0,0.0,0.0,0.0,0.0,1.0
EPRS1,0.0,0.0,0.0,0.0,0.0,1.0
PRDX6,0.0,0.0,0.0,0.0,0.0,1.0
PPP1CA,0.03615478339052481,0.045191956739204724,0.026904914422056093,0.11767610844739973,0.09413898606976584,1.0
SARAF,0.0,0.0,0.0,0.0,0.0,1.0
AHCYL1,0.0625,0.0,0.0,0.0,0.0,1.0
IST1,0.0,0.0,0.0,0.0,0.0,1.0
GNB2,0.0,0.0,0.0,0.0,0.0,1.0
H2AZ1,0.0,0.0,0.0,0.0625,0.0,1.0
NCOR1,0.0,0.0,0.0,0.0,0.0,1.0
RPS8,0.0,0.0,0.0,0.0,0.0,1.0
CNOT1,0.0,0.0,0.0,0.0,0.0,1.0
DHCR24,0.0,0.0,0.0,0.0,0.0,1.0
RAB11A,0.0,0.0,0.0,0.0,0.0,1.0
PSAP,0.0,0.0,0.0,0.0,0.0,1.0
RNF114,0.0,0.0,0.0,0.0,0.0,1.0
STRAP,0.0,0.0,0.0,0.0,0.0,1.0
S100A10,0.0,0.0,0.0,0.0,0.0,1.0
CCT8,0.0,0.0,0.0,0.0,0.0,1.0
NOP56,0.0,0.0,0.0,0.0,0.0,1.0
PSMB1,0.23367689966145888,0.3874133365189515,0.5997993035129552,0.17967226324959767,0.10543466159163895,1.0
CCT4,0.0,0.0,0.0,0.0,0.0,1.0
EPAS1,0.028484018653520193,0.0064149342111973935,0.006216215217460376,0.3513051612206877,0.12406666748929825,1.0
DNAJA1,0.0,0.0,0.0,0.0,0.0,1.0
PSMD4,0.0625,0.0,0.0,0.0,0.0,1.0
UQCRC2,0.0,0.0,0.0,0.0,0.0,1.0
CKB,0.03442833702157285,0.027204070229173316,0.008705695751243366,0.16878810574338887,0.11568333521757695,1.0
RHOC,0.0,0.0,0.0,0.0,0.0,1.0
PGAM1,0.0,0.0,0.0,0.0,0.0,1.0
STAT1,0.03690652817862351,0.00787231361145746,0.0018520729669813081,0.2454514507259411,0.10105458473916507,1.0
SSR1,0.0,0.0,0.0,0.0,0.0,1.0
TRA2B,0.041723097401988006,0.03760688484137303,0.020494417504156565,0.24475384015618967,0.10934185912711313,1.0
FKBP4,0.0,0.0,0.0,0.0,0.0,1.0
HDGF,0.0,0.0,0.0,0.0,0.0,1.0
OGA,0.0,0.0,0.0,0.0,0.0,1.0
M6PR,0.0,0.0,0.0,0.0,0.0,1.0
SELENOF,0.0,0.0,0.0,0.0,0.0,1.0
AHCY,0.05282216364445506,0.045155855258407394,0.022175105361943007,0.15205833590181075,0.147904938525298,1.0
PALLD,0.0,0.0,0.0,0.0,0.0,1.0
RPLP2,0.0,0.0,0.0,0.0,0.0,1.0
CCT3,0.0,0.0,0.0,0.0,0.0,1.0
EIF4A2,0.0,0.0,0.0,0.0,0.0,1.0
PPM1G,0.04336113690915902,0.04917935059280487,0.018512176347269635,0.09893357758272338,0.1199226668048663,1.0
KTN1,0.0,0.0,0.0,0.0,0.0,1.0
SRPRA,0.0,0.0,0.0,0.0,0.0,1.0
PHC2,0.0,0.0,0.0,0.0,0.0,1.0
BTG1,0.026337065842431503,0.015786018441219133,0.011653779216762257,0.2945925858951144,0.10326051533098701,1.0
KDELR1,0.0,0.0,0.0,0.0,0.0,1.0
LGALS3BP,0.0,0.0,0.0,0.0,0.0,1.0
SLC3A2,0.0,0.0,0.0625,0.0,0.0,1.0
COX6A1,0.0,0.0,0.0,0.0,0.0,1.0
RPS23,0.0,0.0,0.0,0.0,0.0,1.0
TMED10,0.0,0.0,0.0,0.0,0.0,1.0
VCL,0.0,0.0,0.0,0.0,0.0,1.0
DCTN2,0.038596823279554,0.018279786807035597,0.042074311300463525,0.19359391420027555,0.07355315653999157,1.0
DEK,0.0,0.0,0.0,0.0,0.0,1.0
CALR,0.028181556860685297,0.021913015589220562,0.020613449383045768,0.1536562507665585,0.1103464456356887,1.0
RPL8,0.6408862005460789,0.060241984839393616,0.029077281379399945,0.2383490840969264,0.04651872705749615,1.0
RPL5,0.0,0.0,0.0,0.0,0.0,1.0
RERE,0.0,0.0,0.0,0.0,0.0,1.0
HSBP1,0.0,0.0,0.0,0.0,0.0,1.0
HMGN1,0.0,0.0,0.0,0.0,0.0,1.0
SEC31A,0.0,0.0,0.0,0.0,0.0,1.0
GLUD1,0.0380465838480426,0.0426446080744014,0.0288205505006525,0.16496432528232047,0.1339583921319551,1.0
MLF2,0.0,0.0,0.0,0.0,0.0,1.0
RPS20,0.0,0.0,0.0,0.0,0.0,1.0
ARPC1A,0.0,0.0,0.0,0.0,0.0,1.0
CCND2,0.032941311778273905,0.011267924033851887,0.011237063447246069,0.19444280262435257,0.13448583569458944,1.0
ATP6V0C,0.0,0.0,0.0,0.0,0.0,1.0
IMMT,0.0,0.0,0.0,0.0,0.0,1.0
SSRP1,0.0,0.0,0.0,0.0,0.0,1.0
SDCBP,0.0,0.0,0.0,0.0625,0.0,1.0
FUS,0.051870346231332576,0.028868109355100504,0.03253202372523537,0.11811091432675522,0.15869784284096916,1.0
SEPHS2,0.02886934653774066,0.010206533457934878,0.010003760560982866,0.2889185087846116,0.04446996957643466,1.0
RPL31,0.0,0.0,0.0,0.0,0.0,1.0
UBA1,0.04528303689621235,0.021271844887774952,0.0526831107336458,0.10215828646391292,0.08613410115526174,1.0
ABLIM1,0.0,0.0,0.0,0.0,0.0,1.0
ALDOA,0.0,0.0,0.0,0.0,0.0,1.0
PPIB,0.08482947537802712,0.02369206206461983,0.011136311705310868,0.17008816381367742,0.17312900022433048,1.0
SERP1,0.0,0.0,0.0,0.0,0.0,1.0
TSPAN3,0.0,0.0,0.0,0.0,0.0,1.0
ACTA2,0.041868764870512415,0.01947370747163812,0.015714088256894635,0.09287876331824177,0.16338855422915075,1.0
PPT1,0.031709739977534915,0.02963046721006355,0.018259476350175656,0.12146450331788752,0.09721103907872261,1.0
TAX1BP1,0.0625,0.0625,0.0,0.0,0.0,1.0
MDH1,0.03382481958769215,0.01809919419595364,0.0053894033196868404,0.234767363746908,0.10718544788487538,1.0
PDHA1,0.029922210619364942,0.028465880747831695,0.005026886545312958,0.08333055782124442,0.12502099062913083,1.0
GNAS,0.0,0.0,0.0,0.0,0.0,1.0
ANXA6,0.0,0.0,0.0,0.0,0.0,1.0
CD59,0.04603575863188192,0.009772162486151252,0.006223057676729623,0.3698629667018815,0.15073821784531982,1.0
SERPING1,0.031375045080538365,0.028339546539179517,0.0078040536023275394,0.26873532120542,0.07657376028403376,1.0
HIF1A,0.11828803582779968,0.1091290664647917,0.019860777547915077,0.10888034933107345,0.16452915890620712,1.0
TRIM28,0.04730324340018078,0.03874220021477207,0.03932792937164893,0.09102918836773741,0.1426549029311042,1.0
SNX17,0.054809294360085914,0.08215259473081506,0.031227175753521148,0.06693549512567148,0.10680403104770779,1.0
IPO7,0.0,0.0,0.0,0.0,0.0,1.0
CKAP4,0.0,0.0,0.0,0.0,0.0,1.0
AARS1,0.0,0.0,0.0,0.0,0.0,1.0
SSR4,0.0,0.0,0.0,0.0,0.0,1.0
CD9,0.04038604494501434,0.005528423431841263,0.013426732107030777,0.058301606965012284,0.12745524720020895,1.0
HADHB,0.0,0.0,0.0,0.0,0.0,1.0
TXNIP,0.0,0.0,0.0,0.0,0.0,1.0
RPN1,0.0,0.0,0.0,0.0,0.0,1.0
ANXA1,0.052528339553543454,0.024158559247285393,0.01736546780748911,0.4307399942553841,0.12235976709531546,1.0
PAICS,0.04527758532205382,0.026263816194820953,0.008752450746223517,0.2304602495468282,0.08912396333720424,1.0
JUP,0.17985864632637885,0.2984026599661482,0.2190594080638451,0.017114795514098276,0.0,1.0
EIF1AX,0.0,0.0,0.0,0.0,0.0,1.0
YWHAH,0.0625,0.0,0.0,0.0,0.0,1.0
DSTN,0.0,0.0,0.0,0.0,0.0,1.0
TAF7,0.0,0.0,0.0,0.0,0.0,1.0
EIF5B,0.0,0.0,0.0,0.0,0.0,1.0
CD99,0.0,0.0,0.0,0.0,0.0,1.0
LDHB,0.0,0.0,0.0,0.0,0.0,1.0
HNRNPH1,0.0,0.0,0.0,0.0,0.0,1.0
BLCAP,0.0625,0.0,0.0,0.0,0.0,1.0
ADD3,0.045658522095091664,0.021161923327011674,0.005361260704968777,0.18590911247332706,0.1870927241489491,1.0
HADH,0.03877846401256686,0.02516374319237588,0.016063763420416544,0.18692663336988408,0.11032975571022857,1.0
PFKP,0.04071368717814108,0.01619277177453082,0.010847929010154411,0.12982471753486438,0.12434015400053897,1.0
RAD23A,0.0,0.0,0.0,0.0,0.0,1.0
GNAI2,0.03255652726316712,0.021626694606834865,0.0030289437102735727,0.15039544356616716,0.13132692523236858,1.0
TGM2,0.03849714578580868,0.008465972871378956,0.008030850230532148,0.19487229801250616,0.1310424789153104,1.0
DUSP1,0.04567399268764283,0.010025578562473192,0.00890277058170586,0.17698146358747593,0.22329355138278503,1.0
RAB6A,0.0,0.0,0.0,0.0,0.0,1.0
RPS18,0.0,0.0,0.0,0.0,0.0,1.0
PLD3,0.0,0.0,0.0,0.0,0.0,1.0
ANP32A,0.0,0.0,0.0,0.0,0.0,1.0
PSMF1,0.0625,0.0,0.0,0.0,0.0,1.0
HNRNPA0,0.0,0.0,0.0,0.0,0.0,1.0
GOLGB1,0.0,0.0,0.0,0.0,0.0,1.0
MYL9,0.0570844276422016,0.017021376781363555,0.021189347692157506,0.15378066698175613,0.12076075707548022,1.0
STOM,0.0,0.0,0.0,0.0,0.0,1.0
RCN1,0.0,0.0,0.0,0.0,0.0,1.0
PABPC4,0.0,0.0,0.0,0.0,0.0,1.0
CYC1,0.0,0.0,0.0,0.0,0.0,1.0
PSMC2,0.0625,0.0,0.0,0.0,0.0,1.0
MMP2,0.0,0.0,0.0,0.0,0.0,1.0
SF3B1,0.1296799753380437,0.2407543741379653,0.4077139753422999,0.0977775013194303,0.04432618258965823,1.0
SMARCC1,0.0,0.0,0.0,0.0,0.0,1.0
SNU13,0.13655651384010503,0.345900573434318,0.6203522449961678,0.06132332342944438,0.03362239951794182,1.0
TM9SF2,0.0,0.0,0.0,0.0,0.0,1.0
SYNGR2,0.0,0.0,0.0,0.0,0.0,1.0
PIP4K2B,0.04166671946062245,0.03460531847828986,0.029041251249673834,0.19098187757909632,0.103981805155219,1.0
BCLAF1,0.0625,0.0,0.0,0.0,0.0,1.0
PXN,0.0,0.0,0.0,0.0,0.0,1.0
ATP6V1B2,0.0,0.0,0.0,0.0,0.0,1.0
TUBA1B,0.1460772434529703,0.06071588604233358,0.257069520233527,0.20525280571249177,0.07842758777880694,1.0
RBBP7,0.0,0.0,0.0,0.0,0.0,1.0
SDHA,0.06905575278255546,0.03333014361168726,0.00783167385577066,0.09298054598453528,0.08530821926588475,1.0
RPS29,0.0,0.0,0.0,0.0,0.0,1.0
DAP,0.09611709465246467,0.018560221267470187,0.01400832554709748,0.2551900299089463,0.12184559420094909,1.0
ARF4,0.0,0.0,0.0,0.0,0.0,1.0
COPB2,0.0,0.0,0.0,0.0,0.0,1.0
USP9X,0.036189952703313856,0.009961024866550084,0.0008374737240352156,0.2645203061916742,0.10698258485554582,1.0
PFKL,0.048940726951373865,0.028766122847378315,0.02909794087266592,0.30720104261000863,0.23337636475990337,1.0
LGALS1,0.09957707539461993,0.02052385057920834,0.009772925674896198,0.3148311293838218,0.10768877035781924,1.0
GPX4,0.09445298608308769,0.05446404057851888,0.21105196992703312,0.1401846952877287,0.10153854183598712,1.0
THBS1,0.0625,0.0,0.0,0.0,0.0,1.0
CSE1L,0.0,0.0,0.0,0.0,0.0,1.0
TUFM,0.044873638283852865,0.04990520850592213,0.0056684607041357265,0.2115617121819572,0.06255119527242937,1.0
PSMA7,0.23405216195340212,0.31955271724776996,0.43845338059413574,0.12321499129771143,0.10829045242930144,1.0
POLD2,0.0,0.0,0.0,0.0,0.0,1.0
CPE,0.04107189197760633,0.01284754695215414,0.009704959328335816,0.15057990377897656,0.1786745864159813,1.0
PGD,0.06678902994439628,0.09823815094432994,0.03106804814111516,0.16973744234572438,0.06819776062671466,1.0
COX8A,0.03615476868971234,0.03746733428569381,0.005353743320165225,0.17764929010350625,0.14726232155531238,1.0
PGRMC1,0.040442982868180516,0.014893681984893244,0.0106427743562388,0.20924228741085416,0.1463510436931344,1.0
EIF5A,0.0,0.0,0.0,0.0,0.0,1.0
ITGB5,0.051293628250818596,0.05014216390574817,0.013069473866168118,0.21228138748084868,0.10691888998385227,1.0
MGAT1,0.0,0.0,0.0,0.0,0.0,1.0
CDH1,0.09430176028899254,0.013463577602670728,0.0028510231219944044,0.2519292544707356,0.12066962368751108,1.0
HNRNPH2,0.0,0.0,0.0,0.0,0.0,1.0
PJA2,0.0,0.0,0.0,0.0,0.0,1.0
COX7C,0.04181640049056876,0.03854654475590877,0.006304461225959556,0.12302322647876619,0.10797446338248624,1.0
ECHS1,0.0,0.0,0.0,0.0,0.0,1.0
PLP2,0.0,0.0,0.0,0.0,0.0,1.0
HLA-DPB1,0.0480418183091754,0.032694854736576934,0.01763684960884613,0.1286651654096728,0.10938911393618413,1.0
SSB,0.0,0.0,0.0,0.0,0.0,1.0
GPNMB,0.03893960154906209,0.02611446489012358,0.007861652316602187,0.1584211643038253,0.12784066151636364,1.0
EIF2S1,0.18387379355160985,0.2707208478486317,0.012611652599433445,0.2306184691684138,0.06775816201253786,1.0
HAX1,0.03719255661660084,0.021780607016945994,0.010148074934011935,0.1353005297623857,0.09790079823858339,1.0
NFE2L2,0.02380089168768565,0.039596221178464376,0.0010707823638591157,0.14605330712933617,0.10650537298093768,1.0
TIMP3,0.03157645522037268,0.013917309987732024,0.0013321200191155815,0.29509003723347427,0.0725808362988165,1.0
MBNL1,0.04967109109059707,0.019147428217047596,0.007411620560571424,0.20043171705145335,0.10073237504434857,1.0
RPL4,0.0,0.0,0.0,0.0,0.0,1.0
MFN2,0.0625,0.0,0.0,0.0,0.0,1.0
RAB5C,0.0,0.0,0.0,0.0,0.0,1.0
NMT1,0.0625,0.0,0.0,0.0,0.0,1.0
YBX3,0.0625,0.0,0.0,0.0,0.0,1.0
PUM1,0.0,0.0,0.0,0.0,0.0,1.0
ARHGDIA,0.025244304040077246,0.014892779332728893,0.009117972076613138,0.16044025881264717,0.13486492956574486,1.0
BHLHE40,0.041022854943315,0.03711509804299955,0.012123525277581893,0.13860007408498312,0.13702084559466074,1.0
ATP6V0E1,0.0,0.0,0.0,0.0,0.0,1.0
TERF2IP,0.0,0.0,0.0,0.0,0.0,1.0
TMX2,0.0,0.0,0.0,0.0,0.0,1.0
ARCN1,0.0,0.0,0.0,0.0,0.0,1.0
UBA2,0.0,0.0,0.0,0.0,0.0,1.0
FBXO7,0.05195934004919395,0.0420538143500635,0.015335125997831645,0.07908271950505025,0.14163327455094496,1.0
GNAI3,0.03730371814239728,0.036798014223284166,0.02049094769760818,0.0768229378861147,0.11862264385558444,1.0
CHD4,0.13705351957876893,0.0527261792028667,0.013302670639474424,0.07482771975592933,0.09634257329073842,1.0
HTRA1,0.0,0.0,0.0,0.0,0.0,1.0
LRPAP1,0.0,0.0,0.0,0.0,0.0,1.0
ITPR3,0.08950899364585521,0.046726618573568,0.02050096775379495,0.07505605283469205,0.11134499511126679,1.0
PITPNA,0.0,0.0,0.0,0.0,0.0,1.0
IDH1,0.04749780298460994,0.01345478493707247,0.026101377532954044,0.10323633888470965,0.12302235908294118,1.0
SELENOW,0.0,0.0,0.0,0.0,0.0,1.0
SLC7A5,0.04682273697761071,0.03942003100386881,0.007553200550093458,0.19129273754652135,0.08049734891575236,1.0
AMD1,0.14004397208387595,0.044224985585000126,0.020305372819880957,0.0736148488824884,0.059502894085375006,1.0
PSMD1,0.16339062667772974,0.3390381550833913,0.4368943935517317,0.1882276545770789,0.10206791401184191,1.0
CREG1,0.03140345984645671,0.015443908558504174,0.016640620672539245,0.22235341754305474,0.09557191542186869,1.0
CSTB,0.0,0.0,0.0,0.0,0.0,1.0
PCNA,0.0,0.0,0.0,0.0,0.0,1.0
RRBP1,0.0,0.0,0.0,0.0,0.0,1.0
TNFAIP1,0.0625,0.0,0.0,0.0,0.0,1.0
HDAC1,0.040444536704107005,0.01883786602732398,0.002734961192944546,0.12150289703784471,0.1564047186570433,1.0
LGMN,0.041848334527586246,0.026003821826851577,0.02413061947351287,0.18786477457510323,0.10977387481093392,1.0
PPP1R7,0.0,0.0,0.0,0.0,0.0,1.0
PLS3,0.047162268507296906,0.01564750818197979,0.005962209793196642,0.28012577352156487,0.1234757955454232,1.0
ERP29,0.0,0.0,0.0,0.0,0.0,1.0
SNRNP70,0.0,0.0,0.0,0.0,0.0,1.0
RAD23B,0.05593945450454391,0.01131492045462567,0.025460615725930308,0.04944059245396785,0.16883746477445233,1.0
SRRM1,0.0,0.0,0.0,0.0,0.0,1.0
NDUFB8,0.05212969059535641,0.022326323201308514,0.017609502104024902,0.07566587881767416,0.137796697123448,1.0
ARIH2,0.040029737485931076,0.03453792075532002,0.018217549416283712,0.10080578412231939,0.1375308874567658,1.0
ENO1,0.0,0.0,0.0,0.0,0.0,1.0
PSMD13,0.0625,0.0,0.0,0.0,0.0,1.0
ILK,0.04077752464396456,0.033745150984499955,0.00781534075882711,0.1730316039611914,0.09400588535700771,1.0
BTG2,0.033641898663625484,0.01413355105374682,0.030594916925654525,0.16271764671207234,0.16952924485122955,1.0
CAPZA2,0.0,0.0,0.0,0.0,0.0,1.0
DDX1,0.05889151501714346,0.031426256970369826,0.011197053999909185,0.03364979517178219,0.11169147651940553,1.0
ATP1B1,0.031321172324105924,0.01383148436466779,0.015556200328227559,0.210003544152041,0.10275499977907142,1.0
RAF1,0.23281012163041231,0.11086694452101054,0.01955576895846634,0.11632172762383097,0.08138326875161983,1.0
SREBF2,0.04941941766553387,0.01686334059301893,0.004245440388652336,0.1360212068398232,0.18863748090666874,1.0
SLC2A1,0.07016120805797116,0.06717012310568228,0.006537548834662751,0.14128620539133185,0.09702346851631934,1.0
PKM,0.06005581129128189,0.04651845059222919,0.0157965442955241,0.058981207448420996,0.14734601735138442,1.0
PSMC4,0.0625,0.0,0.0,0.0,0.0,1.0
CDIPT,0.036035639790300764,0.0319086526491568,0.002335392301958703,0.16834012677130353,0.10384186381114899,1.0
COX7A2L,0.0,0.0,0.0,0.0,0.0,1.0
RPS16,0.0,0.0,0.0,0.0,0.0,1.0
SYPL1,0.0,0.0,0.0,0.0,0.0,1.0
TARS1,0.0,0.0,0.0,0.0,0.0,1.0
COPE,0.0,0.0,0.0,0.0,0.0,1.0
TXNRD1,0.043335163387243754,0.03623741013143164,0.0764710127768758,0.12189809323705682,0.09804200834373913,1.0
PSMC3,0.0625,0.0,0.0,0.0,0.0,1.0
NUDCD3,0.0,0.0,0.0,0.0,0.0,1.0
RALY,0.0,0.0,0.0,0.0,0.0,1.0
AKR1B1,0.041940765437153624,0.02425809638627138,0.018246342503294936,0.3567983183983384,0.11103576392168904,1.0
SRP9,0.0,0.0,0.0,0.0,0.0,1.0
PSMA5,0.288054312060823,0.48993661846033426,0.8312830092702137,0.11253336099935589,0.10399549342159702,1.0
FDPS,0.05178318360658112,0.045250669604822276,0.03838671321574286,0.245844526789105,0.06876543444033009,1.0
RAB5B,0.0,0.0,0.0,0.0,0.0,1.0
HNRNPAB,0.03445392465117674,0.033157083262495946,0.011330004255368264,0.15999044034621077,0.08685408243222545,1.0
DAB2,0.09834762554740994,0.029491740878854866,0.0030059067380132564,0.412042426488268,0.10179315879004235,1.0
ADRM1,0.0,0.0,0.0,0.0,0.0,1.0
OGDH,0.04764363697665438,0.10688823951340182,0.04766014713228406,0.14279803637388036,0.11617756824154744,1.0
APEH,0.0415522761673687,0.049911183501582156,0.018203688464042522,0.14576131209718776,0.1291811381646867,1.0
MKRN1,0.0,0.0,0.0,0.0,0.0,1.0
SDC1,0.04321101224239465,0.020814918962830588,0.00620285137810742,0.19384437825846063,0.06936211847802098,1.0
ARHGDIB,0.04153864603194098,0.029968354885118998,0.009127675703379034,0.14704175825053936,0.16198356475729542,1.0
CCN1,0.0625,0.0,0.0,0.0,0.0,1.0
SEC11A,0.0,0.0,0.0,0.0,0.0,1.0
TOP2A,0.2406350569309588,0.08937884207272057,0.3025130794452649,0.13735650505731928,0.03890690120697317,1.0
WSB1,0.0,0.0,0.0,0.0,0.0,1.0
ANXA4,0.0,0.0,0.0,0.0,0.0,1.0
EIF4A3,0.0,0.0,0.0,0.0,0.0,1.0
NDUFA5,0.0399554578645157,0.02188343956428691,0.008681923737211633,0.17896183189702897,0.13513669906480152,1.0
ANP32B,0.0,0.0,0.0,0.0,0.0,1.0
SEPTIN11,0.0,0.0,0.0,0.0,0.0,1.0
NREP,0.03772578876466387,0.022231331393408597,0.01667632095074862,0.26568006765529784,0.09350225199845666,1.0
SH3BGRL,0.0,0.0,0.0,0.0,0.0,1.0
ENO2,0.0,0.0,0.0,0.0,0.0,1.0
STK25,0.03350693713088155,0.03468858069058874,0.009157170651843813,0.20126833631555377,0.10585105109647719,1.0
IFITM2,0.0,0.0,0.0,0.0,0.0,1.0
PSMA2,0.0625,0.0,0.0,0.0,0.0,1.0
MYL12A,0.0,0.0,0.0,0.0,0.0,1.0
SMARCC2,0.0,0.0,0.0,0.0,0.0,1.0
ATP5F1B,0.0,0.0,0.0,0.0,0.0,1.0
EBNA1BP2,0.08408840256365813,0.025061848922560512,0.0028573184063253702,0.3793459940110017,0.07782144646802053,1.0
EMP1,0.0906990718278881,0.018363407593125443,0.0014268287833186066,0.23130694885692957,0.12100295836340423,1.0
CCT6A,0.0,0.0,0.0,0.0,0.0,1.0
ETS2,0.02848258633045246,0.017913000499989278,0.027717351228243647,0.13918297347915776,0.1437294950751709,1.0
RARS1,0.0,0.0,0.0,0.0,0.0,1.0
STAT6,0.03209540479197215,0.03553501519187776,0.010020443133333,0.16720051978806627,0.0885106184891038,1.0
ARHGEF12,0.0,0.0,0.0,0.0,0.0,1.0
VAMP3,0.0,0.0,0.0,0.0,0.0,1.0
SCP2,0.0,0.0,0.0,0.0,0.0,1.0
ENC1,0.049563479549857695,0.018293816739326847,0.0030974696616319184,0.07868675005981716,0.11982372950562793,1.0
SNRPC,0.0,0.0,0.0,0.0,0.0,1.0
UBE2D2,0.0,0.0,0.0,0.0,0.0,1.0
ADIPOR2,0.058009410738317904,0.019771488490719177,0.01894983054593355,0.048941035796546635,0.11488475237085086,1.0
NHERF1,0.0,0.0,0.0,0.0,0.0,1.0
FLOT2,0.0,0.0,0.0,0.0625,0.0,1.0
YME1L1,0.046598430922729944,0.08478274532909087,0.006086942658781635,0.1937650837327564,0.11245390340407142,1.0
BAZ2A,0.0,0.0,0.0,0.0,0.0,1.0
COPB1,0.0,0.0,0.0,0.0,0.0,1.0
CST3,0.053128113612983585,0.022266514134352804,0.010021360521590476,0.11498766376461982,0.11020034442206987,1.0
TMEM109,0.0,0.0,0.0,0.0,0.0,1.0
OAZ2,0.04229089702173846,0.019498816548078328,0.006395391948231653,0.08199878375059838,0.16663323552152343,1.0
ZFP36L2,0.0,0.0,0.0,0.0,0.0,1.0
CUL3,0.045768213834960006,0.050180248905131564,0.11455037064487447,0.2123413708380695,0.12066418366722428,1.0
PLEC,0.0625,0.0,0.0,0.0,0.0,1.0
PPP2CB,0.0,0.0625,0.0,0.0,0.0,1.0
HNRNPF,0.0,0.0,0.0,0.0,0.0,1.0
UBAP2L,0.0,0.0,0.0,0.0,0.0,1.0
TPD52L2,0.0,0.0,0.0,0.0,0.0,1.0
CRTAP,0.0,0.0,0.0,0.0,0.0,1.0
NBR1,0.0,0.0625,0.0,0.0,0.0,1.0
DHX15,0.0,0.0,0.0,0.0,0.0,1.0
UCHL1,0.05260539336117587,0.03623832117403823,0.008416189684549933,0.17151573833340414,0.11314419502432294,1.0
PSMD3,0.0625,0.0,0.0,0.0,0.0,1.0
ITGA5,0.0,0.0,0.0,0.0,0.0,1.0
CSNK2B,0.04737644172034998,0.036914939012433166,0.01846245008515371,0.21394342349798637,0.14691964641036193,1.0
TRAP1,0.0,0.0,0.0,0.0,0.0,1.0
IGF2R,0.04479827913310909,0.03437995832184446,0.010332501102651576,0.12704000938552623,0.16593977934147924,1.0
RBM5,0.08977960608851804,0.013637219335151085,0.005447378625094881,0.27255407746480687,0.07053666546305111,1.0
SGTA,0.0,0.0,0.0,0.0,0.0,1.0
PHGDH,0.04965544399330503,0.018786529636175595,0.006160611448463253,0.21285491979155663,0.07776328687194071,1.0
TRAM1,0.0,0.0,0.0,0.0,0.0,1.0
PSMB3,0.0625,0.0,0.0,0.0,0.0,1.0
GRK2,0.04190179645088549,0.02868466092677694,0.05154704559551103,0.13132992965023452,0.10088749429838118,1.0
MGST3,0.0,0.0,0.0,0.0,0.0,1.0
COPS6,0.0,0.0,0.0,0.0,0.0,1.0
RPL36A,0.0,0.0,0.0,0.0,0.0,1.0
PPP1CB,0.0,0.0,0.0,0.0,0.0,1.0
PLEKHB2,0.0,0.0,0.0,0.0,0.0,1.0
LRP10,0.0,0.0,0.0,0.0,0.0,1.0
HSD17B4,0.048321595454513956,0.022744974501611087,0.022811898712170247,0.2266719634597258,0.06209822165849466,1.0
NAP1L4,0.05596658586249556,0.015536441127783063,0.014928405967732886,0.044033821796091194,0.11621442521443791,1.0
GSS,0.0424586054217148,0.005991322328872937,0.07514642570398505,0.1498522591687797,0.08290149323709704,1.0
SOX4,0.03210194485082318,0.026797617895285578,0.011148794913584878,0.20402807757705624,0.09724494499513316,1.0
BAP1,0.0,0.0,0.0,0.0,0.0,1.0
WDR77,0.0,0.0,0.0,0.0,0.0,1.0
IFI30,0.027060049635820534,0.005534866899623897,0.009740646009065644,0.23107889050479363,0.07996434343702061,1.0
CUL4A,0.0,0.0,0.0,0.0,0.0,1.0
ALDH2,0.0,0.0,0.0,0.0,0.0,1.0
VIM,0.0625,0.0,0.0,0.0,0.0,1.0
SELENOP,0.0,0.0,0.0,0.0,0.0,1.0
CLDN4,0.0,0.0,0.0,0.0,0.0,1.0
RPL37A,0.502986977206285,0.04882864461493262,0.007600758150635127,0.14200578882501963,0.014778917368111964,1.0
DPYSL3,0.03468381065575447,0.004377114166312323,0.005335183570146686,0.302855408402185,0.10610492743255504,1.0
CAT,0.0455238231004081,0.02186749566116505,0.00943661102330654,0.2281181563249173,0.10745462370814446,1.0
PTDSS1,0.0,0.0,0.0,0.0,0.0,1.0
TTC1,0.0,0.0,0.0,0.0,0.0,1.0
EIF4E,0.037211382385135265,0.03713419178260725,0.021280996039821705,0.20387857793587225,0.07141165353008912,1.0
COL6A3,0.0,0.0,0.0,0.0,0.0,1.0
GBF1,0.05965373577022582,0.1229484573890002,0.0835327190958711,0.13952784672014995,0.06759050732034676,1.0
DDX23,0.0,0.0,0.0,0.0,0.0,1.0
COX6B1,0.03189048374676433,0.026181223021735103,0.00020694875523347297,0.18526817439096935,0.10628382654429597,1.0
ATP6AP2,0.0,0.0,0.0,0.0,0.0,1.0
CNN3,0.0,0.0,0.0,0.0,0.0,1.0
TIA1,0.0625,0.0,0.0,0.0,0.0,1.0
RHEB,0.046978890103380536,0.07759522574360225,0.0039148234413433035,0.14815708225612326,0.1100656960411291,1.0
NPEPPS,0.02684338441775902,0.03312479460475693,0.018818715327893816,0.27332434812378215,0.10110644352613488,1.0
BUB3,0.0,0.0,0.0,0.0,0.0,1.0
RUVBL2,0.0,0.0,0.0,0.0,0.0,1.0
MAPKAPK2,0.03414519291696024,0.029658769758774028,0.012639276030510748,0.16797049623148783,0.12135816216015854,1.0
SCRN1,0.0,0.0,0.0,0.0,0.0,1.0
TALDO1,0.0,0.0,0.0,0.0,0.0,1.0
JUN,0.10737628677808485,0.06597249332800832,0.023494481376379224,0.11374979527164458,0.08158003543657345,1.0
NQO1,0.04718290349279659,0.029459132056737794,0.017607316768314677,0.18147492664491632,0.10242881443081095,1.0
SHC1,0.03845195504670948,0.03816291893811831,0.011086189644171632,0.1552162710985738,0.10987130339592323,1.0
GSTO1,0.029387572182727174,0.016235181715907692,0.004173642174369425,0.30066799379142684,0.10417553008688676,1.0
SQSTM1,0.1050425097413271,0.07513252068491175,0.009517406616481231,0.34479682694655717,0.11378205190271659,1.0
VBP1,0.0,0.0,0.0,0.0,0.0,1.0
JUNB,0.0,0.0,0.0,0.0,0.0,1.0
ITGA3,0.048085621883568186,0.034622207123566576,0.013711218490711736,0.1944045428728078,0.09589131260358494,1.0
MARS1,0.0,0.0,0.0,0.0,0.0,1.0
RRM1,0.52870651581012,0.27128535274107396,0.03420916382872924,0.11226229439650359,0.09600405506153711,1.0
DKC1,0.09539574319360775,0.012630088138707543,0.0037234217571559558,0.12636111215064877,0.06367200601395537,1.0
SUPT5H,0.0,0.0,0.0,0.0,0.0,1.0
PYGB,0.035644720052324254,0.011895143411671995,0.008279025835221058,0.39177710260126875,0.1307408466437998,1.0
QSOX1,0.0,0.0,0.0,0.0,0.0,1.0
SUPT4H1,0.0,0.0,0.0,0.0,0.0,1.0
RCN2,0.0,0.0,0.0,0.0,0.0,1.0
CTSC,0.09421031936626562,0.013721342854415817,0.0022766812934891306,0.26428950733433615,0.14128618986949665,1.0
PPIF,0.09584762820144681,0.021989294591760387,0.014882357911200137,0.1411266760333955,0.07527730068246398,1.0
AHSA1,0.0,0.0,0.0,0.0,0.0,1.0
RPL41,0.0,0.0,0.0,0.0,0.0,1.0
PUM2,0.0,0.0,0.0,0.0,0.0,1.0
PRCP,0.0,0.0,0.0,0.0,0.0,1.0
MYH11,0.0,0.0,0.0,0.0,0.0,1.0
USP7,0.07701235893438768,0.04096955813019697,0.02346992441916815,0.17242015968978816,0.11483007536741043,1.0
PPP1R11,0.0,0.0,0.0,0.0,0.0,1.0
GRSF1,0.0,0.0,0.0,0.0,0.0,1.0
NFKBIA,0.10879495851081264,0.025872073589479797,0.019505695104781492,0.323216564639529,0.10430297005417151,1.0
G3BP1,0.0,0.0,0.0,0.0,0.0,1.0
LAMB1,0.0,0.0,0.0,0.0,0.0,1.0
TGFBI,0.0,0.0,0.0,0.0,0.0,1.0
PFDN1,0.0,0.0,0.0,0.0,0.0,1.0
IGFBP4,0.03379743780979876,0.014047436480002076,0.02142495680200845,0.12828441827961629,0.0960454663754343,1.0
AAMP,0.10114544090602612,0.01604336881139813,0.029773104016924165,0.023172928381332746,0.10493659412761719,1.0
TSN,0.0,0.0,0.0,0.0,0.0,1.0
SRM,0.07136485006106423,0.0588072805934872,0.02261487558103028,0.18116928042694733,0.10339086369918088,1.0
CBX1,0.10712974362961511,0.10598600970394743,0.056085522740518916,0.09153976947202881,0.07172977144720377,1.0
TOMM70,0.0,0.0,0.0,0.0,0.0,1.0
NCBP2,0.16968350269461524,0.1456848914366807,0.09837130878581446,0.15330951848021807,0.08680050036224675,1.0
APOD,0.0,0.0,0.0,0.0,0.0,1.0
ARF5,0.0,0.0,0.0,0.0,0.0,1.0
ATP6V1F,0.0,0.0,0.0,0.0,0.0,1.0
RPA1,0.0,0.0,0.0,0.0,0.0,1.0
ZFP36,0.0,0.0,0.0,0.0,0.0,1.0
PSMA3,0.0625,0.0,0.0,0.0,0.0,1.0
CTNNB1,0.14000099948276298,0.07028414279413916,0.0631891621656102,0.14871531560632006,0.1550213619006524,1.0
UBL3,0.0,0.0,0.0,0.0,0.0,1.0
DUSP3,0.0,0.0,0.0,0.0,0.0,1.0
ZNHIT1,0.0,0.0,0.0,0.0,0.0,1.0
SAR1A,0.04316251221473241,0.033545401547962234,0.02588258763085677,0.08887166479088596,0.08478941646988863,1.0
TRIP12,0.0,0.0,0.0,0.0,0.0,1.0
KDM5B,0.04385068377520457,0.0417736885747417,0.025042853897342596,0.13166893457072817,0.12433814581023672,1.0
LAMP1,0.049060253683034405,0.08453007827689905,0.009896299556591538,0.14464072331518302,0.18567262345340735,1.0
MCM3,0.0,0.0,0.0,0.0,0.0,1.0
VAMP2,0.0,0.0,0.0,0.0,0.0,1.0
CLIC4,0.028458711005764782,0.023029297768851247,0.013343305730740973,0.11554047367002426,0.1353543774168873,1.0
CLSTN1,0.0,0.0,0.0,0.0,0.0,1.0
SORD,0.020588149015449014,0.02239344708538941,0.005707156489931234,0.12453627372667991,0.09896876443850428,1.0
FSCN1,0.060870814445626385,0.041025844217308344,0.016114470014480062,0.09278597232557782,0.12619831896227116,1.0
ID2,0.0455053949257169,0.033936868774342016,0.010873906014246948,0.18101595873304996,0.1294846877996878,1.0
GOLGA4,0.0,0.0,0.0,0.0,0.0,1.0
UQCRQ,0.0,0.0,0.0,0.0,0.0,1.0
SAMM50,0.0,0.0,0.0,0.0,0.0,1.0
DCTD,0.0,0.0,0.0,0.0,0.0,1.0
ETF1,0.0,0.0,0.0,0.0,0.0,1.0
SNW1,0.0,0.0,0.0,0.0,0.0,1.0
GLB1,0.0,0.0,0.0,0.0,0.0,1.0
NME1,0.0,0.0,0.0,0.0,0.0,1.0
PODXL,0.030892755101279937,0.018938588333927066,0.004475869923577811,0.1277314490052505,0.09329980680178432,1.0
FAT1,0.0,0.0,0.0,0.0,0.0,1.0
TMX4,0.0,0.0,0.0,0.0,0.0,1.0
DDX39A,0.0,0.0,0.0,0.0,0.0,1.0
SFPQ,0.0,0.0,0.0,0.0,0.0,1.0
IRAK1,0.0348243871963883,0.026259118370462763,0.010708674020809874,0.1835854348574421,0.114348499815602,1.0
TXNL1,0.0,0.0,0.0,0.0,0.0,1.0
SMC1A,0.0653188823594314,0.0,0.00527573380750062,0.06638519979874755,0.07027488769100881,1.0
NISCH,0.0625,0.0,0.0,0.0,0.0,1.0
EIF3H,0.0,0.0,0.0,0.0,0.0,1.0
PPP4R1,0.0,0.0,0.0,0.0,0.0,1.0
ZC3H15,0.0,0.0,0.0,0.0,0.0,1.0
KRT18,0.0,0.0,0.0,0.0,0.0,1.0
COX7A2,0.0,0.0,0.0,0.0,0.0,1.0
INPPL1,0.09788441726324291,0.030021686276183,0.04193763014965923,0.13127524941106772,0.14217993387879577,1.0
OAT,0.0,0.0,0.0,0.0,0.0,1.0
PHB2,0.13750613251174432,0.2373820592114478,0.009091013746680462,0.2619530812469668,0.05193208232968572,1.0
IFITM1,0.05268373637548548,0.055367323246893765,0.012562835593257046,0.1221094950298023,0.1323068172744419,1.0
PPP1R12A,0.0,0.0,0.0,0.0,0.0,1.0
CNN2,0.0,0.0,0.0,0.0,0.0,1.0
PWP1,0.0,0.0,0.0,0.0,0.0,1.0
ICMT,0.0,0.0,0.0,0.0,0.0,1.0
ALDH9A1,0.03452311890312738,0.016365416528859568,0.014555059834494,0.14717122763586066,0.13880439005068002,1.0
AP1G2,0.0,0.0,0.0,0.0,0.0,1.0
RUVBL1,0.0,0.0,0.0,0.0,0.0,1.0
CALD1,0.0,0.0,0.0,0.0,0.0,1.0
PRDX3,0.0,0.0,0.0,0.0,0.0,1.0
MBTPS1,0.0,0.0,0.0,0.0,0.0,1.0
NBL1,0.0,0.0,0.0,0.0,0.0,1.0
SND1,0.0,0.0,0.0,0.0,0.0,1.0
DARS1,0.0,0.0,0.0,0.0,0.0,1.0
INSIG1,0.0,0.0,0.0,0.0,0.0,1.0
RRAGA,0.0625,0.0625,0.0,0.0,0.0,1.0
IER3,0.09891112438903749,0.020312943960619875,0.018231396228239348,0.20214757809042513,0.1028319684023258,1.0
EIF2B1,0.0,0.0,0.0,0.0,0.0,1.0
CYB5B,0.0,0.0,0.0,0.0,0.0,1.0
FXR1,0.0625,0.0,0.0,0.0,0.0,1.0
CLPTM1,0.0,0.0,0.0,0.0,0.0,1.0
BST2,0.03784863383220257,0.012302760641074984,0.005909886418499332,0.15338206629460174,0.14322068969618817,1.0
IFNGR2,0.061012455316351424,0.016652477855755,0.04293463144355574,0.22161849092835992,0.14094689684977108,1.0
TNC,0.04216420267858152,0.022396770668444387,0.007047209334520371,0.1690726998966313,0.14221022166451813,1.0
SCARB2,0.05153067354287966,0.06262634997783292,0.035080942730261244,0.19534059503403006,0.11857054792022523,1.0
JAK1,0.03221559647904562,0.014313416829045796,0.010684219585306227,0.19680109294514975,0.15800308876565644,1.0
UBE2L6,0.0,0.0,0.0,0.0,0.0,1.0
KRT19,0.043955721019448,0.030162918306404038,0.0100364875102337,0.056284499907187244,0.08827862396082176,1.0
PACSIN2,0.0,0.0,0.0,0.0,0.0,1.0
COPS5,0.0,0.0,0.0,0.0,0.0,1.0
CNIH1,0.0,0.0,0.0,0.0,0.0,1.0
HSPG2,0.02549593478348184,0.010681527120467181,0.0040699054904763275,0.18775983269685778,0.09471260073237416,1.0
ARL1,0.0,0.0,0.0,0.0,0.0,1.0
ACSL3,0.03271428761995065,0.013872092097517115,0.06889841035591768,0.2213117263034624,0.10574390146212886,1.0
SMC4,0.0,0.0,0.0,0.0,0.0,1.0
TIMP1,0.0,0.0,0.0,0.0,0.0,1.0
GJA1,0.04715779808187718,0.03594298125307635,0.012893069722716543,0.18627191848174962,0.09042339651537479,1.0
MARCKS,0.1012054442123775,0.01747891645122099,0.0014509370935242099,0.19665009603425196,0.08742331742356232,1.0
USP14,0.0,0.0,0.0,0.0,0.0,1.0
GYS1,0.0,0.0,0.0,0.0,0.0,1.0
AKAP1,0.0625,0.0,0.0,0.0,0.0,1.0
HMCES,0.0,0.0,0.0,0.0,0.0,1.0
SRRT,0.07338820153191569,0.08200864591376386,0.02668622547436461,0.19119259885253737,0.07095626069426224,1.0
DLG5,0.04213092622771104,0.02711802698979087,0.005443573776698753,0.246594451188262,0.12984049042331985,1.0
PMPCB,0.0,0.0,0.0,0.0,0.0,1.0
TOX4,0.0,0.0,0.0,0.0,0.0,1.0
API5,0.0625,0.0,0.0,0.0,0.0,1.0
TPD52,0.0,0.0,0.0,0.0,0.0,1.0
EGR1,0.04302884356551282,0.011280911274122594,0.021489506228959357,0.22036501599351593,0.15844681056391902,1.0
PNP,0.03426546828403426,0.019333755494642307,0.018959031209978112,0.21521158711923333,0.1070654733301177,1.0
SRSF4,0.0,0.0,0.0,0.0,0.0,1.0
DNMT1,0.04183130895293252,0.0647918387060401,0.08013505139345213,0.09059400264683984,0.07481112771118864,1.0
PSMC6,0.0625,0.0,0.0,0.0,0.0,1.0
CCND3,0.049263812959142485,0.041624246103221484,0.015945372610163933,0.2154095998111325,0.06891715575699749,1.0
PGRMC2,0.0,0.0,0.0,0.0,0.0,1.0
PPP1R10,0.0,0.0,0.0,0.0,0.0,1.0
ENTPD6,0.0,0.0,0.0,0.0,0.0,1.0
PSMD7,0.0625,0.0,0.0,0.0,0.0,1.0
PEX19,0.0,0.0,0.0,0.0,0.0,1.0
NIPSNAP1,0.0,0.0,0.0,0.0,0.0,1.0
MYBL2,0.0,0.0,0.0,0.0,0.0,1.0
RANBP2,0.0,0.0,0.0,0.0,0.0,1.0
TUBG1,0.028806595979280723,0.04124636108620279,0.011167180224339943,0.12935202582296446,0.05130778658255875,1.0
ACIN1,0.0625,0.0,0.0,0.0,0.0,1.0
MRPL49,0.0,0.0,0.0,0.0,0.0,1.0
EPB41L2,0.0,0.0,0.0,0.0,0.0,1.0
LAPTM5,0.039286071337001946,0.016160740538542186,0.002284782784169813,0.17464347127574165,0.08093860252469053,1.0
GALNT1,0.0,0.0,0.0,0.0,0.0,1.0
CDC123,0.0,0.0,0.0,0.0,0.0,1.0
ELAVL1,0.0,0.0,0.0,0.0,0.0,1.0
BLTP2,0.0,0.0,0.0,0.0,0.0,1.0
TPR,0.032953939515807905,0.041344412878851565,0.020283158726612356,0.1879485619720409,0.0949161547305892,1.0
CLCN3,0.0,0.0,0.0,0.0,0.0,1.0
MARCHF6,0.0,0.0,0.0,0.0,0.0,1.0
EIF1B,0.0,0.0,0.0,0.0,0.0,1.0
SGK1,0.10699267685778398,0.03002032872961661,0.005765544858489172,0.11430058191378402,0.12077578994862852,1.0
NDUFS3,0.03764899668485247,0.03163691441172867,0.012273674408308486,0.24288171960006105,0.06380447150419238,1.0
SRSF1,0.0,0.0,0.0,0.0,0.0,1.0
CD14,0.09879647876455085,0.015366314396578588,0.014902437961195888,0.2508542173990117,0.09145588607211419,1.0
LUM,0.0,0.0,0.0,0.0,0.0,1.0
TWF1,0.0382838107868162,0.04056492991126827,0.017911934959045764,0.18801648818252406,0.04466556340160208,1.0
TP53,0.11530485438980813,0.0142925861299521,0.0723782683418272,0.15112547323193048,0.3421728439479819,1.0
SAFB,0.0,0.0,0.0,0.0,0.0,1.0
ECE1,0.0,0.0,0.0,0.0,0.0,1.0
JOSD1,0.0,0.0,0.0,0.0,0.0,1.0
COX6C,0.0,0.0,0.0,0.0,0.0,1.0
RPA2,0.0,0.0,0.0,0.0,0.0,1.0
TSG101,0.0,0.0,0.0,0.0,0.0,1.0
WSB2,0.0,0.0,0.0,0.0,0.0,1.0
MTHFD2,0.03529860165347207,0.05278831435405905,0.013080123879666526,0.219166330493302,0.1471582704967175,1.0
PSME2,0.0625,0.0,0.0,0.0,0.0,1.0
DAXX,0.0625,0.0,0.0,0.0,0.0,1.0
TMEM106C,0.0,0.0,0.0,0.0,0.0,1.0
HEXA,0.036013125268932855,0.022025658044889825,0.010872182192228878,0.3058642824718385,0.07965109249198116,1.0
ELAC2,0.0,0.0,0.0,0.0,0.0,1.0
CLINT1,0.0,0.0,0.0,0.0,0.0,1.0
SNRPA,0.0,0.0,0.0,0.0,0.0,1.0
SCAMP3,0.03957811667993489,0.0542722413008538,0.036539828333097206,0.0713938843047274,0.13986824079550858,1.0
AZIN1,0.0,0.0,0.0,0.0,0.0,1.0
ADNP,0.0,0.0,0.0,0.0,0.0,1.0
NCAPD2,0.0,0.0,0.0,0.0,0.0,1.0
EFCAB14,0.0,0.0,0.0,0.0,0.0,1.0
RNF13,0.0,0.0,0.0,0.0,0.0,1.0
AIP,0.03129533987383301,0.02725653311586789,0.004989883342614741,0.236485110613416,0.09767655287300625,1.0
RELA,0.10265542539971584,0.05061944604492786,0.028914695509913876,0.18981769145088562,0.10800707780189932,1.0
C11orf58,0.0,0.0,0.0,0.0,0.0,1.0
RNASE1,0.0,0.0,0.0,0.0,0.0,1.0
ADAR,0.09758091120232908,0.06490360095242398,0.006101941977290668,0.08114303448687232,0.08592284919484056,1.0
DDX42,0.0,0.0,0.0,0.0,0.0,1.0
DHCR7,0.06870608330781505,0.07146456527178098,0.036582938658869926,0.198800664052166,0.12243059485178151,1.0
AEBP1,0.030847968702756117,0.03213246037212478,0.013435428081447928,0.10999494198407045,0.10544628611155232,1.0
SMG7,0.05238588037634722,0.046364371385524746,0.02855869772390137,0.42927650601412304,0.08547646110608423,1.0
LBR,0.0,0.0,0.0,0.0,0.0,1.0
VARS1,0.0,0.0,0.0,0.0,0.0,1.0
MYOF,0.0,0.0,0.0,0.0,0.0,1.0
OSBP,0.0,0.0,0.0,0.0,0.0,1.0
SLC29A1,0.0517000128703031,0.03972037053300566,0.01129660267866458,0.15825010745251525,0.13625891585713162,1.0
POLR2B,0.0,0.0,0.0,0.0,0.0,1.0
TBCB,0.0,0.0,0.0,0.0,0.0,1.0
PRKAG1,0.027966620222296987,0.019116111261046377,0.025603195722521194,0.2056336491750899,0.08176062694660505,1.0
VPS26A,0.0,0.0,0.0,0.0,0.0,1.0
ENG,0.0,0.0,0.0,0.0,0.0,1.0
SH3BP5,0.03446632793296783,0.03074939211250853,0.0059796558456357,0.1616397890690482,0.10369540136425437,1.0
TBC1D5,0.0,0.0,0.0,0.0,0.0,1.0
NIPSNAP2,0.0,0.0,0.0,0.0,0.0,1.0
UBE3C,0.0,0.0,0.0,0.0,0.0,1.0
LPCAT1,0.035669971695660795,0.007001358806598497,0.008569282872236569,0.23733481664079448,0.1162857635772855,1.0
SCARB1,0.0,0.0,0.0,0.0,0.0,1.0
KRT5,0.04642591575132804,0.014586831753151359,0.014440685793018333,0.08596825927465297,0.13215342784330528,1.0
RNF14,0.0,0.0,0.0,0.0,0.0,1.0
SCCPDH,0.0393233911401159,0.01292412146795403,0.006445163945452631,0.167580766457882,0.1686791768377293,1.0
SMARCD2,0.0,0.0,0.0,0.0,0.0,1.0
RTL8C,0.0,0.0,0.0,0.0,0.0,1.0
NET1,0.0,0.0,0.0,0.0,0.0,1.0
USO1,0.0,0.0,0.0,0.0,0.0,1.0
HDAC2,0.04483572322454607,0.022076561631567897,0.0037982249289016975,0.17983100703078675,0.267427328195679,1.0
PRKAB1,0.044971560745293154,0.032270590374432195,0.03256295182219346,0.10903977866845743,0.10722579111559416,1.0
SUPT7L,0.04024415321537153,0.02491747511895403,0.008697945762304227,0.1911269084817523,0.1075503810473862,1.0
EPCAM,0.03438806412967298,0.02024454225069909,0.0009286639925252366,0.17739504212733992,0.12110772795016242,1.0
NEDD8,0.050191073432083795,0.08275629741729035,0.1832114861551271,0.11638215980339499,0.10713942377611133,1.0
HSPB1,0.0,0.0,0.0,0.0,0.0,1.0
EFEMP1,0.0,0.0,0.0,0.0,0.0,1.0
RYBP,0.0625,0.0,0.0,0.0,0.0,1.0
LIPA,0.05096327164915974,0.014839100430944222,0.010722780382947397,0.24484907132802516,0.14022872229135616,1.0
BNIP3,0.0625,0.0625,0.0,0.0,0.0,1.0
CAPG,0.0,0.0,0.0,0.0,0.0,1.0
SH3GL1,0.0,0.0,0.0,0.0,0.0,1.0
CDC25B,0.04671031559733688,0.06080615285842677,0.030788236583482023,0.2038445523097393,0.11948384591753744,1.0
ATMIN,0.0,0.0,0.0,0.0,0.0,1.0
ZFR,0.0,0.0,0.0,0.0,0.0,1.0
SRGN,0.10541831430150236,0.01020055234238565,0.005913545583543712,0.11566762319199256,0.14017143670147525,1.0
PLAT,0.027504662584517184,0.02896913582108987,0.00043657735148504577,0.34015763761884704,0.0867689184519019,1.0
LRRFIP1,0.0,0.0,0.0,0.0,0.0,1.0
FAM32A,0.0625,0.0,0.0,0.0,0.0,1.0
GDI1,0.0,0.0,0.0,0.0,0.0,1.0
TOMM34,0.0,0.0,0.0,0.0,0.0,1.0
UBXN1,0.0,0.0,0.0,0.0,0.0,1.0
ABCE1,0.0,0.0,0.0,0.0,0.0,1.0
MPZL1,0.0451360336984188,0.03101771043128987,0.016481498055033187,0.2933022729808309,0.10645428427022623,1.0
PON2,0.0,0.0,0.0,0.0,0.0,1.0
PPP2R5C,0.04500612064489973,0.024892085666262463,0.007294352378051715,0.15912921536242472,0.12078762951704541,1.0
ARIH1,0.04313491790989588,0.03858092893442787,0.040919158179027214,0.23452634502847847,0.1460942483168577,1.0
CEACAM5,0.09796628759341727,0.02018736013094514,0.02822277714422173,0.1263272681864877,0.12563963878151965,1.0
CYB5R3,0.03783244101191941,0.015311274569198837,0.010393223352018623,0.09254469791081785,0.1486765724622934,1.0
DCAF11,0.0,0.0,0.0,0.0,0.0,1.0
IL13RA1,0.03469572839969433,0.025877332623264127,0.009176157596418145,0.11708224440190004,0.129016088893674,1.0
FAM3C,0.045589431423512065,0.01768431492038039,0.010789032773468635,0.22320592194125366,0.16591070584455403,1.0
RRM2,0.49693512456673194,0.3200437198384944,0.019101759664712194,0.05467772638605238,0.05848330446689767,1.0
IMPDH2,0.04655299507751659,0.03260642996964249,0.017325478242063225,0.31851516132938046,0.12618390496596388,1.0
ARAF,0.03163270565087455,0.023753827535617018,0.008521846502134073,0.3582755237291432,0.08002613210962306,1.0
PSRC1,0.039461137074981584,0.030084703859888123,0.020224165071473843,0.15560073934755322,0.08852449575703422,1.0
CKS1B,0.037132609791773616,0.029990212808442218,0.02470415234919955,0.14877039973812342,0.11811746228604131,1.0
UBE2A,0.0,0.0,0.0,0.0,0.0,1.0
AKR1A1,0.02124587047060119,0.019105443289090404,0.009898092218531183,0.2163069255917601,0.050978698167218534,1.0
YY1,0.05804364240392466,0.03293694514111325,0.029531609271832328,0.07564679140632524,0.0843927471087072,1.0
UQCRC1,0.0293673139914844,0.02940930247515649,0.007603903157247926,0.29821235640996424,0.08586966895438009,1.0
CTDSPL,0.0,0.0,0.0,0.0,0.0,1.0
DVL3,0.038621991574799515,0.012567585324585311,0.007024127059504615,0.17789988746514684,0.13476586726911421,1.0
RPS4Y1,0.0,0.0,0.0,0.0,0.0,1.0
FARP1,0.0,0.0,0.0,0.0,0.0,1.0
GSPT1,0.11667249530153496,0.2602197780980373,0.0010750172070476199,0.10480955841576615,0.05959179183455246,1.0
COASY,0.04489461778443096,0.04064315065879204,0.028883276238863394,0.17607911855326222,0.082796272583609,1.0
SEC63,0.0,0.0,0.0,0.0,0.0,1.0
SLC25A36,0.0,0.0,0.0,0.0,0.0,1.0
SLC20A1,0.0,0.0,0.0,0.0,0.0,1.0
GNG10,0.0,0.0,0.0,0.0,0.0,1.0
NSA2,0.0,0.0,0.0,0.0,0.0,1.0
PRDX4,0.04051174306546313,0.0185901931587912,0.011666098226956492,0.1907455606122764,0.09816749142052153,1.0
AFF1,0.03117310788231086,0.022429558486897188,0.005994900937290076,0.15909340783226575,0.14168031483105237,1.0
CD55,0.03123193801693443,0.018736072373257962,0.0041120563632122634,0.12866130157272307,0.13183759308072757,1.0
PKP4,0.0,0.0,0.0,0.0,0.0,1.0
MCM6,0.05159460706165431,0.04460054503616566,0.013091933446850623,0.1839074278861536,0.10220590460042472,1.0
ETFA,0.0,0.0,0.0,0.0,0.0,1.0
LRRC41,0.0,0.0,0.0,0.0,0.0,1.0
CHMP1A,0.038310716846697845,0.04920959315119636,0.016016558673371234,0.18858200640279799,0.1396424141439106,1.0
WDR82,0.0,0.0,0.0,0.0,0.0,1.0
EIF4G3,0.0,0.0,0.0,0.0,0.0,1.0
CDK2AP1,0.0,0.0,0.0,0.0,0.0,1.0
PLK2,0.0,0.0,0.0,0.0,0.0,1.0
CPD,0.0,0.0,0.0,0.0,0.0,1.0
HEXB,0.0,0.0,0.0,0.0,0.0,1.0
FURIN,0.05502982316136925,0.06656571630705473,0.004053322982457771,0.06769927745707109,0.10870089800303188,1.0
CCT2,0.0,0.0,0.0,0.0,0.0,1.0
GNL2,0.0,0.0,0.0,0.0,0.0,1.0
CAPZB,0.0,0.0,0.0,0.0,0.0,1.0
ALCAM,0.03717563614021555,0.014913011257575604,0.018969798250714848,0.11805816395630633,0.12340842506222482,1.0
CIB1,0.08553307006626899,0.023887660784215576,0.012818822953117924,0.11125176314295389,0.10858166051223418,1.0
ARPC1B,0.020270852000106313,0.05262267081399714,0.01050091161076017,0.0978648378493902,0.08656877115707759,1.0
CCNC,0.03553095631618306,0.02746776517024217,0.002360377974218954,0.14046412723918078,0.15095237168017392,1.0
GNPAT,0.0,0.0,0.0,0.0,0.0,1.0
PPP1R12B,0.0,0.0,0.0,0.0,0.0,1.0
MYCBP2,0.0,0.0,0.0,0.0,0.0,1.0
RNF41,0.0625,0.0,0.0,0.0,0.0,1.0
ACSL1,0.04766033044810496,0.0075987748687846544,0.0705116760331407,0.0323817108424787,0.1741127484389524,1.0
SETX,0.0,0.0,0.0,0.0,0.0,1.0
NDUFS2,0.034188132077155056,0.04894883572592644,0.011023970150905456,0.07980869171703592,0.0758791915730179,1.0
RBM6,0.03483217459898008,0.01809075406895946,0.020856195783590978,0.2905613270496525,0.1116120498955951,1.0
PGM1,0.0,0.0,0.0,0.0,0.0,1.0
NASP,0.0,0.0,0.0,0.0,0.0,1.0
ATP6V1A,0.02277588426092516,0.048623687123897336,0.021700184287287524,0.2563750028495995,0.03772375346602694,1.0
MYO10,0.0,0.0,0.0,0.0,0.0,1.0
DELE1,0.0625,0.0,0.0,0.0,0.0,1.0
PPP5C,0.03712918369914071,0.0374299809610244,0.0075518933961149295,0.1902090031799435,0.10420296058022722,1.0
RSU1,0.0,0.0,0.0,0.0,0.0,1.0
PAPPA,0.0,0.0,0.0,0.0,0.0,1.0
EGFR,0.05576759470879947,0.043278362706682075,0.0253047998364912,0.09355371505291044,0.17102235060348908,1.0
WASHC5,0.0,0.0,0.0,0.0,0.0,1.0
MED13,0.0393024667106561,0.004928606768841761,0.00041512743684092785,0.14816288544705333,0.12657311553475215,1.0
CREBL2,0.0,0.0,0.0,0.0,0.0,1.0
KIF5B,0.0,0.0,0.0,0.0,0.0,1.0
HNRNPDL,0.0,0.0,0.0,0.0,0.0,1.0
MORF4L2,0.0,0.0,0.0,0.0,0.0,1.0
EXT1,0.029073294597859047,0.02036927336813465,0.012819050303302963,0.22123549531120562,0.09370899631859275,1.0
SPEN,0.0,0.0,0.0,0.0,0.0,1.0
ST6GAL1,0.0,0.0,0.0,0.0,0.0,1.0
DYNLT1,0.0,0.0,0.0,0.0,0.0,1.0
NDUFA6,0.0,0.0,0.0,0.0,0.0,1.0
ACAA2,0.028267886911238865,0.02826853941311449,0.004283295500399108,0.24728965687845533,0.08870585080482957,1.0
PTPN12,0.049339976347891765,0.01731083443084861,0.009174655720797063,0.13484126478432934,0.2046300892146108,1.0
NID1,0.028245538488409456,0.004483596014347562,0.0061698714078405196,0.18759524274679829,0.09998482124570579,1.0
TWF2,0.03818843287821821,0.048187112924934675,0.026190234306956883,0.12027043872385791,0.13574186207660643,1.0
TJP1,0.0625,0.0,0.0,0.0,0.0,1.0
EXT2,0.0,0.0,0.0,0.0,0.0,1.0
PPP1R15A,0.09858207948159073,0.024304253691087956,0.0145839118285454,0.19147765482667972,0.08367443610709346,1.0
MEST,0.030645488156239447,0.023967617406935458,0.002711496873539151,0.2236193212844289,0.0891915877785815,1.0
EPHX1,0.0,0.0,0.0,0.0,0.0,1.0
LTF,0.04726783946271453,0.025397237576567495,0.016372750965232476,0.19645051764817173,0.16790286647817343,1.0
LANCL1,0.0354934075893442,0.03331130140737151,0.021319990880236048,0.12937308371540324,0.12235686767761772,1.0
EIF1,0.0,0.0,0.0,0.0,0.0,1.0
ALDOC,0.0,0.0,0.0,0.0,0.0,1.0
EFNA1,0.024796259208965346,0.01115431953270606,0.012418627690810865,0.13952025044736607,0.10470883032902295,1.0
GET3,0.0,0.0,0.0,0.0,0.0,1.0
SDHD,0.04597442500731808,0.02383103249811734,0.007055869236857204,0.19983827861400205,0.12570870309594245,1.0
TMEM184B,0.0,0.0,0.0,0.0,0.0,1.0
RPL38,0.0,0.0,0.0,0.0,0.0,1.0
BCKDK,0.032404579713380996,0.013042825776125411,0.0216658024208862,0.18303507264861305,0.18318206080312593,1.0
RB1CC1,0.0625,0.0625,0.0,0.0,0.0,1.0
SFRP1,0.03852636065603642,0.01721034735346296,0.0025207561742645957,0.10077079046664564,0.1274869364263639,1.0
UBE4A,0.0,0.0,0.0,0.0,0.0,1.0
KDM5A,0.04270683296557005,0.027367096219223296,0.02360124912551006,0.15933040087001807,0.1379044036020342,1.0
FIBP,0.051144919230391446,0.02526474841933137,0.034126786737618264,0.14904056208925004,0.11672433689074005,1.0
HARS1,0.0,0.0,0.0,0.0,0.0,1.0
SMS,0.06119460170985637,0.03354887408846961,0.004525107197286404,0.07374464849448646,0.17867589275952628,1.0
ARHGAP35,0.0,0.0,0.0,0.0,0.0,1.0
CBX6,0.04165339290796741,0.02924303804813414,0.014486881080374353,0.08812019304104778,0.1684010135438077,1.0
ZMYM4,0.0,0.0,0.0,0.0,0.0,1.0
RAI14,0.0,0.0,0.0,0.0,0.0,1.0
ALDH3A2,0.04073554220541538,0.02891734632764492,0.01811964031779496,0.21050208815596855,0.1536418624644879,1.0
CTR9,0.0,0.0,0.0,0.0,0.0,1.0
SEL1L,0.0,0.0,0.0,0.0,0.0,1.0
PPFIA1,0.03203030691864515,0.04408424371402725,0.001026341503776965,0.1505778911538725,0.09844445452905647,1.0
LDLR,0.03910907175187304,0.053413758827556314,0.19434561919327953,0.13329127264834387,0.15327680406882707,1.0
IDH3A,0.03412055641547369,0.0371633497372508,0.0024439108834714528,0.20072053677934804,0.11856339728637916,1.0
SDC4,0.03281152071226033,0.026384139175367246,0.007666952400524912,0.18591500171036957,0.09891765267390655,1.0
HNRNPL,0.0,0.0,0.0,0.0,0.0,1.0
OPTN,0.03536338285629041,0.065298468153827,0.0027063148430229674,0.1527132361996992,0.0950104951441802,1.0
PLTP,0.03664958287644774,0.011069337096451214,0.001796525253886355,0.2197194350717413,0.09569572257477961,1.0
BIRC2,0.0625,0.0,0.0,0.0625,0.0,1.0
NDUFAB1,0.03964148850464766,0.028702088930846324,0.019807689203001806,0.21642711680185797,0.08331668145812077,1.0
COPS3,0.0,0.0,0.0,0.0,0.0,1.0
TRAK1,0.0,0.0,0.0,0.0,0.0,1.0
IER2,0.0,0.0,0.0,0.0,0.0,1.0
SEC14L1,0.033308916409888145,0.029655558630423448,0.013056000885625429,0.18819584882075868,0.12032227682950468,1.0
TJP2,0.0625,0.0,0.0,0.0,0.0,1.0
MX1,0.0967433584669925,0.010348636782413259,0.013040687275192515,0.1932152782330848,0.11080140588261961,1.0
CTSL,0.1014453644659601,0.08853756071047097,0.01520960956203994,0.10348414767689106,0.1553987643644073,1.0
SLC39A6,0.0,0.0,0.0,0.0,0.0,1.0
UQCR11,0.0,0.0,0.0,0.0,0.0,1.0
ARL2BP,0.0,0.0,0.0,0.0,0.0,1.0
PAF1,0.0,0.0,0.0,0.0,0.0,1.0
BIRC5,0.24198193627965103,0.10258388886757859,0.026421533689655573,0.08602896555956599,0.033595863355467354,1.0
TSPO,0.033791774344718216,0.021391150390615295,0.005300494886171481,0.16145661085923152,0.16252211948055686,1.0
NUP153,0.0,0.0,0.0,0.0,0.0,1.0
RALB,0.0625,0.0,0.0,0.0,0.0,1.0
BRD4,0.20029519947002028,0.044978403042284176,0.020636980657748404,0.21556167526545367,0.07252470093921044,1.0
IGBP1,0.0,0.0625,0.0,0.0,0.0,1.0
GOLGA3,0.0,0.0,0.0,0.0,0.0,1.0
MCM2,0.10742229507462821,0.02573569061936578,0.018131409863831553,0.2962196243587929,0.10585231240156293,1.0
PEPD,0.0,0.0,0.0,0.0,0.0,1.0
ARFIP2,0.0,0.0,0.0,0.0,0.0,1.0
COX7B,0.022875695822808496,0.027156711171484042,0.01633934765923562,0.21324989465954877,0.043056576655940766,1.0
SLC4A2,0.0,0.0,0.0,0.0,0.0,1.0
VWF,0.0,0.0,0.0,0.0,0.0,1.0
SNX2,0.0,0.0,0.0,0.0,0.0,1.0
NOC2L,0.0625,0.0,0.0,0.0,0.0,1.0
DPF2,0.0625,0.0,0.0,0.0,0.0,1.0
ARHGAP1,0.0,0.0,0.0,0.0,0.0,1.0
CPNE3,0.042575606959360586,0.023293786288352557,0.008551486221041859,0.22462916295296106,0.08771087166970418,1.0
CHMP2A,0.061501506699205274,0.14990057731706155,0.26316796112215285,0.3746026449265462,0.15623321925031824,1.0
PLIN3,0.0,0.0,0.0,0.0,0.0,1.0
ABL1,0.0932898073949224,0.023781790542627527,0.021138127431161852,0.18294701560308207,0.11229271034381685,1.0
TRAK2,0.0,0.0,0.0,0.0,0.0,1.0
PRP4K,0.0,0.0,0.0,0.0,0.0,1.0
AREL1,0.0625,0.0,0.0,0.0,0.0,1.0
RIOK3,0.051141509814798994,0.019162704450606582,0.007918183425281836,0.09472205117885274,0.07438007265883817,1.0
WWTR1,0.06284563594041026,0.10171175103420323,0.012686746294987911,0.15947445942579855,0.07673063415435737,1.0
ACTR1B,0.0,0.0,0.0,0.0,0.0,1.0
ZMYND11,0.0,0.0,0.0,0.0,0.0,1.0
AIMP2,0.0625,0.0,0.0,0.0,0.0,1.0
CLK3,0.03631977500089474,0.021862916730833452,0.04784766712767742,0.09675456863580413,0.14194220181227485,1.0
COPS8,0.0,0.0,0.0,0.0,0.0,1.0
LY6E,0.0,0.0,0.0,0.0,0.0,1.0
IFRD1,0.0,0.0,0.0,0.0,0.0,1.0
PYCR1,0.02109385059569236,0.0429613589810096,0.009756002968473369,0.15906651866380717,0.07037043763000249,1.0
NEDD9,0.03987913348904831,0.010298553947434223,0.010356903967746007,0.18471370249677407,0.14220964348812293,1.0
UBAC1,0.0,0.0,0.0,0.0,0.0,1.0
NUP62,0.0,0.0,0.0,0.0,0.0,1.0
TUBB3,0.03940418283631984,0.026356796820341068,0.006816961209783077,0.13478033115542273,0.12477362992872833,1.0
NUP214,0.0,0.0,0.0,0.0,0.0,1.0
CELF2,0.0,0.0,0.0,0.0,0.0,1.0
CREBBP,0.04831134131664161,0.033910944171524626,0.02051054120201277,0.09831899675503021,0.1715425611642018,1.0
PKN1,0.026647712653536753,0.037561526683951386,0.043474543333827664,0.21511145774154264,0.09444737506177991,1.0
CNOT8,0.0,0.0,0.0,0.0,0.0,1.0
PPP1R2,0.0,0.0,0.0,0.0,0.0,1.0
MMS19,0.0,0.0,0.0,0.0,0.0,1.0
AASDHPPT,0.0,0.0,0.0,0.0,0.0,1.0
VEZF1,0.0,0.0,0.0,0.0,0.0,1.0
PCM1,0.0,0.0,0.0,0.0,0.0,1.0
CHPF,0.028246770993274065,0.012284222945517648,0.023138253440725273,0.23562059387745737,0.12327696134696141,1.0
ERCC3,0.0625,0.0,0.0,0.0,0.0,1.0
GAS6,0.10853901616556026,0.029004317183131637,0.011777568061046849,0.10832711027444059,0.1823591460879396,1.0
PRKCZ,0.028961929372785727,0.03986670081823998,0.034027720051736585,0.1472530397245927,0.08759684935537151,1.0
BLMH,0.0,0.0,0.0,0.0,0.0,1.0
MVP,0.0,0.0,0.0,0.0,0.0,1.0
SUSD6,0.0,0.0,0.0,0.0,0.0,1.0
KAT2A,0.03176475136617619,0.0384671590933829,0.018243280603659782,0.14519588692030388,0.11325077649199675,1.0
KIF22,0.0,0.0,0.0,0.0,0.0,1.0
NUP133,0.0,0.0,0.0,0.0,0.0,1.0
PLOD3,0.03752695896600245,0.027642605705237824,0.01305425568218803,0.16773894082274246,0.0827535227544181,1.0
PPP2R5A,0.03911324423661797,0.012239081278342563,0.023227444034289814,0.12595328078814808,0.1479318744059887,1.0
NUP93,0.0,0.0,0.0,0.0,0.0,1.0
GAS7,0.03374280802836966,0.021246183649374372,0.006846437262866863,0.11362269371565539,0.13566053613533285,1.0
LIMK2,0.03145815725817955,0.044981819150815575,0.021181427016989232,0.06993840797109459,0.15428067465343814,1.0
TMED5,0.0,0.0,0.0,0.0,0.0,1.0
DKK3,0.0,0.0,0.0,0.0,0.0,1.0
MTMR3,0.038838816126649287,0.09294315851270626,0.010390239102732698,0.20347705792700768,0.15603692130081304,1.0
SRPK1,0.04509673239219532,0.03552738850209333,0.01222805527889638,0.15435353213436798,0.12294146965960837,1.0
BLVRB,0.0,0.0,0.0,0.0,0.0,1.0
LAMA4,0.0,0.0,0.0,0.0,0.0,1.0
AMFR,0.0,0.0,0.0,0.0,0.0,1.0
VASP,0.0,0.0,0.0,0.0,0.0,1.0
ARL4C,0.0,0.0,0.0,0.0,0.0,1.0
LSM3,0.0,0.0,0.0,0.0,0.0,1.0
ARFGAP3,0.0,0.0,0.0,0.0,0.0,1.0
PES1,0.0,0.0,0.0,0.0,0.0,1.0
CUL4B,0.0,0.0,0.0,0.0,0.0,1.0
NFYC,0.0,0.0,0.0,0.0,0.0,1.0
GATD3,0.0,0.0,0.0,0.0,0.0,1.0
FADS2,0.04001129105561461,0.025318410126928013,0.002279818676550337,0.1723601639771279,0.12157533937371555,1.0
SLC6A8,0.04110737820882791,0.005133922301878945,0.0045258023607652464,0.20584041823495866,0.14525100867730137,1.0
KHDC4,0.0,0.0,0.0,0.0,0.0,1.0
DES,0.0,0.0,0.0,0.0,0.0,1.0
STT3A,0.0,0.0,0.0,0.0,0.0,1.0
CRK,0.0,0.0,0.0,0.0,0.0,1.0
BRD8,0.026554646879967482,0.08761334430703026,0.014707680895224486,0.07432836572070307,0.07810413096183136,1.0
NPTN,0.04490481562104742,0.012337418111837086,0.01601951858896887,0.15002070859477515,0.12135580014245181,1.0
CHERP,0.0,0.0,0.0,0.0,0.0,1.0
EIF3M,0.0,0.0,0.0,0.0,0.0,1.0
UQCRH,0.0,0.0,0.0,0.0,0.0,1.0
SLC16A1,0.04237366369810328,0.05678381521294525,0.005360045314774076,0.18857048019278538,0.06918395567545885,1.0
NNMT,0.04389058152688661,0.03695673592015284,0.021039359182317873,0.0571644479996217,0.17458505601417573,1.0
PARP4,0.0625,0.0,0.0,0.0,0.0,1.0
PLK1,0.19215949428271129,0.21111839569001944,0.5279750297980508,0.031038355883052135,0.03477372035132737,1.0
TRIB1,0.0,0.0,0.0,0.0,0.0,1.0
TSPAN7,0.04060372733692924,0.027523955786282785,0.007663008189199672,0.05870706941597359,0.15172526732728497,1.0
PSMB4,0.0625,0.0,0.0,0.0,0.0,1.0
LSS,0.0,0.0,0.0,0.0,0.0,1.0
CDK4,0.1521443102484737,0.12010171264106052,0.35214332497704626,0.10099991571310261,0.07299341621922312,1.0
E2F4,0.0,0.0,0.0,0.0,0.0,1.0
DCAF8,0.0,0.0,0.0,0.0,0.0,1.0
PRPF3,0.0,0.0,0.0,0.0,0.0,1.0
RAB13,0.0,0.0,0.0,0.0,0.0,1.0
DNM2,0.0,0.0,0.0,0.0,0.0,1.0
SIPA1L1,0.048998580296227015,0.03965898497720403,0.011453286579369514,0.1009618602412599,0.16323264902061074,1.0
CD2BP2,0.0,0.0,0.0,0.0,0.0,1.0
N4BP2L2,0.0,0.0,0.0,0.0,0.0,1.0
STXBP1,0.0,0.0,0.0,0.0,0.0,1.0
VPS72,0.04965018097704224,0.04210336260470132,0.025964048261786044,0.2311304220230398,0.10126820586574034,1.0
DDAH2,0.032174316443982415,0.03143110895291413,0.009971480270900451,0.11401004920001939,0.1214102404886091,1.0
CYB5R1,0.03301993605360966,0.024105940761186547,0.0074667997817800804,0.21640705424989504,0.07949263925167405,1.0
TOMM40,0.0,0.0,0.0,0.0,0.0,1.0
BMI1,0.0,0.0,0.0,0.0,0.0,1.0
TDP2,0.0,0.0,0.0,0.0,0.0,1.0
LAMC2,0.0,0.0,0.0,0.0,0.0,1.0
NAE1,0.09484046179160217,0.022985407894892826,0.03655856408501616,0.3064061993642477,0.08778697289583241,1.0
GBP1,0.03086674788542517,0.031220040969762705,0.009783153990240524,0.08422585601839874,0.1203685409600371,1.0
FBXO28,0.0,0.0,0.0,0.0,0.0,1.0
PDGFRB,0.04284052526056731,0.06974665570391864,8.32283509642573e-05,0.11121993510454292,0.08381431373751977,1.0
ACTG2,0.0,0.0,0.0,0.0,0.0,1.0
G6PD,0.030567889128252337,0.028243416481818797,0.012611232232816606,0.09694626156813835,0.1405356886582232,1.0
SEM1,0.0625,0.0,0.0,0.0,0.0,1.0
SPTLC1,0.027794686950443247,0.03478268812391673,0.015559936372878776,0.11649380866106784,0.10529796820389617,1.0
ATP5MJ,0.0,0.0,0.0,0.0,0.0,1.0
GAK,0.03790657288021981,0.011423506697457574,0.019449040913810535,0.02535657611758141,0.12679206350972955,1.0
HSD17B10,0.04014409273781276,0.024257419878964848,0.005351383071558577,0.15813343910015915,0.1402304702790989,1.0
SERPINF1,0.038535159824420545,0.013946170501014578,0.002823603855389447,0.27245202336161284,0.12686413838496746,1.0
CDKN1A,0.05516004771969216,0.03753196872670591,0.009122361539286285,0.0942108897367323,0.2574725852076463,1.0
TACSTD2,0.03400483967633126,0.050214335673282665,0.026986224044145975,0.07107120796009936,0.11953143739687758,1.0
MTOR,0.13690187092827752,0.155077189488537,0.0017655227333988447,0.09668582608124215,0.06903310721851516,1.0
PDAP1,0.0,0.0,0.0,0.0,0.0,1.0
MGP,0.03633021060868349,0.00390905950243578,0.003085104776063048,0.09631513736913301,0.0767381703720612,1.0
STAG1,0.0,0.0,0.0,0.0,0.0,1.0
CTSH,0.08893767304381905,0.046851438680969054,0.009937727104693227,0.12539329311210745,0.0693228979033695,1.0
RER1,0.0,0.0,0.0,0.0,0.0,1.0
NDUFA1,0.04605193987284576,0.034077131760169105,0.031259455512805866,0.0884202747128992,0.14641857352039406,1.0
LAMTOR5,0.0,0.0,0.0,0.0,0.0,1.0
RSRC2,0.0,0.0,0.0,0.0,0.0,1.0
SMARCA5,0.0,0.0,0.0,0.0,0.0,1.0
FNDC3A,0.0,0.0,0.0,0.0,0.0,1.0
POLR2G,0.0,0.0,0.0,0.0,0.0,1.0
TAP1,0.0419989396398639,0.008653702618603014,0.01026506068649601,0.08930121039391785,0.1336756166131761,1.0
SREBF1,0.0,0.0,0.0,0.0,0.0,1.0
MTHFD1,0.0,0.0,0.0,0.0,0.0,1.0
COL1A1,0.0,0.0,0.0,0.0,0.0,1.0
PPP2R2A,0.028401789961624995,0.010292003134894305,0.0106251848253626,0.14010833877092013,0.10314470222945563,1.0
CYP51A1,0.03732324768420763,0.01627559196452451,0.0177438726542226,0.2807855935855446,0.1441009134991024,1.0
BCR,0.0,0.0,0.0,0.0,0.0,1.0
UBE4B,0.0,0.0,0.0,0.0,0.0,1.0
SENP6,0.0,0.0,0.0,0.0,0.0,1.0
GGPS1,0.0307128316158947,0.028684881782137482,0.002830044953632101,0.1467992633099773,0.09133410651725898,1.0
ACBD3,0.0,0.0,0.0,0.0,0.0,1.0
ATP5PF,0.0,0.0,0.0,0.0,0.0,1.0
EHMT2,0.06331259926076736,0.02514272768524877,0.008309589057481082,0.1405452283113976,0.1230507223975208,1.0
PKD1,0.02293313331741075,0.01532267339776068,0.0027607208938649017,0.20601659628602353,0.06711030048278735,1.0
CSK,0.03864325492041123,0.02244523335169159,0.013646229465755444,0.16719639066032585,0.14317477954050875,1.0
UNG,0.04670220007897124,0.014132272976232794,0.0037970540821792194,0.14191711750989186,0.09360569603828768,1.0
BCKDHA,0.0,0.0,0.0,0.0,0.0,1.0
CSNK1E,0.0,0.0,0.0,0.0,0.0,1.0
UBE2B,0.0625,0.0,0.0,0.0,0.0,1.0
PMF1,0.0,0.0,0.0,0.0,0.0,1.0
TK1,0.03923549230498875,0.015297257363296275,0.0084691439114807,0.10518980844944771,0.07421283983604586,1.0
NR4A1,0.09355044732608872,0.02768388025251991,0.008532137489629598,0.15186066539661697,0.13050382021437731,1.0
HSF1,0.0,0.0,0.0,0.0,0.0,1.0
FABP5,0.0,0.0,0.0,0.0,0.0,1.0
UBE2K,0.0,0.0,0.0,0.0,0.0,1.0
TOR1A,0.0,0.0,0.0,0.0,0.0,1.0
MATN2,0.0,0.0,0.0,0.0,0.0,1.0
ITGAV,0.08426107402284126,0.1089197597246204,0.03369811259094982,0.09938556734263537,0.09997443278955956,1.0
PSMD12,0.0625,0.0,0.0,0.0,0.0,1.0
GTF2F1,0.0,0.0,0.0,0.0,0.0,1.0
CFB,0.04488569937599567,0.014492532853879189,0.009597474608661631,0.20150391983089083,0.11801010760586689,1.0
SNX19,0.0,0.0,0.0,0.0,0.0,1.0
MAML1,0.0,0.0,0.0,0.0,0.0,1.0
SEC24C,0.0,0.0,0.0,0.0,0.0,1.0
RAP1A,0.0,0.0,0.0,0.0,0.0,1.0
SPOCK1,0.03513521589605221,0.021355609365510515,0.003393648573546038,0.2835217451498934,0.11802294306551625,1.0
MXI1,0.0,0.0,0.0,0.0,0.0,1.0
UNC119B,0.0,0.0,0.0,0.0,0.0,1.0
ACADS,0.0,0.0,0.0,0.0,0.0,1.0
TRAM2,0.0,0.0,0.0,0.0,0.0,1.0
CBFB,0.0,0.0,0.0,0.0,0.0,1.0
TCEAL4,0.0,0.0,0.0,0.0,0.0,1.0
RAB3GAP2,0.0,0.0,0.0,0.0,0.0,1.0
SEC24D,0.0,0.0,0.0,0.0,0.0,1.0
SERPINA3,0.0,0.0,0.0,0.0,0.0,1.0
LEPROT,0.0,0.0,0.0,0.0,0.0,1.0
NKTR,0.0,0.0,0.0,0.0,0.0,1.0
ADAM9,0.0,0.0,0.0,0.0,0.0,1.0
GNPDA1,0.0,0.0,0.0,0.0,0.0,1.0
KDM5C,0.05821160452707723,0.013589906490632781,0.006852258218870252,0.07011542100687099,0.1945321913195014,1.0
TCOF1,0.0,0.0,0.0,0.0,0.0,1.0
MARF1,0.0,0.0,0.0,0.0,0.0,1.0
RGS2,0.0,0.0,0.0,0.0,0.0,1.0
HTT,0.0625,0.0,0.0,0.0,0.0,1.0
BASP1,0.0,0.0,0.0,0.0,0.0,1.0
PISD,0.0,0.0,0.0,0.0,0.0,1.0
KLF10,0.05173979020083923,0.07503631783590128,0.027246165029888664,0.10759829076586448,0.07379059130998539,1.0
ABCF3,0.0,0.0,0.0,0.0,0.0,1.0
NSF,0.05819533081431097,0.05140792580896237,0.04244505545694918,0.2583722326427992,0.06445134472967054,1.0
TCERG1,0.0,0.0,0.0,0.0,0.0,1.0
NUTF2,0.0,0.0,0.0,0.0,0.0,1.0
AP3S2,0.0,0.0,0.0,0.0,0.0,1.0
SRF,0.054168949096528723,0.03792305035572218,0.02680399955628086,0.11653915484909101,0.10377726788456659,1.0
CARS1,0.0,0.0,0.0,0.0,0.0,1.0
COL1A2,0.03391658277464536,0.03518197758964331,0.026655277960657964,0.16095162927422726,0.10427985407474666,1.0
TIAL1,0.10734857341807444,0.014844946610169172,0.003895866492317055,0.1256517102691786,0.058407552797970934,1.0
PRPF31,0.0,0.0,0.0,0.0,0.0,1.0
IFI27,0.11123490554041487,0.015227195934479803,0.003588210787932123,0.08561619122903581,0.17532173684251123,1.0
USP1,0.057462440328322026,0.016147633466830073,0.008392253887127067,0.19261415358987163,0.08699985943930755,1.0
ERCC5,0.0,0.0,0.0,0.0,0.0,1.0
HSPBP1,0.0,0.0,0.0,0.0,0.0,1.0
DNAJC7,0.0,0.0,0.0,0.0,0.0,1.0
KEAP1,0.06976262017341718,0.06535004873948906,0.3753768527857944,0.10860613831658905,0.18310489790780554,1.0
YIF1A,0.0,0.0,0.0,0.0,0.0,1.0
KDSR,0.0,0.0,0.0,0.0,0.0,1.0
DHX9,0.037139665862222525,0.028738475017805947,0.017763123572134817,0.0653042071040637,0.06038245374657078,1.0
IGSF3,0.03883951997093771,0.02264066421526275,0.0251032202050269,0.20323276649762168,0.10575237641071375,1.0
ACSL4,0.05016008781800972,0.01089370174228751,0.07174348427391689,0.27437369404144357,0.12746601002431873,1.0
KAT6A,0.03965077206308682,0.026749719751809776,0.00949003238282806,0.09864431557400619,0.14428071520996966,1.0
MAP2K2,0.11301225806567793,0.08048530509940681,0.011950905472691674,0.11694089813806825,0.1658561700363211,1.0
MPC2,0.0,0.0,0.0,0.0,0.0,1.0
MYC,0.22097276207881011,0.17885476980567322,0.02199648782464608,0.16135498154625216,0.07960951235696087,1.0
PPP3CB,0.0,0.0,0.0,0.0,0.0,1.0
SLC35B1,0.0,0.0,0.0,0.0,0.0,1.0
CYP1B1,0.043605230188700904,0.014220664343901526,0.0056117527095031735,0.1443624786583551,0.1199014486114022,1.0
IDS,0.0,0.0,0.0,0.0,0.0,1.0
DENND2B,0.0,0.0,0.0,0.0,0.0,1.0
ERLIN1,0.0,0.0,0.0,0.0,0.0,1.0
AP3S1,0.0,0.0,0.0,0.0,0.0,1.0
NOTCH2,0.08768410502911744,0.022100820493059684,0.009452602874877293,0.1918458684249543,0.09126323487907576,1.0
PLSCR1,0.10006758321947214,0.02540955554806191,0.01362174631955228,0.1258072046818697,0.13107919339445653,1.0
DECR1,0.0,0.0,0.0,0.0,0.0,1.0
RXRA,0.02636027572675894,0.018987279998639313,0.006019123680307666,0.325872991954519,0.08909670195405958,1.0
CTSK,0.08978091342816029,0.028708759488797853,0.00769232184442814,0.13350888178098338,0.10178830331818248,1.0
ZER1,0.0,0.0,0.0,0.0,0.0,1.0
GTF2H1,0.06589713124381334,0.0879928644394433,0.022897717300469363,0.09478748156873203,0.10686984097659363,1.0
ERBB3,0.05308212150543349,0.024017940257183526,0.04550659864491127,0.10589181009512921,0.10956011620017718,1.0
HDAC5,0.04054502469472712,0.03648185810161394,0.010205853266490254,0.18073748836214873,0.10619015604467305,1.0
PPP3CA,0.03146232717262511,0.03966389716525134,0.014563283276499382,0.20902224639060157,0.09261953233899256,1.0
PRSS23,0.049016021447115234,0.031946253166146354,0.02083491179395158,0.09315987685316102,0.1092878519042762,1.0
LPIN2,0.04297968185650584,0.02791777661714618,0.006013699889086939,0.23396578095032605,0.10123466899211911,1.0
EIF2B2,0.0,0.0,0.0,0.0,0.0,1.0
DDX46,0.0,0.0,0.0,0.0,0.0,1.0
MBD3,0.04895342588241885,0.029939884437492167,0.028755026440310298,0.1257391609004549,0.14564250116605604,1.0
PFKFB3,0.037130411572747775,0.031084675767418076,0.012120127857907503,0.13169118178024863,0.16203038903417377,1.0
PCOLCE,0.0,0.0,0.0,0.0,0.0,1.0
TENT4A,0.0,0.0,0.0,0.0,0.0,1.0
COPS2,0.0,0.0,0.0,0.0,0.0,1.0
CTNNAL1,0.0,0.0,0.0,0.0,0.0,1.0
CPSF6,0.0,0.0,0.0,0.0,0.0,1.0
MPI,0.0,0.0,0.0,0.0,0.0,1.0
HCFC1,0.0,0.0,0.0,0.0,0.0,1.0
TMEM147,0.0,0.0,0.0,0.0,0.0,1.0
TUBGCP2,0.0,0.0,0.0,0.0,0.0,1.0
TRIB2,0.042032875934301495,0.017429543885659485,0.00375057657735578,0.2377060446260521,0.09120130915920643,1.0
DHRS3,0.03679434066398405,0.018964055142519927,0.012784121956697385,0.10237298649862642,0.07274029849468987,1.0
RANBP1,0.0,0.0,0.0,0.0,0.0,1.0
MBD2,0.0,0.0,0.0,0.0,0.0,1.0
AFG3L2,0.0653109621935433,0.14754335458191659,0.01866551978886236,0.1160773734580317,0.07620372582360227,1.0
FXYD3,0.0,0.0,0.0,0.0,0.0,1.0
ELP1,0.0,0.0,0.0,0.0,0.0,1.0
ATG9A,0.0,0.0625,0.0,0.0625,0.0,1.0
PPIE,0.0,0.0,0.0,0.0,0.0,1.0
TBCC,0.0,0.0,0.0,0.0,0.0,1.0
EDC4,0.0,0.0,0.0,0.0,0.0,1.0
SLC2A3,0.038959794705075344,0.01828168828250329,0.012394445122536814,0.17334293195597236,0.18774077728904814,1.0
DNAJB2,0.0,0.0,0.0,0.0,0.0,1.0
ACADM,0.028763939171520918,0.011967004836835816,0.006784152221577397,0.3152920713935228,0.09590539597427317,1.0
PCLAF,0.0,0.0,0.0,0.0,0.0,1.0
TRIM29,0.04690933786519501,0.0509510412342814,0.019461244789902597,0.06859982380959741,0.16316998260560994,1.0
SNRPB2,0.0,0.0,0.0,0.0,0.0,1.0
ITPRID2,0.0,0.0,0.0,0.0,0.0,1.0
SNAP25,0.0,0.0,0.0,0.0,0.0,1.0
TNFAIP2,0.0,0.0,0.0,0.0,0.0,1.0
PPP2R5D,0.0,0.0,0.0,0.0,0.0,1.0
DLG1,0.04568584910005138,0.04431450466851662,0.020589599475071666,0.1743331120789089,0.12097516106301823,1.0
CRMP1,0.0,0.0,0.0,0.0,0.0,1.0
BCL7B,0.0625,0.0,0.0,0.0,0.0,1.0
MLXIP,0.0,0.0,0.0,0.0,0.0,1.0
MLH1,0.0,0.0,0.0,0.0,0.0,1.0
CTCF,0.0,0.0,0.0,0.0,0.0,1.0
PITPNB,0.0,0.0,0.0,0.0,0.0,1.0
SPOCK2,0.046063436393959795,0.021001956490935374,0.012314546120336844,0.09985703337747245,0.1845202867235575,1.0
PRSS8,0.03352144952947897,0.015968279450269518,0.012946197465609582,0.2405415162971542,0.07408149813323536,1.0
SMAD4,0.045395991500794035,0.024807110001211764,0.005961953783023997,0.071709111430899,0.13050408746319112,1.0
GALE,0.03119098167502022,0.011666521272932332,0.02067987830371506,0.20200720335563505,0.1166288587937998,1.0
PRPSAP1,0.0,0.0,0.0,0.0,0.0,1.0
IRF1,0.10358775879885646,0.017419567510316734,0.007885995532688221,0.18743884641806413,0.20314649425790043,1.0
DHFR,0.04422624213560213,0.03240941490522445,0.00654463392920221,0.27301711010244717,0.13299357224966768,1.0
FADD,0.10370038180679739,0.04702979385333641,0.031076921902543873,0.22586198944042168,0.09541369893373358,1.0
CHMP2B,0.04242761323079784,0.013139894194044833,0.01599031550219645,0.13663537533101916,0.2528016955347685,1.0
HMGCR,0.09430881613823587,0.1955268926060229,0.12220108247359375,0.08834010242052441,0.06313911167071466,1.0
AIMP1,0.0625,0.0,0.0,0.0,0.0,1.0
GMFB,0.0,0.0,0.0,0.0,0.0,1.0
PRKCD,0.09556995706915128,0.10215679356130465,0.029229439055925642,0.11385384782377424,0.14793437497601225,1.0
VAMP8,0.0,0.0625,0.0,0.0,0.0,1.0
ARHGEF7,0.0,0.0,0.0,0.0,0.0,1.0
VAPB,0.0,0.0,0.0,0.0,0.0,1.0
CRIM1,0.03230569193975146,0.01694914313274589,0.009873225040512827,0.1956230742846707,0.1481585927862523,1.0
SYF2,0.0,0.0,0.0,0.0,0.0,1.0
GSTM3,0.02900925597493188,0.027124960905116083,0.02735097576746706,0.12852227726022045,0.13900314919479217,1.0
MYLK,0.0,0.0,0.0,0.0,0.0,1.0
MCRS1,0.0,0.0,0.0,0.0,0.0,1.0
HSPA13,0.0,0.0,0.0,0.0,0.0,1.0
CHTOP,0.0,0.0,0.0,0.0,0.0,1.0
TNKS,0.040489093433334816,0.03179627756213453,0.012543145358245252,0.030323662601022507,0.14922083629780492,1.0
ERG28,0.0,0.0,0.0,0.0,0.0,1.0
ARL2,0.0,0.0,0.0,0.0,0.0,1.0
SVIL,0.0,0.0,0.0,0.0,0.0,1.0
SNRPD3,0.0,0.0,0.0,0.0,0.0,1.0
MARK3,0.032992660086301966,0.026784777196682277,0.02187655410213045,0.23314663276896588,0.11460138738476841,1.0
DLGAP4,0.0,0.0,0.0,0.0,0.0,1.0
CSNK1G2,0.02917431158177676,0.025787961575675998,0.026747696070769964,0.12801073217417686,0.1253557003920057,1.0
CRABP2,0.0,0.0,0.0,0.0,0.0,1.0
DDX19A,0.0,0.0,0.0,0.0,0.0,1.0
FOXM1,0.043577896656014095,0.021890457672798066,0.00991461626032662,0.14189143172835922,0.10695180691787816,1.0
RANBP9,0.0,0.0,0.0,0.0,0.0,1.0
NFX1,0.0,0.0,0.0,0.0,0.0,1.0
AK1,0.034198496001970904,0.028608104411459837,0.0019293879630440734,0.20246043950225284,0.07939131982598166,1.0
TYMS,0.08014305002953433,0.038908577220615616,0.012004661203263572,0.21547309867766037,0.14409437870593056,1.0
PDK2,0.04170892795571453,0.04961213477783318,0.02848388755528412,0.08268001002891227,0.09436598104000254,1.0
SSBP1,0.0,0.0,0.0,0.0,0.0,1.0
GDE1,0.0,0.0,0.0,0.0,0.0,1.0
LEPROTL1,0.0,0.0,0.0,0.0,0.0,1.0
IRF6,0.0,0.0,0.0,0.0,0.0,1.0
S100A13,0.030420688691421362,0.03611521635867254,0.010734326069209281,0.2588907412385267,0.11671838162121985,1.0
NRIP1,0.0,0.0,0.0,0.0,0.0,1.0
HTATSF1,0.0,0.0,0.0,0.0,0.0,1.0
ADAM10,0.044963748414656085,0.023860376716255544,0.0025263984694481245,0.23685995098593643,0.15755208575035068,1.0
GUSB,0.035756166364847464,0.03984303502413725,0.012206612764261954,0.23704351966740997,0.10296287215271706,1.0
TLK1,0.04216576203523086,0.03207864583076247,0.013452690444015846,0.11782528922249728,0.11354276212121348,1.0
NDST1,0.0,0.0,0.0,0.0,0.0,1.0
EPS8,0.0,0.0,0.0,0.0,0.0,1.0
MED14,0.0,0.0,0.0,0.0,0.0,1.0
CTPS1,0.03865079799732663,0.030215157859920523,0.0069019215080605165,0.16397934648213466,0.06853683742157814,1.0
SLC30A9,0.0,0.0,0.0,0.0,0.0,1.0
GNAQ,0.0,0.0,0.0,0.0,0.0,1.0
MECP2,0.03295250131367987,0.006536317149362938,0.001962369106834827,0.17829175168143188,0.1439330608784351,1.0
PLOD2,0.0,0.0,0.0,0.0,0.0,1.0
IRF3,0.09488211714505915,0.04311740659059396,0.04943243398302749,0.1423179213567277,0.15606884395946813,1.0
ATXN2,0.03584398279773206,0.016526674453576355,0.009684985651237927,0.159062271957089,0.15420196486293514,1.0
EAPP,0.0,0.0,0.0,0.0,0.0,1.0
SERPINE1,0.014492838478140197,0.007043905926622356,0.008388012667935487,0.20589726671236258,0.11042293401605952,1.0
APPBP2,0.0,0.0,0.0,0.0,0.0,1.0
TOPBP1,0.0,0.0,0.0,0.0,0.0,1.0
POLR2K,0.0,0.0,0.0,0.0,0.0,1.0
RNF103,0.0,0.0,0.0,0.0,0.0,1.0
ICAM1,0.04476565180559127,0.032361062562065404,0.021769840554680318,0.13054389442643305,0.1343850044309575,1.0
RANBP3,0.0,0.0,0.0,0.0,0.0,1.0
ARL3,0.0,0.0,0.0,0.0,0.0,1.0
TRRAP,0.24428015055873759,0.21068952948213124,0.012998171543255624,0.12267061503203777,0.12683105934044017,1.0
TNFAIP3,0.09380445552284104,0.015429482620644152,0.019372020894490232,0.23476476289357448,0.11863405323247114,1.0
MEN1,0.0,0.0,0.0,0.0,0.0,1.0
NRAS,0.11345014038065562,0.08610471320987238,0.0009521931330496031,0.06145871415192719,0.0530548298917965,1.0
RPS19,0.0,0.0,0.0,0.0,0.0,1.0
TMEM94,0.0,0.0,0.0,0.0,0.0,1.0
LPGAT1,0.0,0.0,0.0,0.0,0.0,1.0
APBB1,0.0625,0.0,0.0,0.0,0.0,1.0
MARCHF7,0.0,0.0,0.0,0.0,0.0,1.0
MANF,0.0,0.0,0.0,0.0,0.0,1.0
SERTAD2,0.0,0.0,0.0,0.0,0.0,1.0
PEX11B,0.0,0.0,0.0,0.0,0.0,1.0
PSMB10,0.0625,0.0,0.0,0.0,0.0,1.0
ITPR2,0.0625,0.0,0.0,0.0,0.0,1.0
WIPF1,0.042704419813002235,0.006025961751679611,0.0077021683491670274,0.09859273967664002,0.12146296630586219,1.0
ACTL6A,0.06457851272536418,0.11086172383012101,0.06459457456168007,0.0761188915261299,0.10594257448875431,1.0
EFNB2,0.0,0.0,0.0,0.0,0.0,1.0
MAP2K1,0.09946740527724272,0.10860257317097564,0.009270716063370092,0.21546690644613883,0.06977059940452507,1.0
ATF3,0.02816329011938617,0.03999422582043458,0.010514299513078296,0.09799522106997764,0.12715160023884262,1.0
DPM1,0.0,0.0,0.0,0.0,0.0,1.0
LMO7,0.0,0.0,0.0,0.0,0.0,1.0
SDHB,0.045290533206226474,0.0802629359885682,0.017194305899695714,0.12085430513605722,0.15444943201483857,1.0
RASA1,0.0,0.0,0.0,0.0,0.0,1.0
GTF2A2,0.0,0.0,0.0,0.0,0.0,1.0
NPC1,0.04794301234311678,0.02396954870654195,0.09856784576268901,0.22670976411571683,0.1379433900377855,1.0
GTF2E2,0.0,0.0,0.0,0.0,0.0,1.0
RNMT,0.0,0.0,0.0,0.0,0.0,1.0
AXL,0.1129206884093835,0.020240753031648986,0.016801910579786937,0.0642528276665938,0.1878010078443726,1.0
TNFSF10,0.0625,0.0,0.0,0.0625,0.0,1.0
RBM15B,0.0,0.0,0.0,0.0,0.0,1.0
SNRPD1,0.0,0.0,0.0,0.0,0.0,1.0
STK17A,0.10996408065915937,0.013143880560567199,0.0028858469180099455,0.1920310411669553,0.13269510250138175,1.0
OXSR1,0.04217840895550246,0.021558514297402374,0.01007930068062317,0.17604166324841272,0.12789133611737008,1.0
BMP1,0.043627089288812294,0.035246877707731966,0.010894289921096586,0.06547630492327244,0.14381638847992517,1.0
TRIM26,0.0,0.0,0.0,0.0,0.0,1.0
DUSP11,0.0,0.0,0.0,0.0,0.0,1.0
TOB1,0.0,0.0,0.0,0.0,0.0,1.0
CCNB2,0.0,0.0,0.0,0.0,0.0,1.0
H2BC21,0.0,0.0,0.0,0.0,0.0,1.0
FMOD,0.0,0.0,0.0,0.0,0.0,1.0
BET1,0.0,0.0,0.0,0.0,0.0,1.0
EFNB1,0.0,0.0,0.0,0.0,0.0,1.0
PRORP,0.0,0.0,0.0,0.0,0.0,1.0
CAD,0.06201380239727737,0.0450468574548442,0.01267613231061114,0.15439147293246808,0.12614079101604803,1.0
PTPN1,0.03952708065263606,0.04565068465071201,0.009580874014671914,0.21589517300371314,0.0843787905249645,1.0
IGFBP2,0.048203457791953064,0.023750379437052774,0.009138393486919947,0.12203857203444063,0.12547290205133377,1.0
TES,0.0,0.0,0.0,0.0,0.0,1.0
GFPT1,0.0,0.0,0.0,0.0,0.0,1.0
FOXO1,0.0625,0.0,0.0,0.0,0.0,1.0
POLR2A,0.0,0.0,0.0,0.0,0.0,1.0
LIG1,0.035741795612655086,0.038016168467589796,0.010168213978617996,0.144451987411121,0.09651405927850065,1.0
LTBP1,0.0,0.0,0.0,0.0,0.0,1.0
PKIG,0.0,0.0,0.0,0.0,0.0,1.0
P4HA2,0.04962120214937106,0.04421533426229274,0.022666661091420872,0.12979841346065948,0.11898254339346603,1.0
TRIP10,0.03542851851984909,0.023154723881901852,0.01789838283619416,0.11843663518775305,0.12014318710907473,1.0
EBP,0.04427992908806576,0.022432108532752175,0.00855358994033887,0.1692235573872747,0.14432207894227322,1.0
LSM4,0.0,0.0,0.0,0.0,0.0,1.0
PHKB,0.0,0.0,0.0,0.0,0.0,1.0
PRKACB,0.03283552956545152,0.07346135958879571,0.015392298563233615,0.21777229311099056,0.13738799816217445,1.0
PIK3R3,0.0625,0.0625,0.0,0.0,0.0,1.0
SLC20A2,0.0,0.0,0.0,0.0,0.0,1.0
USP8,0.0,0.0,0.0,0.0,0.0,1.0
ITM2A,0.032788393858971414,0.027526599719051692,0.009557089076047447,0.2290078290711896,0.13755865901095268,1.0
GBP2,0.030283165811879856,0.026492196606181108,0.0060844999428570625,0.17117489136448125,0.13224185070813027,1.0
GET1,0.0,0.0,0.0,0.0,0.0,1.0
TFIP11,0.0,0.0,0.0,0.0,0.0,1.0
PSMD6,0.0625,0.0,0.0,0.0,0.0,1.0
R3HDM1,0.0,0.0,0.0,0.0,0.0,1.0
GPC1,0.03232657332430097,0.021067505163452033,0.007743958618644077,0.15700715384734676,0.08572775544902568,1.0
NELFB,0.09102838953449857,0.016573881330730286,0.029485388489184614,0.1742765249019795,0.09998210522254111,1.0
RFXANK,0.024466526278154606,0.0062402978296934464,0.005656416603580169,0.2303369846093844,0.09651704054998117,1.0
SYNE2,0.0,0.0,0.0,0.0,0.0,1.0
ROCK2,0.03774887269355916,0.006205147332230961,0.03692936651147495,0.2754166202364602,0.16398746015219978,1.0
CASP3,0.09391662082367498,0.01501555989897357,0.010075916978274351,0.22123027203568163,0.17410059696621685,1.0
STIM1,0.04524083049168515,0.019624411626825187,0.00524090350666271,0.18734540133137947,0.14005088592533024,1.0
FBN1,0.04012266808224653,0.02178646302698984,0.015250311085015091,0.15569038837346552,0.1423517783776337,1.0
ACP2,0.0,0.0,0.0,0.0,0.0,1.0
FOSB,0.027062125602748982,0.028140737243129835,0.006609171516047824,0.1605752469425215,0.08710734748090049,1.0
CCNG2,0.0,0.0,0.0,0.0,0.0,1.0
PIEZO1,0.0,0.0,0.0,0.0,0.0,1.0
HMGCL,0.0,0.0,0.0,0.0,0.0,1.0
SFSWAP,0.0,0.0,0.0,0.0,0.0,1.0
DNTTIP2,0.0,0.0,0.0,0.0,0.0,1.0
SHOC2,0.0,0.0,0.0,0.0,0.0,1.0
ZMYM2,0.0,0.0,0.0,0.0,0.0,1.0
UBE2S,0.0,0.0,0.0,0.0,0.0,1.0
OXCT1,0.04238551270243439,0.023517835750726586,0.011348949671663403,0.24153903535570403,0.14722039714988627,1.0
INPP5K,0.0,0.0,0.0,0.0,0.0,1.0
NNT,0.03724059499522681,0.04084585865809687,0.021479287877472227,0.16946209066176138,0.08355095695972123,1.0
NDUFA7,0.038110667552185715,0.06689310811459943,0.031403724373552065,0.09464755327692337,0.13029165704765935,1.0
STK39,0.035765793285246004,0.014728269468163495,0.0033033828614182593,0.17645497071259086,0.08730262676489689,1.0
MAPKAPK3,0.036509299084934735,0.04223481072149904,0.01709724208188692,0.1599697862647976,0.09647222482608511,1.0
PLCG1,0.03460516592284381,0.0063759074743197745,0.0023237910424504012,0.15563847491765495,0.10277202628346174,1.0
CLDN7,0.0,0.0,0.0,0.0,0.0,1.0
PPP6R2,0.0,0.0,0.0,0.0,0.0,1.0
LPCAT3,0.0,0.0,0.0625,0.0,0.0,1.0
INPP1,0.0,0.0,0.0,0.0,0.0,1.0
SYNPO,0.0,0.0,0.0,0.0,0.0,1.0
SACM1L,0.0,0.0,0.0,0.0,0.0,1.0
SEC24B,0.0,0.0,0.0,0.0,0.0,1.0
CLPP,0.0,0.0,0.0,0.0,0.0,1.0
SLC1A3,0.04375980325866145,0.026773676624319943,0.007075979270569506,0.09166260393062926,0.23963319305292768,1.0
PRKACA,0.0,0.0625,0.0,0.0,0.0,1.0
ITGB2,0.09084717197956357,0.021038077224296733,0.01167704952737029,0.10052192405563101,0.11268512379484052,1.0
ABCC1,0.041618873037848524,0.045489189312543934,0.025418478126765787,0.14317537406876124,0.1237744170908443,1.0
DBN1,0.0,0.0,0.0,0.0,0.0,1.0
TOM1,0.0,0.0,0.0,0.0,0.0,1.0
WBP1L,0.0,0.0,0.0,0.0,0.0,1.0
INTS3,0.0,0.0,0.0,0.0,0.0,1.0
DRG1,0.0,0.0,0.0,0.0,0.0,1.0
STAMBP,0.03933806714727847,0.01373915936489525,0.006921226140793229,0.14872445752342642,0.11760934624037166,1.0
GAA,0.026724967359056856,0.021673811590479403,0.019874174844979837,0.14682845290516194,0.10777015500944673,1.0
TARBP1,0.03901657059375648,0.031467979887038255,0.013663635755259683,0.2645985813993729,0.12019358228895602,1.0
SS18,0.0,0.0,0.0,0.0,0.0,1.0
ELOA,0.0,0.0,0.0,0.0,0.0,1.0
AHR,0.10098045628508374,0.023758902555072948,0.02673377172518491,0.10161595787525027,0.21147787418221123,1.0
LPP,0.0,0.0,0.0,0.0,0.0,1.0
ELOC,0.0,0.0,0.0,0.0,0.0,1.0
SLC25A4,0.03765559565487944,0.013743824108791401,0.007554188809944805,0.33185029779798786,0.10793907506831915,1.0
SPINT1,0.0,0.0,0.0,0.0,0.0,1.0
MMP14,0.03692782219071167,0.03873293091372122,0.026541478904939686,0.34004129207921435,0.10022101695432806,1.0
VAMP7,0.0,0.0,0.0,0.0,0.0,1.0
SLC37A4,0.0,0.0,0.0,0.0,0.0,1.0
GPX2,0.04764465629844601,0.028684324263472494,0.03562716110520984,0.19110536418569837,0.10563694141778489,1.0
GCC2,0.0,0.0,0.0,0.0,0.0,1.0
AGT,0.0,0.0,0.0,0.0,0.0,1.0
TXNL4A,0.0,0.0,0.0,0.0,0.0,1.0
FUCA1,0.0,0.0,0.0,0.0,0.0,1.0
NDUFB7,0.045580725317732294,0.026857278738574544,0.02898355415119115,0.16223904568855815,0.08388033674076578,1.0
TAF15,0.0,0.0,0.0,0.0,0.0,1.0
DNAJB9,0.03852285858594507,0.025843263979255342,0.0173512035839982,0.09325724893563157,0.13445489917611098,1.0
RALBP1,0.0,0.0,0.0,0.0,0.0,1.0
PCK2,0.039979157648281846,0.027557391391126812,0.009833212326634635,0.13643186074148278,0.07192607708253954,1.0
ABCD3,0.030011297868696957,0.026824463895856694,0.011537783755930186,0.07503773020079027,0.10056142631082951,1.0
AAGAB,0.0,0.0,0.0,0.0,0.0,1.0
HPRT1,0.04560492059164578,0.025511468445702498,0.016406325029230024,0.18473901066095058,0.1171854025403681,1.0
U2AF1,0.06495817208713571,0.23646260200453004,0.34661476135053,0.18831100559676994,0.026321217424827077,1.0
CXCL8,0.03505484490922535,0.022821642031143133,0.005043591034634389,0.1673001187807316,0.197657713332525,1.0
DENND4B,0.0,0.0,0.0,0.0,0.0,1.0
PER1,0.0,0.0,0.0,0.0,0.0,1.0
FAH,0.0,0.0,0.0,0.0,0.0,1.0
SP100,0.0,0.0,0.0,0.0,0.0,1.0
DNAJB12,0.0,0.0,0.0,0.0,0.0,1.0
POP4,0.0,0.0,0.0,0.0,0.0,1.0
OAS1,0.021591832094348316,0.020863844368703977,0.01370372924155117,0.323203566086778,0.09471820909585121,1.0
CDC20,0.0,0.0,0.0,0.0,0.0,1.0
TRAF4,0.10037355133234821,0.022031686510158376,0.027363665174932106,0.0941589071937965,0.05903464630991734,1.0
ATP6V1C1,0.025218449656809583,0.05737316277413745,0.016801297250173198,0.0675408263511725,0.0736488747075448,1.0
PBX2,0.0,0.0,0.0,0.0,0.0,1.0
CD93,0.03504756077405605,0.01859846814137349,0.01067948386782645,0.22191792734776108,0.15325881490261464,1.0
CYTH1,0.036923843738626054,0.06306061313427327,0.01959633759416805,0.08749944874279941,0.08124164020445546,1.0
PPP2R1B,0.0,0.0,0.0,0.0,0.0,1.0
DDIT4,0.0625,0.0625,0.0,0.0,0.0,1.0
ANPEP,0.04347536549842288,0.02763372756412471,0.013648534057519288,0.09583332149223452,0.11099168627280964,1.0
MAP7,0.0,0.0,0.0,0.0,0.0,1.0
NIT1,0.0,0.0,0.0,0.0,0.0,1.0
CDC23,0.0,0.0,0.0,0.0,0.0,1.0
UNC13B,0.0,0.0,0.0,0.0,0.0,1.0
EPHB4,0.03300515860617933,0.0527276708947239,0.031910029964370375,0.10247079279680266,0.12610571559724276,1.0
SIRPA,0.04532599677278165,0.03281025593803218,0.0008466063829035267,0.12372428918202977,0.1446134416315763,1.0
SDC3,0.0,0.0,0.0,0.0,0.0,1.0
E2F1,0.11491772670819672,0.017693855473742037,0.016483249559739257,0.22473142023181025,0.09460586263820123,1.0
NUP88,0.0,0.0,0.0,0.0,0.0,1.0
CTSS,0.08675438774925244,0.029671356931789843,0.008968891880154524,0.1517277646509336,0.10071191273480615,1.0
NBN,0.040727093621895534,0.03176211177273179,0.01052415926058535,0.21462735618363907,0.15421734371989532,1.0
WFS1,0.0,0.0,0.0,0.0,0.0,1.0
ADGRE5,0.03518358143703585,0.039399216020770705,0.04232169021715427,0.23584684428190103,0.07030103673294338,1.0
MSH6,0.0,0.0,0.0,0.0,0.0,1.0
ADM,0.034770544853636766,0.02732002155461357,0.002642287970030957,0.17978028504497795,0.09859012654141772,1.0
ARHGEF11,0.0,0.0,0.0,0.0,0.0,1.0
FAM20B,0.0,0.0,0.0,0.0,0.0,1.0
S100A8,0.08896923957584936,0.014289551863593136,0.01081307801089632,0.12125409942774222,0.064995482312906,1.0
MOB4,0.0,0.0,0.0,0.0,0.0,1.0
ANK2,0.0,0.0,0.0,0.0,0.0,1.0
GCLC,0.0,0.0,0.0625,0.0,0.0,1.0
PLAGL2,0.053090684028004834,0.014974745106528853,0.014241173412665993,0.24247614008220203,0.10059961027409622,1.0
NBAS,0.03531101024122153,0.017701284410217805,0.0017839554239508569,0.19424018039203197,0.12463404442467779,1.0
PIN1,0.0,0.0,0.0,0.0,0.0,1.0
DDT,0.0,0.0,0.0,0.0,0.0,1.0
SUCLA2,0.03494959466482172,0.0572077849352535,0.0011061831582594426,0.17803900154165836,0.10112303531037437,1.0
YES1,0.04745596446368863,0.021642230411536817,0.011857893431210284,0.09439802389698361,0.13638460646158362,1.0
HK2,0.045980195864059464,0.06442952820039802,0.01796275976155743,0.036020435168089115,0.05781932722241602,1.0
SOX9,0.0625,0.0,0.0,0.0,0.0,1.0
RRP7A,0.0,0.0,0.0,0.0,0.0,1.0
ZMPSTE24,0.0,0.0,0.0,0.0,0.0,1.0
NDUFV2,0.04505188681598922,0.035322638118525776,0.011874010525691581,0.14132346025161965,0.14300290437415875,1.0
ETFB,0.0,0.0,0.0,0.0,0.0,1.0
NAGA,0.0,0.0,0.0,0.0,0.0,1.0
FPGS,0.030276433957846377,0.04468986944612335,0.013636329214111861,0.23968764999366107,0.08884527362452865,1.0
BTBD3,0.0,0.0,0.0,0.0,0.0,1.0
GYPC,0.0245285402344263,0.015009755478696507,0.009557059923259413,0.32684565680927763,0.08305978531769573,1.0
IL1R1,0.030283902001857467,0.019873794694357592,0.020209122469209237,0.0958310800541396,0.08844817080244656,1.0
FHL2,0.03186760419391901,0.034060163506716666,0.018810571493956207,0.2073753687039244,0.07921256842011654,1.0
CRYZ,0.04012198605978027,0.03007259213391327,0.017292660463501693,0.13830735465327165,0.11648984347846514,1.0
STK38,0.0,0.0,0.0,0.0,0.0,1.0
ADAM12,0.02984069545974059,0.015148431883092901,0.011531401038554035,0.1857251411664857,0.1589658043088925,1.0
C1QB,0.034423212381241255,0.03452205695579733,0.01450377332008658,0.147435053870747,0.1406020430503988,1.0
UBE2C,0.0,0.0,0.0,0.0,0.0,1.0
ARFGEF1,0.03961079810870475,0.021918263855509476,0.010429183316282231,0.22819457542813593,0.09910568533903119,1.0
HCLS1,0.039590471321345286,0.01546248972473588,0.012980317091877074,0.06215610137317366,0.08281502039450417,1.0
PTPN9,0.0,0.0,0.0,0.0,0.0,1.0
MMUT,0.0,0.0,0.0,0.0,0.0,1.0
ATP5MF,0.0,0.0,0.0,0.0,0.0,1.0
KIF13B,0.0,0.0,0.0,0.0,0.0,1.0
RFX5,0.04403090802016003,0.056429974145748664,0.011444896036963262,0.267228491883836,0.08414302513145963,1.0
CAPN6,0.0,0.0,0.0,0.0,0.0,1.0
GSTA4,0.04825307307597989,0.04518615144711217,0.011081287234848894,0.08505107547234458,0.13310587900995557,1.0
DYRK2,0.09635159692278691,0.024758437044922296,0.04301682489434763,0.3580695065079361,0.07364308231017601,1.0
MPP1,0.03300519634470095,0.008252071628716695,0.023845718141713296,0.12003609098695141,0.1132390488101409,1.0
RHOBTB3,0.04598203481238097,0.014126896792239434,0.013857028527770012,0.18410322022547096,0.11630348293893664,1.0
CREBZF,0.0,0.0,0.0,0.0,0.0,1.0
SIAH1,0.09081446159993349,0.02802728376786017,0.0344651125353856,0.2624494016246786,0.08128519022410577,1.0
HLTF,0.03521924616030773,0.036607790158041775,0.012054807769809562,0.18774986439982355,0.14429026208726997,1.0
BAG5,0.0,0.0,0.0,0.0,0.0,1.0
ARNT2,0.0,0.0,0.0,0.0,0.0,1.0
RGS1,0.030696552847979293,0.0269123700167766,0.0004196091960289199,0.3101353776038545,0.07914006874712419,1.0
PYGL,0.04869879091591173,0.03973480486646899,0.06693806178684213,0.28147412034634195,0.11366856068550768,1.0
STARD3,0.04062751559814505,0.021641627037974225,0.04858288797574799,0.25104857252048773,0.12098156079256515,1.0
C7,0.05531354760656205,0.007166813722899113,0.0020191665672026596,0.10061451960125506,0.15980962844778024,1.0
FBLN1,0.0,0.0,0.0,0.0,0.0,1.0
POLD4,0.0,0.0,0.0,0.0,0.0,1.0
LOXL2,0.0,0.0,0.0,0.0,0.0,1.0
STMN2,0.0,0.0,0.0,0.0,0.0,1.0
AMOTL2,0.0,0.0,0.0,0.0,0.0,1.0
MEF2D,0.09058125812525591,0.03197434777347563,0.012014797171874295,0.22704582244724436,0.08806785884311497,1.0
LTBR,0.09037576965186132,0.01258967895855732,0.008959131448370418,0.16029586434730847,0.09478770888972532,1.0
INPP5A,0.03096888803054962,0.01041821530945552,0.002743987802620234,0.1845851397781732,0.14669661912228585,1.0
LYPLA1,0.0,0.0,0.0,0.0,0.0,1.0
STAT5A,0.02658606609474075,0.029473158341114705,0.004891381506176336,0.20711338569507892,0.07206299964495762,1.0
IMPA1,0.023915397555874504,0.011374365356002485,0.0039402231623121425,0.15770263614236835,0.1913230208111515,1.0
ECD,0.0,0.0,0.0,0.0,0.0,1.0
SSX2IP,0.0,0.0,0.0,0.0,0.0,1.0
SLPI,0.02925785243651602,0.027367082932468895,0.002472089154058654,0.15532516130352594,0.10196391916829992,1.0
RNASEH2A,0.08836817816992014,0.19707991383125278,0.15921793310462717,0.12087601356841689,0.05182904811321182,1.0
C5orf15,0.0,0.0,0.0,0.0,0.0,1.0
NAA10,0.0,0.0,0.0,0.0,0.0,1.0
ZBTB5,0.0,0.0,0.0,0.0,0.0,1.0
MVD,0.0,0.0,0.0,0.0,0.0,1.0
CYBA,0.04603092031979831,0.03087330799480469,0.020023331904388063,0.13574955220184906,0.120662403608079,1.0
PTPRN2,0.0,0.0,0.0,0.0,0.0,1.0
UROS,0.0,0.0,0.0,0.0,0.0,1.0
RPL27A,0.0,0.0,0.0,0.0,0.0,1.0
PIAS3,0.0,0.0,0.0,0.0,0.0,1.0
MTSS1,0.0,0.0,0.0,0.0,0.0,1.0
PTPRK,0.03117557718970407,0.014328426124261825,0.005166486858488913,0.14288107421611365,0.11066816261719217,1.0
NDUFS1,0.04018476740996886,0.05270651447493399,0.017346590923313154,0.15647390093700264,0.07972166833479968,1.0
HMBS,0.0,0.0,0.0,0.0,0.0,1.0
ZBED1,0.0,0.0,0.0,0.0,0.0,1.0
CHSY1,0.03223244328449015,0.018147244783766964,0.010514163648600795,0.22910967335088359,0.15519024601188056,1.0
NINJ1,0.04306153310260807,0.018980539931379034,0.07123361518768702,0.195342927776397,0.2201662459356457,1.0
TIMELESS,0.0,0.0,0.0,0.0,0.0,1.0
STK10,0.0,0.0,0.0,0.0,0.0,1.0
SKIC3,0.0,0.0,0.0,0.0,0.0,1.0
TP53BP1,0.0376275713428052,0.022329681050885956,0.008038319608099241,0.10391018484375723,0.16839472304337993,1.0
BAHD1,0.0,0.0,0.0,0.0,0.0,1.0
C2,0.037137326476849974,0.015623286160657876,0.0027424441189169715,0.3250138776893362,0.11191923284911465,1.0
BCAS2,0.0,0.0,0.0,0.0,0.0,1.0
TCTA,0.04950927603921954,0.05321635359082753,0.022909286995075686,0.052314428269100585,0.14748432854142834,1.0
ARHGEF1,0.0,0.0,0.0,0.0,0.0,1.0
PAPSS2,0.024720940326577123,0.037256087630884185,0.005405909466044288,0.11446040863504325,0.13350101037754708,1.0
MDC1,0.03716241634315818,0.015242798805541684,0.0059781492648939795,0.19771041528446054,0.1367884090745221,1.0
PPM1F,0.0625,0.0,0.0,0.0,0.0,1.0
FOXK2,0.0,0.0,0.0,0.0,0.0,1.0
CAV1,0.036094175909658986,0.004306940714972742,0.004585291965346645,0.172725157638575,0.1668074732197612,1.0
CHST15,0.0,0.0,0.0,0.0,0.0,1.0
PDHX,0.0,0.0,0.0,0.0,0.0,1.0
KLHL21,0.0,0.0,0.0,0.0,0.0,1.0
SV2A,0.032404148404674024,0.018971709382277963,0.00863568132585798,0.17857940363868757,0.09667664911913634,1.0
SEMA3B,0.0,0.0,0.0,0.0,0.0,1.0
MYO1E,0.030376184102417905,0.012862226310987282,0.005896825311362008,0.2690174977477947,0.09532058992478762,1.0
COG2,0.04166219886171199,0.038099191837122195,0.032653593024297003,0.17655719397001524,0.15074154019787722,1.0
SMAD2,0.02626401364950271,0.03840243009235669,0.007427167621979352,0.15956935923185223,0.07910326931946138,1.0
CUL2,0.041539510346473886,0.005749621974523936,0.015690109920065805,0.2978070224433888,0.12661189904577805,1.0
BAZ2B,0.0,0.0,0.0,0.0,0.0,1.0
CTNNBIP1,0.038933144736045346,0.016480038326000424,0.006936365101084283,0.15900814532816215,0.1254285496718357,1.0
BMS1,0.0,0.0,0.0,0.0,0.0,1.0
THBS2,0.0,0.0,0.0,0.0,0.0,1.0
TGFB1,0.029810484038580047,0.026145382641891854,0.009796138394162638,0.1887196900288558,0.1519102135242209,1.0
KIF2A,0.0,0.0,0.0,0.0,0.0,1.0
FBLN5,0.04697164197301873,0.02517145843144411,0.028881301872132066,0.1572780993085006,0.10677069578288884,1.0
HTRA2,0.10640968121624995,0.01546268269015661,0.022762845479385466,0.15947075713027095,0.12177614039744389,1.0
SDF2,0.0297993003051987,0.0441629591760023,0.0071293876145987435,0.19381630027178176,0.04409241162512737,1.0
TIMM44,0.0,0.0,0.0,0.0,0.0,1.0
MAD2L1BP,0.07489234059269455,0.03372762767978377,0.06598762308339559,0.12956768026163692,0.07833059035699116,1.0
MTIF2,0.0,0.0,0.0,0.0,0.0,1.0
RAPGEF2,0.0,0.0,0.0,0.0,0.0,1.0
CDYL,0.0,0.0,0.0,0.0,0.0,1.0
MGAT2,0.05294364867485135,0.036230652557147525,0.06913887341461711,0.12292982240503685,0.13258487104766134,1.0
PRPF19,0.0,0.0,0.0,0.0,0.0,1.0
CSF1R,0.04126631039884054,0.00734583749147992,0.009412680104177151,0.11885830291996143,0.16237148828138054,1.0
DNM1L,0.0625,0.0,0.0,0.0625,0.0,1.0
GPRC5A,0.03778330825189018,0.03849615070760039,0.010832103515177861,0.10671829068150182,0.10785871700342128,1.0
UBE2M,0.0,0.0,0.0,0.0,0.0,1.0
PTK2B,0.0625,0.0,0.0,0.0,0.0,1.0
NELFA,0.1531494147733327,0.03147747092697753,0.0891290015254905,0.11460229943535566,0.09971513960509065,1.0
EEF1D,0.0,0.0,0.0,0.0,0.0,1.0
ZNRD2,0.0,0.0,0.0,0.0,0.0,1.0
FECH,0.022552856343150917,0.014638950230735075,0.013870464147082429,0.16753443582674493,0.11956361091802788,1.0
PAN2,0.0,0.0,0.0,0.0,0.0,1.0
PCSK7,0.0,0.0,0.0,0.0,0.0,1.0
CCDC86,0.07776978422574984,0.0326766020839948,0.010456942070436383,0.3195217467827149,0.05261396578852966,1.0
TP53BP2,0.0625,0.0,0.0,0.0,0.0,1.0
TRAPPC12,0.0,0.0,0.0,0.0,0.0,1.0
SLC11A2,0.05840595383732296,0.04809988117108643,0.07956122295959875,0.15849759216183085,0.10168186228860257,1.0
IMPA2,0.0,0.0,0.0,0.0,0.0,1.0
SPTLC2,0.03214516519090892,0.022688781585931964,0.01020136074958402,0.31002405485150497,0.10614055467053163,1.0
KIF5C,0.0,0.0,0.0,0.0,0.0,1.0
PDGFRA,0.04495693587179241,0.05029922888787218,0.007053509013034497,0.33847139127620074,0.12228024547781474,1.0
RB1,0.11517550018158215,0.012119949131468957,0.0018454242823584112,0.10972961583717178,0.23417146429993232,1.0
SEC61B,0.0,0.0,0.0,0.0,0.0,1.0
TBP,0.0,0.0,0.0,0.0,0.0,1.0
RABAC1,0.0,0.0,0.0,0.0,0.0,1.0
WTAP,0.0,0.0,0.0,0.0,0.0,1.0
HAT1,0.043686632624341346,0.03292151196303117,0.00917516851690108,0.25238517511847164,0.13303614710462955,1.0
DAPK1,0.09852641866801266,0.09858101057988455,0.03226135489998668,0.10806321362481411,0.0881993395868369,1.0
AP3B1,0.03279126222707453,0.04017624251547179,0.0010218346314637158,0.38874394815631697,0.0667709776676652,1.0
KIAA0040,0.0,0.0,0.0,0.0,0.0,1.0
SPAG5,0.0,0.0,0.0,0.0,0.0,1.0
GABBR1,0.0,0.0,0.0,0.0,0.0,1.0
TRIM14,0.0,0.0,0.0,0.0,0.0,1.0
NECTIN2,0.02876123276784393,0.014389770187253799,0.0035286070296522976,0.20773515719081342,0.0767567169365995,1.0
RABEPK,0.0,0.0,0.0,0.0,0.0,1.0
MAP1A,0.03617262477367151,0.05783856160009556,0.010560480934022011,0.07773393091497902,0.13570644870882137,1.0
MRPL40,0.0,0.0,0.0,0.0,0.0,1.0
IFIT1,0.03704421376690316,0.005790182518824427,0.0006538769198555484,0.165446738027865,0.11390734942903834,1.0
PAK4,0.1133304797871417,0.042987827365415135,0.015433251933251563,0.12621079815795777,0.10645255500200684,1.0
SETDB1,0.02711760389282911,0.023549965919910598,0.015156177585864135,0.10741856472662974,0.07662158268835087,1.0
AKAP11,0.0,0.0,0.0,0.0,0.0,1.0
RNF8,0.0,0.0,0.0,0.0,0.0,1.0
KATNB1,0.0,0.0,0.0,0.0,0.0,1.0
SLC33A1,0.0,0.0,0.0,0.0,0.0,1.0
CFDP1,0.0,0.0,0.0,0.0,0.0,1.0
TIMP2,0.0,0.0,0.0,0.0,0.0,1.0
RGP1,0.0,0.0,0.0,0.0,0.0,1.0
RRP8,0.0,0.0,0.0,0.0,0.0,1.0
VPS35L,0.0,0.0,0.0,0.0,0.0,1.0
ARFRP1,0.03812067697423641,0.038163024546275265,0.02650887065924136,0.12086850414291218,0.09394056644368318,1.0
RHOG,0.0,0.0,0.0,0.0,0.0,1.0
TFAM,0.0,0.0,0.0,0.0,0.0,1.0
GALT,0.0,0.0,0.0,0.0,0.0,1.0
ALDH1A3,0.10042818564379875,0.0074534916368771634,0.013216618109271472,0.13303683356574872,0.12531408389618645,1.0
SRPK2,0.037319364921536306,0.015764992543360806,0.013102658576813132,0.08459062975497811,0.1410994872083002,1.0
FBN2,0.0,0.0,0.0,0.0,0.0,1.0
RASSF2,0.0,0.0,0.0,0.0,0.0,1.0
S100A4,0.0,0.0,0.0,0.0,0.0,1.0
DOCK1,0.0625,0.0,0.0,0.0,0.0,1.0
B4GAT1,0.0,0.0,0.0,0.0,0.0,1.0
NDUFS8,0.0,0.0,0.0,0.0,0.0,1.0
ABCB6,0.0,0.0,0.0,0.0,0.0,1.0
NUP98,0.0,0.0,0.0,0.0,0.0,1.0
ABCC4,0.0,0.0,0.0,0.0,0.0,1.0
CZIB,0.0,0.0,0.0,0.0,0.0,1.0
CDK9,0.15078068121260957,0.04397597295108663,0.00327151618339499,0.26817074624691023,0.04934076990770431,1.0
MTRR,0.0,0.0,0.0,0.0,0.0,1.0
PMM2,0.0,0.0,0.0,0.0,0.0,1.0
KRR1,0.1391054879533415,0.043760570031618394,0.012629796977897116,0.08479019787359506,0.05539027185750993,1.0
KDM4A,0.048312868783503576,0.039562523497302,0.0021057056219243235,0.09310268304932871,0.06954847154231822,1.0
FAM53B,0.0,0.0,0.0,0.0,0.0,1.0
MTFR1,0.0,0.0,0.0,0.0,0.0,1.0
RFC5,0.0,0.0,0.0,0.0,0.0,1.0
MTMR2,0.0,0.0,0.0,0.0,0.0,1.0
CDK1,0.224250208470695,0.21831383335861446,0.45433488533558264,0.09680694536541963,0.04931385544211419,1.0
MYO6,0.0,0.0,0.0,0.0,0.0,1.0
ST3GAL5,0.05238958869450145,0.02969572098607085,0.010018167845103818,0.1680167066232448,0.1399264486989984,1.0
MAPK9,0.11444481833061536,0.09615321812073274,0.012679699406523637,0.18589992788633306,0.15474249553869676,1.0
TLE1,0.0,0.0,0.0,0.0,0.0,1.0
RFK,0.09240435716679081,0.013936177433292531,0.008967366272580043,0.21188523441383125,0.09690537964320689,1.0
TSPAN31,0.0,0.0,0.0,0.0,0.0,1.0
PAFAH1B3,0.0,0.0,0.0,0.0,0.0,1.0
CLK2,0.037991784479366575,0.01027641342242934,0.009727745677810635,0.14017440920681534,0.06321923675993177,1.0
DVL1,0.0453413074012218,0.013428308235846995,0.020837594986108914,0.19067451987701395,0.12900789374157096,1.0
ATXN1,0.0,0.0,0.0,0.0,0.0,1.0
IL4R,0.04055318501346501,0.0086615346503898,0.005915102875888664,0.24301409021704645,0.09812467829476107,1.0
UPP1,0.0,0.0,0.0,0.0,0.0,1.0
THOP1,0.0,0.0,0.0,0.0,0.0,1.0
LGALS9,0.0329791568812261,0.016528834446731613,0.009189497242376627,0.13374931799199674,0.06916967024770113,1.0
NOTCH3,0.0,0.0,0.0,0.0,0.0,1.0
CNOT3,0.0,0.0,0.0,0.0,0.0,1.0
FCGBP,0.0,0.0,0.0,0.0,0.0,1.0
UVRAG,0.0,0.0625,0.0,0.0,0.0,1.0
PEX5,0.0,0.0,0.0,0.0,0.0,1.0
BRD3OS,0.0,0.0,0.0,0.0,0.0,1.0
NPRL2,0.03670171370750564,0.009941267455592548,0.012200059814043433,0.12771065281386962,0.14331557133598483,1.0
EZH1,0.03351535270233993,0.041201955971665975,0.026447362566933044,0.083520592736138,0.1011923723688666,1.0
SCAF8,0.0,0.0,0.0,0.0,0.0,1.0
CDK2AP2,0.0,0.0,0.0,0.0,0.0,1.0
PPIP5K2,0.04269652481416475,0.02503089100074937,0.015950791512942486,0.12275452247754684,0.12790396083931568,1.0
TLN1,0.0,0.0,0.0,0.0,0.0,1.0
CDH3,0.04402123136990475,0.01911816869464589,0.024927346399289542,0.1093418753120154,0.13996960176484285,1.0
CSTPP1,0.0,0.0,0.0,0.0,0.0,1.0
DRAP1,0.024080851879433922,0.03386528763791183,0.026857794967440736,0.16991004079644195,0.06500241443777743,1.0
HDDC2,0.0,0.0,0.0,0.0,0.0,1.0
DCTN6,0.0,0.0,0.0,0.0,0.0,1.0
FAM50A,0.0,0.0,0.0,0.0,0.0,1.0
ARHGEF9,0.0,0.0,0.0,0.0,0.0,1.0
MAP2K4,0.09800166227804934,0.02731490908267778,0.010269144838016702,0.10160871567563554,0.12163003196500458,1.0
DRG2,0.0,0.0,0.0,0.0,0.0,1.0
NSMAF,0.0,0.0,0.0,0.0,0.0,1.0
DTYMK,0.043308070443112155,0.025299855641962382,0.010184195416256096,0.27862526584291986,0.07546747111205812,1.0
UNC119,0.03926392144986798,0.020285523525084805,0.01728974393571314,0.18792022584702478,0.050259769218998177,1.0
TUSC2,0.0,0.0,0.0,0.0,0.0,1.0
IRF2,0.03524983234081396,0.019093466894604692,0.010748276118316972,0.1818432131815488,0.2653506014359324,1.0
LMNB1,0.0625,0.0,0.0,0.0,0.0,1.0
DFFA,0.0971216093981947,0.03922943695088585,0.009258807829462893,0.13862591435663604,0.12759206090463182,1.0
PHF21A,0.0,0.0,0.0,0.0,0.0,1.0
EDEM1,0.0,0.0,0.0,0.0,0.0,1.0
UBA7,0.033363619013030366,0.03090587834238006,0.01080117094202813,0.1494644709515007,0.09588169497661622,1.0
GBE1,0.0,0.0,0.0,0.0,0.0,1.0
HS2ST1,0.0,0.0,0.0,0.0,0.0,1.0
RNF44,0.0,0.0,0.0,0.0,0.0,1.0
LAD1,0.0,0.0,0.0,0.0,0.0,1.0
GARRE1,0.0,0.0,0.0,0.0,0.0,1.0
CNOT4,0.0,0.0,0.0,0.0,0.0,1.0
VPS11,0.0,0.0625,0.0,0.0,0.0,1.0
LMAN1,0.0,0.0,0.0,0.0,0.0,1.0
ATP1A2,0.0,0.0,0.0,0.0,0.0,1.0
JARID2,0.0,0.0,0.0,0.0,0.0,1.0
AP1S2,0.0,0.0,0.0,0.0,0.0,1.0
DMTF1,0.0,0.0,0.0,0.0,0.0,1.0
DCK,0.03196434314533729,0.005847053855230247,0.012176659401063078,0.10689766181076775,0.08528008615991022,1.0
DYNLT3,0.0,0.0,0.0,0.0,0.0,1.0
BAMBI,0.0,0.0,0.0,0.0,0.0,1.0
F13A1,0.042740078217649226,0.019597731040249755,0.008247886146539748,0.1300201525630116,0.16428242159461798,1.0
SLC35A1,0.0,0.0,0.0,0.0,0.0,1.0
GNL1,0.0,0.0,0.0,0.0,0.0,1.0
HPS1,0.03877098571749827,0.016401998260574896,0.011095997922410145,0.13511565444635262,0.16365896253030804,1.0
STXBP3,0.0,0.0,0.0,0.0,0.0,1.0
ARF6,0.07947724324487036,0.03702064219768126,0.0497702094234407,0.0765031874702362,0.15434592485050785,1.0
TGIF1,0.0,0.0,0.0,0.0,0.0,1.0
NCK2,0.0,0.0,0.0,0.0,0.0,1.0
SNRPE,0.0,0.0,0.0,0.0,0.0,1.0
ZNF148,0.0,0.0,0.0,0.0,0.0,1.0
SH2B3,0.041690771030504024,0.03214704696607866,0.01033387676124832,0.15723494832079146,0.10537910544164195,1.0
ADNP2,0.0,0.0,0.0,0.0,0.0,1.0
CAV2,0.05929192285521116,0.016196916783727512,0.009912956716679942,0.09061899794965741,0.15259501643760037,1.0
PTPRM,0.06346632413906901,0.016228866114067785,0.01785686757869102,0.0981915427856779,0.1134478833681505,1.0
INPP5D,0.0625,0.0,0.0,0.0,0.0,1.0
KIFAP3,0.0625,0.0,0.0,0.0,0.0,1.0
DHX8,0.0,0.0,0.0,0.0,0.0,1.0
PHYH,0.031580868427928135,0.061146010852396154,0.0065868934400428614,0.12877631209844725,0.11924407274359589,1.0
ITGB1BP1,0.0,0.0,0.0,0.0,0.0,1.0
PPP2R5E,0.0,0.0,0.0,0.0,0.0,1.0
SLC25A12,0.027704426800230747,0.023286910655831564,0.003174153919975814,0.3120376597175521,0.054817295374826484,1.0
CEBPZ,0.0,0.0,0.0,0.0,0.0,1.0
TIMM17B,0.0,0.0,0.0,0.0,0.0,1.0
UGDH,0.0,0.0,0.0,0.0,0.0,1.0
RBBP8,0.0,0.0,0.0,0.0,0.0,1.0
MTF2,0.0,0.0,0.0,0.0,0.0,1.0
ETV5,0.04465284991496401,0.020667970062567348,0.010867861518713641,0.1545680472581888,0.19643498553019412,1.0
AP1G1,0.0,0.0,0.0,0.0,0.0,1.0
ORC4,0.07963792506131874,0.048516545665197655,0.0238361829941707,0.21345166694304135,0.09972348903737448,1.0
CAPN7,0.0,0.0,0.0,0.0,0.0,1.0
EZH2,0.05078144538820501,0.03224393123586849,0.008171975521998392,0.2402748826475738,0.13898964518949042,1.0
MYCBP,0.0,0.0,0.0,0.0,0.0,1.0
MAD2L1,0.0,0.0,0.0,0.0,0.0,1.0
ATG13,0.0,0.0625,0.0,0.0,0.0,1.0
MMP15,0.03311393140247727,0.018447854215650664,0.0019372909405672215,0.17925905364443087,0.09386429149324838,1.0
DUSP14,0.0,0.0,0.0,0.0,0.0,1.0
CRELD1,0.0,0.0,0.0,0.0,0.0,1.0
PDLIM7,0.0,0.0,0.0,0.0,0.0,1.0
NDUFB3,0.0,0.0,0.0,0.0,0.0,1.0
SOCS2,0.04523557615815079,0.015921686998275852,0.0025697049339924176,0.31726694146787404,0.15291536143676282,1.0
TPP2,0.03876895022436997,0.021969079088314615,0.011224458883192996,0.1740624672299987,0.14330894680564,1.0
CDC40,0.0,0.0,0.0,0.0,0.0,1.0
PCF11,0.0,0.0,0.0,0.0,0.0,1.0
RPS6KA1,0.03536469250159759,0.019616580036605328,0.01587383031577673,0.14471450490737936,0.15918519973365705,1.0
SRSF5,0.0,0.0,0.0,0.0,0.0,1.0
APOE,0.03738787730232192,0.03292594537394865,0.016430031009159515,0.2063494830093542,0.12033167411664969,1.0
GOLGA1,0.0,0.0,0.0,0.0,0.0,1.0
DGKA,0.03793693325405563,0.0117120008169885,0.02223803403663566,0.19032068987521567,0.13385023232246426,1.0
TBC1D4,0.034698473884389285,0.016900524582295993,0.010390350209984628,0.17869625155986688,0.19597084371669143,1.0
ARRB2,0.0,0.0,0.0,0.0,0.0,1.0
KIF3C,0.0,0.0,0.0,0.0,0.0,1.0
FKBP2,0.0,0.0,0.0,0.0,0.0,1.0
HES1,0.039744812035011616,0.016625780813855105,0.007657526058172209,0.19144274804587194,0.10295660565355001,1.0
PSMA4,0.0625,0.0,0.0,0.0,0.0,1.0
GALNT3,0.040827471629010445,0.015205106748118532,0.01260020980645088,0.25483301122272006,0.1751404566895682,1.0
PSG3,0.06621245533989492,0.04619931150941824,0.03670558996568032,0.1411805633910595,0.0797290239322136,1.0
TF,0.0,0.0,0.0625,0.0,0.0,1.0
PRPS2,0.04361289200074682,0.016952526878643813,0.01974392886394541,0.10984804392439665,0.16200154466641573,1.0
KCNAB2,0.03696956383040745,0.03352008214768847,0.010434140593227975,0.24009984668613318,0.16319635293091345,1.0
RNF6,0.0,0.0,0.0,0.0,0.0,1.0
ARMCX2,0.0,0.0,0.0,0.0,0.0,1.0
PSMG1,0.047028053637042815,0.023048457656628586,0.16901092773754067,0.16602061423968317,0.10973034183631372,1.0
MFAP1,0.0,0.0,0.0,0.0,0.0,1.0
PPL,0.0,0.0,0.0,0.0,0.0,1.0
SATB1,0.0625,0.0,0.0,0.0,0.0,1.0
DDB2,0.0,0.0,0.0,0.0,0.0,1.0
AP3M2,0.0,0.0,0.0,0.0,0.0,1.0
LZTR1,0.0,0.0,0.0,0.0,0.0,1.0
NELL2,0.0,0.0,0.0,0.0,0.0,1.0
MMD,0.0,0.0,0.0,0.0,0.0,1.0
PDCD6,0.1246295629338052,0.04565535287724107,0.02422262334680274,0.11100290406945414,0.09605307294506343,1.0
CD53,0.030250231377761633,0.008098198709976294,0.00315657074071827,0.12730629281317019,0.10583036423924749,1.0
MFAP2,0.0,0.0,0.0,0.0,0.0,1.0
CCNA2,0.28962327857564496,0.12263459258631758,0.006725560265588754,0.15087198477275282,0.11519245375508783,1.0
KMT2B,0.045345920108833954,0.040782374278360345,0.01005747659743514,0.06743380349117331,0.1116224528193095,1.0
FAM8A1,0.0,0.0,0.0,0.0,0.0,1.0
TP53I11,0.0,0.0,0.0,0.0,0.0,1.0
POLD1,0.0,0.0,0.0,0.0,0.0,1.0
RBP1,0.030710072006287194,0.024951224899577306,0.010011862294373515,0.07941354179123762,0.10276800309471264,1.0
ASF1A,0.0,0.0,0.0,0.0,0.0,1.0
SUCO,0.0,0.0,0.0,0.0,0.0,1.0
HEBP2,0.0,0.0,0.0,0.0,0.0,1.0
ARHGAP32,0.0,0.0,0.0,0.0,0.0,1.0
TMPO,0.0,0.0,0.0,0.0,0.0,1.0
MTHFS,0.0,0.0,0.0,0.0,0.0,1.0
MME,0.036446333502193604,0.02028088220967398,0.006326135123225293,0.17977631949491057,0.09381346591719558,1.0
RPP30,0.0,0.0,0.0,0.0,0.0,1.0
TMEM11,0.0,0.0,0.0,0.0,0.0,1.0
STC2,0.0,0.0,0.0,0.0,0.0,1.0
CDH2,0.0,0.0,0.0,0.0,0.0,1.0
EML3,0.0,0.0,0.0,0.0,0.0,1.0
MTA2,0.027521516751660056,0.02546329995043011,0.007565252116841957,0.1097296097712361,0.07937826790749347,1.0
PSMD5,0.0625,0.0,0.0,0.0,0.0,1.0
TERF1,0.0,0.0,0.0,0.0,0.0,1.0
CBY1,0.0,0.0,0.0,0.0,0.0,1.0
B3GAT3,0.0,0.0,0.0,0.0,0.0,1.0
SCNN1A,0.030679618992100775,0.013393869834634533,0.008233785590388882,0.13593639940532423,0.17356700661295518,1.0
ATOX1,0.0,0.0,0.0,0.0,0.0,1.0
PRAF2,0.0,0.0,0.0,0.0,0.0,1.0
SPR,0.03944983342347934,0.024648095636946955,0.02210596156275215,0.28740971061473164,0.10929364395193641,1.0
VPS16,0.0,0.0625,0.0,0.0,0.0,1.0
PSEN1,0.11034517692833795,0.03327463667033164,0.03297413771516729,0.04220007588307072,0.19138747191288707,1.0
CHD2,0.05623609237078025,0.01727024748197578,0.01551067298118633,0.06756139972049655,0.12661057884343874,1.0
EIF3B,0.0,0.0,0.0,0.0,0.0,1.0
EPN2,0.038089619173856275,0.02836932367978811,0.012647658347470132,0.15492949590221985,0.11762989364864179,1.0
MRPL19,0.04809410555451868,0.03677342772654013,0.013072110546776584,0.25291183500357517,0.08051226451467466,1.0
MPV17,0.03297784343787909,0.02170002981934157,0.017052533880037288,0.09691937115137694,0.12632283779956516,1.0
PMM1,0.036739944561927855,0.026042733616846572,0.004949973006026301,0.22297396481750498,0.10122833422377803,1.0
CDK10,0.03465806777348903,0.044305204483368894,0.0153840301094934,0.15087240611231817,0.09455637789208116,1.0
PLEK,0.02548887138388911,0.008350440501117702,0.0020063858699645373,0.23002237486264696,0.07828402932132916,1.0
SLCO2B1,0.03015191977045158,0.031083756620504395,0.0040310775974302625,0.09886328285323803,0.12292925294845772,1.0
IQGAP2,0.0,0.0,0.0,0.0,0.0,1.0
CYP19A1,0.025198544534358717,0.012496819110225932,0.006317407385572522,0.1969334907311131,0.16973139035211757,1.0
TPBG,0.0,0.0,0.0,0.0,0.0,1.0
COL15A1,0.0,0.0,0.0,0.0,0.0,1.0
NDUFC1,0.02910258554805099,0.03936579353494182,0.029456499780341955,0.12279644828705444,0.08749568742787926,1.0
OTUD4,0.0,0.0,0.0,0.0,0.0,1.0
SLF2,0.0,0.0,0.0,0.0,0.0,1.0
SEC61G,0.0,0.0,0.0,0.0,0.0,1.0
RTN1,0.0,0.0,0.0,0.0,0.0,1.0
ARMC8,0.0,0.0,0.0,0.0,0.0,1.0
CEP57,0.0,0.0,0.0,0.0,0.0,1.0
MED1,0.0,0.0,0.0,0.0,0.0,1.0
RCAN2,0.0,0.0,0.0,0.0,0.0,1.0
EPHA2,0.0625,0.0,0.0,0.0,0.0,1.0
CPQ,0.0,0.0,0.0,0.0,0.0,1.0
BPGM,0.0,0.0,0.0,0.0,0.0,1.0
ABCA1,0.030956259239021518,0.01935994470559697,0.0009668608042750066,0.3193563776146663,0.11460936357454468,1.0
MED12,0.0951760213506431,0.07010743562167943,0.02981074187722616,0.17803544574987154,0.09500467325623072,1.0
CD68,0.03850027838513557,0.0055601812292078966,0.0004464063862244405,0.19888994410631133,0.10323324468027241,1.0
TNFRSF1B,0.09883308815763764,0.033429602447508124,0.024722562452415532,0.15837989334352714,0.1418989285293547,1.0
MET,0.0,0.0,0.0,0.0,0.0,1.0
TRAPPC3,0.0,0.0,0.0,0.0,0.0,1.0
SPG11,0.0,0.0,0.0,0.0,0.0,1.0
MAP3K3,0.028231468568338452,0.01910258638973118,0.00152087253129003,0.3326041348719317,0.06872948426442613,1.0
PMVK,0.0,0.0,0.0,0.0,0.0,1.0
SNTA1,0.0,0.0,0.0,0.0,0.0,1.0
MTX2,0.0,0.0,0.0,0.0,0.0,1.0
LYST,0.03315786449971803,0.015104863981414711,0.006333254594811312,0.11411016474235364,0.0946470545618745,1.0
UPF2,0.0,0.0,0.0,0.0,0.0,1.0
ZNF318,0.0,0.0,0.0,0.0,0.0,1.0
CCS,0.0,0.0,0.0,0.0,0.0,1.0
LSP1,0.03688821968577484,0.017199928656953436,0.0005524988000162451,0.23915318754740753,0.1212212356739096,1.0
MPST,0.0,0.0,0.0,0.0,0.0,1.0
APC,0.0625,0.0,0.0,0.0,0.0,1.0
SEMA4D,0.03146814945328618,0.0156255798028069,0.009691594678850205,0.17324493048748635,0.10879371736566915,1.0
STX4,0.05842864290734709,0.01858016385594078,0.01880887469111239,0.13135878893713143,0.10344247732161893,1.0
CUL5,0.0,0.0,0.0,0.0,0.0,1.0
LSM1,0.0,0.0,0.0,0.0,0.0,1.0
S100A9,0.08892252195053572,0.01733918737950802,0.00726465202367132,0.31322190396314714,0.09292215781538751,1.0
CIAO1,0.0,0.0,0.0,0.0,0.0,1.0
PRPSAP2,0.0,0.0,0.0,0.0,0.0,1.0
CAMLG,0.0,0.0,0.0,0.0,0.0,1.0
GFAP,0.0,0.0,0.0,0.0,0.0,1.0
KLF9,0.0,0.0,0.0,0.0,0.0,1.0
STAM,0.038297815827109546,0.03655905546092878,0.009046998745882693,0.18582280243796456,0.11449300688072339,1.0
ALG8,0.0,0.0,0.0,0.0,0.0,1.0
IPO13,0.0,0.0,0.0,0.0,0.0,1.0
CD4,0.030273359738776366,0.01811383791081626,0.007226005000042783,0.17009631756172727,0.1408351358629607,1.0
LPL,0.04156037505650401,0.004756126315581893,0.003238723584743563,0.07931771493756332,0.19282464353808,1.0
ENTREP3,0.0,0.0,0.0,0.0,0.0,1.0
COX11,0.0,0.0,0.0,0.0,0.0,1.0
MAP4K5,0.0,0.0,0.0,0.0,0.0,1.0
PTTG1,0.0,0.0,0.0,0.0,0.0,1.0
ZHX2,0.026352710190401432,0.04231118248365465,0.0074465045943202714,0.0979281642529956,0.12109378834369638,1.0
PCBD1,0.0,0.0,0.0,0.0,0.0,1.0
CUL7,0.0,0.0,0.0,0.0,0.0,1.0
AOC1,0.030226774368045148,0.02528239409497145,0.0019760160057177983,0.16272933188701463,0.08907029698923546,1.0
GGH,0.0,0.0,0.0,0.0,0.0,1.0
FCGR2A,0.03942081193274166,0.018362224616095067,0.007753032771169706,0.1109866416858236,0.13257174613073008,1.0
FEZ1,0.036266658875636765,0.012932984569751406,0.004510618581660992,0.10158669304108332,0.1257237432867127,1.0
AFAP1,0.0,0.0,0.0,0.0,0.0,1.0
FANCG,0.0,0.0,0.0,0.0,0.0,1.0
MNAT1,0.0,0.0,0.0,0.0,0.0,1.0
AGL,0.0,0.0,0.0,0.0,0.0,1.0
TRIM38,0.0,0.0,0.0,0.0,0.0,1.0
OFD1,0.0455816459291685,0.01653661697160813,0.02066265270093605,0.1521782590520926,0.19297459039595344,1.0
LOXL1,0.03690652788622436,0.040028936389965096,0.008791233162094077,0.1424411751376085,0.10145572847556052,1.0
ADIRF,0.0,0.0,0.0,0.0,0.0,1.0
TAF6,0.0625,0.0,0.0,0.0,0.0,1.0
RABGGTA,0.0,0.0,0.0,0.0,0.0,1.0
NFIL3,0.0,0.0,0.0,0.0,0.0,1.0
CSNK2A2,0.0625,0.0,0.0,0.0,0.0,1.0
BCAT2,0.031241198551980875,0.024011963084324753,0.014631257017121205,0.3140826777504008,0.09885536275568882,1.0
GTF2H4,0.0,0.0,0.0,0.0,0.0,1.0
SLC7A6,0.0,0.0,0.0,0.0,0.0,1.0
RAB4A,0.0,0.0,0.0,0.0,0.0,1.0
UNC50,0.0,0.0,0.0,0.0,0.0,1.0
EMC2,0.0,0.0,0.0,0.0,0.0,1.0
ZNF185,0.0,0.0,0.0,0.0,0.0,1.0
ARL4D,0.0,0.0,0.0,0.0,0.0,1.0
TFDP2,0.10444104050419999,0.012756911934857059,0.009885235949417315,0.3091753559286497,0.10219306668792716,1.0
DYNC1LI2,0.0,0.0,0.0,0.0,0.0,1.0
CSF3R,0.04158711975370733,0.016921656688199987,0.005744969439064576,0.18246521825244605,0.14069549156724676,1.0
FSTL3,0.0,0.0,0.0,0.0,0.0,1.0
CD2AP,0.11484942404614532,0.0214765489031535,0.015381012418841142,0.1645153653827144,0.1334369602189353,1.0
RTCA,0.0,0.0,0.0,0.0,0.0,1.0
IFIT5,0.0,0.0,0.0,0.0,0.0,1.0
WBP4,0.0,0.0,0.0,0.0,0.0,1.0
FAM193A,0.0,0.0,0.0,0.0,0.0,1.0
ZBTB17,0.0,0.0,0.0,0.0,0.0,1.0
ZEB2,0.029187240727603946,0.03515666125442038,0.007458301899772549,0.11607121844800418,0.138721805274664,1.0
ZNF516,0.0,0.0,0.0,0.0,0.0,1.0
SRP54,0.0,0.0,0.0,0.0,0.0,1.0
NDUFS6,0.03591312606233786,0.03216004956992326,0.009042273128728658,0.19499313941079316,0.09683875695486258,1.0
INPP5F,0.024439291754727508,0.015173687171237932,0.006489921565931599,0.1724406418123127,0.048937348196543204,1.0
ALDH5A1,0.036687607533607655,0.022628562118123304,0.0009958194293940062,0.3060739941361046,0.09572982175838451,1.0
TERF2,0.0,0.0,0.0,0.0,0.0,1.0
BYSL,0.13366662428238318,0.029589690015437372,0.0038712895427932825,0.2188518755309441,0.06905702422058338,1.0
NDUFB6,0.024725349361056657,0.028322412693000086,0.0027911205112192564,0.2809107767776622,0.0928087189974669,1.0
SULT1A1,0.0,0.0,0.0,0.0,0.0,1.0
POLB,0.10790637355968322,0.054476016021931334,0.020521477009851994,0.4056642375531473,0.11638886194998575,1.0
ELK1,0.0,0.0,0.0,0.0,0.0,1.0
FAIM2,0.1016369366544223,0.025146259567397338,0.022920967373985666,0.16520972202927167,0.11007427212461575,1.0
FCHSD2,0.0,0.0,0.0,0.0,0.0,1.0
NDUFB5,0.03503662817397231,0.034713881769870426,0.019758173237881774,0.2020144592216371,0.11443088183365513,1.0
PNO1,0.0,0.0,0.0,0.0,0.0,1.0
PLXNA3,0.027496451579885065,0.02285065726491894,0.010099504492111153,0.12962148911760443,0.12013626223717425,1.0
SKP2,0.0,0.0,0.0,0.0,0.0,1.0
IGF1R,0.13199444566744067,0.20869806006310807,0.09940793538127127,0.08950296509139818,0.03160956054127843,1.0
COG5,0.0,0.0,0.0,0.0,0.0,1.0
GPRC5B,0.0,0.0,0.0,0.0,0.0,1.0
CPT1A,0.041292941311139274,0.036592452618935976,0.03242087825176035,0.21200115797882738,0.08335940382976245,1.0
VPS26C,0.0,0.0,0.0,0.0,0.0,1.0
MID1,0.0,0.0,0.0,0.0,0.0,1.0
FGFR2,0.0625,0.0,0.0,0.0,0.0,1.0
MBNL2,0.04225814025652936,0.006358399095245102,0.0009465580243551857,0.16461492786683213,0.1877941319198508,1.0
COBLL1,0.02359838918273009,0.005835025843368073,0.005230146363981746,0.2532803764405439,0.07686129344092557,1.0
ERF,0.0,0.0,0.0,0.0,0.0,1.0
MON1B,0.0,0.0,0.0,0.0,0.0,1.0
FDX1,0.030379769995848196,0.04485252263415369,0.011429926140106392,0.11970021620651704,0.12092620375918028,1.0
TATDN2,0.0,0.0,0.0,0.0,0.0,1.0
PLA2G2A,0.04022028061370951,0.030185426912227906,0.0001663708515540778,0.23420678165227427,0.09032944283105265,1.0
PROCR,0.04713125114753511,0.022478026483949694,0.02602977551539694,0.1931300889018269,0.07946281300541948,1.0
ZFYVE16,0.0,0.0,0.0,0.0,0.0,1.0
MAP3K11,0.029540568289899254,0.04310556656325605,0.030729059346640282,0.18655453166287084,0.0806807818053723,1.0
COIL,0.0,0.0,0.0,0.0,0.0,1.0
XRCC1,0.0,0.0,0.0,0.0,0.0,1.0
FIG4,0.0,0.0,0.0,0.0,0.0,1.0
CTSF,0.09553006567898088,0.045237364692403956,0.016096035852829885,0.09447592498970077,0.09504472524975492,1.0
SLC25A20,0.0400150711090729,0.014055131718249268,0.006783200193100948,0.22257847343547688,0.09103999937130444,1.0
TRIM13,0.0,0.0,0.0,0.0,0.0,1.0
PCNT,0.0,0.0,0.0,0.0,0.0,1.0
TMOD1,0.0,0.0,0.0,0.0,0.0,1.0
COX5A,0.047288524598552546,0.03668635666452855,0.013505377773605132,0.11196364723323954,0.1807333805453962,1.0
POLR2D,0.39501944780263476,0.3197907771318561,0.3185538295341962,0.11379722410122747,0.08902608731408576,1.0
HMOX1,0.09595862873125546,0.01713830879591275,0.06804020643827258,0.1788780192196599,0.10377299641976906,1.0
TBCA,0.0,0.0,0.0,0.0,0.0,1.0
MAN2C1,0.0,0.0,0.0,0.0,0.0,1.0
DGAT1,0.03518511373782048,0.04030743195119346,0.008744362258288648,0.11820253797120309,0.1571566922738661,1.0
TPMT,0.03327565641452293,0.029158121692002343,0.01891905357466619,0.26036638200620926,0.08353432109901604,1.0
TG,0.0,0.0,0.0,0.0,0.0,1.0
HELZ,0.0,0.0,0.0,0.0,0.0,1.0
NUCB2,0.04574208821413475,0.00916860509612536,0.022053151848459282,0.17764734733968204,0.14440212065440888,1.0
TARBP2,0.0,0.0,0.0,0.0,0.0,1.0
FAN1,0.0,0.0,0.0,0.0,0.0,1.0
TMED1,0.0,0.0,0.0,0.0,0.0,1.0
PRKAR2B,0.035260811231463865,0.007961719913434806,0.009954579571754498,0.2202322435552031,0.07648199733907335,1.0
VEGFB,0.0,0.0,0.0,0.0,0.0,1.0
BCL2,0.10855128812282516,0.09237664831528436,0.019534232869256565,0.22358627240181816,0.12483998433760524,1.0
MPG,0.0,0.0,0.0,0.0,0.0,1.0
PKD2,0.025508043606237842,0.01401680093522905,0.005530953238466375,0.11828142132652725,0.10843554382297943,1.0
FMR1,0.0,0.0,0.0,0.0,0.0,1.0
TUBGCP3,0.0,0.0,0.0,0.0,0.0,1.0
PI3,0.0,0.0,0.0,0.0,0.0,1.0
E2F3,0.0,0.0,0.0,0.0,0.0,1.0
DHX16,0.0,0.0,0.0,0.0,0.0,1.0
GSDME,0.0625,0.0,0.0,0.0,0.0625,1.0
RFC2,0.0,0.0,0.0,0.0,0.0,1.0
FRZB,0.0,0.0,0.0,0.0,0.0,1.0
DIO2,0.0,0.0,0.0,0.0,0.0,1.0
TRMT1,0.0,0.0,0.0,0.0,0.0,1.0
TTLL4,0.0,0.0,0.0,0.0,0.0,1.0
RREB1,0.0,0.0,0.0,0.0,0.0,1.0
FZD7,0.0,0.0,0.0,0.0,0.0,1.0
ZNF263,0.0,0.0,0.0,0.0,0.0,1.0
PHKG2,0.0,0.0,0.0,0.0,0.0,1.0
PUM3,0.054654725920732214,0.0006166813063096355,0.00628435475634392,0.07534566735217674,0.15539888216025008,1.0
LLGL2,0.0,0.0,0.0,0.0,0.0,1.0
TBCE,0.0,0.0,0.0,0.0,0.0,1.0
DPP4,0.04790326863931588,0.022616625345948004,0.011028722009672021,0.1055483133580226,0.13815950604074057,1.0
PNPLA6,0.0,0.0,0.0,0.0,0.0,1.0
ERCC1,0.0,0.0,0.0,0.0,0.0,1.0
UTP18,0.0,0.0,0.0,0.0,0.0,1.0
ALDH4A1,0.03538216424272974,0.02763131978382274,0.03737111125399842,0.2810649454680249,0.1271796153555791,1.0
ITPKB,0.044986973495111895,0.030442972909220083,0.0040677986727289984,0.2307849439649539,0.08897446076663247,1.0
GADD45A,0.0625,0.0,0.0,0.0,0.0,1.0
LAMA3,0.0,0.0,0.0,0.0,0.0,1.0
SKIC2,0.0,0.0,0.0,0.0,0.0,1.0
BAK1,0.10919667510776544,0.02970480491231217,0.00384666886671316,0.17317208211545787,0.21204468839059423,1.0
EMP3,0.0625,0.0,0.0,0.0,0.0,1.0
ZKSCAN5,0.0,0.0,0.0,0.0,0.0,1.0
TRIP4,0.0,0.0,0.0,0.0,0.0,1.0
DEXI,0.0,0.0,0.0,0.0,0.0,1.0
FOXJ2,0.0,0.0,0.0,0.0,0.0,1.0
PPRC1,0.0,0.0,0.0,0.0,0.0,1.0
C5orf22,0.0,0.0,0.0,0.0,0.0,1.0
ZNF217,0.0,0.0,0.0,0.0,0.0,1.0
MPHOSPH6,0.0,0.0,0.0,0.0,0.0,1.0
ADCY7,0.035333821504668024,0.022778625806536775,0.007043960046598888,0.08896776045266833,0.13979752207210627,1.0
TDG,0.039370200070350345,0.03382548036278288,0.021446286135876184,0.11110505385402628,0.12877360253726144,1.0
HMGB3,0.0,0.0,0.0,0.0,0.0,1.0
HCCS,0.0,0.0,0.0,0.0,0.0,1.0
RARA,0.04132266016545679,0.03527764703482264,0.09235102167088433,0.09674846443721953,0.0760035704141177,1.0
JUND,0.046921541468058214,0.0383314565927176,0.040351694087488274,0.11045369220617485,0.11165649108999383,1.0
BRF1,0.05478393064209053,0.04411010492695022,0.004718995494168147,0.18744799085648933,0.12991379342842624,1.0
BUB1B,0.12464682283550525,0.09907048970134147,0.03715786271344315,0.15452570604832463,0.05786326551749682,1.0
ARHGEF17,0.0,0.0,0.0,0.0,0.0,1.0
CEACAM6,0.08931669326609717,0.0014221217708730817,0.003647072739821572,0.3141389415341344,0.09971102816722557,1.0
CTSO,0.0625,0.0,0.0,0.0,0.0,1.0
ST3GAL4,0.0,0.0,0.0,0.0,0.0,1.0
SLA,0.031045478991514473,0.015316398622444645,0.0063332170282174825,0.12442081169119812,0.13014436135022084,1.0
DYNC2LI1,0.0,0.0,0.0,0.0,0.0,1.0
DLGAP5,0.0,0.0,0.0,0.0,0.0,1.0
GCA,0.0,0.0,0.0,0.0,0.0,1.0
LMOD1,0.0,0.0,0.0,0.0,0.0,1.0
STS,0.046066554238382726,0.036996019703546275,0.011262298500350078,0.06673289745710012,0.14973794737398777,1.0
MTR,0.02821003119711133,0.03872709976823239,0.03019323091547138,0.07822021645973594,0.10404330241359985,1.0
SLC25A13,0.03599704643124809,0.016910119409472128,0.008843412183813808,0.2193036798155834,0.08186292248711767,1.0
GPKOW,0.0,0.0,0.0,0.0,0.0,1.0
RPS6KB2,0.03142477414177414,0.07337114581165217,0.005076716848020375,0.20106619961211675,0.07016156165921779,1.0
MANBA,0.03956601424467293,0.03007833492984764,0.00765040147118946,0.1794018634450636,0.1046588705121116,1.0
MPZL2,0.04422754231567243,0.041790744395282284,0.008141015576623998,0.18037774576705606,0.06555723387510343,1.0
MRPL33,0.0,0.0,0.0,0.0,0.0,1.0
POLRMT,0.0,0.0,0.0,0.0,0.0,1.0
SSBP2,0.0,0.0,0.0,0.0,0.0,1.0
SEMA3C,0.0,0.0,0.0,0.0,0.0,1.0
RIDA,0.04875944420375407,0.058763947057569973,0.017669789786908856,0.11095895930597005,0.09479870341432722,1.0
DMXL1,0.0,0.0,0.0,0.0,0.0,1.0
CDC42BPA,0.047499043545864365,0.014182972598006952,0.0026215692962872975,0.17102347694111225,0.14415028453452816,1.0
BCL7A,0.0,0.0,0.0,0.0,0.0,1.0
VSNL1,0.0,0.0,0.0,0.0,0.0,1.0
CD302,0.03621382510682652,0.02791632321357793,0.0138598664816457,0.1012445969353952,0.11939766397714532,1.0
MRPS14,0.0,0.0,0.0,0.0,0.0,1.0
PCYOX1,0.0,0.0,0.0,0.0,0.0,1.0
LUC7L3,0.0,0.0,0.0,0.0,0.0,1.0
FANCA,0.03987289976298607,0.011234306452106785,0.017422494582490726,0.17625768110126078,0.13833839038932083,1.0
AKT2,0.0625,0.0625,0.0,0.0,0.0,1.0
DNAJB4,0.0,0.0,0.0,0.0,0.0,1.0
SLIT3,0.0,0.0,0.0,0.0,0.0,1.0
NQO2,0.03721950424313332,0.012494854933518016,0.03576283390712775,0.1142812288030149,0.1473266131634116,1.0
GSTT1,0.0,0.0,0.0,0.0,0.0,1.0
DGUOK,0.05284662967109739,0.030238573262384796,0.033443715046186026,0.18875949024300182,0.15445458481141514,1.0
SF3A3,0.0,0.0,0.0,0.0,0.0,1.0
IGF2BP3,0.04380049673288602,0.009995316548222494,0.008611268588452858,0.07268587371098872,0.15364302060561272,1.0
RGS3,0.0,0.0,0.0,0.0,0.0,1.0
TSPAN8,0.0,0.0,0.0,0.0,0.0,1.0
PITPNM1,0.0,0.0,0.0,0.0,0.0,1.0
WIPI1,0.0,0.0625,0.0,0.0,0.0,1.0
IL32,0.0,0.0,0.0,0.0,0.0,1.0
ELP4,0.0,0.0,0.0,0.0,0.0,1.0
C17orf75,0.0,0.0,0.0,0.0,0.0,1.0
R3HDM2,0.06053468756935692,0.00891128427612815,0.04566622326611242,0.007215538854091805,0.1934387837598036,1.0
SNRPF,0.0,0.0,0.0,0.0,0.0,1.0
LRRC32,0.035693700942504444,0.017715075192300974,0.0025885807008602787,0.22646875588544502,0.07525246241510532,1.0
MAP3K5,0.09578441004181974,0.027284241321032434,0.008662012182485232,0.20412135327559747,0.11244373702007646,1.0
TNK2,0.03750096728448488,0.03394795785445119,0.008147388059469997,0.16818220604755668,0.1106430041155568,1.0
BLZF1,0.031023160055481877,0.042314368266078074,0.010493909630936535,0.15301242408901672,0.16680762854235054,1.0
MAPRE3,0.0,0.0,0.0,0.0,0.0,1.0
RPS6KA3,0.033121178789949454,0.015926191058169396,0.00276110994490524,0.12830554804199906,0.10511958155034813,1.0
VHL,0.0,0.0,0.0,0.0,0.0,1.0
KAT2B,0.03731115927235621,0.013684903572404528,0.009818000608249803,0.0762177767849799,0.15059675908704329,1.0
TRIM32,0.0,0.0,0.0,0.0,0.0,1.0
AKAP8,0.0,0.0,0.0,0.0,0.0,1.0
KIF1A,0.0,0.0,0.0,0.0,0.0,1.0
IGFBP6,0.0,0.0,0.0,0.0,0.0,1.0
GAB2,0.0,0.0,0.0,0.0,0.0,1.0
CFI,0.047281935686292124,0.019698230299532916,0.01743463170865158,0.15186920010634805,0.09291220151694479,1.0
WDR47,0.0,0.0,0.0,0.0,0.0,1.0
VRK1,0.04405351265174591,0.056512706351508374,0.01700024848097835,0.14437858837259435,0.12139182733508404,1.0
PDIA5,0.0,0.0,0.0,0.0,0.0,1.0
COX10,0.0,0.0,0.0,0.0,0.0,1.0
PALM,0.0,0.0,0.0,0.0,0.0,1.0
PCCA,0.02689525955932569,0.0109213637955793,0.004413061830626343,0.14740926893534745,0.11856834409766961,1.0
ACTN2,0.0,0.0,0.0,0.0,0.0,1.0
ADARB1,0.0,0.0,0.0,0.0,0.0,1.0
NLE1,0.0,0.0,0.0,0.0,0.0,1.0
VCAM1,0.023686417048167967,0.025800609321219296,0.006304021435324226,0.10236882641044683,0.10301529937384679,1.0
USP46,0.0,0.0,0.0,0.0,0.0,1.0
SENP3,0.0,0.0,0.0,0.0,0.0,1.0
ACTA1,0.04776600722574597,0.019375277825738956,0.0209497536335414,0.15608119025817177,0.14007441255056274,1.0
SMARCA1,0.03383236272348917,0.010293560692922338,0.005448302151698534,0.09870185255939293,0.1286184643891184,1.0
MMP11,0.0,0.0,0.0,0.0,0.0,1.0
PIK3CD,0.1006329850643785,0.07407461243589387,0.004006350639225125,0.19745990829201426,0.1655199167893777,1.0
COX17,0.0,0.0,0.0,0.0,0.0,1.0
DMD,0.09924420697135941,0.018359958442885252,0.010444548566757816,0.2095220761993282,0.15106613091980114,1.0
IRF9,0.0,0.0,0.0,0.0625,0.0,1.0
RAB11FIP2,0.0,0.0,0.0,0.0,0.0,1.0
RAB21,0.0,0.0,0.0,0.0,0.0,1.0
FBLN2,0.049923206367202294,0.018427436978429516,0.01886647603739794,0.07312395487147118,0.17267858838900513,1.0
THBD,0.0258573170210956,0.0325737397792847,0.006532876535936994,0.22817062217255069,0.06836155901336355,1.0
SCG5,0.0,0.0,0.0,0.0,0.0,1.0
DAPK3,0.10331389380217386,0.08880014864634513,0.016785919774866473,0.19409448849405675,0.0983909574628764,1.0
WFDC2,0.0,0.0,0.0,0.0,0.0,1.0
TAF9,0.049966691055847445,0.02676001633250742,0.017421609156210133,0.31812705156952037,0.079196881382151,1.0
TUBG2,0.0,0.0,0.0,0.0,0.0,1.0
PLCB4,0.0,0.0,0.0,0.0,0.0,1.0
LYRM1,0.0,0.0,0.0,0.0,0.0,1.0
CRCP,0.0,0.0,0.0,0.0,0.0,1.0
SZT2,0.02621516321172437,0.032232753309601604,0.006799205563737894,0.1449551751539102,0.1095689349540779,1.0
TAB1,0.0,0.0,0.0,0.0,0.0,1.0
HEPH,0.0,0.0,0.0,0.0,0.0,1.0
CD82,0.0504166922078431,0.022482486500994728,0.005467479638000405,0.16608957666451402,0.10904392652384415,1.0
PARN,0.0,0.0,0.0,0.0,0.0,1.0
IQSEC1,0.0,0.0,0.0,0.0,0.0,1.0
SLC4A4,0.0,0.0,0.0,0.0,0.0,1.0
SLC9A6,0.0,0.0,0.0,0.0,0.0,1.0
ARHGAP29,0.0,0.0,0.0,0.0,0.0,1.0
RAP1GAP,0.0,0.0,0.0,0.0,0.0,1.0
DNASE1L1,0.0,0.0,0.0,0.0,0.0,1.0
HPGD,0.0,0.0,0.0,0.0,0.0,1.0
CXCL9,0.031114181582802627,0.007554507747583785,0.0011834808520028168,0.3129773141865089,0.11122702012270572,1.0
NDST2,0.0,0.0,0.0,0.0,0.0,1.0
CXADR,0.04711006348141715,0.009531447215772499,0.024249387962834955,0.16137322329104947,0.18352002178576354,1.0
PCDH1,0.0,0.0,0.0,0.0,0.0,1.0
TCEA2,0.0,0.0,0.0,0.0,0.0,1.0
NR1H3,0.0,0.0,0.0,0.0,0.0,1.0
CHST2,0.0,0.0,0.0,0.0,0.0,1.0
CYBB,0.03986784254539186,0.027431994341508205,0.06537721976284476,0.31556295820168495,0.0690219215330182,1.0
GSTA1,0.03424494870803675,0.031410166444686985,0.023603643760620293,0.09348051833139974,0.1419744594559807,1.0
GCLM,0.0,0.0,0.0625,0.0,0.0,1.0
NFKBIE,0.05584496021188444,0.008085229386039264,0.00602247649264202,0.20638717449746877,0.055783688055506854,1.0
MRPL12,0.0,0.0,0.0,0.0,0.0,1.0
HLA-DMB,0.033559856500821376,0.008242653530701676,0.007957235675532127,0.19949238260435506,0.12493410272793695,1.0
RAB11FIP3,0.0,0.0,0.0,0.0,0.0,1.0
KDR,0.0,0.0,0.0,0.0,0.0,1.0
ACVR1,0.03177130028800161,0.025309623824865884,0.01202243138774623,0.20888272874559846,0.1464999347667143,1.0
MMP9,0.11356720493163724,0.03614780342732494,0.01018494670723317,0.11591344036584571,0.1407217769430582,1.0
TAF1C,0.0,0.0,0.0,0.0,0.0,1.0
NT5E,0.039765069571635905,0.011456407005755741,0.0007336658909809908,0.1445230126075419,0.1475318212187508,1.0
VASH1,0.0,0.0,0.0,0.0,0.0,1.0
INTS9,0.0,0.0,0.0,0.0,0.0,1.0
MARK2,0.04346087444596185,0.04408620629501987,0.03217862671025239,0.08154948594656343,0.07066939749347541,1.0
KIF3B,0.04249354487335004,0.030670461475104112,0.006953936958854207,0.17586001961946104,0.11333706550307684,1.0
BTN2A1,0.028509059935000153,0.02275082294530227,0.007700352763882106,0.18255667349785232,0.09858252208130425,1.0
ARG2,0.045906812330297725,0.018426186728461833,0.017182605947584573,0.11849183027827619,0.141091682671758,1.0
CSTF3,0.0,0.0,0.0,0.0,0.0,1.0
MPO,0.0,0.0,0.0,0.0,0.0,1.0
CLCN6,0.0,0.0,0.0,0.0,0.0,1.0
CNN1,0.0,0.0,0.0,0.0,0.0,1.0
ATF6,0.03118155555569786,0.03217751564526052,0.016033607231876374,0.18735371379952612,0.08313721886695112,1.0
CLDN3,0.0,0.0,0.0,0.0,0.0,1.0
PPP1R26,0.0,0.0,0.0,0.0,0.0,1.0
MORC2,0.0,0.0,0.0,0.0,0.0,1.0
E2F6,0.0,0.0,0.0,0.0,0.0,1.0
ZBTB40,0.0,0.0,0.0,0.0,0.0,1.0
NEBL,0.0,0.0,0.0,0.0,0.0,1.0
NMI,0.0,0.0,0.0,0.0,0.0,1.0
USP20,0.0,0.0,0.0,0.0,0.0,1.0
PPM1A,0.0,0.0,0.0,0.0,0.0,1.0
CDC6,0.0770628346171476,0.03341029479416182,0.12350211170191147,0.1298236372712889,0.08828696328719957,1.0
SLC31A1,0.0,0.0,0.0,0.0,0.0,1.0
PEX3,0.0,0.0,0.0,0.0,0.0,1.0
CEBPD,0.0,0.0,0.0,0.0,0.0,1.0
PUDP,0.0,0.0,0.0,0.0,0.0,1.0
NUBP1,0.0,0.0,0.0,0.0,0.0,1.0
CYP27A1,0.0,0.0,0.0,0.0,0.0,1.0
FABP4,0.037155342345492545,0.013598141465884674,0.006785350422463054,0.13848121712843248,0.09578650804392418,1.0
ABCD4,0.0,0.0,0.0,0.0,0.0,1.0
TSNAX,0.0,0.0,0.0,0.0,0.0,1.0
CASP9,0.1033476741503482,0.019474422826004967,0.0031531252253145913,0.10690516819425268,0.14994963435864606,1.0
ZNF212,0.0,0.0,0.0,0.0,0.0,1.0
FZD6,0.0,0.0,0.0,0.0,0.0,1.0
FUT8,0.04298929402070237,0.018683067855195398,0.029321730246089982,0.13357368644527112,0.1276437523279962,1.0
F2R,0.0,0.0,0.0,0.0,0.0,1.0
KDM6A,0.04957888223641349,0.016432531755634756,0.0048288161247655,0.14126645932321993,0.16739843471090543,1.0
CFAP410,0.0,0.0,0.0,0.0,0.0,1.0
PTPN3,0.0,0.0,0.0,0.0,0.0,1.0
SYT1,0.038694229737929395,0.01955852186568672,0.004508210339447288,0.2789295586678476,0.10872419581396252,1.0
GNB5,0.025264624973232352,0.03566909468422471,0.009742962053478028,0.0806510524523418,0.10838006618937876,1.0
NUP42,0.0,0.0,0.0,0.0,0.0,1.0
PAWR,0.16239578400547403,0.02766049279621194,0.008401925919677413,0.1502025343765139,0.08021099186953934,1.0
FCGR3B,0.02938028059582007,0.012855707363012857,0.01216345783594952,0.07499876487595139,0.16388468561880357,1.0
DNAL4,0.0,0.0,0.0,0.0,0.0,1.0
SPRY2,0.0,0.0,0.0,0.0,0.0,1.0
LCMT2,0.0,0.0,0.0,0.0,0.0,1.0
DUSP4,0.05265527644190379,0.03917188560874502,0.014379468699731208,0.11384764096090198,0.16121944460235893,1.0
KDELR3,0.0675347143012655,0.0143063572474023,0.012152581575687708,0.08495593174492759,0.140047305847806,1.0
SH3YL1,0.0,0.0,0.0,0.0,0.0,1.0
PURA,0.0,0.0,0.0,0.0,0.0,1.0
WWP2,0.0625,0.0,0.0,0.0,0.0,1.0
RFC4,0.0,0.0,0.0,0.0,0.0,1.0
OSGIN2,0.0,0.0,0.0,0.0,0.0,1.0
PDCD2,0.0625,0.0,0.0,0.0,0.0,1.0
ZWINT,0.03792991644253193,0.020539547553548258,0.012513932296283378,0.13811329251226517,0.12165027057708067,1.0
METTL1,0.05056162471078804,0.027672440942556505,0.021992030441372264,0.13422256009510153,0.08979183729011002,1.0
RABGAP1,0.0,0.0,0.0,0.0,0.0,1.0
PCBP2,0.0,0.0,0.0625,0.0,0.0,1.0
BCAR3,0.03561263965690955,0.018225497983086696,0.008264740027075793,0.26851626596106876,0.03332914140649994,1.0
TRIP13,0.0,0.0,0.0,0.0,0.0,1.0
ETHE1,0.0,0.0,0.0,0.0,0.0,1.0
SCG2,0.0,0.0,0.0,0.0,0.0,1.0
LPAR1,0.03422028974766257,0.04357158610985224,0.004116733527755935,0.135878144213037,0.13804566730226034,1.0
CEBPA,0.0,0.0,0.0,0.0,0.0,1.0
RNF144A,0.0,0.0,0.0,0.0,0.0,1.0
MAOB,0.0,0.0,0.0,0.0,0.0,1.0
WASF3,0.0,0.0,0.0,0.0,0.0,1.0
TCN2,0.045070977315918845,0.03204047641627914,0.008222041601796662,0.12469619591954259,0.17924899901339453,1.0
QPRT,0.03614950837955555,0.030516542285343923,0.028616687106466317,0.1244682938127373,0.11535962423393176,1.0
TCEAL1,0.0,0.0,0.0,0.0,0.0,1.0
PLCB2,0.0,0.0,0.0,0.0,0.0,1.0
PHACTR2,0.041985700736264515,0.01940772518869433,0.002937025776635436,0.08169035014595431,0.1536662060373562,1.0
SFRP4,0.0,0.0,0.0,0.0,0.0,1.0
MIA2,0.0,0.0,0.0,0.0,0.0,1.0
MVK,0.03488997864600526,0.028830040912272356,0.021718306684419965,0.14787217440472222,0.13216254634591357,1.0
IRF8,0.04687339746733921,0.03187008790158097,0.009414562399682691,0.24186851327893033,0.128672395074176,1.0
ME1,0.031827087984362554,0.019798084516182816,0.0006039163746871512,0.15528908484399193,0.14330103906871033,1.0
PRKX,0.0,0.0,0.0,0.0,0.0,1.0
ULK2,0.03526772877109628,0.0988983400852276,0.014673396046556998,0.11818175995435293,0.13726720728110536,1.0
THOC1,0.0625,0.0,0.0,0.0,0.0,1.0
CHST10,0.0,0.0,0.0,0.0,0.0,1.0
AGAP1,0.0,0.0,0.0,0.0,0.0,1.0
SUOX,0.0,0.0,0.0,0.0,0.0,1.0
STK3,0.11316534121356814,0.02343698468520116,0.019561416222565457,0.2932321736889024,0.12217210412124682,1.0
MEIS1,0.0,0.0,0.0,0.0,0.0,1.0
PLAAT4,0.0,0.0,0.0,0.0,0.0,1.0
TOPORS,0.0,0.0,0.0,0.0,0.0,1.0
FRY,0.0,0.0,0.0,0.0,0.0,1.0
MYRF,0.035604910063451053,0.04193511347557519,0.011842019340352722,0.15861507484672804,0.035441581732370234,1.0
CEP104,0.0,0.0,0.0,0.0,0.0,1.0
ENTPD4,0.0,0.0,0.0,0.0,0.0,1.0
P3H4,0.0,0.0,0.0,0.0,0.0,1.0
TPST2,0.055514778719052645,0.018173285820217856,0.012032740544615082,0.08874358241140134,0.15125031494195973,1.0
TOE1,0.0,0.0,0.0,0.0,0.0,1.0
NRGN,0.0,0.0,0.0,0.0,0.0,1.0
PBX3,0.0,0.0,0.0,0.0,0.0,1.0
TPM2,0.036460950778468434,0.02236427999259068,0.007848643901965604,0.06228750328761519,0.09117542849079273,1.0
PRAME,0.0625,0.0,0.0,0.0,0.0,1.0
SLC5A6,0.03459399303275873,0.02179184723827355,0.007522908875657879,0.15558267725606365,0.10996833012898334,1.0
P2RX4,0.030733826127580348,0.017203500648958123,0.01705433119527823,0.2108250278775528,0.07225312209921823,1.0
MAP3K4,0.035705814854685096,0.004781798848258468,0.0,0.2403373257501936,0.1655854311617354,1.0
PDE6D,0.0,0.0,0.0,0.0,0.0,1.0
AURKA,0.14149873758718584,0.045999138417410844,0.10010397813504104,0.05435982671591749,0.05082998152017801,1.0
CCNH,0.17132627681815554,0.06130260446443837,0.036089435330643835,0.17210787092941648,0.05144580185270692,1.0
TSC22D2,0.0,0.0,0.0,0.0,0.0,1.0
ELL,0.0,0.0,0.0,0.0,0.0,1.0
RBMX2,0.0,0.0,0.0,0.0,0.0,1.0
SMARCD3,0.0,0.0,0.0,0.0,0.0,1.0
CCL4,0.03977359425483766,0.03751344104055529,0.024334729328437332,0.08292299030467556,0.1056639157866168,1.0
SNAPC2,0.0,0.0,0.0,0.0,0.0,1.0
NRCAM,0.0,0.0,0.0,0.0,0.0,1.0
TESK1,0.0,0.0,0.0,0.0,0.0,1.0
NFYA,0.0,0.0,0.0,0.0,0.0,1.0
HNMT,0.03076084803270431,0.031793943306293385,0.017296379396844183,0.23404010269614967,0.10020374715896746,1.0
NID2,0.0,0.0,0.0,0.0,0.0,1.0
GNG11,0.03781330682577466,0.02246066385954066,0.002540132094018324,0.2123905279279904,0.10999073991708472,1.0
IL2RG,0.036011868990368665,0.011656375136794371,0.0008930434052697152,0.07716354044285904,0.1092881634072091,1.0
PREP,0.0329490497429381,0.032650610383044565,0.011368764807351422,0.24967417644597825,0.10301668749485399,1.0
CD48,0.029825435697409333,0.0174605559534513,0.019932565610549364,0.23642465156717943,0.09350454285363588,1.0
ADK,0.04006482481427451,0.004585223277477142,0.01717401082107129,0.11969403841266381,0.1312872397376199,1.0
GADD45G,0.0625,0.0,0.0,0.0,0.0,1.0
TYROBP,0.04546928188363247,0.024534806620513248,0.009778093134377861,0.24094540003066447,0.10622707407949879,1.0
LIG3,0.039544411259881763,0.03569323107685611,0.010990819710620693,0.10502702631316953,0.08008665486591142,1.0
SLC34A2,0.0,0.0,0.0,0.0,0.0,1.0
NDUFAF1,0.0,0.0,0.0,0.0,0.0,1.0
CDC45,0.0,0.0,0.0,0.0,0.0,1.0
RFC3,0.0,0.0,0.0,0.0,0.0,1.0
BCL9,0.0,0.0,0.0,0.0,0.0,1.0
HSD11B2,0.049163218440506966,0.037836414145572844,0.045867370226697124,0.09439056992784978,0.11167133435245198,1.0
FOXO3,0.10085321327070039,0.024071726723746585,0.008889258754206646,0.1860663092417733,0.14901950396390606,1.0
RRP9,0.17272869737706112,0.027732422194422873,0.002583377792106138,0.11031930139495633,0.026547324780925145,1.0
PDE2A,0.02859297875692823,0.02157190678737809,0.009725681048884355,0.171860723664175,0.11196674269679188,1.0
FILIP1L,0.0,0.0,0.0,0.0,0.0,1.0
COL7A1,0.03956320975310121,0.019338038488343937,0.00424336317784083,0.15363382194161895,0.1703216221408982,1.0
GPR137B,0.0,0.0,0.0,0.0,0.0,1.0
TPST1,0.0,0.0,0.0,0.0,0.0,1.0
TUBB2A,0.0,0.0,0.0,0.0,0.0,1.0
ENOSF1,0.0,0.0,0.0,0.0,0.0,1.0
PIGQ,0.0,0.0,0.0,0.0,0.0,1.0
FRG1,0.0,0.0,0.0,0.0,0.0,1.0
RAD51AP1,0.0,0.0,0.0,0.0,0.0,1.0
STAB1,0.04070569819486654,0.014093463675568414,0.030862410828980256,0.11542861339169044,0.13594089786153404,1.0
MFNG,0.0,0.0,0.0,0.0,0.0,1.0
CDO1,0.03553472886811075,0.00794715652572831,0.00714666142786898,0.19932799653571312,0.10175546129341409,1.0
TCIRG1,0.09356616475454335,0.024109240389054105,0.024783452709336296,0.12124938338272025,0.15047946600560339,1.0
CDKN2C,0.03783662300526176,0.0056186732521854455,0.008432325327446527,0.19228748704176984,0.14651782057591317,1.0
ENPP4,0.0,0.0,0.0,0.0,0.0,1.0
NDC80,0.05290383637867036,0.0252228273871961,0.054172773619705614,0.200176558216522,0.10311537225099224,1.0
EMILIN1,0.0,0.0,0.0,0.0,0.0,1.0
SIPA1,0.03581931121719008,0.031929860778641704,0.0047720239826451365,0.25036504663040793,0.09929011742953386,1.0
WASF1,0.0,0.0,0.0,0.0,0.0,1.0
SBNO2,0.03468960129251067,0.027365181893462157,0.021709288260253673,0.24142045724713362,0.11534524424440759,1.0
BTD,0.0,0.0,0.0,0.0,0.0,1.0
MGST2,0.0,0.0,0.0,0.0,0.0,1.0
IMPDH1,0.03932911061279748,0.04425229023334436,0.01979224101809875,0.1022098476126845,0.13143828391108264,1.0
CKS2,0.027671952996651754,0.05466219905273393,0.02102988623611063,0.09572280361992296,0.07592181720062383,1.0
CPOX,0.03505541988664728,0.03330639363221374,0.0219935887894655,0.16617449298067638,0.08682215844258441,1.0
MYL6B,0.0,0.0,0.0,0.0,0.0,1.0
ALOX5AP,0.025052073030991523,0.03433599566917002,0.006604639325687787,0.2621802815144667,0.09081089335607467,1.0
ZNF593,0.0,0.0,0.0,0.0,0.0,1.0
KLHL20,0.0,0.0,0.0,0.0,0.0,1.0
RBM14,0.0625,0.0,0.0,0.0,0.0,1.0
MB,0.0418005493894477,0.010934209638977042,0.009742596777970127,0.13275154284457924,0.143777052192621,1.0
ZBTB43,0.0,0.0,0.0,0.0,0.0,1.0
GRK3,0.02708900717610085,0.01557100566856891,0.003777531585023796,0.18922292814974523,0.08877307527972525,1.0
PPID,0.10166862115582284,0.014865794514404732,0.009198667145050273,0.19284150724919225,0.08390458537480372,1.0
GMPR,0.03392380008483214,0.016453710834701655,0.00313591033857472,0.1976913655825472,0.09717029076482495,1.0
RARG,0.10788260840788538,0.02908682625613991,0.04268794412230986,0.15600395080159235,0.15760180188395367,1.0
USPL1,0.0,0.0,0.0,0.0,0.0,1.0
IFNAR1,0.04448640927540129,0.022011915371783177,0.02853199211193008,0.3167545360161107,0.12422323497315907,1.0
CD37,0.037189002013663645,0.033952693337986464,0.020007798049632982,0.11462268294942735,0.10487630757546504,1.0
CHKB,0.0357881848577952,0.013679399337249822,0.0069060983251487944,0.25437466336965614,0.11237647955696844,1.0
BACH1,0.0,0.0,0.0,0.0,0.0,1.0
RUNX3,0.030750430910725754,0.020480796466898904,0.002686836027610912,0.17032097733754295,0.1237599877386435,1.0
RALGPS1,0.0,0.0,0.0,0.0,0.0,1.0
PDGFB,0.0,0.0,0.0,0.0,0.0,1.0
PTPN13,0.0625,0.0,0.0,0.0,0.0,1.0
IQCE,0.0,0.0,0.0,0.0,0.0,1.0
CEBPG,0.0,0.0,0.0,0.0,0.0,1.0
SLC31A2,0.0,0.0,0.0,0.0,0.0,1.0
APOBEC3G,0.035754358469557705,0.004757035233498215,0.0059785532994557425,0.29672204180734907,0.08256925564258122,1.0
MNT,0.04063535996609923,0.009750910637160212,0.015075993379124856,0.19702213944230412,0.16951720599774828,1.0
RNGTT,0.0,0.0,0.0,0.0,0.0,1.0
PCYT1A,0.0,0.0,0.0,0.0,0.0,1.0
EIF2AK2,0.03694968081034046,0.016058633867568305,0.015124094371526956,0.19256164430394318,0.10726229652981595,1.0
ACOT8,0.0,0.0,0.0,0.0,0.0,1.0
PIGR,0.03629845359835082,0.02273818457708594,0.008016948855616272,0.20548487919680108,0.08477671051316535,1.0
RAB32,0.0,0.0,0.0,0.0,0.0,1.0
TMEM243,0.0,0.0,0.0,0.0,0.0,1.0
ZC3H14,0.0,0.0,0.0,0.0,0.0,1.0
ANAPC15,0.0,0.0,0.0,0.0,0.0,1.0
PSMC1,0.0625,0.0,0.0,0.0,0.0,1.0
GMFG,0.038677615648014196,0.022357357736484243,0.029461713184848092,0.06037343146453224,0.11790351586696651,1.0
GLIPR1,0.046174870777048974,0.022718179735052437,0.005034439389885179,0.29089143415716573,0.06161961064261037,1.0
PRELP,0.0,0.0,0.0,0.0,0.0,1.0
GCH1,0.03287367384889218,0.022132035222234385,0.00800193590282381,0.1415217744552072,0.09533600383217422,1.0
HDAC4,0.03846070983152178,0.03170430282716648,0.002974747250662372,0.10302947869528525,0.12154347115133454,1.0
STAU2,0.0,0.0,0.0,0.0,0.0,1.0
TK2,0.03245377853303254,0.01957094049507825,0.011642650490930802,0.16642823910404309,0.0973499987340048,1.0
PPIH,0.0,0.0,0.0,0.0,0.0,1.0
SLC17A7,0.0,0.0,0.0,0.0,0.0,1.0
FAAH,0.03927874685556952,0.04535949118360795,0.02243863467873178,0.20326479824848104,0.07495035020596946,1.0
FCER1G,0.0315005607548208,0.028889110839853283,0.03763967169778382,0.09837575029762388,0.12534520010510306,1.0
CHKA,0.039824842208255634,0.057723715146695116,0.03996535788680455,0.13178605079713113,0.1322313736533829,1.0
ZNF195,0.0,0.0,0.0,0.0,0.0,1.0
GULP1,0.0997289030866563,0.022184815247001364,0.0306027271789523,0.10347791425252525,0.13084502309071808,1.0
NNAT,0.0,0.0,0.0,0.0,0.0,1.0
SMC2,0.0,0.0,0.0,0.0,0.0,1.0
ACOX3,0.0,0.0,0.0,0.0,0.0,1.0
RLF,0.0,0.0,0.0,0.0,0.0,1.0
DBF4,0.0,0.0,0.0,0.0,0.0,1.0
RPP14,0.0,0.0,0.0,0.0,0.0,1.0
DCTN3,0.0,0.0,0.0,0.0,0.0,1.0
CDK5,0.0625,0.0,0.0,0.0,0.0,1.0
LMO2,0.0,0.0,0.0,0.0,0.0,1.0
CEP164,0.0,0.0,0.0,0.0,0.0,1.0
CDK2,0.08243202573839553,0.0589895629594628,0.01993682863331806,0.0911156795472445,0.10971319371143318,1.0
VDR,0.039488308147483525,0.022172701950418473,0.012813910995465205,0.16177342446279197,0.08169317353155295,1.0
ELOVL6,0.0,0.0,0.0,0.0,0.0,1.0
CHD1,0.11911044263066094,0.025372986818880325,0.007031553557695252,0.13198153857469422,0.06876678868699954,1.0
MMP7,0.0,0.0,0.0,0.0,0.0,1.0
CHGB,0.0,0.0,0.0,0.0,0.0,1.0
PSEN2,0.0,0.0,0.0,0.0,0.0,1.0
CPT2,0.0,0.0,0.0,0.0,0.0,1.0
GPSM3,0.0,0.0,0.0,0.0,0.0,1.0
PKMYT1,0.0875511398589078,0.025359168079087432,0.017973924905182515,0.17385330844549704,0.08794471989427824,1.0
S100A2,0.038491908220413054,0.03626786776550853,0.01722401940419195,0.0791317906034576,0.1061735000903839,1.0
PIM2,0.10539335318548786,0.02020977236643328,0.007044880490449688,0.0979264564758589,0.15277525214333726,1.0
SKI,0.0,0.0,0.0,0.0,0.0,1.0
LGALS4,0.0,0.0,0.0,0.0,0.0,1.0
CAPN15,0.025469836214359713,0.005193882893996189,0.002544003684968354,0.2848672882364927,0.0742576140884345,1.0
EBAG9,0.0625,0.0,0.0,0.0,0.0,1.0
PSMB9,0.10248933028528062,0.02265947045802853,0.024382511223020622,0.08839567766064227,0.14766170885602728,1.0
RGS14,0.052890618770060786,0.02526012332987006,0.024951948005400668,0.11145895489988862,0.08913852821974037,1.0
FARS2,0.0,0.0,0.0,0.0,0.0,1.0
PPP1R3C,0.0,0.0,0.0,0.0,0.0,1.0
PMAIP1,0.09683659407462702,0.017420907165538412,0.008689600068970238,0.23539510406646239,0.10192679513079127,1.0
SYNGR1,0.03282614687525997,0.014591474060469182,0.005791069032854965,0.21934190070996656,0.10664422352480184,1.0
SORBS2,0.0,0.0,0.0,0.0,0.0,1.0
ZNF518A,0.0,0.0,0.0,0.0,0.0,1.0
STK11,0.09520621160471336,0.10002085847632472,0.011142424852232597,0.13853727557496995,0.12729722148078332,1.0
SGSH,0.0,0.0,0.0,0.0,0.0,1.0
AMT,0.02906253420780259,0.018063555056543827,0.01062407892179433,0.22210741015417132,0.12708615192631822,1.0
SURF1,0.0,0.0,0.0,0.0,0.0,1.0
PIK3C3,0.044950458349413205,0.08227135488889317,0.011946038526764968,0.3156909412962653,0.052038394108641056,1.0
GATB,0.0,0.0,0.0,0.0,0.0,1.0
KBTBD11,0.0,0.0,0.0,0.0,0.0,1.0
CTIF,0.0,0.0,0.0,0.0,0.0,1.0
PROM1,0.04621435145366645,0.024612091875543717,0.0008952725103746522,0.20651484281743043,0.07063106302416802,1.0
CD151,0.05779636667811083,0.030870419701609107,0.034596895324052024,0.27481223612912853,0.15214783528631104,1.0
TECPR2,0.0,0.0,0.0,0.0,0.0,1.0
CYP11A1,0.041570346293134545,0.021216392532606286,0.00416408047843788,0.12121618099909104,0.12833733866556005,1.0
NPR2,0.0,0.0,0.0,0.0,0.0,1.0
ATP1B2,0.038204880057531074,0.044203368601179904,0.006715363485393394,0.06705315996048214,0.10740732741287315,1.0
CREB1,0.0,0.0,0.0,0.0,0.0,1.0
GTSE1,0.0,0.0,0.0,0.0,0.0,1.0
RGS10,0.03658739542909872,0.02809482683745473,0.003157044151584834,0.2759497564506042,0.10994634092587471,1.0
NEO1,0.043818153500872425,0.01720424062283589,0.00432618388600957,0.13927524091453009,0.1216386643838546,1.0
GOLIM4,0.02572821523041968,0.027574732276919128,0.004655060160848668,0.19198344436362738,0.10020642487195905,1.0
MT1X,0.0,0.0,0.0,0.0,0.0,1.0
ZNF202,0.0,0.0,0.0,0.0,0.0,1.0
TMC6,0.03519767480235596,0.023565469919096273,0.02320948186832178,0.06781276099002531,0.13334197721399565,1.0
MRPS12,0.0,0.0,0.0,0.0,0.0,1.0
AGA,0.0,0.0,0.0,0.0,0.0,1.0
KLF7,0.0,0.0,0.0,0.0,0.0,1.0
YJU2,0.0,0.0,0.0,0.0,0.0,1.0
RGS19,0.0,0.0,0.0,0.0,0.0,1.0
RGS4,0.02270733366510671,0.02518493627436567,0.007027480740780695,0.16327930336268695,0.06697831240191782,1.0
TMEM187,0.0,0.0,0.0,0.0,0.0,1.0
TRIM16,0.0,0.0,0.0,0.0,0.0,1.0
SLC25A24,0.0,0.0,0.0,0.0,0.0,1.0
ABCA3,0.0,0.0,0.0,0.0,0.0,1.0
COL16A1,0.0,0.0,0.0,0.0,0.0,1.0
RASSF1,0.0,0.0,0.0,0.0,0.0,1.0
AK4,0.034977516930227714,0.02954103726082847,0.032104843955266194,0.09188733312346237,0.10703391139152885,1.0
MED7,0.0,0.0,0.0,0.0,0.0,1.0
S100P,0.03545408915680001,0.05153976200113704,0.011447052506313497,0.07749688251108766,0.17651104346200575,1.0
TRAF5,0.0625,0.0,0.0,0.0625,0.0,1.0
POT1,0.0,0.0,0.0,0.0,0.0,1.0
DHX30,0.0,0.0,0.0,0.0,0.0,1.0
LIMK1,0.048586273865584104,0.02724010849498965,0.013094518151265822,0.22039141426630826,0.1473956292111494,1.0
FLRT2,0.0,0.0,0.0,0.0,0.0,1.0
NAGLU,0.02686824461069085,0.038581876057709956,0.003669626192576614,0.1921483477773577,0.07507981287926888,1.0
SKAP2,0.0472952503275342,0.01258184000573867,0.0018812197076198624,0.08229386420574776,0.17098620281080373,1.0
F3,0.041485164754400554,0.020284840156176737,0.025024341244611087,0.09853331409986418,0.14653273847519704,1.0
REEP1,0.0,0.0,0.0,0.0,0.0,1.0
SP2,0.0,0.0,0.0,0.0,0.0,1.0
SLCO2A1,0.0,0.0,0.0,0.0,0.0,1.0
PIK3CA,0.11986827768875875,0.15611449730749183,0.0065175679836183605,0.12938334921483732,0.08738874522546532,1.0
CLP1,0.03386400354236602,0.020453762892127095,0.005131688120395838,0.21074062552134823,0.04470336436638009,1.0
KHSRP,0.0,0.0,0.0,0.0,0.0,1.0
CEP350,0.0,0.0,0.0,0.0,0.0,1.0
GALK1,0.032784347298504476,0.027419281504595796,0.0331546518311263,0.2536349301143033,0.11512896567960029,1.0
CLSTN3,0.0,0.0,0.0,0.0,0.0,1.0
DCAF1,0.0,0.0,0.0,0.0,0.0,1.0
BCAS1,0.03777137972307545,0.029697382526899352,0.0014241628383595778,0.29703598964552913,0.04334946295223506,1.0
FGFR3,0.09242751634039664,0.04027183405153313,0.018549067385321825,0.08335247869899984,0.11350387515284893,1.0
LRP3,0.0,0.0,0.0,0.0,0.0,1.0
NAT9,0.0,0.0,0.0,0.0,0.0,1.0
GOLGA2,0.0,0.0,0.0,0.0,0.0,1.0
MRPL57,0.0,0.0,0.0,0.0,0.0,1.0
TRIM24,0.04084942824862155,0.016338416873592956,0.013650172866857579,0.033316755708369034,0.11223366655151124,1.0
CAMK1,0.034962638278171865,0.02879263424186852,0.03466570815630712,0.15340616266879717,0.1448457433927791,1.0
ACP3,0.0,0.0,0.0,0.0,0.0,1.0
SLC43A1,0.0,0.0,0.0,0.0,0.0,1.0
GRK5,0.10443798034318515,0.015453004547076741,0.03950392325732071,0.13069593543115915,0.15151896465563708,1.0
EML2,0.0,0.0,0.0,0.0,0.0,1.0
KCNN4,0.0345892206251863,0.019312453931322627,0.004636953667256886,0.1885144720099778,0.11971733704204385,1.0
RHBDD3,0.0,0.0,0.0,0.0,0.0,1.0
SLC12A2,0.0,0.0,0.0,0.0,0.0,1.0
TTF2,0.0,0.0,0.0,0.0,0.0,1.0
APEX2,0.0,0.0,0.0,0.0,0.0,1.0
EIF1AY,0.0,0.0,0.0,0.0,0.0,1.0
KIF21B,0.029834750924319774,0.03544458186921683,0.010097055627176952,0.2285638030075191,0.10201895919033077,1.0
TRAF2,0.09046391993128894,0.023818127745116675,0.0017286115471585686,0.2421829565485068,0.0689755918462158,1.0
IFI6,0.09263706599021655,0.010484659067912704,0.01451845652898182,0.20483819394943673,0.08904868249315492,1.0
APOC1,0.03645443027914062,0.019178894712034145,0.011875145838803497,0.09596282684270087,0.11044843839651969,1.0
GALC,0.03161905358866229,0.025042486908855896,0.006965067302750911,0.08664196339615254,0.10143424514150166,1.0
GSTM2,0.0,0.0,0.0,0.0,0.0,1.0
FOSL1,0.05208231684572743,0.10052706344290277,0.06569926502484695,0.09266222874445675,0.1293900214337874,1.0
FGF2,0.026646799097227034,0.016039087864969562,0.0031536909403913774,0.21212375782143802,0.11657737543042565,1.0
MKLN1,0.0,0.0,0.0,0.0,0.0,1.0
LMO3,0.0,0.0,0.0,0.0,0.0,1.0
ARHGAP4,0.0,0.0,0.0,0.0,0.0,1.0
LCAT,0.0,0.0,0.0,0.0,0.0,1.0
SLC2A5,0.031202935138924345,0.0231374833760228,0.005635867609129437,0.22375937697324363,0.10871113038608785,1.0
TLE2,0.0,0.0,0.0,0.0,0.0,1.0
SOX12,0.0,0.0,0.0,0.0,0.0,1.0
SPATA2,0.0,0.0,0.0,0.0625,0.0,1.0
NUP58,0.0,0.0,0.0,0.0,0.0,1.0
PLEKHO2,0.03254948477075952,0.02523215728933467,0.012560935972834142,0.1525000461223301,0.13592182696587535,1.0
FOLR1,0.030258309328367598,0.05126965088114747,0.025484640748001726,0.10371466844948378,0.13708132478729115,1.0
IFI44L,0.021112965008135455,0.02397562189174274,0.007230802940543341,0.26624937086713946,0.10945994106975793,1.0
CD83,0.03466937082148129,0.02544756644291636,0.007658445235310335,0.0975537694975767,0.1250792321393876,1.0
POLA2,0.10548452317576953,0.0813814356969039,0.011067520598145652,0.21739412265271052,0.09401967775104675,1.0
LTBP4,0.0,0.0,0.0,0.0,0.0,1.0
ARSA,0.0,0.0,0.0,0.0,0.0,1.0
KIF11,0.2733964085125017,0.14017294180324835,0.3657510644726319,0.06869391592003501,0.08787155764596732,1.0
ALOX5,0.025790973647045894,0.02325296962191295,0.002744262105724545,0.15751570193873715,0.13276869517946738,1.0
LZTS3,0.042986068469387954,0.008714060967666255,0.0056810610715484966,0.12728117194499533,0.17758881258575238,1.0
PDCL,0.0,0.0,0.0,0.0,0.0,1.0
APOA1,0.04522741325713993,0.004886711000155966,0.008968448205915594,0.1923695816825851,0.17687466291394988,1.0
FZD1,0.0,0.0,0.0,0.0,0.0,1.0
ZNF84,0.0,0.0,0.0,0.0,0.0,1.0
LDOC1,0.0,0.0,0.0,0.0,0.0,1.0
GAS1,0.0,0.0,0.0,0.0,0.0,1.0
PLA2G15,0.0,0.0,0.0,0.0,0.0,1.0
CSTF2,0.0,0.0,0.0,0.0,0.0,1.0
SLC16A2,0.0,0.0,0.0,0.0,0.0,1.0
EDNRA,0.04501152979058741,0.016230645664104825,0.005749558290792287,0.09608882863296897,0.12792603419056198,1.0
INA,0.0,0.0,0.0,0.0,0.0,1.0
SNCA,0.043131073315694865,0.018895515507489816,0.023795089436851498,0.1577427394573176,0.14318964630880648,1.0
TIE1,0.026626203758714235,0.020115128061167713,0.0029137554375339584,0.36406348424216123,0.06182456606325745,1.0
PTPRZ1,0.0,0.0,0.0,0.0,0.0,1.0
CXCL1,0.0509116142953536,0.047099040903497896,0.01289603293250868,0.1983956185389508,0.07848874219021107,1.0
GAP43,0.0,0.0,0.0,0.0,0.0,1.0
GEM,0.04483731050536929,0.028775342520330007,0.014548785043692176,0.17855623069939103,0.1104793689242716,1.0
ZNF592,0.0,0.0,0.0,0.0,0.0,1.0
MMP1,0.0,0.0,0.0,0.0,0.0,1.0
PC,0.027461921860477523,0.02374358047152941,0.004300232571470986,0.24334835814321482,0.07374072866904433,1.0
RABIF,0.0,0.0,0.0,0.0,0.0,1.0
OSTF1,0.0,0.0,0.0,0.0,0.0,1.0
BRPF1,0.0,0.0,0.0,0.0,0.0,1.0
CLDN5,0.0,0.0,0.0,0.0,0.0,1.0
ENO3,0.0,0.0,0.0,0.0,0.0,1.0
PIK3C2B,0.0,0.0,0.0,0.0,0.0,1.0
TOM1L1,0.0,0.0,0.0,0.0,0.0,1.0
KCNQ1,0.03956345620932847,0.022035599688523536,0.026322084952033267,0.14967321494083133,0.11392140954197544,1.0
DOLK,0.02569052178081012,0.04948290773596114,0.007556892478438703,0.12043183817968024,0.062089258264651254,1.0
CD44,0.0,0.0,0.0,0.0,0.0,1.0
PDE4D,0.05883210093293346,0.01977474545167321,0.01752888939038553,0.09552686638207188,0.09714961256165949,1.0
ARHGAP11A,0.0,0.0,0.0,0.0,0.0,1.0
C15orf39,0.0,0.0,0.0,0.0,0.0,1.0
STRN3,0.0,0.0,0.0,0.0,0.0,1.0
ADCY9,0.0,0.0,0.0,0.0,0.0,1.0
AGTPBP1,0.0,0.0,0.0,0.0,0.0,1.0
SAMHD1,0.04249716503573583,0.019261101492743078,0.01333164044226167,0.1801626872217212,0.12873804944017997,1.0
EVPL,0.0,0.0,0.0,0.0,0.0,1.0
HIRIP3,0.0,0.0,0.0,0.0,0.0,1.0
DMTN,0.0,0.0,0.0,0.0,0.0,1.0
PPP3R1,0.0625,0.0,0.0,0.0,0.0,1.0
CDC7,0.12231173039163691,0.19480512096936997,0.22869331089681172,0.10247620946558651,0.10636570302292458,1.0
FARP2,0.0,0.0,0.0,0.0,0.0,1.0
HIVEP1,0.05700538143666438,0.029520633298466062,0.007836353783652368,0.19962624199489365,0.1254929686012849,1.0
ELMO1,0.09821675361182657,0.009754584626570646,0.01691741747279208,0.22580287846354816,0.121190678041384,1.0
DPH2,0.0,0.0,0.0,0.0,0.0,1.0
HSD3B1,0.04895953200256685,0.06144826901923447,0.0148907442411799,0.10344323570423601,0.16069440185638809,1.0
ATXN7,0.0,0.0,0.0,0.0,0.0,1.0
PPIC,0.0,0.0,0.0,0.0,0.0,1.0
PLLP,0.0,0.0,0.0,0.0,0.0,1.0
BRD1,0.044473151935537206,0.01517968241025187,0.008778667908210304,0.279383271929374,0.3020052246082467,1.0
FAM216A,0.0,0.0,0.0,0.0,0.0,1.0
ZNF140,0.0,0.0,0.0,0.0,0.0,1.0
PDPK1,0.15420298181034534,0.12108876671819122,0.020981320377473876,0.04841289022876129,0.10562859102162431,1.0
PHF14,0.0,0.0,0.0,0.0,0.0,1.0
TBC1D8,0.0,0.0,0.0,0.0,0.0,1.0
MYO5A,0.039599005426940365,0.011994917750674133,0.0033110979058483085,0.1548687766486358,0.14565052422372604,1.0
NAP1L1,0.0,0.0,0.0,0.0,0.0,1.0
TOX,0.03150106961761602,0.008590533860500203,0.007255036791648137,0.11983047447497885,0.16616885821198624,1.0
BRCA1,0.06288215297973995,0.03063896073239621,0.01524890494608025,0.06579969456032696,0.10738294101022576,1.0
CXCL10,0.03803390978156734,0.011791044548699194,0.010744933949318254,0.2380647268355851,0.11551977392675225,1.0
VTN,0.0,0.0,0.0,0.0,0.0,1.0
GABRE,0.05078960754570708,0.012922041760200342,0.019274316368377994,0.20799319199594338,0.19795359682238467,1.0
NPIPA1,0.0,0.0,0.0,0.0,0.0,1.0
EEF1A2,0.0,0.0,0.0,0.0,0.0,1.0
SEC14L2,0.0376422328929184,0.005297567038078832,0.005764574115832496,0.1030225519628329,0.16468641966793934,1.0
ST6GALNAC2,0.0,0.0,0.0,0.0,0.0,1.0
RAPGEF1,0.0,0.0,0.0,0.0,0.0,1.0
HPS5,0.0,0.0,0.0,0.0,0.0,1.0
PEX6,0.0,0.0,0.0,0.0,0.0,1.0
KIAA0513,0.0,0.0,0.0,0.0,0.0,1.0
RAB40B,0.0,0.0,0.0,0.0,0.0,1.0
STAR,0.0,0.0,0.0,0.0,0.0,1.0
IKBKE,0.0,0.0,0.0,0.0,0.0,1.0
INPP4A,0.03917290606987558,0.01897285172986067,0.004679956350263156,0.17239810411831727,0.06418552289127394,1.0
DZIP1,0.0,0.0,0.0,0.0,0.0,1.0
RAD54L,0.0,0.0,0.0,0.0,0.0,1.0
LSM7,0.05714762390802729,0.16117241292332302,0.3356974951706948,0.10878201386916259,0.06305864118952509,1.0
FKBP5,0.0,0.0,0.0,0.0,0.0,1.0
APOC2,0.03233734875336175,0.03470914461938947,0.023933234165004286,0.1941268901598069,0.12279641056696741,1.0
IRF4,0.03576195851014732,0.028762233475596907,0.003561636144898487,0.2990075756402874,0.0763910811205453,1.0
SELL,0.02763037817239036,0.019863377077780804,0.0028847574105615535,0.19087585688730668,0.08954292264583275,1.0
ACOT13,0.0,0.0,0.0,0.0,0.0,1.0
PPM1D,0.0,0.0,0.0,0.0,0.0,1.0
ABCG1,0.0,0.0,0.0,0.0,0.0,1.0
ATG14,0.0,0.0625,0.0,0.0,0.0,1.0
CILK1,0.0,0.0,0.0,0.0,0.0,1.0
COX7A1,0.04004486607753442,0.022416276721001563,0.015670284888650906,0.11354340113884387,0.11875109793444656,1.0
PIN4,0.0,0.0,0.0,0.0,0.0,1.0
CROT,0.03486025437135971,0.026993510160563856,0.012026251551189639,0.1661036258393953,0.1255739242976292,1.0
MMP19,0.046237509389542554,0.019997891901424203,0.023524229913847106,0.09779885993043688,0.1444194638949604,1.0
CLUAP1,0.0,0.0,0.0,0.0,0.0,1.0
PPIP5K1,0.033963015892403796,0.020105780138894594,0.024672776366691428,0.13039908723723243,0.13256642665610963,1.0
FGFR4,0.0,0.0,0.0,0.0,0.0,1.0
MMP12,0.0,0.0,0.0,0.0,0.0,1.0
CD22,0.04233895881856872,0.03628742037262701,0.012285505342384923,0.1143559834507227,0.15562186282025559,1.0
KLK3,0.03423090370487562,0.03405569338677357,0.025664999656901402,0.15603575405555964,0.10244785561745764,1.0
L1CAM,0.0465284163074951,0.010287147582509927,0.020604436890504906,0.15180013048437302,0.18837462928260496,1.0
BSN,0.04572525069184589,0.024576304893465246,0.019804841709246585,0.16655224769778793,0.12109892414803847,1.0
SLC25A14,0.0,0.0,0.0,0.0,0.0,1.0
SLC7A7,0.05350442565252603,0.07205892852462684,0.07391655655592062,0.11754396177548392,0.15529265504688144,1.0
NUAK1,0.04255766183088429,0.02143710992421548,0.012470524989155737,0.10780229886721557,0.1516015062016635,1.0
VPS33A,0.0,0.0625,0.0,0.0,0.0,1.0
CHL1,0.0,0.0,0.0,0.0,0.0,1.0
DLG4,0.03178203690403289,0.028870104529897727,0.00600019826095864,0.08019271624608125,0.10201188805855108,1.0
MIEF1,0.0,0.0,0.0,0.0,0.0,1.0
STC1,0.053675727425746896,0.009991367765599819,0.01266060555450097,0.07027513317163153,0.21959199264853457,1.0
UBOX5,0.03726905996317359,0.009415429623052812,0.008803690611119974,0.25578913043025525,0.10790338589579146,1.0
MRPL28,0.0,0.0,0.0,0.0,0.0,1.0
DKK1,0.0515613526843592,0.0239949295769454,0.015063303835760811,0.10862499000790131,0.11707941701817028,1.0
EXO1,0.04008753092952931,0.022827781243070784,0.008536890142024568,0.28201997612617336,0.14964397086233372,1.0
CDK14,0.026899634429802595,0.00803919730733856,0.0022688307423745445,0.27230624443072227,0.11861620926326477,1.0
CGRRF1,0.0,0.0,0.0,0.0,0.0,1.0
CCL21,0.02466388904714084,0.013781042551635297,0.0016829805374872378,0.23118239967621473,0.08313714393600627,1.0
HMGCS2,0.0,0.0,0.0,0.0,0.0,1.0
ASL,0.041098478687053026,0.04415116271751772,0.042614644613184025,0.048339956519256384,0.14792780048249832,1.0
CCDC85B,0.03663344248810363,0.034177893287008695,0.014892283415348982,0.16727111551658524,0.12040666604967146,1.0
PKIA,0.026357257414847377,0.029454140353367915,0.0025515749655996723,0.3484482219149586,0.08962963077579855,1.0
PLCG2,0.04694645809281711,0.020494258006204746,0.001905580042621507,0.41908507317782356,0.07817018086468946,1.0
SERPINB2,0.03772004674620597,0.021395766730050024,0.0032438781073458457,0.17769294907403244,0.12282900279103104,1.0
IDI1,0.04797300296010731,0.05358023678313211,0.016100964297922748,0.15995061653327886,0.07979316018363578,1.0
UCHL3,0.0,0.0,0.0,0.0,0.0,1.0
ACD,0.0,0.0,0.0,0.0,0.0,1.0
VCAN,0.040838614600101804,0.010717768166096892,0.017140213243392082,0.23049445010547723,0.07729582633274179,1.0
NR4A2,0.023725174657589942,0.027262861481026333,0.012568463419251172,0.11359409077107993,0.09766493284438457,1.0
TFF3,0.0,0.0,0.0,0.0,0.0,1.0
ATP7B,0.0,0.0,0.0,0.0,0.0,1.0
ITGB3,0.030915470599844064,0.027498495065780608,0.017487272906954697,0.09688316653160199,0.1254342557194006,1.0
PARVB,0.0,0.0,0.0,0.0,0.0,1.0
MYH2,0.03095020845094775,0.020854994458863088,0.016169000091456713,0.08960358059223816,0.116682472921113,1.0
RPS6KA4,0.03567750114386109,0.04815976024141892,0.015525246647335865,0.096652422089233,0.133248103911244,1.0
RPS6KA5,0.035093081787650936,0.023656018218587142,0.023884014808046423,0.0637813833552147,0.0904404708415904,1.0
NEK4,0.029979305421174846,0.014504395952537275,0.01978424543563838,0.13130327302358302,0.12355560069719779,1.0
COL17A1,0.0,0.0,0.0,0.0,0.0,1.0
CGA,0.03450105129128884,0.027430868751721314,0.0010754786125470339,0.23276860101655697,0.14873794280579303,1.0
ACP5,0.029104498605211436,0.027884089608057126,0.02974088813126593,0.1491247610651973,0.07028135300481433,1.0
ADA,0.0625,0.0,0.0,0.0,0.0,1.0
NEK2,0.11576850964041244,0.08685480472698554,0.06586865855283328,0.24535590979971034,0.04863056635936072,1.0
S1PR1,0.03226947358318643,0.03675912029903986,0.014144085634811676,0.16643490417107046,0.09215814823759125,1.0
CCNT2,0.03629959375899887,0.014479212845942228,0.0031545092156630298,0.3636145949509777,0.10383979913080843,1.0
DPYD,0.031267616158173715,0.02633524039748463,0.0019155804325247084,0.12636986486624063,0.098265050636647,1.0
HOMER3,0.0,0.0,0.0,0.0,0.0,1.0
TROAP,0.0,0.0,0.0,0.0,0.0,1.0
APBB3,0.0,0.0,0.0,0.0,0.0,1.0
NRF1,0.0,0.0,0.0,0.0,0.0,1.0
TFAP2A,0.0,0.0,0.0,0.0,0.0,1.0
CCL5,0.04658150271838308,0.015265615552208282,0.008347859427118132,0.21859753189523923,0.1202338078715559,1.0
SHB,0.0625,0.0,0.0,0.0,0.0,1.0
TRA2A,0.0,0.0,0.0,0.0,0.0,1.0
GFER,0.037313911694835215,0.02468023197051045,0.018228362640784805,0.11525196358445344,0.09535177327800198,1.0
CCP110,0.0,0.0,0.0,0.0,0.0,1.0
ME3,0.03415652957119907,0.012912609890870515,0.011774013884822625,0.18831351310498273,0.08666926242426343,1.0
ALPP,0.0,0.0,0.0,0.0,0.0,1.0
FOXA1,0.0536897165752703,0.061234162269773434,0.041422432315729396,0.1504485749419764,0.07818665648543961,1.0
ANKRD6,0.0,0.0,0.0,0.0,0.0,1.0
MUC2,0.0,0.0,0.0,0.0,0.0,1.0
IRAG2,0.0,0.0,0.0,0.0,0.0,1.0
SRD5A1,0.04566450554812141,0.022095881463256938,0.014011618996803732,0.08069683892056954,0.14160745438599764,1.0
TMEM186,0.0,0.0,0.0,0.0,0.0,1.0
CDH5,0.02872518061975253,0.01615747195931414,0.011900307129288494,0.19179448368861587,0.1351390212999214,1.0
KCNK1,0.028294181434108858,0.028985239100151928,0.020953698762022528,0.14102599103680075,0.1256787412176032,1.0
RAPGEF5,0.0,0.0,0.0,0.0,0.0,1.0
LTBP2,0.0,0.0,0.0,0.0,0.0,1.0
NPTX1,0.0,0.0,0.0,0.0,0.0,1.0
ATP2B2,0.0,0.0,0.0,0.0,0.0,1.0
IRS1,0.0,0.0625,0.0,0.0,0.0,1.0
PARM1,0.0,0.0,0.0,0.0,0.0,1.0
SGCE,0.0,0.0,0.0,0.0,0.0,1.0
STX8,0.0,0.0,0.0,0.0,0.0,1.0
CDC42EP1,0.0,0.0,0.0,0.0,0.0,1.0
AFP,0.0,0.0,0.0,0.0,0.0,1.0
CDC25A,0.04346379590734766,0.0738293734871614,0.021510104780590455,0.20018754986555695,0.11108496789808997,1.0
CHGA,0.0,0.0,0.0,0.0,0.0,1.0
ISG20,0.03992883804097163,0.02265173430787983,0.0010956398465287861,0.20245634634253115,0.08710404645247417,1.0
UTP25,0.0,0.0,0.0,0.0,0.0,1.0
NFE2L3,0.04102641713641559,0.010857884545679805,0.010607402988474809,0.16972673833221585,0.1407195253538227,1.0
IFT88,0.0,0.0,0.0,0.0,0.0,1.0
INPP5E,0.0,0.0,0.0,0.0,0.0,1.0
MAPK4,0.03350272310901906,0.022396655366375397,0.016270456528267734,0.1276248114627738,0.15470686281157622,1.0
KIF23,0.0,0.0,0.0,0.0,0.0,1.0
WIPI2,0.0,0.0625,0.0,0.0,0.0,1.0
KIAA0753,0.0,0.0,0.0,0.0,0.0,1.0
WIF1,0.0,0.0,0.0,0.0,0.0,1.0
F5,0.038223203986289776,0.020349176002706824,0.01724851589235955,0.1716407382853548,0.16953313694982391,1.0
PANX1,0.02688228170457052,0.014348643404216254,0.005579857687322054,0.2432889047865283,0.07248387940502815,1.0
CCDC6,0.0,0.0,0.0,0.0,0.0,1.0
SLC29A2,0.0,0.0,0.0,0.0,0.0,1.0
EPHB6,0.029290914311446876,0.04364476039287636,0.030961274572902445,0.09251798225472974,0.10482082169861892,1.0
ABCA8,0.02501726773488917,0.020205683770367834,0.006036103034069011,0.14929004350033703,0.10374445091118945,1.0
DNAJC6,0.0,0.0,0.0,0.0,0.0,1.0
SCN3B,0.03113835121821873,0.022255234344418263,0.004754712590957206,0.06992250686193822,0.11440011950960927,1.0
COL9A3,0.0,0.0,0.0,0.0,0.0,1.0
NCK1,0.03606223843845294,0.028899300510686555,0.009623251112314875,0.22965029709235793,0.08799533629591463,1.0
CDH13,0.0,0.0,0.0,0.0,0.0,1.0
WDHD1,0.039504853320463905,0.0340484389284356,0.0014161250115402248,0.21590162985532121,0.10374875943990505,1.0
STX1A,0.0,0.0,0.0,0.0,0.0,1.0
RIMS3,0.0,0.0,0.0,0.0,0.0,1.0
TGFBR3,0.03256634402601426,0.015023831872650316,0.0,0.2181300619760726,0.06478349384406487,1.0
KLK6,0.0,0.0,0.0,0.0,0.0,1.0
KRT15,0.0,0.0,0.0,0.0,0.0,1.0
PDE4A,0.0427711878201862,0.03235519967910785,0.004453223586310082,0.27919234574751806,0.05509981316256766,1.0
CSPG4,0.05249039628198488,0.018367562064419703,0.007807085924830147,0.0703592512176689,0.13571628614273043,1.0
CENPC,0.0,0.0,0.0,0.0,0.0,1.0
CNKSR1,0.0,0.0,0.0,0.0,0.0,1.0
PDS5B,0.030824520113196214,0.0031217030917349243,0.0,0.08084368100604518,0.08097008788672479,1.0
TAGLN3,0.0,0.0,0.0,0.0,0.0,1.0
IARS1,0.0,0.0,0.0,0.0,0.0,1.0
MT1G,0.0,0.0,0.0,0.0,0.0,1.0
PICK1,0.0,0.0,0.0,0.0,0.0,1.0
IFIT3,0.04511593151002272,0.028828193374013544,0.014692257348899715,0.2379108565033943,0.12805263399366648,1.0
PTGS2,0.0,0.0,0.0,0.0,0.0,1.0
NAP1L3,0.0,0.0,0.0,0.0,0.0,1.0
DSC2,0.0,0.0,0.0,0.0,0.0,1.0
HLF,0.0,0.0,0.0,0.0,0.0,1.0
MAP2K5,0.0,0.0,0.0,0.0,0.0,1.0
C2CD2L,0.0,0.0,0.0,0.0,0.0,1.0
RCBTB2,0.042750950732858464,0.005294722570254703,0.0022987434362697454,0.19432132180937356,0.14917413071183852,1.0
USP6NL,0.0,0.0,0.0,0.0,0.0,1.0
GNAO1,0.0,0.0,0.0,0.0,0.0,1.0
FNTB,0.06093247071305198,0.025349860929405568,0.038237593777305005,0.21951901587611103,0.12327292294772597,1.0
ARHGEF5,0.0,0.0,0.0,0.0,0.0,1.0
NUDT1,0.04381829882070966,0.039220225932981335,0.013202907589821134,0.08270204106939326,0.1205871782757577,1.0
FEN1,0.03837263238591161,0.05408693000029876,0.015033323877445283,0.05314957275305366,0.08710710955370074,1.0
TAP2,0.04246518431168828,0.023739912215815877,0.003109382350256587,0.042981816698548427,0.13476412724657316,1.0
TTF1,0.0,0.0,0.0,0.0,0.0,1.0
IL11RA,0.050647278573579875,0.010121912797718218,0.001992290245890338,0.12480163355045579,0.145109216962105,1.0
EVI2A,0.028036965567345674,0.006061958464419885,0.011996510692955611,0.26178342202356203,0.10413775034649744,1.0
CHAF1B,0.0,0.0,0.0,0.0,0.0,1.0
THBS4,0.0,0.0,0.0,0.0,0.0,1.0
MAL,0.0625,0.0,0.0,0.0,0.0,1.0
HOXB7,0.0,0.0,0.0,0.0,0.0,1.0
FAS,0.10600723930710818,0.02341037689801191,0.009202285426116931,0.33813261749403556,0.09806465952342672,1.0
MLF1,0.0,0.0,0.0,0.0,0.0,1.0
IFNAR2,0.0,0.0,0.0,0.0625,0.0,1.0
VSIG4,0.048934329611868305,0.015285900630874273,0.004021868334620362,0.2110701578813831,0.1437486244102936,1.0
PPOX,0.0,0.0,0.0,0.0,0.0,1.0
FMNL1,0.03957872228470079,0.014973290364402321,0.022474639233917654,0.13437355716634763,0.06006317540333092,1.0
SMAD7,0.0,0.0,0.0,0.0,0.0,1.0
NR2C1,0.03317839083992584,0.01064740815010258,0.0035369139676112004,0.20474227746394033,0.137039947266907,1.0
IFT140,0.0,0.0,0.0,0.0,0.0,1.0
GPRASP1,0.0,0.0,0.0,0.0,0.0,1.0
DUSP2,0.03810125890982916,0.014335375910820267,0.021764671975983998,0.12899028986237934,0.0785137886929711,1.0
PRR3,0.0,0.0,0.0,0.0,0.0,1.0
EML1,0.0,0.0,0.0,0.0,0.0,1.0
MYB,0.03636044523122646,0.04624246080407435,0.015962230340458038,0.10130294855850203,0.12275828502399454,1.0
ZBED4,0.0,0.0,0.0,0.0,0.0,1.0
DHRS12,0.0,0.0,0.0,0.0,0.0,1.0
RRAD,0.0,0.0,0.0,0.0,0.0,1.0
TRIM21,0.0,0.0,0.0,0.0,0.0,1.0
H1-10,0.0,0.0,0.0,0.0,0.0,1.0
HLA-F,0.0,0.0,0.0,0.0,0.0,1.0
RXYLT1,0.0,0.0,0.0,0.0,0.0,1.0
CLPX,0.0,0.0,0.0,0.0,0.0,1.0
CKM,0.04184624050755109,0.0334529009314086,0.029923690223829146,0.17822019373441722,0.18785340340495763,1.0
CACNA2D2,0.04835208390069644,0.011839218280411467,0.006401208057350036,0.231580152145613,0.11937586716610743,1.0
ZW10,0.0,0.0,0.0,0.0,0.0,1.0
MAPK10,0.0625,0.0625,0.0,0.0625,0.0,1.0
CADPS,0.0,0.0,0.0,0.0,0.0,1.0
ESPL1,0.0625,0.0,0.0,0.0,0.0,1.0
HSD17B2,0.04343374301312321,0.010619162517824741,0.00185441770368725,0.1520546000860185,0.10606363008924607,1.0
FGD1,0.0,0.0,0.0,0.0,0.0,1.0
BTN3A3,0.029878311810136338,0.006927088803928333,0.0025195110029734204,0.33544067989726445,0.1173385253420769,1.0
TTK,0.1130216084669036,0.10129837859777849,0.06233708815048022,0.13482392237161112,0.04015735574832257,1.0
NAV3,0.0,0.0,0.0,0.0,0.0,1.0
ENDOG,0.0625,0.0,0.0,0.0,0.0,1.0
MELK,0.09885048639564252,0.01624875525358163,0.023972424409275717,0.17720913109582054,0.09596880160835192,1.0
CCNF,0.0,0.0,0.0,0.0,0.0,1.0
RAD9A,0.0,0.0,0.0,0.0,0.0,1.0
FOLR2,0.0,0.0,0.0,0.0,0.0,1.0
PSG5,0.03841267813265155,0.015300306903908057,0.0008226714830796979,0.16906164091855508,0.08638082039158657,1.0
CDK8,0.04341806369429259,0.026484494367527346,0.01932603630061577,0.09222885514950266,0.15476463601302748,1.0
ATG12,0.0,0.0625,0.0,0.0,0.0,1.0
FGL2,0.0386563227740798,0.021416760799539903,0.030541502748961336,0.1501271671109691,0.12135129973871417,1.0
POLA1,0.1726106648625743,0.10749397686538649,0.008973275313474643,0.13831530555268487,0.08631340165790878,1.0
GLDC,0.04307355870607632,0.050814447407965604,0.02176843212820996,0.07698111592519251,0.11099567402947014,1.0
MLH3,0.0,0.0,0.0,0.0,0.0,1.0
POP5,0.0,0.0,0.0,0.0,0.0,1.0
EEA1,0.0,0.0,0.0,0.0,0.0,1.0
ENPEP,0.03588724518808909,0.005972109397393381,0.005062196934388861,0.08011957744191416,0.11354039338886618,1.0
CP,0.0,0.0,0.0625,0.0,0.0,1.0
ZBTB11,0.0,0.0,0.0,0.0,0.0,1.0
TCFL5,0.0,0.0,0.0,0.0,0.0,1.0
DCX,0.0,0.0,0.0,0.0,0.0,1.0
PTPN7,0.03817475794777306,0.030978979288540893,0.010611688240807795,0.2185450724121112,0.14486964464405436,1.0
ORC2,0.0,0.0,0.0,0.0,0.0,1.0
P3H3,0.034462670551448735,0.01609067268017063,0.004981349823969233,0.08972042845077245,0.09198152929633675,1.0
SERPINB5,0.049999838439018354,0.020092941071693193,0.035283262908815435,0.08749640817594026,0.21285975720161399,1.0
B3GNT3,0.0,0.0,0.0,0.0,0.0,1.0
MAD1L1,0.0,0.0,0.0,0.0,0.0,1.0
TYMP,0.036409257644663295,0.017493802291993227,0.001087263090737222,0.0754109279636743,0.12071950160129868,1.0
NAIP,0.0625,0.0,0.0,0.0,0.0,1.0
NME3,0.09991753551900823,0.021603279794064012,0.006575295028974875,0.19754582577866348,0.14237008823232083,1.0
CA3,0.027770928682454857,0.026886330603323006,0.006996004448724758,0.29117112626136643,0.1863816061451559,1.0
JADE3,0.0,0.0,0.0,0.0,0.0,1.0
GCHFR,0.0,0.0,0.0,0.0,0.0,1.0
MRPL58,0.0,0.0,0.0,0.0,0.0,1.0
PCSK2,0.0,0.0,0.0,0.0,0.0,1.0
MTERF1,0.0,0.0,0.0,0.0,0.0,1.0
TLE4,0.0,0.0,0.0,0.0,0.0,1.0
BAIAP3,0.0,0.0,0.0,0.0,0.0,1.0
GMDS,0.0,0.0,0.0,0.0,0.0,1.0
ZNF646,0.030924627766501747,0.00813071394167414,0.002482109379340903,0.21564341136288825,0.0768090835016216,1.0
TAOK2,0.09298986374342984,0.01920724585618467,0.026801309306876187,0.1103943097901019,0.16709695727947804,1.0
PDPN,0.031016767288195326,0.017425277054428874,0.01718360473140655,0.15184833213755394,0.17381614871655604,1.0
MGMT,0.0,0.0,0.0,0.0,0.0,1.0
ARHGAP25,0.032069362514712214,0.017308150557248582,0.005268618382795184,0.2626743754940638,0.14762964199809558,1.0
HUS1,0.04119495990538426,0.029283553833453484,0.023804625904151486,0.172856865943546,0.11254027236774355,1.0
MSLN,0.0,0.0,0.0,0.0,0.0,1.0
PLK4,0.05951055758682648,0.028263102204508166,0.05378425689341097,0.1406777509270701,0.09798457330910443,1.0
NEURL1,0.0,0.0,0.0,0.0,0.0,1.0
LCK,0.04222067133198565,0.0396450805767075,0.010573470383310218,0.10048094619304626,0.14213838758738745,1.0
ZFYVE9,0.0,0.0,0.0,0.0,0.0,1.0
AOC3,0.031350922992714164,0.024891479505227593,0.018272389281477997,0.2935237478993128,0.12225661570202495,1.0
PTGER4,0.04390178661263569,0.025468019425742047,0.02081944415130583,0.0916180235258221,0.10210779726274241,1.0
SAP30,0.033955305114034294,0.025151755638650092,0.022455731412429507,0.21144192124487748,0.10658648133905961,1.0
BTRC,0.0,0.0,0.0,0.0,0.0,1.0
GJA4,0.03803130353100112,0.02278585416484681,0.005977409279782976,0.10157287919082784,0.15626563444165026,1.0
EEF1E1,0.0,0.0,0.0,0.0,0.0,1.0
BCL3,0.034022135953442875,0.010945161934411484,0.012379707036036339,0.437954810457077,0.13099108745709556,1.0
DDX6,0.05963471428260174,0.15640979674915292,0.10313061870516238,0.07152473803031052,0.08635721491448067,1.0
TRIM3,0.0,0.0,0.0,0.0,0.0,1.0
IL10RA,0.0373205486914807,0.016259353714924357,0.010751598251294996,0.09791925192303477,0.13788039764045285,1.0
SOX11,0.0,0.0,0.0,0.0,0.0,1.0
RAMP1,0.0,0.0,0.0,0.0,0.0,1.0
MLLT3,0.0,0.0,0.0,0.0,0.0,1.0
PRR4,0.0,0.0,0.0,0.0,0.0,1.0
CPS1,0.03204733849069598,0.010815471287210884,0.004135013016839752,0.24534363893624864,0.12078459507054339,1.0
DRC4,0.0,0.0,0.0,0.0,0.0,1.0
TOP6BL,0.0,0.0,0.0,0.0,0.0,1.0
SASH3,0.06433889206029689,0.0213395983976021,0.0118134052686289,0.16524382851462333,0.1673204163245702,1.0
TLR2,0.10271195532752535,0.03529022230267928,0.019023161167313025,0.23658748196369597,0.12147689409473958,1.0
RASSF7,0.0625,0.0,0.0,0.0,0.0,1.0
SLC10A3,0.0,0.0,0.0,0.0,0.0,1.0
VAMP5,0.03370035597730919,0.04798306264990037,0.014546321688203852,0.1725672477846033,0.14897634303646096,1.0
TCF21,0.0,0.0,0.0,0.0,0.0,1.0
TNFRSF11B,0.10509587509371687,0.04957404764888546,0.005582368737689128,0.02830318683476407,0.18967372861987314,1.0
HPN,0.037114247018687395,0.02077548564733792,0.004293628967065299,0.2742996244757825,0.07059225832713303,1.0
MAP4K2,0.020935397713611813,0.04283991516431732,0.016215419932731873,0.2227692683553007,0.07029203028862503,1.0
ZNF274,0.0,0.0,0.0,0.0,0.0,1.0
PLN,0.0,0.0,0.0,0.0,0.0,1.0
ALDH3B2,0.03209907896771265,0.035305095035682424,0.03871556602763709,0.09404342585789761,0.09744946149774886,1.0
PTPRG,0.0,0.0,0.0,0.0,0.0,1.0
PTPRN,0.0,0.0,0.0,0.0,0.0,1.0
FST,0.04112440952890287,0.028040515526823594,0.010593881500830122,0.23377299203281224,0.07675174343198013,1.0
ICAM3,0.03328684612812256,0.02371092929547253,0.02353792310386137,0.20632637261566225,0.09528032138979999,1.0
CARD8,0.10559303184047839,0.007547594125218343,0.007615005151057494,0.053284136545021975,0.11150002953760968,1.0
RHOH,0.04374500031510468,0.027834771379046136,0.013200720204737892,0.12791108191718528,0.10688094906111048,1.0
LYPD3,0.0,0.0,0.0,0.0,0.0,1.0
SNAP91,0.0,0.0,0.0,0.0,0.0,1.0
DYRK1B,0.03417014574071286,0.01870575719802471,0.00947413512994209,0.3300947929425029,0.1068558599342943,1.0
SRPX,0.0,0.0,0.0,0.0,0.0,1.0
MTAP,0.03736945675427601,0.01936681629877111,0.02209276917423325,0.10387227634463099,0.11854923652971491,1.0
ORC5,0.0,0.0,0.0,0.0,0.0,1.0
PLK3,0.09504814061449753,0.026755473142878943,0.009361680643492933,0.10052621629436766,0.1224945879047405,1.0
MNDA,0.037172897070380295,0.01097220405785655,0.01011610573662284,0.22434127101293289,0.11140359675892611,1.0
PTPRCAP,0.029012493708065176,0.0168400632459938,0.00653972805921548,0.12725020186593033,0.07777454851903709,1.0
SSPN,0.0,0.0,0.0,0.0,0.0,1.0
GC,0.0,0.0,0.0,0.0,0.0,1.0
ADGRB2,0.0,0.0,0.0,0.0,0.0,1.0
SHROOM2,0.0,0.0,0.0,0.0,0.0,1.0
C6orf47,0.0,0.0,0.0,0.0,0.0,1.0
MAFG,0.0,0.0,0.0,0.0,0.0,1.0
CSTA,0.0,0.0,0.0,0.0,0.0,1.0
OAS2,0.04685305085856156,0.01626453997906365,0.008433681872359626,0.17547262873720565,0.1335368952525357,1.0
GJB1,0.03701659131216524,0.033331726665934,0.01082687101831153,0.23763079718551067,0.0778237119439298,1.0
RAB3A,0.0,0.0,0.0,0.0,0.0,1.0
EMP2,0.0625,0.0,0.0,0.0,0.0,1.0
AMMECR1,0.0,0.0,0.0,0.0,0.0,1.0
DDX10,0.0,0.0,0.0,0.0,0.0,1.0
CLASRP,0.0,0.0,0.0,0.0,0.0,1.0
SH3BGR,0.0,0.0,0.0,0.0,0.0,1.0
CLOCK,0.0448780828670474,0.007778303877220801,0.002849563878276999,0.14627177920648687,0.1959484914365973,1.0
SLC67A1,0.0,0.0,0.0,0.0,0.0,1.0
GPC4,0.03761068135763687,0.03173503214202341,0.006358487405223623,0.21184274493122254,0.1168029907427463,1.0
TRAPPC6A,0.0,0.0,0.0,0.0,0.0,1.0
ITIH2,0.0,0.0,0.0,0.0,0.0,1.0
FGB,0.039878323963063754,0.018377257803693325,0.009350979878798986,0.3028974099547088,0.1098258326922624,1.0
ITGB4,0.035772763312210555,0.015132254635797114,0.00242610728229985,0.150350646117589,0.09815529572976038,1.0
PFN2,0.0,0.0,0.0,0.0,0.0,1.0
GNAZ,0.0,0.0,0.0,0.0,0.0,1.0
MX2,0.05341168080897191,0.02270832790418789,0.056840960339552105,0.11052622604611863,0.16297464534876194,1.0
CDK5R1,0.0,0.0,0.0,0.0,0.0,1.0
GPD1,0.03592206638923012,0.01002732868604827,0.007526231800143229,0.12028158136581116,0.11141456027312796,1.0
ATF5,0.0,0.0,0.0,0.0,0.0,1.0
DDX3Y,0.0,0.0,0.0,0.0,0.0,1.0
AHDC1,0.0,0.0,0.0,0.0,0.0,1.0
DOCK4,0.04016183277089703,0.0024634422676680454,0.005980652082852588,0.3161300072515934,0.1010825816694241,1.0
NKRF,0.0,0.0,0.0,0.0,0.0,1.0
NMT2,0.0,0.0,0.0,0.0,0.0,1.0
CIB2,0.0,0.0,0.0,0.0,0.0,1.0
TFF1,0.0,0.0,0.0,0.0,0.0,1.0
VWA5A,0.0,0.0,0.0,0.0,0.0,1.0
HAGH,0.027525296734992606,0.03231594881198501,0.011788011977103913,0.0478991094421031,0.11780422274618173,1.0
FGFBP1,0.0,0.0,0.0,0.0,0.0,1.0
TGFA,0.0,0.0,0.0,0.0,0.0,1.0
VIPR1,0.0,0.0,0.0,0.0,0.0,1.0
ARL4A,0.0,0.0,0.0,0.0,0.0,1.0
RAD51,0.10959250496752693,0.10699140110580226,0.030669020165903692,0.15956774368544435,0.04709917012489022,1.0
ZBTB48,0.0,0.0,0.0,0.0,0.0,1.0
STAT5B,0.0,0.0,0.0,0.0625,0.0,1.0
MAP3K8,0.03707086788926521,0.010848236807732822,0.0035209028797407154,0.22552095338982633,0.10794812301343644,1.0
FABP7,0.0,0.0,0.0,0.0,0.0,1.0
EFNB3,0.0,0.0,0.0,0.0,0.0,1.0
ITGA2,0.04301706612389594,0.028646043379734528,0.01847725589165794,0.07997138397206131,0.14825182519639823,1.0
CCNE2,0.0,0.0,0.0,0.0,0.0,1.0
CTDP1,0.0,0.0,0.0,0.0,0.0,1.0
LSM6,0.06844241398894278,0.17700082574356707,0.31210261778393383,0.1250557504117196,0.04653783947626544,1.0
IFT27,0.0,0.0,0.0,0.0,0.0,1.0
IKZF1,0.03921809198792056,0.03772643448666509,0.021259374720604313,0.13460017744200298,0.12952674963779282,1.0
ORM1,0.049485618100035295,0.04278350957828736,0.01631269714986719,0.07337166138902854,0.1433503946830762,1.0
GNE,0.0,0.0,0.0,0.0,0.0,1.0
CFTR,0.028812832674615874,0.015057885609570823,0.00820686852689526,0.16392333921256524,0.1744101505190001,1.0
GABRP,0.0,0.0,0.0,0.0,0.0,1.0
CENPE,0.04543157613627488,0.023653410755817394,0.0374528907801853,0.18183477254224145,0.09876241021498902,1.0
ASNS,0.06529346425915163,0.1285777193672287,0.018870281537076573,0.09949627933063623,0.10704702920376179,1.0
CD79A,0.05503215566273435,0.02223511485880139,0.023316090953799152,0.11698167514458815,0.15102720736281014,1.0
KIT,0.09938075143827152,0.04736265225048472,0.026838287653854934,0.040379247284838715,0.1460079296294522,1.0
AUH,0.0,0.0,0.0,0.0,0.0,1.0
PRIM1,0.0,0.0,0.0,0.0,0.0,1.0
ITGAE,0.039098506260545327,0.03276919241501347,0.012588068032797535,0.16731679770669733,0.11340918482814849,1.0
GPR162,0.0,0.0,0.0,0.0,0.0,1.0
IDUA,0.04586628266741803,0.034937839782475236,0.028228494534020872,0.04681766817852982,0.14744396961632739,1.0
PARG,0.0,0.0,0.0,0.0,0.0,1.0
EXOSC9,0.0,0.0,0.0,0.0,0.0,1.0
ARID4A,0.04351419202326133,0.04285667023680896,0.05220616938328035,0.11783402385896281,0.13283571087240423,1.0
SPRR1B,0.0,0.0,0.0,0.0,0.0,1.0
ENPP1,0.032655855973792364,0.022596407950210794,0.006133777419961984,0.11546881200640037,0.11725238627131973,1.0
IL1B,0.0625,0.0,0.0,0.0625,0.0625,1.0
ARHGAP26,0.0,0.0,0.0,0.0,0.0,1.0
ING3,0.0,0.0,0.0,0.0,0.0,1.0
XRCC4,0.0,0.0,0.0,0.0,0.0,1.0
CYP2J2,0.0,0.0,0.0,0.0,0.0,1.0
SLC22A5,0.041077861615248325,0.027544191568009475,0.02680741973524106,0.12944968605878873,0.0902865289226095,1.0
SERPINF2,0.0,0.0,0.0,0.0,0.0,1.0
MTMR11,0.0,0.0,0.0,0.0,0.0,1.0
PIGF,0.0,0.0,0.0,0.0,0.0,1.0
CRIP1,0.0,0.0,0.0,0.0,0.0,1.0
AOX1,0.0386470037621939,0.018069822206827887,0.01424379591064517,0.07623784356979293,0.09816173795277872,1.0
BCAP29,0.0625,0.0,0.0,0.0,0.0,1.0
ORC1,0.0,0.0,0.0,0.0,0.0,1.0
NCAPH2,0.0,0.0,0.0,0.0,0.0,1.0
RWDD3,0.0,0.0,0.0,0.0,0.0,1.0
MAMLD1,0.03171276490872778,0.024343587203998082,0.007986199389658898,0.2782553873477456,0.10606922830364256,1.0
ZNF7,0.0,0.0,0.0,0.0,0.0,1.0
NAGPA,0.043568922220935065,0.024789387148577154,0.02833457294704248,0.10239452206173297,0.15734432239441695,1.0
RECQL,0.0,0.0,0.0,0.0,0.0,1.0
PLEKHA6,0.0,0.0,0.0,0.0,0.0,1.0
PEX12,0.0,0.0,0.0,0.0,0.0,1.0
POM121,0.0,0.0,0.0,0.0,0.0,1.0
SLC26A2,0.0,0.0,0.0,0.0,0.0,1.0
CCR1,0.04679732100715814,0.019493861999079348,0.0014588034935418422,0.12631042124022418,0.17365064044786255,1.0
GFPT2,0.0,0.0,0.0,0.0,0.0,1.0
CIITA,0.05008498075812358,0.012189911818163274,0.014667688226423177,0.16835843867164,0.1433820031900846,1.0
SNPH,0.0,0.0,0.0,0.0,0.0,1.0
MAN2A1,0.0,0.0,0.0,0.0,0.0,1.0
EFNA4,0.029714944687201157,0.023127984253617097,0.02478711969992708,0.19192044851084367,0.1195713983393579,1.0
APOB,0.03209455381563031,0.013177589747072048,0.00046458456126640795,0.2818493678874318,0.13693730797108022,1.0
ARHGEF4,0.0,0.0,0.0,0.0,0.0,1.0
FGF13,0.0,0.0,0.0,0.0,0.0,1.0
PLCE1,0.0363929320954171,0.018058772270915985,0.021814341928868157,0.1105307475668218,0.13227771426748736,1.0
NEFM,0.026790537960140682,0.012735340026018244,0.0018199039052562225,0.26168774870711387,0.10281588521204818,1.0
FGF1,0.02940490473378577,0.03377621451897066,0.011504727766986335,0.19979824765693835,0.10805096163839537,1.0
FPR1,0.042230740141653345,0.019544512833231484,0.006441413342270604,0.155091577147489,0.15036008319582053,1.0
SGCB,0.0,0.0,0.0,0.0,0.0,1.0
TMEFF1,0.0,0.0,0.0,0.0,0.0,1.0
PLCD1,0.04311558110373737,0.004369519117696346,6.348733388723149e-05,0.17752552505238092,0.13256276224730015,1.0
VRK2,0.03192928992561599,0.02442390909137298,0.034249958212237655,0.1595422231982885,0.10755315279046657,1.0
PTGS1,0.03017070448339412,0.010357323938534047,0.010319377864387441,0.23518540504672247,0.15449950070458202,1.0
NPM3,0.0,0.0,0.0,0.0,0.0,1.0
MOK,0.0,0.0,0.0,0.0,0.0,1.0
ACTC1,0.0,0.0,0.0,0.0,0.0,1.0
HSPE1,0.0,0.0,0.0,0.0,0.0,1.0
NUFIP1,0.0,0.0,0.0,0.0,0.0,1.0
USH1C,0.0,0.0,0.0,0.0,0.0,1.0
UST,0.0,0.0,0.0,0.0,0.0,1.0
FPGT,0.0,0.0,0.0,0.0,0.0,1.0
ANG,0.037218723440010475,0.020924240421778796,0.015470892128008996,0.20766768074579728,0.08160994288172174,1.0
ABCD1,0.0,0.0,0.0,0.0,0.0,1.0
NCAN,0.0,0.0,0.0,0.0,0.0,1.0
MYL5,0.0,0.0,0.0,0.0,0.0,1.0
APBA3,0.0,0.0,0.0,0.0,0.0,1.0
SLC6A1,0.032180042423935844,0.028758140961466856,0.012792063972709704,0.197560729421436,0.1448696214652072,1.0
CD40,0.0382990925478536,0.023325886770870746,0.01029697161489526,0.15350962536220236,0.07812775797577662,1.0
LRRN2,0.0,0.0,0.0,0.0,0.0,1.0
SPTBN2,0.0,0.0,0.0,0.0,0.0,1.0
CSF2RB,0.10537536111079783,0.017314427551049047,0.01649244795237028,0.13901476409857982,0.13108176370981467,1.0
PEX11A,0.0,0.0,0.0,0.0,0.0,1.0
ERCC8,0.0,0.0,0.0,0.0,0.0,1.0
MYL11,0.0,0.0,0.0,0.0,0.0,1.0
GCAT,0.04079288738197683,0.01725951668731585,0.006650083805170523,0.3108379942088029,0.11536811268823279,1.0
CELSR3,0.04093553364158392,0.014107200831703633,0.002264251365030268,0.2524671365104303,0.15878134204460742,1.0
CAPN5,0.0,0.0,0.0,0.0,0.0,1.0
CDC25C,0.04770433465205279,0.05026864791795907,0.023556398251893443,0.07880849813574439,0.13577275429426555,1.0
DDR2,0.028765012780477817,0.02380978375989941,0.006365628259103208,0.09564143497583169,0.11402683482975015,1.0
RBBP5,0.0,0.0,0.0,0.0,0.0,1.0
STAT2,0.039216269028254036,0.02592537102961821,0.0188252905358081,0.14194350320425142,0.11013186120967579,1.0
PTPN4,0.034058006184957273,0.036198663669576976,0.0357379655348683,0.13104008512030776,0.11321265300482143,1.0
CLTB,0.0,0.0,0.0,0.0,0.0,1.0
CD58,0.03912279199382953,0.045564150465403935,0.04960513998353096,0.09138248059009763,0.125636380710656,1.0
QPCT,0.0399296005452103,0.017428668384216226,0.01129384574214911,0.16296412028574314,0.15166130796231192,1.0
ITGB3BP,0.0625,0.0,0.0,0.0,0.0,1.0
TNNI1,0.0,0.0,0.0,0.0,0.0,1.0
ADAM8,0.04230263107177588,0.018491466628643673,0.005295521958116681,0.1198321461180013,0.10835146444722846,1.0
ZSCAN9,0.0,0.0,0.0,0.0,0.0,1.0
ZNF324,0.0,0.0,0.0,0.0,0.0,1.0
GNG4,0.023480604220796036,0.031224316385182537,0.008562635973626454,0.1570330256765782,0.06881007810773693,1.0
SPINK5,0.046436739987607306,0.027306303460079222,0.013905102456147105,0.07495587066103279,0.16923928489857154,1.0
DNALI1,0.0,0.0,0.0,0.0,0.0,1.0
SMAD5,0.0,0.0,0.0,0.0,0.0,1.0
FANCC,0.0,0.0,0.0,0.0,0.0,1.0
PLS1,0.0,0.0,0.0,0.0,0.0,1.0
RP2,0.04228982739786685,0.054529847347919345,0.01229505295692522,0.11217439271869811,0.07517926850929589,1.0
MAFF,0.038957592183111026,0.02563963591041796,0.03644373892465316,0.14386308583435956,0.09409902971217829,1.0
PSPH,0.0,0.0,0.0,0.0,0.0,1.0
AP1S1,0.0,0.0,0.0,0.0,0.0,1.0
ATP7A,0.0,0.0,0.0,0.0,0.0,1.0
CA9,0.0355619400731167,0.007569551111684244,0.007210467662496814,0.2940134387877776,0.10838780501276297,1.0
CLEC3B,0.0,0.0,0.0,0.0,0.0,1.0
GLI3,0.0625,0.0,0.0,0.0,0.0,1.0
PCMT1,0.0,0.0,0.0,0.0,0.0,1.0
PLD1,0.03876681816535217,0.0365619396009158,0.008032626523853982,0.08149611862197695,0.16211544875088935,1.0
NMB,0.04386018545269525,0.010251712469766784,0.009986372511121333,0.09443937475441075,0.12771037335462349,1.0
RELB,0.03777485981558836,0.013684673856591598,0.027274806577187866,0.21395346856851882,0.1734787326580088,1.0
ANOS1,0.0,0.0,0.0,0.0,0.0,1.0
IL6,0.021536110276547043,0.030824407394400576,0.002342423240660547,0.19185162182630267,0.11692002939011381,1.0
ALDH1L1,0.0,0.0,0.0,0.0,0.0,1.0
RIN1,0.0,0.0,0.0,0.0,0.0,1.0
ACAP1,0.03304546925846063,0.017579809665722104,0.010177589829941238,0.15419295617737677,0.13365038405846794,1.0
RNF2,0.0,0.0,0.0,0.0,0.0,1.0
APOH,0.0401147753705566,0.021652924526776578,0.012561072806331636,0.16482773363675804,0.1357177954710632,1.0
TIMM8A,0.0,0.0,0.0,0.0,0.0,1.0
POLR3F,0.0,0.0,0.0,0.0,0.0,1.0
HGD,0.0,0.0,0.0,0.0,0.0,1.0
EHHADH,0.04451955038918487,0.024784003390523043,0.011127554417975192,0.15185083841642982,0.1522125700975713,1.0
DEPDC5,0.033315225546764686,0.005320408481469554,0.005151647661584021,0.21517044338697203,0.12514454575945827,1.0
SURF2,0.0,0.0,0.0,0.0,0.0,1.0
ESR1,0.05698960182082241,0.033214320823725794,0.004120520651121331,0.09425160343728639,0.13313508386653844,1.0
PDGFRL,0.04049209038958702,0.028361613746080778,0.0040632694238669775,0.22343761389145556,0.12774335130476097,1.0
IL1RAP,0.03226855899629581,0.01826036358522927,0.011717955888089724,0.1180346653887083,0.11275893799788586,1.0
RBMS2,0.0,0.0,0.0,0.0,0.0,1.0
COCH,0.0,0.0,0.0,0.0,0.0,1.0
RPH3A,0.0,0.0,0.0,0.0,0.0,1.0
EPM2A,0.0,0.0,0.0,0.0,0.0,1.0
PAFAH2,0.0,0.0,0.0,0.0,0.0,1.0
SLC16A4,0.034597803318000775,0.0213141925302133,0.004064760786701913,0.22601193157450172,0.13311139401803967,1.0
KIF20B,0.0,0.0,0.0,0.0,0.0,1.0
SOD3,0.0,0.0,0.0,0.0,0.0,1.0
FCN1,0.0465441452561641,0.014407928202695933,0.0075419576216048684,0.05741223121423885,0.10566985413122959,1.0
TRMT2B,0.0,0.0,0.0,0.0,0.0,1.0
AREG,0.04248426463051597,0.027268321145795017,0.010775646914504262,0.23656978873477558,0.11783852082826538,1.0
SCO2,0.0,0.0,0.0,0.0,0.0,1.0
CXCL13,0.05174042246863511,0.025241607360150128,0.030197648722943463,0.12827204319263785,0.12773498640598396,1.0
SLC13A3,0.0,0.0,0.0,0.0,0.0,1.0
PARD6A,0.0,0.0,0.0,0.0,0.0,1.0
PEX13,0.0,0.0,0.0,0.0,0.0,1.0
NOTCH4,0.0,0.0,0.0,0.0,0.0,1.0
DOP1B,0.0,0.0,0.0,0.0,0.0,1.0
EGR2,0.052475987850777915,0.033314777813950085,0.010522133006750287,0.14610536964296572,0.1523619278495426,1.0
CEP290,0.0,0.0,0.0,0.0,0.0,1.0
PER2,0.0,0.0,0.0,0.0,0.0,1.0
ZNF174,0.0,0.0,0.0,0.0,0.0,1.0
TCF7,0.039924311956201566,0.04074801019746477,0.01946313971786011,0.028177439764943274,0.14422483086687504,1.0
ZBTB39,0.0,0.0,0.0,0.0,0.0,1.0
AMPH,0.0,0.0,0.0,0.0,0.0,1.0
INHBB,0.0,0.0,0.0,0.0,0.0,1.0
NR3C2,0.040833476388048746,0.022347837480876917,0.020910783295807783,0.11746245667154707,0.1318376359142339,1.0
ACYP1,0.0,0.0,0.0,0.0,0.0,1.0
PGC,0.0,0.0,0.0,0.0,0.0,1.0
KCNH2,0.03271702331876318,0.018849481019280172,0.01063738283135527,0.26774311407143636,0.10156439535360322,1.0
BCL10,0.09114990776087738,0.036703275250674315,0.013135441210567901,0.21478550415884876,0.13735291774961378,1.0
SPEG,0.0409702251075812,0.02892663287644772,0.020393649192730574,0.1985903003243829,0.07991599252680928,1.0
LIF,0.04597094160393346,0.014076262079059407,0.0025328441625789896,0.1310305270884616,0.07875781854188721,1.0
POU2AF1,0.038409272382491186,0.030762379792998878,0.004423594819583466,0.16007088970376865,0.08063048750288429,1.0
ADD2,0.0,0.0,0.0,0.0,0.0,1.0
LCP2,0.03693419762044536,0.008269851475686629,0.022166125746115845,0.23955589290487717,0.07983931127562433,1.0
CDK20,0.04894818877243363,0.008474457339557337,0.027796310872546283,0.07900606755197194,0.20256387808786022,1.0
PITRM1,0.0,0.0,0.0,0.0,0.0,1.0
PRDM2,0.04383848284856141,0.02124663842861702,0.002915304967727882,0.13483365956594984,0.13400460546928147,1.0
GAD1,0.02676668493733139,0.018691918417548394,0.03008416795208063,0.13272820547759134,0.09565505086024262,1.0
GLRB,0.02759945303909488,0.03160432363166495,0.012237934262895399,0.10463852627246133,0.1040458652229734,1.0
PIGA,0.0400282627912031,0.003697774058687153,0.0027309853362235143,0.2675343383773976,0.09118879387749418,1.0
FKTN,0.0,0.0,0.0,0.0,0.0,1.0
URB2,0.06075586092995412,0.05382301166086386,0.005438283598172215,0.18409783746661534,0.06453329442444536,1.0
TFAP2C,0.04467718794597051,0.021981079822428543,0.005544607126917359,0.0741346912547413,0.10888637790635788,1.0
BMP2,0.03570031741164616,0.009108118918934673,0.005187849173215693,0.21768599770697875,0.12265130215025472,1.0
IL2RB,0.03170119605341905,0.012140870820326792,0.0013204026557344876,0.20254783198169773,0.08522938221095211,1.0
HNRNPA2B1,0.0,0.0,0.0,0.0,0.0,1.0
BAIAP2,0.0,0.0,0.0,0.0,0.0,1.0
CKMT2,0.048537933287723704,0.03797699502621839,0.009424763937083323,0.14675735234446866,0.13550381724340674,1.0
RBL1,0.0,0.0,0.0,0.0,0.0,1.0
CD79B,0.02281921950906862,0.021147523653312177,0.006374107455282411,0.20495737258765187,0.15010278284427397,1.0
BTN2A2,0.0399285782775721,0.02018968711583142,0.0049667126630669614,0.14353015397442126,0.19831258507589206,1.0
SNRNP35,0.0,0.0,0.0,0.0,0.0,1.0
IGFBP1,0.0,0.0,0.0,0.0,0.0,1.0
KCNJ8,0.08833520920611834,0.023240057681462176,0.02372798837845244,0.18239743407319325,0.09022311111748896,1.0
FGL1,0.0,0.0,0.0,0.0,0.0,1.0
ZC2HC1A,0.0,0.0,0.0,0.0,0.0,1.0
SMPDL3B,0.0,0.0,0.0,0.0,0.0,1.0
FBXO46,0.0,0.0,0.0,0.0,0.0,1.0
SPI1,0.05617760107613463,0.02885227509019936,0.008441691322578595,0.1440717984322072,0.0867981860140441,1.0
SNTB2,0.0,0.0,0.0,0.0,0.0,1.0
SLC15A2,0.0,0.0,0.0,0.0,0.0,1.0
KIF5A,0.051006556906280434,0.011252539828331616,0.023674776947220207,0.12170998312123137,0.13781147952358236,1.0
PSCA,0.0,0.0,0.0,0.0,0.0,1.0
APC2,0.0,0.0,0.0,0.0,0.0,1.0
EIF2S3,0.0,0.0,0.0,0.0,0.0,1.0
MTF1,0.0,0.0,0.0,0.0,0.0,1.0
FTSJ1,0.0,0.0,0.0,0.0,0.0,1.0
PHYHIP,0.0,0.0,0.0,0.0,0.0,1.0
RAMP3,0.04918348804900439,0.0258093098247323,0.00822012039191115,0.15917529317028192,0.17881389444790358,1.0
ACVR2A,0.035036178146849006,0.012563028548100104,0.01920709651378603,0.1521068684655913,0.1459438941739839,1.0
CLDN10,0.0,0.0,0.0,0.0,0.0,1.0
MN1,0.0,0.0,0.0,0.0,0.0,1.0
REEP2,0.0,0.0,0.0,0.0,0.0,1.0
PVALB,0.0,0.0,0.0,0.0,0.0,1.0
DCT,0.0,0.0,0.0,0.0,0.0,1.0
STIL,0.0,0.0,0.0,0.0,0.0,1.0
ZBTB24,0.035296317195602445,0.023571782405048054,0.005937018323360005,0.11600069497621915,0.15185919833867087,1.0
BARD1,0.0,0.0,0.0,0.0,0.0,1.0
ST3GAL2,0.0,0.0,0.0,0.0,0.0,1.0
TMSB15A,0.0,0.0,0.0,0.0,0.0,1.0
DYNC1I1,0.0,0.0,0.0,0.0,0.0,1.0
GNA15,0.03175364705122088,0.0268682771418793,0.03188389453793458,0.1574819377952666,0.1088666787705547,1.0
CRABP1,0.0,0.0,0.0,0.0,0.0,1.0
GGCX,0.0,0.0,0.0,0.0,0.0,1.0
SERPINI1,0.03729489971688921,0.024555405420124327,0.005376146869565777,0.10663092231062393,0.16285318352411315,1.0
PEBP1,0.0,0.0,0.0,0.0,0.0,1.0
GAMT,0.02976589496370237,0.023561902983720587,0.025768656715677407,0.13752012436686203,0.12687980263849494,1.0
ACADSB,0.0336081068067732,0.013692348350806877,0.019598025893985155,0.1346113325646857,0.09117826850558083,1.0
USP13,0.0,0.0,0.0,0.0,0.0,1.0
AGTR1,0.05454442759729867,0.014630652433291534,0.005107032705842645,0.08312130698590287,0.14777340865037603,1.0
GRIA2,0.029770105069037364,0.026967283486701348,0.007059774551383024,0.2789054123379749,0.10138038292037924,1.0
AKAP6,0.0,0.0,0.0,0.0,0.0,1.0
PFDN4,0.03489820873585048,0.016685543686681178,0.0019007002200771956,0.18686245893933126,0.10814441144464056,1.0
BBOX1,0.02539158296983144,0.01391580809328009,0.026038027917141694,0.43794116260178817,0.07011656027182392,1.0
ACOX2,0.0,0.0,0.0,0.0,0.0,1.0
HOXB6,0.0,0.0,0.0,0.0,0.0,1.0
SH2B2,0.0,0.0,0.0,0.0,0.0,1.0
FAM131B,0.0,0.0,0.0,0.0,0.0,1.0
DBT,0.0,0.0,0.0,0.0,0.0,1.0
PLAG1,0.0,0.0,0.0,0.0,0.0,1.0
CTNNA2,0.0,0.0,0.0,0.0,0.0,1.0
SLN,0.0,0.0,0.0,0.0,0.0,1.0
MDFI,0.0,0.0,0.0,0.0,0.0,1.0
INPP4B,0.0,0.0,0.0,0.0,0.0,1.0
ACHE,0.038031530894439614,0.035428347462319536,0.008955403432769049,0.17644266365811717,0.14760420814480907,1.0
CBR3,0.03481421412995874,0.037546218939312495,0.03461466845721265,0.14109813345104405,0.09561783908959837,1.0
PDZK1,0.0,0.0,0.0,0.0,0.0,1.0
LRRC17,0.0,0.0,0.0,0.0,0.0,1.0
CFD,0.03809221403086448,0.006192473049404264,0.0059574220395530834,0.2766847002346356,0.10568011498158178,1.0
FXYD1,0.0,0.0,0.0,0.0,0.0,1.0
TNNC2,0.0388061958093605,0.020631245910740854,0.015988273167385433,0.1524660470438973,0.17934051289692998,1.0
ANK1,0.0,0.0,0.0,0.0,0.0,1.0
CHEK1,0.1688943383870425,0.042106261022860594,0.03860162618090493,0.13209428769407586,0.045753162395189825,1.0
MRE11,0.03307360594242528,0.03219521494613269,0.03260130101395971,0.12015164109387674,0.11266655701003721,1.0
SMAD3,0.09634367407487833,0.01685853469238062,0.009495084395102101,0.18940015576544625,0.14540284294695066,1.0
DCLK1,0.05070701875217284,0.020259645016382777,0.01713638174955568,0.07969609671707689,0.18286715442546722,1.0
AGPS,0.0,0.0,0.0,0.0,0.0,1.0
HSD11B1,0.03782771011993024,0.03581486210921198,0.035067244391990944,0.161375831479599,0.21075835160311723,1.0
SPA17,0.0,0.0,0.0,0.0,0.0,1.0
RECK,0.0,0.0,0.0,0.0,0.0,1.0
MLLT10,0.0,0.0,0.0,0.0,0.0,1.0
STK4,0.11206073488365631,0.016370597886827546,0.02056092491037953,0.08640003737305779,0.15854673401663794,1.0
ACAT1,0.02879447177290432,0.017840303124451708,0.004253051128288184,0.12799683311863175,0.1521484622988456,1.0
MPPED2,0.0340008914786492,0.013780942119790201,0.0263031293702946,0.16133741421545483,0.12034304454235811,1.0
ARHGAP44,0.0,0.0,0.0,0.0,0.0,1.0
ATXN3,0.0,0.0,0.0,0.0,0.0,1.0
DAG1,0.03597936518521566,0.02613653571487661,0.016473620644175242,0.18394943729401958,0.09443387801380079,1.0
FES,0.04403198071247516,0.057164108625196434,0.00593163044127878,0.07559719326204514,0.141000313789509,1.0
GPR183,0.0463725015832498,0.016161185781145584,0.0046217878639967114,0.19195335995542676,0.11925804069255075,1.0
SLC22A3,0.032323627010382334,0.018740806827868977,0.006508427185494155,0.09357826231558564,0.1391559396331977,1.0
AP1B1,0.0,0.0,0.0,0.0,0.0,1.0
TBKBP1,0.0,0.0,0.0,0.0,0.0,1.0
HIP1,0.0625,0.0,0.0,0.0,0.0,1.0
ZNF354A,0.0,0.0,0.0,0.0,0.0,1.0
CALB2,0.0,0.0,0.0,0.0,0.0,1.0
PALS2,0.0,0.0,0.0,0.0,0.0,1.0
BMP5,0.038605912966234765,0.017987013915502975,0.00524467809778823,0.2732652309956263,0.12538123278024565,1.0
OVGP1,0.0,0.0,0.0,0.0,0.0,1.0
BCHE,0.036572584729631166,0.010842892838479865,0.003955610154457533,0.2824106057904911,0.10816471193531106,1.0
H2AX,0.0,0.0,0.0,0.0625,0.0,1.0
ZNF211,0.0,0.0,0.0,0.0,0.0,1.0
PTPN21,0.0,0.0,0.0,0.0,0.0,1.0
GSTT2,0.0,0.0,0.0,0.0,0.0,1.0
NPY1R,0.0,0.0,0.0,0.0,0.0,1.0
OCEL1,0.0,0.0,0.0,0.0,0.0,1.0
MFAP3L,0.0,0.0,0.0,0.0,0.0,1.0
SNAPC1,0.0,0.0,0.0,0.0,0.0,1.0
ATP2A1,0.02946261956806011,0.004068487834222788,0.005393571051649865,0.28154994444187426,0.14497196301793316,1.0
PRL,0.03565926423473116,0.027095762809676883,0.005685644696541675,0.0936423648106758,0.09133619022450715,1.0
MAP3K12,0.054507583144310416,0.02649505214150358,0.04973507304358812,0.14355783114554155,0.16881141160621962,1.0
SAC3D1,0.0,0.0,0.0,0.0,0.0,1.0
PHKA1,0.0,0.0,0.0,0.0,0.0,1.0
FOXO4,0.0,0.0,0.0,0.0,0.0,1.0
PIGB,0.0,0.0,0.0,0.0,0.0,1.0
HOXB2,0.0,0.0,0.0,0.0,0.0,1.0
HPCA,0.0,0.0,0.0,0.0,0.0,1.0
MST1R,0.04079474441758378,0.037768410462045085,0.00809386074569202,0.07529345819572289,0.13405744832434624,1.0
CD3E,0.03784532373035996,0.01873663250806113,0.01750012237515145,0.15238222438527804,0.1401961524395557,1.0
MC1R,0.0,0.0,0.0,0.0,0.0,1.0
PDGFA,0.0,0.0,0.0,0.0,0.0,1.0
SCNN1B,0.0,0.0,0.0,0.0,0.0,1.0
HS3ST1,0.0,0.0,0.0,0.0,0.0,1.0
CASP10,0.13747203787740073,0.03950112893479357,0.013044507698540885,0.20399388499903942,0.15092857963808384,1.0
IRF5,0.04361003387379355,0.021047954544127546,0.002670123954227948,0.22762724280370836,0.14482209973604818,1.0
KLK11,0.0,0.0,0.0,0.0,0.0,1.0
DACH1,0.03595128248405146,0.005136770604741416,0.004820776687190486,0.18590611531775086,0.10029778508247705,1.0
ATP6V1B1,0.0,0.0,0.0,0.0,0.0,1.0
CRLF3,0.0,0.0,0.0,0.0,0.0,1.0
SCRG1,0.0,0.0,0.0,0.0,0.0,1.0
CCL20,0.027119142969336277,0.012540290534335304,0.0047001628862149225,0.2148381037323606,0.11558393617118048,1.0
AMBP,0.0,0.0,0.0,0.0,0.0,1.0
PPP1R1A,0.0,0.0,0.0,0.0,0.0,1.0
UGP2,0.0,0.0,0.0,0.0,0.0,1.0
ADORA1,0.0414060516385732,0.04003157525795846,0.024973330054287455,0.2062217522282726,0.10375548662956607,1.0
ISG15,0.01866311575206761,0.005517195402221706,0.008879659210032951,0.32033569381546606,0.0917060014587004,1.0
SIT1,0.04009923940307934,0.023664484529426415,0.017135667499835132,0.09441650498143608,0.13324280094094598,1.0
RYR1,0.030453995292462285,0.020785127811501963,0.013164868054547852,0.34581023113345827,0.09436420121342831,1.0
TESK2,0.04109950552637741,0.033010894439266546,0.006839793229001225,0.0626374253405909,0.11357505463350835,1.0
VGLL1,0.0,0.0,0.0,0.0,0.0,1.0
GZMA,0.10863441445987894,0.016864381592793853,0.009104656858684999,0.16608110049627792,0.10757400634618182,1.0
CRYM,0.0,0.0,0.0,0.0,0.0,1.0
GJB3,0.03331748733321627,0.0260906039269697,0.00879719578510281,0.2682732736925176,0.13381304394222007,1.0
DPYSL4,0.0,0.0,0.0,0.0,0.0,1.0
GNLY,0.03611510908573734,0.018410226569239525,0.006145928488507582,0.20187532262854704,0.11161041886929163,1.0
KIAA0408,0.0,0.0,0.0,0.0,0.0,1.0
ZNF175,0.0,0.0,0.0,0.0,0.0,1.0
GHR,0.0,0.0,0.0,0.0,0.0,1.0
SRPX2,0.0,0.0,0.0,0.0,0.0,1.0
C5,0.0429972328577208,0.010288147418479152,0.01284476869806307,0.24128969767645886,0.11481385050424697,1.0
PDE10A,0.03778333329033715,0.031615358000521676,0.003933183420481716,0.101794917180099,0.18162787048121382,1.0
CYP17A1,0.05278371089310151,0.011222375187431967,0.0020478052942573093,0.21228734327852505,0.09907297419836826,1.0
PTPN14,0.04848424943801742,0.010186206464147222,0.019702612444302242,0.1366182141739422,0.1795927016433393,1.0
BTK,0.0625,0.0,0.0,0.0,0.0,1.0
GCNT1,0.0,0.0,0.0,0.0,0.0,1.0
VIL1,0.0625,0.0,0.0,0.0,0.0,1.0
ARHGEF15,0.0,0.0,0.0,0.0,0.0,1.0
SCN1B,0.03520026416884408,0.02474049318921763,0.006745833355364234,0.19437927396350263,0.09073641039414858,1.0
CPB1,0.0,0.0,0.0,0.0,0.0,1.0
AIFM1,0.08591786901223951,0.020178690233349214,0.009923028417007226,0.33915326830995746,0.07248673610588612,1.0
TCN1,0.03691733320233534,0.024422730026972265,0.02475195535805197,0.09646726510964163,0.1790794200263251,1.0
ZNF415,0.0,0.0,0.0,0.0,0.0,1.0
GATA4,0.03976531300516209,0.010313286710440146,0.005426338547910641,0.1925929007506911,0.18049415708340105,1.0
CMAHP,0.0,0.0,0.0,0.0,0.0,1.0
WDR76,0.0,0.0,0.0,0.0,0.0,1.0
STRN,0.0,0.0,0.0,0.0,0.0,1.0
EXOG,0.0,0.0,0.0,0.0,0.0,1.0
HAPLN1,0.039735688549473215,0.026832745079006237,0.02779318797272845,0.2974893273799745,0.09880839504421796,1.0
KATNA1,0.0,0.0,0.0,0.0,0.0,1.0
GEMIN4,0.0,0.0,0.0,0.0,0.0,1.0
RUNX1T1,0.036932857988511675,0.02584622731546712,0.006506913071729882,0.12784636025181767,0.16593395588124174,1.0
GLS2,0.0,0.0,0.0,0.0,0.0,1.0
VAV2,0.0,0.0,0.0,0.0,0.0,1.0
CORO2A,0.0,0.0,0.0,0.0,0.0,1.0
AVIL,0.0,0.0,0.0,0.0,0.0,1.0
RRAGB,0.0,0.0625,0.0,0.0,0.0,1.0
GSPT2,0.04896562986820857,0.010390825735434078,0.016874827488051046,0.2017652934248421,0.1871375815987784,1.0
STEAP1,0.0,0.0,0.0,0.0,0.0,1.0
HSPA4L,0.0,0.0,0.0,0.0,0.0,1.0
CR2,0.041861710402919555,0.017951785339094275,0.011155889530390536,0.13982968829440248,0.12776885051998854,1.0
DNAJC8,0.0,0.0,0.0,0.0,0.0,1.0
TYK2,0.04489173230012562,0.011431167858116946,0.00780910214308286,0.18135435237998854,0.10825167587984466,1.0
TAGLN,0.0,0.0,0.0,0.0,0.0,1.0
PCP4,0.0,0.0,0.0,0.0,0.0,1.0
BABAM2,0.0625,0.0,0.0,0.0,0.0,1.0
SV2B,0.0,0.0,0.0,0.0,0.0,1.0
CSRP3,0.0,0.0,0.0,0.0,0.0,1.0
DNASE1L3,0.10673650518832632,0.007035159038599927,0.012465990795741783,0.12812039088251873,0.13158130951400648,1.0
MSX2,0.0,0.0,0.0,0.0,0.0,1.0
BPI,0.04207340417054471,0.018568760945493944,0.005814984587702949,0.21693211856488448,0.11240902941545443,1.0
TRAF6,0.031374723006645705,0.07692605151869433,0.01253725617240815,0.137746948540602,0.13005134637632956,1.0
PCSK5,0.0,0.0,0.0,0.0,0.0,1.0
KCTD17,0.0,0.0,0.0,0.0,0.0,1.0
RPP38,0.0,0.0,0.0,0.0,0.0,1.0
KISS1,0.0,0.0,0.0,0.0,0.0,1.0
PAGE4,0.0,0.0,0.0,0.0,0.0,1.0
FXN,0.028961572616038468,0.022430245634551156,0.023028888552913844,0.20872466618430363,0.09808796091703803,1.0
CHST1,0.04441808506468263,0.01529811906380179,0.017320889142823384,0.12720420441038433,0.15303251440038013,1.0
AQP9,0.028422478828612176,0.02804730833389052,0.014022827181304674,0.1691105538853841,0.08559343968262303,1.0
LAMP3,0.03481255040951283,0.01954917077605957,0.006753426026327523,0.21728149014217077,0.09915271610158907,1.0
LIPT1,0.0329979697117249,0.042061796375121356,0.02510563286898795,0.2004120257879741,0.09996133704134313,1.0
ANGPT2,0.0,0.0,0.0,0.0,0.0,1.0
SNX7,0.0,0.0,0.0,0.0,0.0,1.0
C1QL1,0.0,0.0,0.0,0.0,0.0,1.0
SERPIND1,0.0,0.0,0.0,0.0,0.0,1.0
PYGM,0.04486513522252901,0.04871664905489741,0.03432272091894865,0.1790788663187905,0.13771358058365896,1.0
ROR2,0.048850620049442746,0.015750866544159112,0.014976910963569113,0.14899934365767326,0.17381000073111677,1.0
HRH1,0.0,0.0,0.0,0.0,0.0,1.0
NOS3,0.0,0.0,0.0,0.0,0.0,1.0
GGT5,0.0,0.0,0.0,0.0,0.0,1.0
ALG13,0.03932247890357657,0.01542014214181735,0.011049004912454533,0.1818926896743493,0.07786922173230981,1.0
ETV6,0.0,0.0,0.0,0.0,0.0,1.0
VGF,0.03546139698726482,0.02083342789814738,0.004626540081833327,0.1412921323705693,0.11531441536455289,1.0
MYL3,0.0,0.0,0.0,0.0,0.0,1.0
RASGRP1,0.03875393405493367,0.013831644225905023,0.008238825562546239,0.11504744434964245,0.10859559094202931,1.0
SLC4A1,0.026610174579088576,0.056471814307923904,0.011415625375720679,0.15622851088674786,0.14015413059999218,1.0
PDE9A,0.04005768642756385,0.02755872538246662,0.03092374416819921,0.1620813322997518,0.10435724835589978,1.0
ZNF652,0.0,0.0,0.0,0.0,0.0,1.0
DSG3,0.0625,0.0,0.0,0.0,0.0,1.0
SMURF2,0.0,0.0,0.0,0.0,0.0,1.0
SLC44A4,0.0,0.0,0.0,0.0,0.0,1.0
TRAIP,0.08760166118651971,0.03095303687298773,0.01664464762262759,0.293191340953592,0.08404331384958365,1.0
TRAF1,0.10410862275267069,0.04028278288320095,0.01312726178983843,0.08696243215514138,0.16273878769933148,1.0
HOXB5,0.0,0.0,0.0,0.0,0.0,1.0
PSG7,0.0,0.0,0.0,0.0,0.0,1.0
DIAPH2,0.0,0.0,0.0,0.0,0.0,1.0
HOXD9,0.0,0.0,0.0,0.0,0.0,1.0
SCYL3,0.0,0.0,0.0,0.0,0.0,1.0
ANGPT1,0.0,0.0,0.0,0.0,0.0,1.0
MYOM1,0.0,0.0,0.0,0.0,0.0,1.0
TNFSF12,0.10597109945576766,0.02639523924760699,0.012195760020778372,0.0908843081528207,0.11405706047422479,1.0
MMRN1,0.032113190837371415,0.01661339841121455,0.006628356117571254,0.17658948270918698,0.10012869593977983,1.0
SYT17,0.0,0.0,0.0,0.0,0.0,1.0
CPA1,0.0,0.0,0.0,0.0,0.0,1.0
PRRG2,0.0,0.0,0.0,0.0,0.0,1.0
PRRG1,0.0,0.0,0.0,0.0,0.0,1.0
MEOX1,0.03257171939773027,0.03302804570143851,0.01387558687154355,0.09740823749443625,0.07545681537006385,1.0
F10,0.05048808860921344,0.029718938335392537,0.01853609861491018,0.1626421258914849,0.14179418290668333,1.0
ALKBH1,0.0,0.0,0.0,0.0,0.0,1.0
SMPD2,0.0,0.0,0.0,0.0,0.0,1.0
ALDH3A1,0.036724407476040756,0.014587519702915747,0.004860051058432579,0.20856078588521257,0.14949085532442674,1.0
CPA3,0.0,0.0,0.0,0.0,0.0,1.0
CALB1,0.026979890400459526,0.017688975784640716,0.004507374195899751,0.11690761987233939,0.13408721927250944,1.0
CDA,0.03779383226191454,0.014916357738336597,0.007090556254926492,0.32907168175846735,0.08937276741829679,1.0
CRH,0.03818421633904061,0.012774688423774376,0.0041433246951807405,0.18007243147350163,0.0814233549178017,1.0
PIP5K1B,0.036710846102455987,0.012054104541500243,0.01424080865090197,0.04300288122503861,0.12952607375445613,1.0
ALAS1,0.03080590182053932,0.024979121956594658,0.007744612016917349,0.2415855977792067,0.12360751581887187,1.0
ZDHHC24,0.0,0.0,0.0,0.0,0.0,1.0
SH3GL3,0.0,0.0,0.0,0.0,0.0,1.0
ADGRB3,0.0,0.0,0.0,0.0,0.0,1.0
AOAH,0.0,0.0,0.0,0.0,0.0,1.0
ALDH3B1,0.0,0.0,0.0,0.0,0.0,1.0
CNTRL,0.0,0.0,0.0,0.0,0.0,1.0
SNRPG,0.0,0.0,0.0,0.0,0.0,1.0
REPS2,0.032425722403541815,0.006480077335563144,0.006602769262437336,0.22228626372426374,0.1624060274621279,1.0
PAX6,0.0,0.0,0.0,0.0,0.0,1.0
RAD52,0.0,0.0,0.0,0.0,0.0,1.0
WNT2,0.0,0.0,0.0,0.0,0.0,1.0
FGA,0.036286258173608046,0.016969819680929785,0.01604760953403269,0.1950160147551526,0.1335433052599036,1.0
RAPGEF4,0.0,0.0,0.0,0.0,0.0,1.0
TTLL1,0.0,0.0,0.0,0.0,0.0,1.0
CTSG,0.038206848286381885,0.03209069677169619,0.043540208388784675,0.13998896891190582,0.1446795765565486,1.0
C4BPA,0.027976929378771685,0.015012464954411591,0.004533772457365427,0.3514807734233171,0.1096724771307914,1.0
MDM4,0.033030797783067244,0.014062298637207132,0.007306924048405487,0.15231026199216657,0.13009609290089527,1.0
PCDH17,0.024620487789200136,0.0494699595085751,0.008167402480545774,0.18875674441182255,0.09463049266937892,1.0
HAAO,0.0,0.0,0.0,0.0,0.0,1.0
SNAPC4,0.03260985518732278,0.03506573693295475,0.02117412666848322,0.11228165112401754,0.08778696577459469,1.0
HDAC9,0.04715159684900203,0.02259594083703769,0.016857787305746316,0.15245116811200363,0.19101208326803815,1.0
PCBP3,0.0,0.0,0.0,0.0,0.0,1.0
KIN,0.0,0.0,0.0,0.0,0.0,1.0
FMO1,0.05158673011551333,0.012341601504880327,0.01134367586171054,0.10588389921382221,0.10159589469973569,1.0
WRN,0.0,0.0,0.0,0.0,0.0,1.0
LY75,0.03157812194956549,0.03132219692099797,0.015586456951769512,0.21023241724822117,0.08994441489071531,1.0
NCAM2,0.0,0.0,0.0,0.0,0.0,1.0
GAL3ST1,0.0,0.0,0.0,0.0,0.0,1.0
HLA-DOB,0.03948712451360626,0.01758392495644502,0.015802175379464465,0.044351690213826546,0.15667402185526622,1.0
XPA,0.0,0.0,0.0,0.0,0.0,1.0
ASB9,0.0,0.0,0.0,0.0,0.0,1.0
FXYD2,0.04075121583637901,0.01395644463903998,0.013771555047680914,0.2800371770040306,0.1564190267205926,1.0
MTTP,0.03747091780616729,0.014933243163985166,0.01502935037776736,0.16074252193911337,0.13025056372849403,1.0
CYP27B1,0.034249574356939434,0.004948825532672721,0.001241374525335465,0.33067497563716225,0.12485774131526585,1.0
DLEU1,0.0,0.0,0.0,0.0,0.0,1.0
AP3B2,0.0,0.0,0.0,0.0,0.0,1.0
ACAN,0.038883923261707934,0.016969673707275895,0.007733190983625706,0.058560539142408934,0.13286486127233893,1.0
MMP10,0.022421126989996987,0.015736202347835845,0.002891176361895221,0.2933739171647667,0.08217633336730393,1.0
BCL2A1,0.0988525465645844,0.01920862081215611,0.010630701522702032,0.11830967910272375,0.15712989991294055,1.0
TPSAB1,0.035713812041506,0.02436510836445663,0.015659845588070438,0.26932366160281246,0.13244124860125367,1.0
DENND4C,0.0,0.0,0.0,0.0,0.0,1.0
UBFD1,0.0,0.0,0.0,0.0,0.0,1.0
TFAP4,0.0,0.0,0.0,0.0,0.0,1.0
PCNX2,0.0,0.0,0.0,0.0,0.0,1.0
BUD31,0.15945203506640482,0.19962845439628657,0.30242060598595377,0.10267554677576719,0.0700762204468996,1.0
SYNGR3,0.0,0.0,0.0,0.0,0.0,1.0
CD38,0.0437876155840513,0.03941967649292094,0.024848840330221222,0.12422424321671686,0.18154603480116266,1.0
TNNT3,0.0,0.0,0.0,0.0,0.0,1.0
TYRP1,0.0,0.0,0.0,0.0,0.0,1.0
SDS,0.022353055110711714,0.023670543712992653,0.014778138702156614,0.23028473445089506,0.10188378327522804,1.0
GFRA1,0.0,0.0,0.0,0.0,0.0,1.0
SCGN,0.0,0.0,0.0,0.0,0.0,1.0
MAP2K6,0.08687229469445414,0.010937165487253651,0.015289239156988705,0.1866845324470325,0.06417140860094309,1.0
HSD17B6,0.024751900994160195,0.02138486407699514,0.010680965536901016,0.2561030147061421,0.06869445222862569,1.0
IPO8,0.0,0.0,0.0,0.0,0.0,1.0
ATP6V0A2,0.0,0.0,0.0,0.0,0.0,1.0
ANKRD26,0.0,0.0,0.0,0.0,0.0,1.0
IL17RA,0.03475811495189621,0.016917359073538953,0.008299049477605961,0.2740291860135164,0.14101748709806716,1.0
TRPM2,0.03336517053066431,0.01981235218069343,0.016748441771974275,0.2620671047318198,0.09541244942704533,1.0
CDS1,0.0,0.0,0.0,0.0,0.0,1.0
LRP2,0.03514880258196628,0.04106354560882064,0.02008631874510556,0.1634195931933433,0.13568709208283888,1.0
ATP5F1C,0.0,0.0,0.0,0.0,0.0,1.0
COMP,0.0625,0.0,0.0,0.0,0.0,1.0
BST1,0.02967849545406769,0.004724989505252201,0.006570092280122441,0.22978171377436,0.11361727884114467,1.0
SLC25A40,0.0,0.0,0.0,0.0,0.0,1.0
ITGB7,0.023719400063299326,0.03222476234938047,0.008765493528159078,0.20018415124038508,0.09485859862608007,1.0
PAH,0.0,0.0,0.0,0.0,0.0,1.0
POMC,0.03135648855941465,0.022629048739282953,0.01174746645696274,0.2673944133563493,0.11548963182244347,1.0
GFRA2,0.0,0.0,0.0,0.0,0.0,1.0
CNTFR,0.024022441521227962,0.016654664679035362,0.005708874832176693,0.4181330481466987,0.1290324814565768,1.0
SCGB1A1,0.0,0.0,0.0,0.0,0.0,1.0
TEP1,0.0,0.0,0.0,0.0,0.0,1.0
TENM1,0.0,0.0,0.0,0.0,0.0,1.0
OSMR,0.038383671020261544,0.020198923635060505,0.013638679296310564,0.13135491996501325,0.1442364109781934,1.0
ABLIM3,0.0,0.0,0.0,0.0,0.0,1.0
BLM,0.03414228358199466,0.009636872964789659,0.0029987556743460973,0.13652100555707325,0.1836041973580377,1.0
AFF3,0.024443939987440818,0.03405955230374481,0.014002085467379459,0.2382665285806339,0.11222865027986736,1.0
FABP3,0.0,0.0,0.0,0.0,0.0,1.0
ZNF107,0.0,0.0,0.0,0.0,0.0,1.0
RBM42,0.0,0.0,0.0,0.0,0.0,1.0
TNNI3,0.0225686675528313,0.026923235858918714,0.018642591601474738,0.42743602339574543,0.09395861255548067,1.0
STAC,0.039052977169571186,0.009913124893796626,0.00933179339224213,0.09249170110860654,0.1398845124716913,1.0
DOC2A,0.0,0.0,0.0,0.0,0.0,1.0
ADAM17,0.044026640810902906,0.02959990052801235,0.02019002762384701,0.11826569201533649,0.1530788668127952,1.0
CBLN1,0.0,0.0,0.0,0.0,0.0,1.0
CYP1A1,0.05250981671873913,0.030499540774764147,0.01235557140136704,0.33748531350398925,0.11673529104751962,1.0
BPHL,0.0,0.0,0.0,0.0,0.0,1.0
SH3GL2,0.04238928137115623,0.01031818586795892,0.010826339158961085,0.16927425090350276,0.15125982513335803,1.0
GSTM5,0.02535129890386052,0.009992328855051759,0.0032491055580588573,0.40497981562358826,0.09628844710796786,1.0
F2,0.0,0.0,0.0,0.0,0.0,1.0
ITIH3,0.0,0.0,0.0,0.0,0.0,1.0
F8,0.037929278617091756,0.009535875278998115,0.002543107482004309,0.16051511281307682,0.14718592701565525,1.0
ENTPD5,0.0,0.0,0.0,0.0,0.0,1.0
CD8A,0.03887308522464941,0.013800661836029932,0.005022272270798807,0.06291902557913175,0.1448006283218558,1.0
SULT2B1,0.04489050172234356,0.0233812018202043,0.010697884476336522,0.11677100774644932,0.10051769298760396,1.0
OGG1,0.0,0.0,0.0,0.0,0.0,1.0
DUS4L,0.0,0.0,0.0,0.0,0.0,1.0
TCAP,0.0,0.0,0.0,0.0,0.0,1.0
EREG,0.04104570614262835,0.01289792465616729,0.01634981729759587,0.035481538561066325,0.1735983421330761,1.0
SLC27A2,0.037181613563785215,0.02594526762274304,0.0057780316361057075,0.16158925333554033,0.12104810120313055,1.0
GSR,0.03509157633562983,0.015480347532173738,0.008714317565438149,0.1782375757399451,0.163448207737186,1.0
AKAP7,0.0,0.0,0.0,0.0,0.0,1.0
CPEB3,0.0,0.0,0.0,0.0,0.0,1.0
F12,0.049442050035348496,0.027432560712833797,0.007342991057217643,0.11781821134712342,0.05210551439537648,1.0
FAM50B,0.0,0.0,0.0,0.0,0.0,1.0
FMO5,0.0,0.0,0.0,0.0,0.0,1.0
DUSP9,0.0,0.0,0.0,0.0,0.0,1.0
KLK7,0.0,0.0,0.0,0.0,0.0,1.0
RAMP2,0.0,0.0,0.0,0.0,0.0,1.0
BIK,0.10458504473656224,0.018339613222358407,0.012155725119061078,0.11862557367320456,0.13709511508357192,1.0
VPS9D1,0.034511717676388276,0.023394715217810804,0.0026597906812007117,0.1786923880608555,0.08532516899383302,1.0
FGF7,0.0,0.0,0.0,0.0,0.0,1.0
KLK13,0.0,0.0,0.0,0.0,0.0,1.0
ARVCF,0.0,0.0,0.0,0.0,0.0,1.0
ITGAM,0.036198734194482315,0.018922015667905516,0.0025618173028498694,0.24276198370210184,0.11243356299088013,1.0
ZC3H11A,0.0,0.0,0.0,0.0,0.0,1.0
CD1D,0.03765908284250196,0.011376739391042232,0.006135588300203847,0.32448703153583947,0.09636510570397983,1.0
SKAP1,0.0,0.0,0.0,0.0,0.0,1.0
CCN5,0.0,0.0,0.0,0.0,0.0,1.0
NOVA1,0.0,0.0,0.0,0.0,0.0,1.0
NRXN3,0.0,0.0,0.0,0.0,0.0,1.0
TCP11L1,0.0,0.0,0.0,0.0,0.0,1.0
IL7R,0.026874713979434518,0.021237034393307295,0.004194667486114516,0.21512025280287722,0.07627954396420619,1.0
SLC3A1,0.04340258892982375,0.025969903822384788,0.00914930976662676,0.122804251417757,0.09467897120523563,1.0
RASGRP3,0.0,0.0,0.0,0.0,0.0,1.0
TRPC1,0.045412472829096946,0.02965587317615325,0.013590119172041212,0.131879839784926,0.16714791735696177,1.0
ROR1,0.02862914141657417,0.020064575989569934,0.003990691079427556,0.22605662578349245,0.07994676443839938,1.0
ROM1,0.0,0.0,0.0,0.0,0.0,1.0
TUFT1,0.0,0.0,0.0,0.0,0.0,1.0
WASL,0.03830576208596268,0.02799264480056486,0.006646722789335558,0.298032567546958,0.09665783977195269,1.0
POLG2,0.0,0.0,0.0,0.0,0.0,1.0
MAT1A,0.03708275800296389,0.011773391048593372,0.015811204240936665,0.306746716902488,0.09192658295066179,1.0
GRM3,0.0430730859305837,0.010790783426571937,0.011582077656940434,0.2261044572602827,0.14143688786213712,1.0
REG3A,0.04598355838141897,0.013535912435950646,0.012695191314733473,0.12367881227595175,0.12461921914752264,1.0
SIX1,0.0625,0.0,0.0,0.0,0.0,1.0
BRINP1,0.0,0.0,0.0,0.0,0.0,1.0
MARCO,0.02842245616174023,0.025956825235297392,0.01284272517799665,0.11894868833822468,0.11017925512513578,1.0
APOC3,0.0,0.0,0.0,0.0,0.0,1.0
KLRK1,0.0,0.0,0.0,0.0,0.0,1.0
RGS12,0.036048329553296767,0.017073596857939435,0.008883308360664675,0.25818765398949917,0.10605189042188917,1.0
PCSK1,0.03586677498514812,0.028179219113616195,0.006489784000869573,0.09763044901504381,0.08001520825326357,1.0
MYOM2,0.034760227852340876,0.0046687270310670215,0.008696219961562265,0.10313228487162887,0.15155063420603476,1.0
CCK,0.0,0.0,0.0,0.0,0.0,1.0
MMP3,0.0,0.0,0.0,0.0,0.0,1.0
HSD17B1,0.036163697656445386,0.01884956988530964,0.012792611320830448,0.16314275101854858,0.08377503565000788,1.0
CLGN,0.0,0.0,0.0,0.0,0.0,1.0
CD2,0.11029994782146983,0.013251802476728186,0.008853030357910944,0.21973044379413373,0.16833087315908984,1.0
CPA4,0.0,0.0,0.0,0.0,0.0,1.0
PART1,0.0,0.0,0.0,0.0,0.0,1.0
GYPA,0.043228416387592,0.016834435552326464,0.014734644436287619,0.11862386641676878,0.13781561874829454,1.0
TSPOAP1,0.03849149887968435,0.02684861432651946,0.00939227917956557,0.1186572714145468,0.12821298644191037,1.0
GH1,0.04910213293635352,0.019601717482791547,0.02769340649164426,0.24733393985729457,0.11851828774326453,1.0
JAK2,0.11232612678380971,0.018985210845203018,0.003629189867362495,0.13588170991969323,0.14515302691083404,1.0
VNN1,0.036270793284329035,0.025116602118516716,0.0051370558015769495,0.19598099176330924,0.14020182909129564,1.0
CACNA1H,0.04327632124948631,0.01759503098224835,0.03631145019153438,0.27448101725218654,0.1621712995265852,1.0
PTPRB,0.0,0.0,0.0,0.0,0.0,1.0
PRSS22,0.0,0.0,0.0,0.0,0.0,1.0
GAS2,0.0625,0.0,0.0,0.0,0.0,1.0
UQCRB,0.0,0.0,0.0,0.0,0.0,1.0
GABRB3,0.0,0.0,0.0,0.0,0.0,1.0
NME6,0.09458025121036837,0.0269563046632818,0.017854889140103514,0.15913640750808417,0.11006348315263473,1.0
CDK5R2,0.0,0.0,0.0,0.0,0.0,1.0
ZBTB7B,0.03350685800450304,0.022401791707952038,0.008103796987793364,0.09855323094925306,0.17167512185400646,1.0
TULP3,0.0,0.0,0.0,0.0,0.0,1.0
ZNF197,0.0,0.0,0.0,0.0,0.0,1.0
SLC14A1,0.0,0.0,0.0,0.0,0.0,1.0
SLC18A2,0.03771554645134528,0.03260001097359617,0.006047915433378773,0.07591582609744976,0.15526386118614033,1.0
NGFR,0.10178035787899846,0.05449446057000773,0.020054642884779227,0.09907087295901137,0.11175488731406008,1.0
LY86,0.029801542939699673,0.02252589581384941,0.002012846052029272,0.1755253899009912,0.10256745529502012,1.0
SPIB,0.03085566969590546,0.017023870236225112,0.003948513605695954,0.24546413060054076,0.11811986614084347,1.0
GREB1,0.0,0.0,0.0,0.0,0.0,1.0
S100A12,0.03231536139148363,0.021829267334625063,0.0202148055661681,0.10106294058030643,0.09340142824741891,1.0
SLC7A4,0.04410558751384064,0.023226060583876672,0.013349030844980575,0.17868165854622114,0.11920166830154995,1.0
ARID3A,0.0,0.0,0.0,0.0,0.0,1.0
FCN3,0.03823402672731122,0.021523479743178392,0.021593826410418016,0.13812100242026343,0.12226246221824852,1.0
PRSS1,0.0415412958453039,0.02501656972984606,0.007296392624800576,0.13570758729839313,0.1466319885678235,1.0
PIGL,0.04142799854094349,0.03838080808962043,0.021643220359252494,0.10083032182616732,0.12500544046126089,1.0
ITPKA,0.024720975565910165,0.01549372860361254,0.0038795016581246447,0.24274912856222022,0.0765757605641442,1.0
LIFR,0.06599329841546192,0.022817559921044395,0.0027732858523622362,0.057053715939922714,0.1452711269491025,1.0
PRKD1,0.10117029208510177,0.03616297300347102,0.046315405198101206,0.19250450221904467,0.09490090026123489,1.0
ZNF74,0.0,0.0,0.0,0.0,0.0,1.0
ZBTB16,0.09812808915213819,0.024566608991638803,0.013699791636357326,0.20678736698798916,0.19539491783112045,1.0
REG1B,0.0,0.0,0.0,0.0,0.0,1.0
JAKMIP2,0.0,0.0,0.0,0.0,0.0,1.0
ADORA2B,0.034094884516741315,0.01936755984513326,0.012810412595659553,0.12426399047684497,0.11183947736996516,1.0
FABP1,0.0,0.0,0.0,0.0,0.0,1.0
NLGN1,0.0,0.0,0.0,0.0,0.0,1.0
ARSL,0.0,0.0,0.0,0.0,0.0,1.0
NOLC1,0.07594724985873742,0.018223254672511874,0.0062118414229091635,0.15727697559800916,0.08670515197176568,1.0
SLC22A4,0.029201308740409104,0.016395850482496026,0.0011871487213121032,0.14801340960638373,0.09815891700165846,1.0
NFATC4,0.03345412739781807,0.023071075858580863,0.015444277494839894,0.183311282130999,0.1154400891787077,1.0
CX3CR1,0.0,0.0,0.0,0.0,0.0,1.0
CCNA1,0.03745174649982406,0.03301683985048402,0.01241481884027564,0.1673294980731192,0.12685914978894153,1.0
KRT1,0.0,0.0,0.0,0.0,0.0,1.0
PNOC,0.0358720679875607,0.010419757957637166,0.014500765646486457,0.1342777418761416,0.17093947232160703,1.0
KCNN3,0.035924383728115766,0.018472591469004693,0.006331629121947239,0.12162455510722908,0.10431270843615421,1.0
MICA,0.0,0.0,0.0,0.0,0.0,1.0
FOXJ1,0.0,0.0,0.0,0.0,0.0,1.0
OMD,0.0,0.0,0.0,0.0,0.0,1.0
POLE2,0.11553753237560932,0.07206005581198553,0.011443299086369964,0.19827833820095525,0.09574471390824868,1.0
PTH1R,0.0,0.0,0.0,0.0,0.0,1.0
PNLIP,0.04967273742211624,0.008710979577050627,0.004419347758153091,0.08912185938951213,0.11752866067866914,1.0
PLIN1,0.0,0.0,0.0,0.0,0.0,1.0
S100A7,0.0,0.0,0.0,0.0,0.0,1.0
ZNF264,0.0,0.0,0.0,0.0,0.0,1.0
SLC4A3,0.0340092000530371,0.03430597816351439,0.02043590834090048,0.056370349069946146,0.18001689394822912,1.0
SLC6A6,0.0,0.0,0.0,0.0,0.0,1.0
VNN2,0.02526875517331297,0.028159558869457882,0.0014718499581491437,0.3588452530668604,0.07757534671140219,1.0
RELN,0.0,0.0,0.0,0.0,0.0,1.0
RAB3B,0.0,0.0,0.0,0.0,0.0,1.0
CTSE,0.03429544959457064,0.02127735245250944,0.009130245061901415,0.23163722739171072,0.11962349903487372,1.0
ZNF443,0.0625,0.0,0.0,0.0,0.0,1.0
GPA33,0.029373040979981297,0.01858276290805949,0.01438476636604674,0.1860112611647721,0.0973478910516323,1.0
GTF2E1,0.0,0.0,0.0,0.0,0.0,1.0
CREB5,0.0,0.0,0.0,0.0,0.0,1.0
MSX1,0.0,0.0,0.0,0.0,0.0,1.0
SETBP1,0.0319946367961839,0.03072853629427078,0.0068433239204710485,0.1955002695629198,0.10451845622773202,1.0
PLCL1,0.030871980533083446,0.018948965062473268,0.01908826712504405,0.0873449858098709,0.11686223327938569,1.0
FOXF1,0.0,0.0,0.0,0.0,0.0,1.0
HK3,0.0395586758939372,0.01769628723235893,0.010389541888672879,0.22249052293592664,0.15124058337774898,1.0
CGREF1,0.0,0.0,0.0,0.0,0.0,1.0
PPM1E,0.0,0.0,0.0,0.0,0.0,1.0
MYH3,0.0,0.0,0.0,0.0,0.0,1.0
TDO2,0.0,0.0,0.0,0.0,0.0,1.0
CLTCL1,0.0,0.0,0.0,0.0,0.0,1.0
IL6R,0.03437529808634174,0.0285988592966345,0.01112406706920453,0.13982587305850308,0.08075306393486945,1.0
VIPR2,0.0,0.0,0.0,0.0,0.0,1.0
PTPRT,0.042753134819670434,0.020306872160119713,0.006885565123523569,0.13472074809305956,0.08259816365490874,1.0
CA1,0.03424615859151883,0.02324562975381731,0.0012108583499383636,0.27793382704907554,0.09324736504800418,1.0
MYH1,0.0,0.0,0.0,0.0,0.0,1.0
KCNK3,0.027409183468157645,0.01428035875983599,0.0025456345266698767,0.18870400392204698,0.14517630934566872,1.0
LRIG2,0.0,0.0,0.0,0.0,0.0,1.0
RXRG,0.0,0.0,0.0,0.0,0.0,1.0
PLXNB3,0.0,0.0,0.0,0.0,0.0,1.0
CSHL1,0.0,0.0,0.0,0.0,0.0,1.0
MMP13,0.04303706328260307,0.05440713354355171,0.018966568838647117,0.18547941063301068,0.15047951041996488,1.0
PDK4,0.038183333344558826,0.02607533032099453,0.01086626261876262,0.1363038984760882,0.10466694242786745,1.0
DNAJA3,0.0625,0.0,0.0,0.0,0.0,1.0
ZNF426,0.0,0.0,0.0,0.0,0.0,1.0
BATF,0.03460394501030178,0.020761501124869533,0.015025657905426565,0.21623143822591867,0.12959899646387013,1.0
TAF13,0.0,0.0,0.0,0.0,0.0,1.0
KCNS3,0.024552427690720045,0.020270494624485148,0.01230447210927052,0.17757393315197745,0.1279519243010266,1.0
AADAC,0.0,0.0,0.0,0.0,0.0,1.0
MT3,0.0,0.0,0.0,0.0,0.0,1.0
HOXD1,0.0,0.0,0.0,0.0,0.0,1.0
EPHA1,0.044431030120982956,0.0065497469769346325,0.007524707649809778,0.18945309613971395,0.14731289873646675,1.0
KL,0.0,0.0,0.0,0.0,0.0,1.0
SCGB2A1,0.0,0.0,0.0,0.0,0.0,1.0
ING2,0.0,0.0,0.0,0.0,0.0,1.0
DPEP1,0.031027967787484085,0.011136641638145173,0.006671631250082856,0.2386710330218112,0.14884214820636704,1.0
CRHBP,0.054593115082405615,0.020402715471162552,0.009064889986596172,0.1025447197507611,0.19345765701198586,1.0
CLCNKB,0.028349994725875623,0.028852316160669425,0.019638703978119215,0.2693070040623663,0.05369744569208663,1.0
AATK,0.03558738251335043,0.05347843262383157,0.01967282682637586,0.07363489242024732,0.10889331957781723,1.0
CD1C,0.027915844023977173,0.012922881164467472,0.005218373039096506,0.2738767494048386,0.10627420920497138,1.0
CD84,0.0276682356567947,0.014758645550393704,0.0020615971679832385,0.2337755535226514,0.09965494012299811,1.0
MOG,0.03455941563361901,0.01408865555731246,0.009209307307300973,0.18595631549343228,0.06999640309862473,1.0
PRRX1,0.04119516330884857,0.024888639508147663,0.00811277824515877,0.17634201472437075,0.0578085390393715,1.0
IL15,0.030321230617601204,0.016747319660356755,0.0036524394424102234,0.190752052295097,0.1251710905631085,1.0
ADAM28,0.030312284394977393,0.01478226845120507,0.011155079906867553,0.40620031314173377,0.08823882155559959,1.0
CYP3A4,0.039095734050936706,0.028895910515356688,0.00756062932055414,0.1683458109929959,0.14200019347078072,1.0
MEP1A,0.0,0.0,0.0,0.0,0.0,1.0
NPY,0.0,0.0,0.0,0.0,0.0,1.0
ADGRG2,0.0,0.0,0.0,0.0,0.0,1.0
CEP135,0.0,0.0,0.0,0.0,0.0,1.0
TGM3,0.0,0.0,0.0,0.0,0.0,1.0
CEP162,0.0,0.0,0.0,0.0,0.0,1.0
PRG4,0.0,0.0,0.0,0.0,0.0,1.0
TGM1,0.0,0.0,0.0,0.0,0.0,1.0
ITGA9,0.0,0.0,0.0,0.0,0.0,1.0
HABP2,0.0,0.0,0.0,0.0,0.0,1.0
ACTL6B,0.0,0.0,0.0,0.0,0.0,1.0
FOXJ3,0.0,0.0,0.0,0.0,0.0,1.0
CCDC22,0.0,0.0,0.0,0.0,0.0,1.0
KIAA0319,0.0,0.0,0.0,0.0,0.0,1.0
FOXG1,0.0,0.0,0.0,0.0,0.0,1.0
RBM19,0.0,0.0,0.0,0.0,0.0,1.0
SOCS6,0.0,0.0,0.0,0.0,0.0,1.0
NDP,0.0,0.0,0.0,0.0,0.0,1.0
NMU,0.0,0.0,0.0,0.0,0.0,1.0
HPD,0.04579810214946941,0.025522348855981154,0.012973436751839762,0.17790313831356191,0.11824331206180119,1.0
TNFAIP6,0.030956285117385296,0.012046133906565056,0.002416316704743909,0.19046951044425292,0.11745574089859563,1.0
S100A3,0.0,0.0,0.0,0.0,0.0,1.0
MERTK,0.03570630997879299,0.03103711562294481,0.00927479417044985,0.13349401283321355,0.11937297758925125,1.0
ANKRD1,0.0,0.0,0.0,0.0,0.0,1.0
ASPA,0.028044879302232966,0.020038461617084946,0.011615158120081601,0.20827084087955122,0.10333366529610818,1.0
USP5,0.0,0.0,0.0,0.0,0.0,1.0
DSC3,0.0,0.0,0.0,0.0,0.0,1.0
SERPINB8,0.03922929919339216,0.03656220506979316,0.010377197965555519,0.11068621393522866,0.1361858217242387,1.0
REL,0.056851034480366436,0.019281772172020234,0.0158409309328217,0.144318536522514,0.11598799559280025,1.0
KYAT1,0.04431050062556047,0.0171974436969049,0.010357767378194396,0.07244708004121948,0.11393309636631904,1.0
NR2C2,0.03248796776441608,0.03507178188584164,0.007870264039854448,0.06708910527522795,0.17066334616201206,1.0
RAB33A,0.04184518855010241,0.00498286958643201,0.004812107257259757,0.24000513360365502,0.13145497592527416,1.0
ATP2C2,0.0,0.0,0.0,0.0,0.0,1.0
BRAF,0.06878318932508544,0.10453363380787381,0.016522433623985873,0.0629303402506648,0.1106713414332918,1.0
NOL4,0.0,0.0,0.0,0.0,0.0,1.0
GNB3,0.0,0.0,0.0,0.0,0.0,1.0
SELP,0.03950666175329286,0.01597786740800833,0.0066218380077133375,0.25936842006165145,0.12295914628756144,1.0
RNH1,0.0,0.0,0.0,0.0,0.0,1.0
ELAVL4,0.0,0.0,0.0,0.0,0.0,1.0
SLBP,0.0,0.0,0.0,0.0,0.0,1.0
ZNF510,0.0,0.0,0.0,0.0,0.0,1.0
SNRPA1,0.19958392053585572,0.4375,0.7746715865692915,0.15331537939768305,0.0258187675303773,1.0
SPN,0.027865626278925235,0.029874398074186514,0.0061049096673965195,0.1704046395179815,0.08955602816746525,1.0
SLC6A12,0.035312745018539884,0.035755645099104595,0.008229301042902742,0.08577080579139061,0.1256668070504245,1.0
ZNF91,0.0,0.0,0.0,0.0,0.0,1.0
PTPN22,0.03318713067167779,0.017770291514873054,0.007978407837568084,0.16915571227049808,0.09564133501009925,1.0
DPYS,0.0,0.0,0.0,0.0,0.0,1.0
RAD51C,0.03993787796102502,0.03658046728238691,0.015954825393746645,0.2220004271214696,0.07185807671137348,1.0
WT1,0.030560531715911735,0.012551318448174992,0.03413313882567381,0.2239080562581931,0.15767519795203533,1.0
ACADL,0.0,0.0,0.0,0.0,0.0,1.0
EPHA3,0.0,0.0,0.0,0.0,0.0,1.0
UCN,0.03248485883394787,0.029538758379161107,0.004191918099170642,0.12878864379023502,0.09108250136143241,1.0
COLQ,0.0,0.0,0.0,0.0,0.0,1.0
HMGA1,0.0,0.0,0.0,0.0,0.0,1.0
LRRC23,0.0,0.0,0.0,0.0,0.0,1.0
KEL,0.040141021718631355,0.017796092362438024,0.010132089941534233,0.14519760381200536,0.10699259374435702,1.0
KALRN,0.0366294542144885,0.013853280348383044,0.019853436083911245,0.17772578230600572,0.14304020188434838,1.0
CHML,0.0,0.0,0.0,0.0,0.0,1.0
PLCH2,0.0,0.0,0.0,0.0,0.0,1.0
SLC24A1,0.0,0.0,0.0,0.0,0.0,1.0
HCP5,0.0,0.0,0.0,0.0,0.0,1.0
ADGRB1,0.0,0.0,0.0,0.0,0.0,1.0
HFE,0.0,0.0,0.0,0.0,0.0,1.0
LRRC37A3,0.0,0.0,0.0,0.0,0.0,1.0
NELL1,0.0,0.0,0.0,0.0,0.0,1.0
MATN3,0.0,0.0,0.0,0.0,0.0,1.0
ZNF35,0.0,0.0,0.0,0.0,0.0,1.0
SLC67A1-AS,0.0,0.0,0.0,0.0,0.0,1.0
ZBTB6,0.0,0.0,0.0,0.0,0.0,1.0
PRKCH,0.0,0.0,0.0,0.0,0.0,1.0
CPM,0.0,0.0,0.0,0.0,0.0,1.0
ECM2,0.0,0.0,0.0,0.0,0.0,1.0
GINS1,0.0,0.0,0.0,0.0,0.0,1.0
RAC3,0.028713141023378085,0.029317574597558613,0.0023497142189496784,0.24408335823650906,0.07297211872217267,1.0
ISL1,0.0,0.0,0.0,0.0,0.0,1.0
AFF2,0.0,0.0,0.0,0.0,0.0,1.0
RGS11,0.0,0.0,0.0,0.0,0.0,1.0
FUT1,0.0,0.0,0.0,0.0,0.0,1.0
RNASE2,0.03942948067615693,0.020631695420534703,0.01537624564889038,0.19228157943364066,0.13481352289205667,1.0
ANKRD7,0.0,0.0,0.0,0.0,0.0,1.0
EPHA4,0.03314095971476811,0.021925717045795337,0.00535659613115011,0.16405426079593668,0.08219842081266594,1.0
EGR3,0.045829445706445024,0.018119067919832175,0.015801464822728633,0.0442989750671274,0.1358422653464167,1.0
STAT4,0.029585194647839447,0.02183268203523723,0.004657332342736291,0.3182329300289259,0.0851696849711597,1.0
BHMT,0.0,0.0,0.0,0.0,0.0,1.0
CD33,0.03241250266855593,0.016050475794621946,0.006099631387171782,0.3106350626588781,0.15869166029986326,1.0
AMPD1,0.048783067919556285,0.034010604175219505,0.014501272826219068,0.06989329648354582,0.08977786596681091,1.0
SOX15,0.0,0.0,0.0,0.0,0.0,1.0
LLGL1,0.0,0.0,0.0,0.0,0.0,1.0
KLK8,0.0,0.0,0.0,0.0,0.0,1.0
CXCR5,0.038195114782156515,0.006681822912270548,0.008916936387377446,0.22305892237823682,0.0787060828233028,1.0
ADRA2C,0.052111418872492425,0.014407759457922543,0.01811390429446159,0.06971473706205163,0.16296772485458963,1.0
ARSB,0.0,0.0,0.0,0.0,0.0,1.0
ASGR2,0.02946705347005749,0.032586120415874234,0.0025506014726217508,0.22628170719083382,0.12179532557114778,1.0
CLPS,0.0,0.0,0.0,0.0,0.0,1.0
MCC,0.0,0.0,0.0,0.0,0.0,1.0
XAF1,0.0625,0.0,0.0,0.0,0.0,1.0
ADAMDEC1,0.02740194888702265,0.015216236949945276,0.009417217735308632,0.11984617941610272,0.1388327799933726,1.0
ST18,0.0,0.0,0.0,0.0,0.0,1.0
RIMS2,0.0,0.0,0.0,0.0,0.0,1.0
PI4KB,0.034696318011874235,0.02951646595657086,0.016096035828970033,0.20657761284981668,0.06986570381741404,1.0
MOCS3,0.0,0.0,0.0,0.0,0.0,1.0
ZNF135,0.0,0.0,0.0,0.0,0.0,1.0
SLC26A3,0.03811772741539315,0.02150846813096191,0.0030182065854752233,0.1423064292773377,0.09865397777762049,1.0
MAGI1,0.03756350924671748,0.029701670878314785,0.012889793387710357,0.0632738600141311,0.15110875642236582,1.0
RHAG,0.041519503174634834,0.010851404701500476,0.008247579270820447,0.15073260185135084,0.10853530434639055,1.0
SCML2,0.0,0.0,0.0,0.0,0.0,1.0
IL3RA,0.0625,0.0,0.0,0.0,0.0,1.0
CHP2,0.0,0.0,0.0,0.0,0.0,1.0
CD27,0.11535828161614405,0.011854252093087693,0.0014991677902646062,0.07380709769005404,0.1355673719395477,1.0
CELA3B,0.0,0.0,0.0,0.0,0.0,1.0
AGAP2,0.0625,0.0,0.0,0.0,0.0,1.0
CYP4F11,0.0,0.0,0.0,0.0,0.0,1.0
RLBP1,0.031689114052348526,0.03510984309438139,0.008669836156314031,0.0866346525318355,0.1374886766276553,1.0
ABCC2,0.04694711277644196,0.02253407239006844,0.032529544664306166,0.1202251609470833,0.2264599195830948,1.0
GJB5,0.04430336476852324,0.015585687118795159,0.009321177637546689,0.1499300937554619,0.1728906853667477,1.0
PTX3,0.04913450591282492,0.023252050809493295,0.005493950159345454,0.15373685242281002,0.11470149539719898,1.0
CNBP,0.0,0.0,0.0,0.0,0.0,1.0
GDF10,0.0,0.0,0.0,0.0,0.0,1.0
APOBEC2,0.0,0.0,0.0,0.0,0.0,1.0
SYT5,0.0,0.0,0.0,0.0,0.0,1.0
MAB21L1,0.0,0.0,0.0,0.0,0.0,1.0
ARHGAP6,0.0,0.0,0.0,0.0,0.0,1.0
ADRB2,0.0,0.0,0.0,0.0,0.0,1.0
ADORA3,0.03990677461427514,0.052863624391438095,0.013931006827820098,0.2874797263163479,0.0935958078448989,1.0
IL13RA2,0.04150230997890461,0.015227597274637999,0.004782408872679439,0.16620889787879886,0.13993978985546268,1.0
GABPB1,0.0,0.0,0.0,0.0,0.0,1.0
PPP6C,0.03323970620719684,0.009746735661040451,0.0,0.14115653605743658,0.056917958634163254,1.0
ZNF222,0.0,0.0,0.0,0.0,0.0,1.0
BMP6,0.0,0.0,0.0,0.0,0.0,1.0
ARG1,0.05427199846744873,0.019417837593197387,0.007068510860716382,0.17226970914184722,0.17004682907825275,1.0
TPPP,0.0,0.0,0.0,0.0,0.0,1.0
SLAMF1,0.028288907667816904,0.02582074501227261,0.022878337772029612,0.23136556363917182,0.10144763589824493,1.0
ZNF134,0.0,0.0,0.0,0.0,0.0,1.0
HERC3,0.0,0.0,0.0,0.0,0.0,1.0
CRYBB1,0.046549920326362806,0.0098569619042809,0.010704185197633477,0.12584062244659028,0.16961136322760229,1.0
MPP3,0.029017999356448932,0.02286963626418133,0.025535589025796328,0.20417787151770378,0.10473832271036868,1.0
PTGIR,0.02267697659948941,0.022625417510857795,0.012422122072998202,0.12722342972069042,0.10895534758832573,1.0
ZNF623,0.0,0.0,0.0,0.0,0.0,1.0
UNC5C,0.09445269777569051,0.017806582232070444,0.012504338105530165,0.15853042902721598,0.1266005232127566,1.0
GPR17,0.040571275278271667,0.03122720548016299,0.01081598642076393,0.038198356612195984,0.11018490906990622,1.0
ENTPD3,0.040763094536354724,0.03772165987140703,0.01705140113602031,0.18229782487800858,0.1036461889381933,1.0
CDSN,0.0,0.0,0.0,0.0,0.0,1.0
HOXC4,0.0,0.0,0.0,0.0,0.0,1.0
GH2,0.0,0.0,0.0,0.0,0.0,1.0
NME5,0.03886405208140407,0.011666162920699823,0.0042696349745359645,0.25041426945220907,0.10158142155621226,1.0
CEACAM7,0.022528616897342847,0.019077718199873684,0.012205874094653554,0.2717909290333134,0.12850310899789977,1.0
ANXA11,0.0,0.0,0.0,0.0,0.0,1.0
MEOX2,0.0,0.0,0.0,0.0,0.0,1.0
RCVRN,0.0,0.0,0.0,0.0,0.0,1.0
GRB14,0.0,0.0,0.0,0.0,0.0,1.0
CD180,0.04537704856945505,0.02477930523396027,0.0023763620400490963,0.110767788581473,0.11292241708335063,1.0
CLC,0.0367385822626179,0.02667455719787212,0.009500962727775368,0.11661843548196628,0.13503815036665776,1.0
CA4,0.015831810707640424,0.012500209546020428,0.0012067573449856444,0.4495900685579765,0.03900530483097577,1.0
CETP,0.0373837077854275,0.03360173916625162,0.010156136753354035,0.24721613659190608,0.09173653580005364,1.0
SELE,0.026704056574793772,0.03300713342817463,0.00402522125657485,0.2817873211206761,0.09565289249669073,1.0
CPA2,0.0,0.0,0.0,0.0,0.0,1.0
WNT10B,0.0,0.0,0.0,0.0,0.0,1.0
PLA2G7,0.0,0.0,0.0,0.0,0.0,1.0
OPCML,0.0,0.0,0.0,0.0,0.0,1.0
SRPK3,0.03976087329444438,0.02653344279749342,0.023450276882016726,0.14687023861049234,0.12608297599428053,1.0
EDA,0.027133586198733618,0.01197064403920871,0.00805869557074281,0.13944839282835797,0.10474143708736358,1.0
MAGEB2,0.0,0.0,0.0,0.0,0.0,1.0
VAV1,0.038004811944630325,0.030545020096146416,0.01630836931428934,0.22764114660590778,0.09137951505320943,1.0
RASA3,0.0,0.0,0.0,0.0,0.0,1.0
TNFRSF10C,0.09554568328409416,0.03891217181712716,0.014451144120659603,0.07344589323463346,0.11651266071348254,1.0
LMTK2,0.03998950673505086,0.02533626718619022,0.006376883605361766,0.12575321884104287,0.12435827835604343,1.0
CST1,0.0,0.0,0.0,0.0,0.0,1.0
ZNF507,0.0,0.0,0.0,0.0,0.0,1.0
CILP,0.05053055215308906,0.02816231609614714,0.03418885486128309,0.08006641880689515,0.11009081303748847,1.0
PAX2,0.0,0.0,0.0,0.0,0.0,1.0
LHX1,0.0,0.0,0.0,0.0,0.0,1.0
KCNN1,0.03443762634165156,0.04581745463821336,0.015777511715275087,0.08046516779150725,0.13944830373827705,1.0
B4GALT6,0.0,0.0,0.0,0.0,0.0,1.0
MMP17,0.05209094568696117,0.05042834253172456,0.020099652307521473,0.08784153083324213,0.1553085369330858,1.0
LIG4,0.03034457483033609,0.025578769372829803,0.0031870039119123454,0.2590848791989878,0.1237180110922392,1.0
GPR4,0.0,0.0,0.0,0.0,0.0,1.0
NRG1,0.0368889898455261,0.0019281172511489775,0.0019330839017490794,0.2627920768267896,0.1757830849796817,1.0
YAF2,0.0,0.0,0.0,0.0,0.0,1.0
SPINK1,0.0403589681957505,0.027881877258245577,0.00833574056499671,0.2295430473245815,0.14806484588529067,1.0
ZNF136,0.0,0.0,0.0,0.0,0.0,1.0
KPNA5,0.0,0.0,0.0,0.0,0.0,1.0
TM4SF5,0.03651699321321006,0.02498534451377815,0.007439929771779779,0.16717523444277366,0.1386394948110201,1.0
TIMP4,0.0,0.0,0.0,0.0,0.0,1.0
IVNS1ABP,0.0,0.0,0.0,0.0,0.0,1.0
PFKFB4,0.02717312935004705,0.026672813939800085,0.003349401030173766,0.12630046978493323,0.05690896872908395,1.0
MICB,0.03537363067384065,0.012938334085700404,0.007366648273973758,0.21928690857727784,0.08447487489027553,1.0
PRKCE,0.09206811631373732,0.01437333729896146,0.0011364815818794842,0.28100409881743477,0.11229578488834693,1.0
MAP3K13,0.03499358835573234,0.017964315423661545,0.008805901503264536,0.1994758284259128,0.11876001488586604,1.0
AVPR1A,0.031594392496452905,0.021492694447750527,0.0067708176860745515,0.1930246254398957,0.07596655403582628,1.0
DLG2,0.043863000783752513,0.010753280853424967,0.01543656099905466,0.09774708479600637,0.1322633613250187,1.0
EGF,0.0,0.0,0.0,0.0,0.0,1.0
CPN1,0.0,0.0,0.0,0.0,0.0,1.0
CCDC9,0.0,0.0,0.0,0.0,0.0,1.0
ST8SIA5,0.0,0.0,0.0,0.0,0.0,1.0
PROC,0.03405859171231886,0.018952519119816415,0.01067178356524664,0.2246694958498833,0.13317413862865143,1.0
ZNF239,0.0,0.0,0.0,0.0,0.0,1.0
ADH1C,0.0,0.0,0.0,0.0,0.0,1.0
FMO4,0.0,0.0,0.0,0.0,0.0,1.0
GPLD1,0.0,0.0,0.0,0.0,0.0,1.0
MATK,0.034154089868566426,0.030133319270613336,0.03517111220296333,0.09474038644636087,0.11760141435958812,1.0
LEFTY1,0.031841202061393105,0.045396502308900605,0.013051950440028593,0.18194474229121327,0.08331907346488959,1.0
GCM1,0.0,0.0,0.0,0.0,0.0,1.0
PRKCG,0.03421119464650737,0.010284951631917762,0.009829946462416394,0.10833028754367931,0.13478210700020077,1.0
TLR3,0.036683353244079724,0.0041076637217782545,0.002790004535150257,0.2386027290606357,0.11315715141766494,1.0
PRELID3A,0.0,0.0,0.0,0.0,0.0,1.0
CROCC,0.0,0.0,0.0,0.0,0.0,1.0
LY6D,0.0,0.0,0.0,0.0,0.0,1.0
P2RY2,0.03787836541466245,0.0388220409861903,0.0032265238702684964,0.19405982691280083,0.058213466281158754,1.0
PRKY,0.0,0.0,0.0,0.0,0.0,1.0
CDH18,0.0,0.0,0.0,0.0,0.0,1.0
ADCYAP1,0.0,0.0,0.0,0.0,0.0,1.0
NEUROD1,0.0,0.0,0.0,0.0,0.0,1.0
TAL1,0.0,0.0,0.0,0.0,0.0,1.0
NPHP1,0.0,0.0,0.0,0.0,0.0,1.0
PGGT1B,0.0,0.0,0.0,0.0,0.0,1.0
HOXA4,0.0,0.0,0.0,0.0,0.0,1.0
RGS7,0.04979917495516151,0.03181572123739207,0.024649407350833694,0.07036760318322084,0.14433557727214374,1.0
NTS,0.0,0.0,0.0,0.0,0.0,1.0
SULT2A1,0.0325823410699399,0.021873061128359097,0.009617546669641099,0.16446906545051662,0.15221964832765522,1.0
HSD3B2,0.04844691777103742,0.060951455916029365,0.04093851681012996,0.059913967282170834,0.08348760735366552,1.0
IL18,0.039690432594883876,0.026804448632335172,0.0009614350904455471,0.11756373841724506,0.14256291643296773,1.0
CTRC,0.029716547229581263,0.004950514903644867,0.0018110760108167626,0.16739592685871277,0.08511781225579873,1.0
ARHGAP22,0.0,0.0,0.0,0.0,0.0,1.0
NALF2,0.0,0.0,0.0,0.0,0.0,1.0
TEC,0.04511512692015747,0.009059991834724418,0.026162641223544093,0.27421368070293295,0.12783360747145786,1.0
MYBPH,0.0,0.0,0.0,0.0,0.0,1.0
C8A,0.0485323696109385,0.025511171424810814,0.00927171643166979,0.10363075816512027,0.13303838679575858,1.0
RYR3,0.03420758890831144,0.027011103460864442,0.017196128726702214,0.1372842795596713,0.16699414786340344,1.0
FOXD1,0.0,0.0,0.0,0.0,0.0,1.0
TRDMT1,0.03978786299741185,0.04472596213618331,0.018987360668055196,0.08218013249386691,0.14182612311036857,1.0
CNMD,0.0,0.0,0.0,0.0,0.0,1.0
SPINK2,0.03775403571146198,0.026536479524789335,0.011201599149398212,0.11483433825224912,0.07707701812007288,1.0
PLA2G1B,0.03352442667394192,0.018985562284831354,0.014330816957123483,0.10984905297493888,0.1399658404250184,1.0
GUCY2C,0.02746210664940555,0.020287417924900845,0.01083295272330468,0.23127339376280434,0.06214953358893959,1.0
HLA-DOA,0.03860047325413518,0.018359828337522803,0.005282818536771348,0.20175201395797426,0.10214380444239766,1.0
ZKSCAN7,0.0,0.0,0.0,0.0,0.0,1.0
CRLF1,0.0,0.0,0.0,0.0,0.0,1.0
KNTC1,0.0,0.0,0.0,0.0,0.0,1.0
ABCB8,0.0,0.0,0.0,0.0,0.0,1.0
EPPIN,0.0,0.0,0.0,0.0,0.0,1.0
SMAD9,0.0,0.0,0.0,0.0,0.0,1.0
RFX1,0.0,0.0,0.0,0.0,0.0,1.0
SYN3,0.0,0.0,0.0,0.0,0.0,1.0
OPHN1,0.0,0.0,0.0,0.0,0.0,1.0
DAPK2,0.0984611076563137,0.08813353199021318,0.01527158761530295,0.26885692171723863,0.09063886937453007,1.0
SERPINA6,0.029239107227340425,0.021283707382591097,0.020376425693876224,0.1963561244565148,0.09744393075052987,1.0
GRP,0.0,0.0,0.0,0.0,0.0,1.0
CDH15,0.0,0.0,0.0,0.0,0.0,1.0
EXTL1,0.0,0.0,0.0,0.0,0.0,1.0
SHC3,0.0,0.0,0.0,0.0,0.0,1.0
MSI1,0.041592285784681,0.024191776580656778,0.0027399396165000423,0.183190878766891,0.09523216457161611,1.0
LIPF,0.03765348931795307,0.01634598821574057,0.014198629725215593,0.13768047429368113,0.09336504455183965,1.0
GALNS,0.0,0.0,0.0,0.0,0.0,1.0
CXCL6,0.03495887612870203,0.01870836702786966,0.014905597295246441,0.17954582036416486,0.15712079510805077,1.0
CCR7,0.03947336917663996,0.01737035356050796,0.023429155579512643,0.26027917602964545,0.1221251496123259,1.0
ELAVL3,0.0,0.0,0.0,0.0,0.0,1.0
CARTPT,0.0,0.0,0.0,0.0,0.0,1.0
NR1H4,0.0,0.0,0.0,0.0,0.0,1.0
IL2RA,0.10453749185000964,0.024644608466186973,0.005822168453085556,0.10657231168766698,0.14804795202983523,1.0
PON1,0.03638144355114887,0.051038495143669545,0.017495775833863407,0.058542893342674464,0.08828659451519721,1.0
LGI1,0.0,0.0,0.0,0.0,0.0,1.0
APCS,0.027136014159831662,0.03517245764346684,0.010414277147192435,0.312241861732864,0.06813512445315925,1.0
PEX10,0.0,0.0,0.0,0.0,0.0,1.0
COX6A2,0.04132350360396371,0.020179017087372797,0.01286541302051981,0.17023650406543797,0.09531186912354928,1.0
SLCO1B3,0.030901328803585922,0.019803250624044626,0.01076113284677576,0.18529269621516375,0.10288064671419145,1.0
OPA3,0.0,0.0,0.0,0.0,0.0,1.0
PRM1,0.05787636500146912,0.04209622467428865,0.03994964122799978,0.029114413177683873,0.14431929680677952,1.0
SOCS3,0.03739178804519274,0.033972532984520194,0.016885622413059034,0.18306568015030214,0.09744291120587002,1.0
PTGDR2,0.03302635082318567,0.010667931117356873,0.0032885535274154013,0.35370093873610403,0.1526692807055618,1.0
MAP3K10,0.10066101938975998,0.04459668315858861,0.04267558802837412,0.0439311817020724,0.1638621895866343,1.0
KIF14,0.0,0.0,0.0,0.0,0.0,1.0
XCL1,0.04780858711648984,0.010378659352163873,0.0025905867639524974,0.18984405858852235,0.15149432802421414,1.0
REN,0.03911663568083859,0.042175926668017005,0.0252835709492654,0.15879972477858,0.08958073469070071,1.0
CPLX2,0.0,0.0,0.0,0.0,0.0,1.0
PIK3CG,0.0,0.0,0.0,0.0,0.0,1.0
FOLR3,0.0,0.0,0.0,0.0,0.0,1.0
MYF6,0.0,0.0,0.0,0.0,0.0,1.0
ZIC1,0.0,0.0,0.0,0.0,0.0,1.0
DUSP8,0.0,0.0,0.0,0.0,0.0,1.0
HSPB3,0.0,0.0,0.0,0.0,0.0,1.0
SLC6A15,0.0,0.0,0.0,0.0,0.0,1.0
FOXF2,0.0,0.0,0.0,0.0,0.0,1.0
SCGB2A2,0.0,0.0,0.0,0.0,0.0,1.0
EYA3,0.0,0.0,0.0,0.0,0.0,1.0
CFP,0.045207721810756815,0.023983336417072832,0.002469705430549786,0.0864486936814666,0.1440920648097493,1.0
SCN2A,0.025776169610944432,0.009401637133256303,0.008557790698095407,0.4422550296104467,0.10126967557737215,1.0
BDNF,0.0,0.0,0.0,0.0,0.0,1.0
CACNG3,0.043937099029438334,0.012217066176245446,0.01063647103693733,0.027518913718583757,0.12420631372199968,1.0
SERPINA7,0.0,0.0,0.0,0.0,0.0,1.0
CDX2,0.04052170296538309,0.0167559391786374,0.023762624110324898,0.1729632765345663,0.137858312946195,1.0
PDE3A,0.03518323599184581,0.0029100978091401728,0.006961953158347106,0.11305188204017992,0.10290648830705365,1.0
PF4,0.05597758275501624,0.04068607157632103,0.017590595666745014,0.1854924192980492,0.07568982827603762,1.0
RARRES1,0.03742821498516266,0.054840784100849485,0.02252658724407955,0.02583016851618746,0.1288843635052757,1.0
TNNI2,0.0,0.0,0.0,0.0,0.0,1.0
MYBPC2,0.03807459093248105,0.01409226736752486,0.006535473840548772,0.1783325141847648,0.09707232209614836,1.0
DGKG,0.038218971967492174,0.030632376041689675,0.009639660559908,0.05713747536901459,0.15284372456072448,1.0
CD19,0.018422637356800515,0.01522872076540445,0.0029031263358207117,0.2982557734051462,0.07351006765138063,1.0
MAPT,0.10882928716640272,0.018368206876119623,0.014155328893707565,0.19943142645599626,0.06343307627010003,1.0
ZNF536,0.0,0.0,0.0,0.0,0.0,1.0
FGF9,0.0,0.0,0.0,0.0,0.0,1.0
SMCP,0.0,0.0,0.0,0.0,0.0,1.0
CCL13,0.06375559154591635,0.021314116232302678,0.031234263544541264,0.0767287530598803,0.13229278541846318,1.0
NR0B2,0.0,0.0,0.0,0.0,0.0,1.0
ABL2,0.04637869445494695,0.03452126425049191,0.015578022808014395,0.07308884874727492,0.13192042241345545,1.0
FER,0.04007558271234529,0.01542407440275166,0.025393561643458306,0.16999309264587448,0.14302549846217302,1.0
TCL1B,0.0,0.0,0.0,0.0,0.0,1.0
ASAP2,0.0,0.0,0.0,0.0,0.0,1.0
TLL1,0.0,0.0,0.0,0.0,0.0,1.0
ZNF205,0.0,0.0,0.0,0.0,0.0,1.0
CNGA1,0.0,0.0,0.0,0.0,0.0,1.0
RORC,0.018716496001380437,0.017828564710469768,0.01737878381848705,0.28399393703432485,0.11721727783837922,1.0
IGSF6,0.034199366413296836,0.013381787084739298,0.0030303813268261703,0.2668765325713158,0.13785048470960715,1.0
SERPINB7,0.0,0.0,0.0,0.0,0.0,1.0
GCG,0.027866705586161184,0.04154666285254307,0.02595522927496611,0.1324541579206624,0.13048255897201752,1.0
ANGPTL7,0.0,0.0,0.0,0.0,0.0,1.0
CYP26A1,0.0,0.0,0.0,0.0,0.0,1.0
TRPC3,0.03882761246006737,0.053646692246692385,0.030111473058046283,0.19985817216461155,0.08873234164669327,1.0
MLANA,0.0,0.0,0.0,0.0,0.0,1.0
CDX1,0.0,0.0,0.0,0.0,0.0,1.0
HAS2,0.0,0.0,0.0,0.0,0.0,1.0
SPOCK3,0.0,0.0,0.0,0.0,0.0,1.0
B4GALNT1,0.037744712262489294,0.01007546225162346,0.016555533900619642,0.19321588590656208,0.1283474117286909,1.0
MPPED1,0.0,0.0,0.0,0.0,0.0,1.0
S1PR4,0.036421028067936255,0.043534894163382964,0.011332368761319718,0.2314487800007803,0.09774725344933013,1.0
TCTN2,0.0,0.0,0.0,0.0,0.0,1.0
EPYC,0.0,0.0,0.0,0.0,0.0,1.0
LIN7A,0.0,0.0,0.0,0.0,0.0,1.0
SEMG1,0.0,0.0,0.0,0.0,0.0,1.0
RORB,0.026297746879271576,0.024357888599161326,0.0028780815239491616,0.2775484957601806,0.08694660614827832,1.0
PDE1B,0.03524927828005301,0.023433050740395422,0.03197411722371677,0.200355597047802,0.0646673184134031,1.0
PRMT1,0.056122972431765034,0.0659576087990449,0.07467860567871443,0.11667178633838077,0.10378450509886036,1.0
CELA2A,0.038041285419493684,0.025205902043163475,0.007242928314901824,0.257264182149001,0.158967328643621,1.0
ZNF365,0.035946776750683154,0.023987015868802364,0.017111286945993894,0.13803057203953423,0.12839314838014929,1.0
DBH,0.040001956689495355,0.005715160878194358,0.0067192048031686595,0.21277806817899106,0.11215560284161066,1.0
TBCCD1,0.0,0.0,0.0,0.0,0.0,1.0
PTPA,0.05422930880881801,0.008491881107312495,0.022338643786153627,0.02990649780060982,0.10868827265722074,1.0
NDRG2,0.04487164554692461,0.006137154409665004,0.01745053420112118,0.11951713097399706,0.11029296351205736,1.0
RHO,0.034870554623279336,0.035787324265882846,0.03479522157004785,0.0695586883632439,0.14298101856763173,1.0
GABRA5,0.040041184610626473,0.05105548670779987,0.012215697702357937,0.21558472351412444,0.0987378283236394,1.0
DIO1,0.0,0.0,0.0,0.0,0.0,1.0
WNT2B,0.0,0.0,0.0,0.0,0.0,1.0
MT1H,0.0,0.0,0.0,0.0,0.0,1.0
BMX,0.10738521556650457,0.019074214856403735,0.003910757254151434,0.2223697591858694,0.13972985019370762,1.0
ACSBG1,0.0,0.0,0.0,0.0,0.0,1.0
METTL13,0.0,0.0,0.0,0.0,0.0,1.0
TLE3,0.0,0.0,0.0,0.0,0.0,1.0
MBTPS2,0.0,0.0,0.0,0.0,0.0,1.0
CSH1,0.0,0.0,0.0,0.0,0.0,1.0
NOVA2,0.0,0.0,0.0,0.0,0.0,1.0
FAM30A,0.0,0.0,0.0,0.0,0.0,1.0
TRPM1,0.0,0.0,0.0,0.0,0.0,1.0
LDB2,0.0,0.0,0.0,0.0,0.0,1.0
PTK6,0.0473269221150755,0.03786175680038175,0.02549147321998157,0.16915197278336214,0.13694021975827403,1.0
DNAAF11,0.0,0.0,0.0,0.0,0.0,1.0
XPNPEP2,0.0,0.0,0.0,0.0,0.0,1.0
CD5,0.09501038354275597,0.028373919982224063,0.016407298375732397,0.0790826745971832,0.08506294588918348,1.0
LAG3,0.0321606187432168,0.018306339731021127,0.01090993333125035,0.25311094011276075,0.15929815683077525,1.0
CD36,0.040735461559449716,0.02230643468140394,0.02360159526993935,0.06397307739159577,0.15911742588529543,1.0
DLGAP1,0.0,0.0,0.0,0.0,0.0,1.0
FHIT,0.09301327730372058,0.012947321552191512,0.027746190969928156,0.13156608920503188,0.15116234357873193,1.0
ITGA2B,0.023087289997815928,0.027601223611126564,0.011936488759657029,0.15712197523450072,0.08693916138288446,1.0
HINFP,0.0,0.0,0.0,0.0,0.0,1.0
FMO3,0.0,0.0,0.0,0.0,0.0,1.0
OCA2,0.0,0.0,0.0,0.0,0.0,1.0
MIS18BP1,0.0,0.0,0.0,0.0,0.0,1.0
ETV1,0.03311384714257303,0.03367420932087252,0.010543277736892391,0.14905021346909053,0.14523563244634477,1.0
INSM1,0.0,0.0,0.0,0.0,0.0,1.0
CYP24A1,0.04362196566900149,0.03711695674028907,0.01536353665087888,0.15938055966492012,0.16408124885573733,1.0
UGT2B4,0.0,0.0,0.0,0.0,0.0,1.0
SUPT3H,0.0,0.0,0.0,0.0,0.0,1.0
ZSCAN12,0.0,0.0,0.0,0.0,0.0,1.0
CD70,0.03122194867455601,0.016579733906596093,0.013662713744635522,0.18687020787058664,0.1457595597600902,1.0
PIP,0.0,0.0,0.0,0.0,0.0,1.0
SIX2,0.0,0.0,0.0,0.0,0.0,1.0
AIM2,0.03769924092432171,0.03423563739633876,0.021040776219595596,0.15576762351271028,0.13064977663712507,1.0
CYP4F3,0.028909840271864943,0.017050091304838248,0.01085444317234149,0.28560630780975543,0.14185572466538454,1.0
AMH,0.03744639247397447,0.020092572924354235,0.017904063468923016,0.12204820246497781,0.10912064553928048,1.0
CDH16,0.0,0.0,0.0,0.0,0.0,1.0
RGS9,0.0,0.0,0.0,0.0,0.0,1.0
SIGLEC6,0.028178795836273966,0.01678780312516019,0.01008435703152943,0.14006431554424612,0.10980574316656472,1.0
GTF2A1,0.0,0.0,0.0,0.0,0.0,1.0
MGAM,0.03600141045083322,0.014450767798331491,0.010996683772995442,0.21249229894230798,0.13689803877451467,1.0
CYTH3,0.0,0.0,0.0,0.0,0.0,1.0
TBXT,0.0,0.0,0.0,0.0,0.0,1.0
GABRR1,0.03364806506071357,0.010172405808902458,0.007931641067570726,0.21568779604679902,0.12641385580613812,1.0
RIBC2,0.0,0.0,0.0,0.0,0.0,1.0
TRPC6,0.03580250518000431,0.04391944997030815,0.029672955927337347,0.09481075713151071,0.11042415270972411,1.0
SLC26A4,0.0,0.0,0.0,0.0,0.0,1.0
RAB30,0.0,0.0,0.0,0.0,0.0,1.0
DPF1,0.09399852931268364,0.021304756732549116,0.0213291686856421,0.17345747026229605,0.13544223464377092,1.0
CHRNA5,0.020088752183971787,0.030150586296367993,0.005329650710684441,0.2861332759825559,0.12114376659562467,1.0
GRIN2A,0.032597461232229716,0.014607730164157623,0.00467302065099154,0.13902970681633472,0.13878217967448758,1.0
SLC2A2,0.054308357719725406,0.020392486179815063,0.004691417692021008,0.10803634965230235,0.11958517352194756,1.0
XIAP,0.0625,0.0,0.0,0.0625,0.0,1.0
MRAS,0.0,0.0625,0.0,0.0,0.0,1.0
CYP4F12,0.0,0.0,0.0,0.0,0.0,1.0
GLB1L,0.0,0.0,0.0,0.0,0.0,1.0
KLKB1,0.0,0.0,0.0,0.0,0.0,1.0
SMARCA2,0.032791147886924964,0.01839350628251512,0.0037237445186363775,0.1504756583514143,0.1575933928032641,1.0
SYCP2,0.0625,0.0,0.0,0.0,0.0,1.0
PPEF1,0.0,0.0,0.0,0.0,0.0,1.0
INSL4,0.0,0.0,0.0,0.0,0.0,1.0
NUP155,0.0,0.0,0.0,0.0,0.0,1.0
TAC1,0.0,0.0,0.0,0.0,0.0,1.0
SETMAR,0.0,0.0,0.0,0.0,0.0,1.0
CLUL1,0.0,0.0,0.0,0.0,0.0,1.0
ZNF702P,0.0,0.0,0.0,0.0,0.0,1.0
SIM2,0.0,0.0,0.0,0.0,0.0,1.0
MIA,0.0,0.0,0.0,0.0,0.0,1.0
AKR1B10,0.04540996126443422,0.04315098465395696,0.021375240435820536,0.052229129211333464,0.18953576122711577,1.0
CSNK1A1,0.09769650180877831,0.07794011415928043,0.07360424180962748,0.08044911395031455,0.1262679373802768,1.0
OPRL1,0.018852983321453125,0.027454472634017638,0.008514267130137011,0.2101223547426471,0.11867171561989205,1.0
TNP1,0.0264130296894006,0.024393327611593477,0.0032906721832071683,0.13405276742915775,0.11795388663336476,1.0
IL24,0.0625,0.0,0.0,0.0,0.0,1.0
PSG11,0.04769403778826387,0.008290672835308913,0.01582701829353543,0.13238857529760817,0.17036068219171946,1.0
MAP4K4,0.04074182752410267,0.03344894385936799,0.023244081539546622,0.16978440729919048,0.1472357138138123,1.0
ZNF85,0.0,0.0,0.0,0.0,0.0,1.0
KCNQ3,0.02512917980559848,0.013644265096659818,0.014745826173505457,0.08634599202577256,0.12257377135633954,1.0
PTP4A3,0.04543093624445247,0.044172487129317775,0.01999150209065662,0.07476452696383211,0.11215911869372572,1.0
VIP,0.0,0.0,0.0,0.0,0.0,1.0
NKX2-5,0.10437852047594351,0.021940768751184427,0.01003342918269889,0.14793163043273083,0.19743835794406622,1.0
ZKSCAN8,0.0,0.0,0.0,0.0,0.0,1.0
EFEMP2,0.02690481931408644,0.02810209588824012,0.02732213440726947,0.16835043691710477,0.09286785765521272,1.0
BNC1,0.0,0.0,0.0,0.0,0.0,1.0
KRABD4,0.0,0.0,0.0,0.0,0.0,1.0
LY96,0.0625,0.0,0.0,0.0,0.0,1.0
MKRN3,0.0,0.0,0.0,0.0,0.0,1.0
CNR2,0.03446538678389746,0.01579155852711013,0.015424851192944912,0.18493118517265775,0.11479598743404562,1.0
CCT6B,0.0,0.0,0.0,0.0,0.0,1.0
DAZL,0.0319801340296815,0.008506806146020405,0.00045092888553873724,0.22050510178987787,0.09069871369542881,1.0
GFI1,0.035380677246492714,0.0294859686311401,0.00640299948331172,0.13322275247444984,0.12702188646824084,1.0
RAG1,0.047097425546704604,0.005309450280746293,0.0010473948664641367,0.3118382009794599,0.09273526962865378,1.0
AP3D1,0.038334700347757183,0.031019603489403993,0.03385213326130177,0.12573985471544893,0.10656178765632797,1.0
MED22,0.0,0.0,0.0,0.0,0.0,1.0
CST6,0.030838418558385063,0.02803007650290055,0.01576441027249016,0.15403713291734905,0.08604200817114835,1.0
NRL,0.0,0.0,0.0,0.0,0.0,1.0
INS,0.027100786837807075,0.1071438805823395,0.015378386105893758,0.23817016595216256,0.13871391565842586,1.0
SLC16A5,0.0,0.0,0.0,0.0,0.0,1.0
HOXD3,0.0,0.0,0.0,0.0,0.0,1.0
SLC2A4,0.03820926176422277,0.02861569591803041,0.012346137166326177,0.11670734063892925,0.14973233676387057,1.0
OVOL1,0.018089378497522915,0.03443622560065798,0.019819169986469036,0.13561243315350963,0.13039170199995653,1.0
ENDOU,0.0,0.0,0.0,0.0,0.0,1.0
LIPC,0.036274656668688794,0.031976494269001975,0.0014548976213357803,0.2698692697192455,0.0753065966348757,1.0
CBL,0.04130488085053105,0.03197958827379454,0.011119839342617056,0.2546409998386762,0.15088840168679088,1.0
RPGRIP1,0.0,0.0,0.0,0.0,0.0,1.0
MAGEC1,0.0,0.0,0.0,0.0,0.0,1.0
F11,0.03410454697840801,0.01229287993497987,0.0072067854896853785,0.16357439126167533,0.12609938129394357,1.0
LINC03124,0.0,0.0,0.0,0.0,0.0,1.0
CACNG1,0.037527146893438425,0.02702029912976177,0.0108351379532294,0.1532295459456085,0.12454704690994194,1.0
TAF1A,0.0,0.0,0.0,0.0,0.0,1.0
GDF5,0.0,0.0,0.0,0.0,0.0,1.0
RENBP,0.02890934511261572,0.01944867435140979,0.017590115647276534,0.1670153737052621,0.1139014364028238,1.0
IL18R1,0.02622436313826806,0.024291675411989757,0.007466289606640718,0.2861214245206866,0.07531739146183135,1.0
DKK4,0.0,0.0,0.0,0.0,0.0,1.0
GRAP,0.0,0.0,0.0,0.0,0.0,1.0
EIF4H,0.0,0.0,0.0,0.0,0.0,1.0
TRH,0.0,0.0,0.0,0.0,0.0,1.0
PDE6A,0.039611364321678375,0.0170400218005162,0.004244352890316933,0.16001185088075326,0.15912072795887627,1.0
USP9Y,0.0,0.0,0.0,0.0,0.0,1.0
PRPH2,0.0,0.0,0.0,0.0,0.0,1.0
SSX1,0.051674971881298395,0.03014597467769512,0.04327259649935508,0.3008316752459908,0.22031627123447584,1.0
SLC5A1,0.02581560588111668,0.047574039368125855,0.02229634711863452,0.23838863484016393,0.13363203716449834,1.0
ADAMTSL2,0.0,0.0,0.0,0.0,0.0,1.0
TYR,0.0,0.0,0.0,0.0,0.0,1.0
PTGER2,0.04346165558932992,0.01993635748186081,0.017041561002693755,0.38654770210757605,0.06913693874143151,1.0
APOBEC3B,0.027233713187677557,0.014283897446561297,0.0016407598552538529,0.20725433434572021,0.12056406338358415,1.0
CHRNA1,0.036949239374360045,0.017725547736761414,0.014388748648500635,0.33166814328040917,0.14987475131440223,1.0
SIX3,0.0,0.0,0.0,0.0,0.0,1.0
CHRNB2,0.0,0.0,0.0,0.0,0.0,1.0
RASA2,0.0,0.0,0.0,0.0,0.0,1.0
P2RY14,0.04005689677386616,0.013356213362069333,0.015973527911451728,0.265960577507056,0.10959109815035178,1.0
HTR2B,0.04871044747290318,0.028799961763729513,0.05715277832268962,0.1337743939741441,0.13081023847680923,1.0
HTN1,0.0,0.0,0.0,0.0,0.0,1.0
TNFRSF17,0.04550099362543505,0.028220444286607284,0.029569849327953552,0.09009506176077205,0.12032037488472391,1.0
DSG1,0.09721080503018177,0.008044886279522469,0.01753776465781342,0.3732193067656857,0.09601682186564178,1.0
HAL,0.0318389779559937,0.024268969581684015,0.01943100073102053,0.168013416541798,0.11362323506428024,1.0
NR0B1,0.03513067243361107,0.029211564530494134,0.0009110996912483872,0.3007645715176501,0.09110012810985398,1.0
GLI1,0.039533920014511434,0.03437374037536624,0.03152723310479326,0.11998062902514367,0.09564249462665256,1.0
HBZ,0.0,0.0,0.0,0.0,0.0,1.0
ZNF571,0.0,0.0,0.0,0.0,0.0,1.0
TFE3,0.0,0.0,0.0,0.0,0.0,1.0
IQCC,0.0,0.0,0.0,0.0,0.0,1.0
CPB2,0.0,0.0,0.0,0.0,0.0,1.0
POLR3G,0.0,0.0,0.0,0.0,0.0,1.0
APMAP,0.0,0.0,0.0,0.0,0.0,1.0
MYOD1,0.0,0.0,0.0,0.0,0.0,1.0
UPK3B,0.0,0.0,0.0,0.0,0.0,1.0
IGLL1,0.076619225664659,0.10040067136673442,0.01061039665694688,0.08623066208624895,0.15178289241999302,1.0
DBF4B,0.0,0.0,0.0,0.0,0.0,1.0
GLRX,0.035794156675397204,0.022863208219541957,0.005226561958646685,0.1497537866556312,0.11816439993536916,1.0
SP4,0.0,0.0,0.0,0.0,0.0,1.0
SI,0.03065371692398805,0.039286646501488526,0.0029135532505509413,0.21053449813741568,0.07950311437726716,1.0
GZMK,0.047298634195220124,0.017703667033552258,0.005093304176121706,0.2618084777621684,0.0868507119602856,1.0
SCAMP1,0.0,0.0,0.0,0.0,0.0,1.0
SAG,0.0,0.0,0.0,0.0,0.0,1.0
AQP2,0.03434228215488325,0.03206929789255287,0.008205715326278578,0.36987145284044803,0.09313858188793224,1.0
GPR176,0.0,0.0,0.0,0.0,0.0,1.0
FLT3,0.039103002125582674,0.027605896627680596,0.016115565550026523,0.1420141113508549,0.17361852400277145,1.0
SKIL,0.036548435251230915,0.04070162922320083,0.014006345667965547,0.1906037085708476,0.08990976588807287,1.0
CEACAM8,0.028917939589126446,0.013940128869854077,0.020974545205599472,0.2150223815280094,0.1023514086425072,1.0
KRT31,0.0,0.0,0.0,0.0,0.0,1.0
GABRA1,0.0438586664634746,0.021567357175982595,0.0114551413025386,0.2595806016637781,0.14052761475352904,1.0
APBA1,0.0,0.0,0.0,0.0,0.0,1.0
CD5L,0.0625,0.0,0.0,0.0,0.0,1.0
CLEC10A,0.029724946092138493,0.010430728573185014,0.014719195604425292,0.32905887290579294,0.11975272685079018,1.0
ZNF165,0.0,0.0,0.0,0.0,0.0,1.0
ATF7,0.023940464607868917,0.029987977286095834,0.03745905290177043,0.30761494700030534,0.055344305021985035,1.0
PDK1,0.0360856113871097,0.017177681547181023,0.002631098131630632,0.19162318623842806,0.14865894544176128,1.0
PTPN6,0.0,0.0,0.0,0.0,0.0,1.0
CPSF4,0.0,0.0,0.0,0.0,0.0,1.0
KAT5,0.19075957442831315,0.1538669068638525,0.04012101930808468,0.1266911463198041,0.07343767047218627,1.0
ASIC2,0.041315515350540885,0.03178157472627342,0.01888264277013705,0.2548180354973553,0.10128246622189226,1.0
PDIA2,0.0,0.0,0.0,0.0,0.0,1.0
KCNJ10,0.03575015568104227,0.029328088703801367,0.02834682846096856,0.11070539169105878,0.13330334918566983,1.0
IL7,0.031931449258803,0.008566303390206247,0.00871527305965182,0.08685192193356989,0.09217611148556688,1.0
PNLIPRP1,0.0,0.0,0.0,0.0,0.0,1.0
ZNF43,0.0,0.0,0.0,0.0,0.0,1.0
GPR143,0.03540360347236973,0.012200416062106511,0.008256697776885305,0.10601402644381995,0.18245525970192128,1.0
HP,0.0,0.0,0.0,0.0,0.0,1.0
XK,0.0,0.0,0.0,0.0,0.0,1.0
KDM5D,0.05099509538859097,0.007490254539533027,0.005652367583930326,0.1679767313716953,0.19705478270360205,1.0
EDNRB,0.03602282141000926,0.008618803364333488,0.001484873576169699,0.22747133029749905,0.06020798682365594,1.0
TEK,0.04330090342992778,0.028709249334003567,0.0052796411261931235,0.07722358246169246,0.16461541904997712,1.0
CHRNB1,0.03223918075145082,0.02489906613650762,0.013241832748772709,0.3386070322109875,0.11375741495383102,1.0
CLCN5,0.0,0.0,0.0,0.0,0.0,1.0
TULP1,0.0,0.0,0.0,0.0,0.0,1.0
NTF3,0.0,0.0,0.0,0.0,0.0,1.0
FOXN2,0.0,0.0,0.0,0.0,0.0,1.0
GPT,0.05322773640841142,0.026505475077443063,0.007964598961358501,0.24538384601148625,0.11665594668035963,1.0
TMEM257,0.0,0.0,0.0,0.0,0.0,1.0
GRTP1,0.0,0.0,0.0,0.0,0.0,1.0
NTNG1,0.0,0.0,0.0,0.0,0.0,1.0
ALOX15B,0.09396700138480298,0.009601282245713666,0.007119828420645952,0.2188133663550435,0.08464518690767397,1.0
TFEC,0.03302238453256189,0.030567930073204443,0.00480836660274255,0.2894153996878714,0.12214005375313167,1.0
UMOD,0.09751976258734586,0.01501479874651912,0.007549498480552403,0.07594146343598147,0.12647375702629704,1.0
LMO1,0.04290510023759579,0.014430739515561085,0.020609690888185636,0.11916134759205323,0.1325439507836947,1.0
SYNGR4,0.0,0.0,0.0,0.0,0.0,1.0
MGAT5,0.0,0.0,0.0,0.0,0.0,1.0
CCDC181,0.048846442031266334,0.01980011992731501,0.020008095029408157,0.11704703773645052,0.07615637295203714,1.0
LPAR2,0.0,0.0,0.0,0.0,0.0,1.0
CBX4,0.03711017341587459,0.02327380319201994,0.015490876786479413,0.12634871326602962,0.0995309932706866,1.0
HPGDS,0.0412101618953135,0.07610124019366468,0.0167550361307537,0.08218400527641226,0.10822663912165036,1.0
C9,0.041305474788978905,0.008657828844572928,0.0015388511900358746,0.2525872974698744,0.13292071238284472,1.0
ECE2,0.04889827097681363,0.0037391849462766673,0.005414139234074027,0.1985939932001667,0.1804632120028953,1.0
TNFRSF8,0.031132385600922134,0.02826407774725021,0.0036698167687375886,0.18727419012001906,0.12291647551938845,1.0
GRIA3,0.0,0.0,0.0,0.0,0.0,1.0
CNKSR2,0.03827625799832462,0.02800161303756945,0.0076984676912193375,0.09498877695283786,0.11411912880743899,1.0
SLITRK3,0.039394237533006075,0.05322019005031227,0.0211116093885639,0.07519929259346717,0.12405368580315079,1.0
TULP2,0.0,0.0,0.0,0.0,0.0,1.0
JRKL,0.0,0.0,0.0,0.0,0.0,1.0
WNT11,0.0625,0.0,0.0,0.0,0.0,1.0
HOXC5,0.0,0.0,0.0,0.0,0.0,1.0
SYCP1,0.0,0.0,0.0,0.0,0.0,1.0
SSUH2,0.0,0.0,0.0,0.0,0.0,1.0
VEGFD,0.0,0.0,0.0,0.0,0.0,1.0
ASGR1,0.027545384438663743,0.018631877905276602,0.0016849028239255067,0.19312707455564934,0.06997702735193717,1.0
HOXC11,0.0,0.0,0.0,0.0,0.0,1.0
BFSP1,0.0,0.0,0.0,0.0,0.0,1.0
GPRIN2,0.0,0.0,0.0,0.0,0.0,1.0
CD1B,0.04711467951123377,0.02893200126715602,0.026193955312771033,0.1506573764561134,0.12301326754628668,1.0
MAFK,0.0,0.0,0.0,0.0,0.0,1.0
PCYT1B,0.03110538273859173,0.003179547219096746,0.014238871894947299,0.35356022300026646,0.1672031755828723,1.0
DFFB,0.0625,0.0,0.0,0.0,0.0,1.0
RDH16,0.0,0.0,0.0,0.0,0.0,1.0
CHST7,0.0,0.0,0.0,0.0,0.0,1.0
PDE5A,0.02916611675936461,0.03250177262517628,0.010393147223170881,0.14353028876066745,0.06538618823050392,1.0
EDN2,0.0,0.0,0.0,0.0,0.0,1.0
FCER2,0.03963742135446378,0.013196469383333822,0.006183296491356799,0.20786791752714057,0.10613874950202076,1.0
CD96,0.027863273542356258,0.013549001681925235,0.004420525722063261,0.3019409970034692,0.06914232518439892,1.0
KCNA5,0.03219877040421749,0.02398240306162452,0.005746580095601815,0.08481319143487709,0.06873879585030555,1.0
FKBP6,0.0,0.0,0.0,0.0,0.0,1.0
MPPE1,0.0,0.0,0.0,0.0,0.0,1.0
KCNJ2,0.0,0.0,0.0,0.0,0.0,1.0
ITGA10,0.0,0.0,0.0,0.0,0.0,1.0
RBMS3,0.031224419733837935,0.030043221395194344,0.0019603759547013344,0.2167532561052321,0.09912934355190836,1.0
RPL3L,0.0,0.0,0.0,0.0,0.0,1.0
TMSB4Y,0.0,0.0,0.0,0.0,0.0,1.0
SLC35A3,0.0,0.0,0.0,0.0,0.0,1.0
UPK3A,0.0,0.0,0.0,0.0,0.0,1.0
PTH2R,0.0,0.0,0.0,0.0,0.0,1.0
LY6H,0.0,0.0,0.0,0.0,0.0,1.0
FRMPD1,0.0,0.0,0.0,0.0,0.0,1.0
CUBN,0.041696829880312314,0.03249320791336219,0.010821867457834464,0.18976300939098983,0.10051597184577861,1.0
CRYBB2,0.0,0.0,0.0,0.0,0.0,1.0
ASMT,0.0,0.0,0.0,0.0,0.0,1.0
GAD2,0.03508690584834797,0.013222662204512079,0.021852754920230522,0.2395136226793057,0.13595511131248209,1.0
DNAJC4,0.0,0.0,0.0,0.0,0.0,1.0
FGF4,0.0625,0.0,0.0,0.0,0.0,1.0
AQP8,0.0,0.0,0.0,0.0,0.0,1.0
HTN3,0.0,0.0,0.0,0.0,0.0,1.0
BRDT,0.02469664904583495,0.012672775752678693,0.02074152991215022,0.16986082479432837,0.12041822522101393,1.0
POU2F1,0.0,0.0,0.0,0.0,0.0,1.0
NDUFB1,0.05120427204293613,0.08659549831756914,0.030538705031713277,0.16512966474857776,0.09184463796123946,1.0
PDE4C,0.052970220597940765,0.01195925485550517,0.021974633011812524,0.15425854535287145,0.15078672424519868,1.0
PNMT,0.0,0.0,0.0,0.0,0.0,1.0
F2RL2,0.0,0.0,0.0,0.0,0.0,1.0
CCN4,0.0,0.0,0.0,0.0,0.0,1.0
NAT2,0.0,0.0,0.0,0.0,0.0,1.0
SCGB1D2,0.0,0.0,0.0,0.0,0.0,1.0
MTHFR,0.03036786393161397,0.01909504722008792,0.002414031561931379,0.1504698273914933,0.09801208309179729,1.0
NPPB,0.03676646833350786,0.022558707521494394,0.01663540853682444,0.16841973182785658,0.14025348976300459,1.0
PDYN,0.0,0.0,0.0,0.0,0.0,1.0
CD3G,0.03315548272954228,0.02426610003544582,0.008862594580394983,0.17702454787173202,0.11560102169085215,1.0
SEMA3A,0.034229675972360395,0.02850031571081749,0.0030584312239906267,0.1903061215149763,0.0877360073862396,1.0
DGKI,0.04465306286243263,0.03128226870353701,0.01387064244477651,0.12745841686854167,0.15746915816188067,1.0
HNRNPA3P1,0.0,0.0,0.0,0.0,0.0,1.0
ADCY8,0.0,0.0,0.0,0.0,0.0,1.0
ADRB3,0.037361785102810706,0.01893598590966338,0.007093707800261677,0.2913024626318627,0.10618452262216457,1.0
CTF1,0.04256096567599737,0.03411196841137753,0.030280987905219454,0.15744034972983958,0.16890343105117311,1.0
NGF,0.09356700985603596,0.0129291890733549,0.007345825222243504,0.3521005800478531,0.1209582717562167,1.0
SPAG8,0.0,0.0,0.0,0.0,0.0,1.0
CNNM2,0.0,0.0,0.0,0.0,0.0,1.0
CES1P1,0.0,0.0,0.0,0.0,0.0,1.0
OXTR,0.041235047594566795,0.028624862941828283,0.008288960184791968,0.23995740391642087,0.08028466929433481,1.0
PMP2,0.0,0.0,0.0,0.0,0.0,1.0
TRPV6,0.03692107759273203,0.02492018843073064,0.0077464307777502005,0.1359223907933885,0.11609909702364804,1.0
TXK,0.03543796830364044,0.030226351107881723,0.0036565032434343675,0.1185619698308448,0.10203300563907258,1.0
ZNF430,0.0,0.0,0.0,0.0,0.0,1.0
SLC4A10,0.0,0.0,0.0,0.0,0.0,1.0
ARSD,0.0,0.0,0.0,0.0,0.0,1.0
ACYP2,0.0,0.0,0.0,0.0,0.0,1.0
HBD,0.0,0.0,0.0,0.0,0.0,1.0
STATH,0.04330815987510379,0.055470120546684064,0.02077827509658408,0.07288857163172664,0.10455190072211082,1.0
SLC6A3,0.03217928606585237,0.01612292771110183,0.006530828924545175,0.1445174235821597,0.12188118193117879,1.0
ALX1,0.0,0.0,0.0,0.0,0.0,1.0
TBX19,0.0,0.0,0.0,0.0,0.0,1.0
C22orf31,0.0,0.0,0.0,0.0,0.0,1.0
AFM,0.0,0.0,0.0,0.0,0.0,1.0
PDE6H,0.02012035854832365,0.027727852335668247,0.015999984750681692,0.1604147492826247,0.09121474555686826,1.0
KCND1,0.041411836608478865,0.05041617169907734,0.004490565077386039,0.1772198928904628,0.11262072141372113,1.0
CRYBA4,0.0,0.0,0.0,0.0,0.0,1.0
FBP2,0.0,0.0,0.0,0.0,0.0,1.0
RNF40,0.0,0.0,0.0,0.0,0.0,1.0
HDAC6,0.04676150195690698,0.015466695602045855,0.005922554425438419,0.173540890254742,0.1265949384753702,1.0
HOXA7,0.0,0.0,0.0,0.0,0.0,1.0
GABRG2,0.0396198624717284,0.019957469177236026,0.017003657701394163,0.11199445526397492,0.14226466791228043,1.0
RASL10A,0.0,0.0,0.0,0.0,0.0,1.0
RNASE3,0.04977846518496639,0.02694304627042006,0.017246316841026604,0.10207863152237376,0.1476312132826002,1.0
EPHA7,0.09691828572577055,0.029040425511570343,0.02185217147275903,0.07018442549123145,0.15110988014230073,1.0
MAP3K7,0.10182980624382905,0.07922553080374382,0.006136042508246303,0.1099244791417566,0.1959622946438675,1.0
HYAL2,0.0,0.0,0.0,0.0,0.0,1.0
LILRB5,0.04175239187650096,0.015320388348441481,0.0037028642159864424,0.12398993740025653,0.10025955389483057,1.0
FKBP1B,0.0,0.0,0.0,0.0,0.0,1.0
HOXC6,0.0,0.0,0.0,0.0,0.0,1.0
PAEP,0.0625,0.0,0.0,0.0,0.0,1.0
CGGBP1,0.0,0.0,0.0,0.0,0.0,1.0
ZNF254,0.0,0.0,0.0,0.0,0.0,1.0
HRK,0.0976941214296278,0.018386194090065228,0.004100643624428316,0.2439225199790217,0.11720608511356928,1.0
CDH4,0.0,0.0,0.0,0.0,0.0,1.0
GCKR,0.034309975308856974,0.029355287444854807,0.004693200671743925,0.09635338791875477,0.1066561240945583,1.0
STARD8,0.0,0.0,0.0,0.0,0.0,1.0
CHAD,0.0,0.0,0.0,0.0,0.0,1.0
PPARA,0.04193524664548948,0.01529774197033977,0.007422657374748769,0.11344458094691727,0.20862250702078639,1.0
ELANE,0.0,0.0,0.0,0.0,0.0625,1.0
SLC17A1,0.0,0.0,0.0,0.0,0.0,1.0
CA6,0.036663925815295456,0.016755348922434493,0.013629944152900803,0.2504704551377032,0.11273515881807092,1.0
SLK,0.10129445011321624,0.012859094415167072,0.008711269511185131,0.09294939288599781,0.13176455017248379,1.0
SIM1,0.0,0.0,0.0,0.0,0.0,1.0
MXD1,0.03740453043553549,0.008386130232174297,0.004298923400227122,0.29671701851028476,0.10924542003840435,1.0
DAO,0.03258630883270504,0.02081063944201883,0.021651879923176603,0.12958761286251563,0.1401525357704007,1.0
NRG2,0.0,0.0,0.0,0.0,0.0,1.0
LILRA3,0.0,0.0,0.0,0.0,0.0,1.0
SLC1A6,0.019521876369065057,0.009898203006858359,0.0052484116266198685,0.19583284492377448,0.058062600367659145,1.0
GP9,0.03256402553798023,0.024601265357035128,0.00316486406891166,0.12634080509397655,0.127716432909604,1.0
SCEL,0.0,0.0,0.0,0.0,0.0,1.0
ACKR2,0.0,0.0,0.0,0.0,0.0,1.0
ARHGDIG,0.0,0.0,0.0,0.0,0.0,1.0
IL12RB1,0.040001451597182214,0.05016681579588204,0.011753293722987966,0.14036640396176422,0.09345770817177168,1.0
ACTN3,0.0,0.0,0.0,0.0,0.0,1.0
AMHR2,0.03402717412604576,0.020883024151124398,0.018014269837605727,0.24530351698871283,0.10664314570216371,1.0
SALL1,0.03657933029557192,0.015719158084525165,0.008718472608472326,0.13247580374994503,0.12591829729831008,1.0
APOA4,0.0,0.0,0.0,0.0,0.0,1.0
PPP1R3A,0.0,0.0,0.0,0.0,0.0,1.0
GNG7,0.03418853896298078,0.02478854083743497,0.008802064515560495,0.12915885553743878,0.11560664644267443,1.0
PAGE1,0.0,0.0,0.0,0.0,0.0,1.0
CDH19,0.0,0.0,0.0,0.0,0.0,1.0
NTSR2,0.03213050689184168,0.012687759785737438,0.0034815640042834845,0.14295082701492184,0.12086591367800713,1.0
ZNF253,0.0,0.0,0.0,0.0,0.0,1.0
BRME1,0.0,0.0,0.0,0.0,0.0,1.0
MATN1,0.0,0.0,0.0,0.0,0.0,1.0
ICAM5,0.035170472847481864,0.010969027913838117,0.011769877948001857,0.06210852614330046,0.08818602364049322,1.0
TNFSF9,0.036084105026944285,0.022734683809687302,0.013262341391489494,0.12767320704888147,0.10071316813439868,1.0
CLDN11,0.034376933108595485,0.012929345697427106,0.011821379408129478,0.1173077958262955,0.1610136989152309,1.0
CFHR2,0.0,0.0,0.0,0.0,0.0,1.0
TRIM25,0.0,0.0,0.0,0.0,0.0,1.0
FOXE1,0.0,0.0,0.0,0.0,0.0,1.0
BAAT,0.0,0.0,0.0,0.0,0.0,1.0
CRTAM,0.04143017151300673,0.02874793293525213,0.007355573860625886,0.13517169409133434,0.11271095315163199,1.0
NKX2-2,0.0,0.0,0.0,0.0,0.0,1.0
TAT,0.0,0.0,0.0,0.0,0.0,1.0
GNA13,0.0,0.0,0.0,0.0,0.0,1.0
CPNE1,0.0,0.0,0.0,0.0,0.0,1.0
GLE1,0.0,0.0,0.0,0.0,0.0,1.0
IL11,0.045501628942753614,0.01601193141474612,0.016292273178570987,0.19866349177451534,0.13659181819090457,1.0
ST8SIA4,0.0460552596250328,0.014342796611739567,0.005202450608942225,0.08211525080262719,0.15096920126294205,1.0
GUCY1A2,0.029974361716072685,0.01586901149402699,0.007795330308388297,0.09628513646158751,0.16681665144394262,1.0
ZNF124,0.0,0.0,0.0,0.0,0.0,1.0
NFIC,0.0,0.0,0.0,0.0,0.0,1.0
ZNF141,0.049084927503304884,0.011281989848483186,0.014451278559069157,0.11495958285747553,0.16509296903035617,1.0
CH25H,0.058102526624543155,0.010377337351352534,0.014057902906170976,0.1615961297088584,0.17098559383595635,1.0
SIRPB1,0.04305553655997364,0.01703669946149284,0.0024112409073495785,0.1757942583626613,0.1573682711446982,1.0
PCDH8,0.0,0.0,0.0,0.0,0.0,1.0
SPTA1,0.03424764830754492,0.018349976452824043,0.002886880693398241,0.19727779499199297,0.10806443362725707,1.0
DCC,0.0625,0.0,0.0,0.0,0.0,1.0
SEMA3E,0.027500489006340088,0.012481950851925952,0.011073783120586756,0.09219553592254376,0.12742537441059232,1.0
PMCH,0.043165838508100865,0.012653136635394975,0.021210469304287657,0.1427741021405453,0.1617694708195132,1.0
TGFBR1,0.0625,0.0,0.0,0.0,0.0,1.0
HTR6,0.02258706590417981,0.031278493864419644,0.0001260224852905943,0.2844716484863157,0.12388204102709524,1.0
LCT,0.028941819155249824,0.05887399613587693,0.0021833628782618798,0.1633490462319702,0.10958278039361982,1.0
HCN4,0.02388847617156271,0.010966158870474365,0.015384724002250503,0.23396078216241212,0.11725087595683122,1.0
B3GALT5,0.0,0.0,0.0,0.0,0.0,1.0
NEU3,0.0,0.0,0.0,0.0,0.0,1.0
RUSC1,0.04050538791274835,0.05337107046792838,0.012569055890744973,0.1830228155986683,0.11297142389355515,1.0
SCN9A,0.04544528208785196,0.018296095740638417,0.013824654523084446,0.1579377235941114,0.12613178789559631,1.0
G6PC1,0.0,0.0,0.0,0.0,0.0,1.0
ADGRL2,0.0,0.0,0.0,0.0,0.0,1.0
WT1-AS,0.0,0.0,0.0,0.0,0.0,1.0
AQP7,0.0,0.0,0.0,0.0,0.0,1.0
LPAR4,0.0,0.0,0.0,0.0,0.0,1.0
NAT8B,0.0,0.0,0.0,0.0,0.0,1.0
CCNT1,0.034556030501796356,0.025538980871031673,0.008549359677801037,0.14111917054935527,0.09090313048349533,1.0
KRT34,0.0,0.0,0.0,0.0,0.0,1.0
CNTN2,0.0,0.0,0.0,0.0,0.0,1.0
PPFIA2,0.0,0.0,0.0,0.0,0.0,1.0
LTA,0.10178022524094563,0.01423491696146172,0.0024979152260404293,0.2401533548330158,0.12707381411309326,1.0
HSPH1,0.0,0.0,0.0,0.0,0.0,1.0
PTH,0.0,0.0,0.0,0.0,0.0,1.0
CCR2,0.039033717892338976,0.0035659051068403407,0.008233240217737301,0.09548787007208062,0.14638493420089882,1.0
C8B,0.033441402019866326,0.0039403133323050645,0.005532034860645897,0.1918887772465104,0.10170859826522713,1.0
SCN4A,0.03366669894132828,0.0363246874879202,0.004329198487332828,0.16952475304986728,0.14394142775289326,1.0
CRYBA1,0.0,0.0,0.0,0.0,0.0,1.0
CCR6,0.03529368388218427,0.015103707191028708,0.0037540768233000777,0.1530263201830036,0.10335428522699963,1.0
RIT2,0.03465201037144364,0.033092746471947106,0.011069689746667506,0.2369837156255586,0.1300802756966002,1.0
HSD17B3,0.037170069668623795,0.022583016094686076,0.01045757897465312,0.16714536739731647,0.1736369626133593,1.0
CCL25,0.0,0.0,0.0,0.0,0.0,1.0
SCAF11,0.0,0.0,0.0,0.0,0.0,1.0
TNR,0.0,0.0,0.0,0.0,0.0,1.0
CCR5,0.03453714228838571,0.014366750656133053,0.001221705006718705,0.16487036167523467,0.13301098086790164,1.0
CST4,0.0,0.0,0.0,0.0,0.0,1.0
SCARF1,0.0,0.0,0.0,0.0,0.0,1.0
HS6ST1,0.0,0.0,0.0,0.0,0.0,1.0
PRB3,0.0,0.0,0.0,0.0,0.0,1.0
IL12RB2,0.030131648243420038,0.03557298488441552,0.02498026021935851,0.08336900123250536,0.14148454054476073,1.0
GUCA2A,0.0,0.0,0.0,0.0,0.0,1.0
CCDC106,0.0,0.0,0.0,0.0,0.0,1.0
NR1I3,0.033042137145180936,0.004061668409706437,0.0004885624097239299,0.268789657925094,0.16440226655887513,1.0
CXCR2,0.03056237803897889,0.03345338787163128,0.016449127716159813,0.2409962009704784,0.16178325507796126,1.0
PHOX2B,0.0,0.0,0.0,0.0,0.0,1.0
GABRB1,0.03195151088711969,0.005896900334482988,0.007501907000612627,0.1909888078576023,0.11568258776143607,1.0
PTK7,0.03983311042693692,0.023116878267486273,0.005146578244928476,0.2905613475029681,0.09825599084665035,1.0
MMP16,0.0,0.0,0.0,0.0,0.0,1.0
GABRA2,0.031480363925657395,0.016112336641230438,0.00393157157487458,0.15868358909233302,0.11651087443934807,1.0
ALDH1A2,0.03577103913630833,0.015231049572575706,0.0034501601494161937,0.14871012536024553,0.12094811813949416,1.0
RAB27B,0.0,0.0,0.0,0.0,0.0,1.0
AKAP4,0.0,0.0,0.0,0.0,0.0,1.0
HSF2BP,0.0,0.0,0.0,0.0,0.0,1.0
ZPBP,0.026575623350564938,0.03031830059212745,0.005087116153982949,0.14891518173425086,0.12732904933022,1.0
LDHC,0.03301258152791523,0.010130059137040162,0.006940186755749586,0.16222690790785757,0.10917036922589349,1.0
KRT10,0.0,0.0,0.0,0.0,0.0,1.0
CHRND,0.0393571941920418,0.0351621127463012,0.023417376366891896,0.1692733821559926,0.09087690002715483,1.0
GJC2,0.03452429879553157,0.023626552289776274,0.009368386485716014,0.09257887060507161,0.10185093124509809,1.0
ATP2B3,0.0,0.0,0.0,0.0,0.0,1.0
HGFAC,0.039556727936200006,0.024095535628776192,0.007988443275251087,0.13327070276242842,0.1175316383107794,1.0
MYCNOS,0.0,0.0,0.0,0.0,0.0,1.0
KITLG,0.0625,0.0,0.0,0.0,0.0,1.0
CSRP2,0.03698146189642127,0.006699655430860555,0.005386784117024673,0.1793267851696722,0.10745493390171543,1.0
NKX3-2,0.0,0.0,0.0,0.0,0.0,1.0
CRISP1,0.0,0.0,0.0,0.0,0.0,1.0
CBLIF,0.0,0.0,0.0,0.0,0.0,1.0
GLI2,0.0,0.0,0.0,0.0,0.0,1.0
SLC30A3,0.03992237955183319,0.03820105268935327,0.011718570398317708,0.1347395580874937,0.13309479540960117,1.0
GRIN2D,0.03643015563898818,0.03207905586110674,0.017697055090300767,0.11071124876821088,0.09214610270425097,1.0
TNFRSF11A,0.026252340472932664,0.025040823411637575,0.007863083167492388,0.15953248310388715,0.11123985699473231,1.0
SLC16A6,0.0,0.0,0.0,0.0,0.0,1.0
CDKN2A,0.09780827747463075,0.013449763451385722,0.0075406328020313565,0.07829820907167231,0.10149261733523836,1.0
MASP2,0.045250203877657956,0.02243595924217454,0.014632059780954554,0.11884034088982968,0.12333453216127785,1.0
E2F2,0.0,0.0,0.0,0.0,0.0,1.0
SLC6A9,0.0,0.0,0.0,0.0,0.0,1.0
THRB,0.03712563562679816,0.01886260633646898,0.007167350204211477,0.400106933667382,0.11564097380857097,1.0
VPS50,0.0,0.0,0.0,0.0,0.0,1.0
SLC6A11,0.04820507259883875,0.021516489827170526,0.013086302558749504,0.06748802584515738,0.18529923482987357,1.0
SCN8A,0.0196604974744062,0.006612373023494387,0.014013440982573878,0.31652063769006583,0.049792508948798754,1.0
CACNA2D1,0.0,0.0,0.0,0.0,0.0,1.0
SLC17A4,0.0,0.0,0.0,0.0,0.0,1.0
HAVCR1,0.04460655736574007,0.008470072341909546,0.008349519252625025,0.22944954825627045,0.16529764768480248,1.0
SLC8A1,0.039129404860986365,0.017597679757659128,0.008639369291394111,0.14573427976931352,0.2083891818548842,1.0
IMPG1,0.0,0.0,0.0,0.0,0.0,1.0
GPR37L1,0.0,0.0,0.0,0.0,0.0,1.0
SLC4A8,0.0,0.0,0.0,0.0,0.0,1.0
PRKN,0.028783924745840114,0.027008802322125283,0.017431883304548985,0.21813474980554232,0.10461921066158289,1.0
PAX9,0.0,0.0,0.0,0.0,0.0,1.0
EN2,0.0,0.0,0.0,0.0,0.0,1.0
ERN1,0.09107182479156871,0.08636093147057344,0.011502154049962493,0.19246111077958744,0.14864729249597292,1.0
IAPP,0.0625,0.0,0.0,0.0,0.0,1.0
AOC2,0.0,0.0,0.0,0.0,0.0,1.0
KRT75,0.0,0.0,0.0,0.0,0.0,1.0
HRC,0.0,0.0,0.0,0.0,0.0,1.0
HDC,0.034591175880608,0.048191563457436366,0.024466703744604117,0.19171188926918378,0.10838738033823409,1.0
ZFP37,0.0,0.0,0.0,0.0,0.0,1.0
SMAD6,0.0,0.0,0.0,0.0,0.0,1.0
RGR,0.0,0.0,0.0,0.0,0.0,1.0
ACO1,0.04315172582562929,0.018650458370267353,0.001918419111361428,0.15940693970714606,0.15902055560871975,1.0
IL18RAP,0.04146873891043208,0.010871987609453711,0.0022563185082636024,0.23623442473894302,0.0875613176416978,1.0
CDKL2,0.03771919401447698,0.027433556745906085,0.012439586472945498,0.2259176353044796,0.08542793663440387,1.0
SLC18A1,0.0371182448496983,0.013306166826776244,0.00659214105640851,0.25426790741657446,0.12642270740140632,1.0
NLRP3,0.03891489444524315,0.011352793455631045,0.014745800301000951,0.20835846450019818,0.1263213940641199,1.0
ASS1,0.03630326857747327,0.05464957362189048,0.027033028437110307,0.11240241650399506,0.1075236095332022,1.0
CELA2B,0.04815421874539707,0.019746957392880567,0.008538739611684415,0.058875959991732604,0.1328624058716412,1.0
PI4KA,0.030346708773133356,0.032867228449039984,0.008598745443438078,0.15249143994323835,0.13469759046850524,1.0
POU3F2,0.0,0.0,0.0,0.0,0.0,1.0
CSF2RA,0.0,0.0,0.0,0.0,0.0,1.0
NRAP,0.0,0.0,0.0,0.0,0.0,1.0
ZFP30,0.0,0.0,0.0,0.0,0.0,1.0
P2RX7,0.03136919894088966,0.037411740300396554,0.03617891443103452,0.14769153623658005,0.13835621211582738,1.0
LEP,0.03364523286305719,0.0172876835270735,0.01160391822605326,0.2954681999099769,0.08693332593246453,1.0
OMG,0.0,0.0,0.0,0.0,0.0,1.0
CXCR1,0.03450750297205138,0.03487162497790748,0.01799836861980972,0.07850835506601433,0.1290985592788198,1.0
SLC10A2,0.0,0.0,0.0,0.0,0.0,1.0
SAA4,0.02997102700175985,0.0471558153230574,0.005915066443765888,0.20638109570747926,0.10668946956328293,1.0
SLC17A2,0.0,0.0,0.0,0.0,0.0,1.0
CHM,0.0,0.0,0.0,0.0,0.0,1.0
AKR1D1,0.037132043829521406,0.010510720811021232,0.015278069519654342,0.3048391888030055,0.11051173049462454,1.0
KCND2,0.04120549431813042,0.009371976736643924,0.015909596786799315,0.30227580948795774,0.1385820409051105,1.0
LILRB1,0.05401383417270628,0.01863415994107699,0.007990363045022387,0.09363842407493779,0.13480523582734508,1.0
PIK3R2,0.0625,0.0625,0.0,0.0,0.0,1.0
LTK,0.0451664058319616,0.016276203088378054,0.017216106799567307,0.11121402130662479,0.17155413790651186,1.0
RPE65,0.0,0.0,0.0,0.0,0.0,1.0
NIPBL,0.031135096315607052,0.026589030093304326,0.0,0.12062652491234571,0.012111485985926533,1.0
KCNJ12,0.0,0.0,0.0,0.0,0.0,1.0
ADGRE1,0.03380343475562197,0.010993790847930398,0.012380376457774775,0.07221216420467944,0.14426939768374797,1.0
GAB1,0.0,0.0,0.0,0.0,0.0,1.0
TNF,0.0625,0.0,0.0,0.0625,0.0,1.0
LY6G6C,0.0,0.0,0.0,0.0,0.0,1.0
MBTD1,0.0,0.0,0.0,0.0,0.0,1.0
GAPDHS,0.03593137367372602,0.034904375991574386,0.014033535175163103,0.06526962615328594,0.11530540202342593,1.0
PRKG1,0.0438443879305406,0.03210745596675797,0.008345992933102687,0.12076782075439818,0.14975737479948217,1.0
ZNF667,0.0,0.0,0.0,0.0,0.0,1.0
MAPK6,0.04022340232341042,0.04612801624281197,0.0234492264073936,0.11935046873432568,0.07288471316903435,1.0
MATN4,0.0,0.0,0.0,0.0,0.0,1.0
ZNF225,0.0,0.0,0.0,0.0,0.0,1.0
ZNF223,0.0,0.0,0.0,0.0,0.0,1.0
PFDN5,0.0,0.0,0.0,0.0,0.0,1.0
ALPK1,0.04860219256906466,0.027861938163534244,0.0238936248191144,0.06220719115026416,0.15747124909997828,1.0
TPSB2,0.0,0.0,0.0,0.0,0.0,1.0
HTR2A,0.03791382203626142,0.01443583973420793,0.007479187904349269,0.10946092425547368,0.18582092615710827,1.0
ARR3,0.0,0.0,0.0,0.0,0.0,1.0
TONSL,0.0,0.0,0.0,0.0,0.0,1.0
ATP4A,0.0398839029780812,0.03324792089110061,0.023362612260355305,0.06057491785966257,0.14779707167484402,1.0
KCNJ3,0.0,0.0,0.0,0.0,0.0,1.0
CDK6,0.0824639415658997,0.10282876220047826,0.09275680854950319,0.19102483541090698,0.07423852778457635,1.0
CITED1,0.0625,0.0,0.0,0.0,0.0,1.0
MSTN,0.0,0.0,0.0,0.0,0.0,1.0
KRT32,0.0,0.0,0.0,0.0,0.0,1.0
DLX2,0.0,0.0,0.0,0.0,0.0,1.0
CDH12,0.0,0.0,0.0,0.0,0.0,1.0
SLC18A3,0.029894877957236284,0.015013764532688793,0.007149456277493729,0.2926567606501937,0.10873599041142724,1.0
ADCYAP1R1,0.0,0.0,0.0,0.0,0.0,1.0
GLMN,0.0,0.0,0.0,0.0,0.0,1.0
DIO3,0.0625,0.0,0.0,0.0,0.0,1.0
TBX5,0.0,0.0,0.0,0.0,0.0,1.0
GNG5,0.0,0.0,0.0,0.0,0.0,1.0
APOBEC1,0.0,0.0,0.0,0.0,0.0,1.0
IL12A,0.02251765473865044,0.03151899270699862,0.0015708584465403985,0.2783971874300055,0.07538063361094254,1.0
CACNA1B,0.0,0.0,0.0,0.0,0.0,1.0
AKT1,0.11970998057537693,0.10433475429574623,0.020571593071718172,0.16275093375442767,0.13402003247522382,1.0
HMMR,0.027832561916092725,0.010062594353507254,0.004601294875657327,0.37029321610403126,0.09194911585426546,1.0
GNGT1,0.0,0.0,0.0,0.0,0.0,1.0
CD101,0.03153400736236406,0.010845720286698453,0.018014121674099257,0.2976407330485566,0.09561948212963828,1.0
LETMD1,0.0,0.0,0.0,0.0,0.0,1.0
CDH11,0.03178005323742261,0.00574223416782361,0.003231290491216681,0.22607680635352312,0.10957263722425879,1.0
GPC5,0.0,0.0,0.0,0.0,0.0,1.0
ADIPOQ,0.0,0.0,0.0,0.0,0.0,1.0
CD80,0.040873918753382636,0.03394595557252034,0.012949549418250996,0.1948408667148531,0.17492575630279006,1.0
PTGFR,0.03187733573783965,0.02629447201796699,0.013713388973224442,0.1248650218318352,0.12030327183710011,1.0
FRK,0.040820899091295514,0.017315424584660587,0.01654479379735161,0.23758802727960032,0.17774517393906292,1.0
TLX1,0.0,0.0,0.0,0.0,0.0,1.0
CASP7,0.09800983600229646,0.01613476935013819,0.0192556565890419,0.17989957734024706,0.1347299401205638,1.0
GABRA6,0.0,0.0,0.0,0.0,0.0,1.0
GPR19,0.0,0.0,0.0,0.0,0.0,1.0
SLC6A13,0.04825450377908989,0.024116748196068703,0.025158832186271535,0.05972394630895786,0.16801900519250274,1.0
SLC10A1,0.030684342053365704,0.026870520460100637,0.025484721828969048,0.1980647779144361,0.10419589333820502,1.0
JAK3,0.06422876862605048,0.028695566245897117,0.0528925875940235,0.16476709267509582,0.1306876822345507,1.0
CDK3,0.04938987279601528,0.05912222801086552,0.055155225865222535,0.09337092833948543,0.1333620434418749,1.0
ISLR,0.0,0.0,0.0,0.0,0.0,1.0
DNASE1L2,0.0,0.0,0.0,0.0,0.0,1.0
AGRP,0.0,0.0,0.0,0.0,0.0,1.0
ICAM4,0.04116420181518028,0.01298905850354406,0.011256057647333555,0.1438629081627038,0.11610230301036431,1.0
CNTN6,0.0,0.0,0.0,0.0,0.0,1.0
TNIP1,0.04906865204630305,0.010596245640474074,0.03701992564986539,0.2582906602098211,0.12273872119071222,1.0
ZIC3,0.0,0.0,0.0,0.0,0.0,1.0
TERT,0.0,0.0,0.0,0.0,0.0,1.0
OTC,0.0385242665721515,0.03139186603675835,0.007318626090088114,0.11974550672034853,0.17704176842202435,1.0
SLC22A1,0.04776191825860303,0.007536043922227616,0.004096370346747478,0.13680687282461057,0.1562113156677284,1.0
NR1I2,0.026238755988473438,0.019037894788997,0.015260860140639206,0.21183508376335808,0.07981006762246212,1.0
FSCN2,0.0,0.0,0.0,0.0,0.0,1.0
CEACAM4,0.032892774373834324,0.047330170508167596,0.040348888385943533,0.08761088594532346,0.11712196058591326,1.0
ALOX12,0.03951011435561058,0.01829036056831436,0.00659956418663895,0.18030405446761563,0.1587867006881763,1.0
RBMXL2,0.0,0.0,0.0,0.0,0.0,1.0
CETN1,0.0,0.0,0.0,0.0,0.0,1.0
GABRA3,0.0277618235840771,0.010298586748969489,0.009250455149514744,0.3715369633786506,0.16939811350469158,1.0
SLC9A3,0.0,0.0,0.0,0.0,0.0,1.0
USP2,0.03390835584326977,0.03484202481533671,0.012838472074089825,0.11026783343900333,0.13906972254153444,1.0
SPINK4,0.03472021021353945,0.04205726164664735,0.009865136931473813,0.13267947597449725,0.10547272557709099,1.0
TNFSF8,0.034734960340930085,0.024583364193341912,0.013459442115212356,0.15055090077115763,0.16664850360878214,1.0
NOX1,0.0405290917577428,0.016371580888352572,0.0074601204763498265,0.1707092011360744,0.13751984492592043,1.0
F9,0.0,0.0,0.0,0.0,0.0,1.0
ZFP69B,0.0,0.0,0.0,0.0,0.0,1.0
ART4,0.02978079172074608,0.010979699276598363,0.011299962400740306,0.222109829828302,0.13350328630409977,1.0
F2RL3,0.0,0.0,0.0,0.0,0.0,1.0
PLA2G10,0.0,0.0,0.0,0.0,0.0,1.0
SIGLEC7,0.03839301867772172,0.010992287591378193,0.00027500678271837894,0.21677868349497373,0.11959296372869596,1.0
AANAT,0.0,0.0,0.0,0.0,0.0,1.0
H2BC15,0.0,0.0,0.0,0.0,0.0,1.0
RFPL2,0.0,0.0,0.0,0.0,0.0,1.0
PRKACG,0.029770417988429554,0.07567355579275252,0.021100548887962436,0.12859366759326796,0.18192353475193776,1.0
CDON,0.03836363517039902,0.011085277715075444,0.008902671357938475,0.20502017587018198,0.14607553900832243,1.0
DZIP3,0.0,0.0,0.0,0.0,0.0,1.0
MITF,0.03013991241972566,0.02063693249341141,0.0006120577996531879,0.20355616972749868,0.09993342904356636,1.0
RFX3,0.0,0.0,0.0,0.0,0.0,1.0
ZNF345,0.0,0.0,0.0,0.0,0.0,1.0
KCNA3,0.0,0.0,0.0,0.0,0.0,1.0
PTPRC,0.04988424368040034,0.01858446403102638,0.011753554112891633,0.1391308796366902,0.06423376118941743,1.0
LHCGR,0.04456729971308715,0.023853217768401096,0.0046901045755747585,0.21424275554961478,0.10909923280366464,1.0
LINC01587,0.0,0.0,0.0,0.0,0.0,1.0
GRIK1,0.040331176556378384,0.027982491416414415,0.0379289363697582,0.14561954968068433,0.13617497935876707,1.0
UGT2B17,0.0,0.0,0.0,0.0,0.0,1.0
ZFY,0.0,0.0,0.0,0.0,0.0,1.0
KCNA4,0.03654437014546793,0.03917537104249707,0.0034188197583975713,0.13463469373218795,0.14473439287569373,1.0
SLC28A2,0.03738248697356654,0.01444870196409733,0.006568927411384756,0.17413872323831334,0.15188085181199923,1.0
SIX6,0.0,0.0,0.0,0.0,0.0,1.0
MEP1B,0.04022692680162772,0.04155313040459282,0.015207756399371362,0.12666834219135156,0.12108940236120508,1.0
INE1,0.0,0.0,0.0,0.0,0.0,1.0
UBN1,0.0,0.0,0.0,0.0,0.0,1.0
SLC15A1,0.03967051677878086,0.030311694097269002,0.009922744782221339,0.02578548631090443,0.111999701325363,1.0
MBL2,0.0,0.0,0.0,0.0,0.0,1.0
EPO,0.0625,0.0,0.0,0.0,0.0,1.0
DSCR4,0.0,0.0,0.0,0.0,0.0,1.0
ANKRD40CL,0.0,0.0,0.0,0.0,0.0,1.0
FEV,0.0,0.0,0.0,0.0,0.0,1.0
CNGA3,0.055148144711342634,0.044862003930695574,0.026483294537977053,0.030615848783278887,0.10840800847178592,1.0
APOF,0.0,0.0,0.0,0.0,0.0,1.0
VEZT,0.0,0.0,0.0,0.0,0.0,1.0
RBMS1,0.03635857211372452,0.012497064342026798,0.0010621453790782903,0.25559354341434065,0.1014590467010913,1.0
RIPPLY3,0.0,0.0,0.0,0.0,0.0,1.0
DEFA4,0.0,0.0,0.0,0.0,0.0,1.0
CD300C,0.03433537749363393,0.014907602527464201,0.014447941173247762,0.08698491375420998,0.0815511918783716,1.0
SPAG11B,0.0,0.0,0.0,0.0,0.0,1.0
ZNF80,0.04352132656184528,0.02318715195425025,0.009414779127131515,0.12494949924425953,0.12439417601274347,1.0
CHRNE,0.028606200962196654,0.024384883941259126,0.00546951443906449,0.23031693594737682,0.07646340209895386,1.0
CDR1,0.0,0.0,0.0,0.0,0.0,1.0
CD209,0.0332162757540609,0.022404710770171758,0.010387457283037142,0.22280027004366948,0.09561939362660304,1.0
RNF185,0.0,0.0,0.0,0.0,0.0,1.0
VCX2,0.0,0.0,0.0,0.0,0.0,1.0
MYOG,0.0,0.0,0.0,0.0,0.0,1.0
RPL23AP32,0.0,0.0,0.0,0.0,0.0,1.0
ASMTL-AS1,0.0,0.0,0.0,0.0,0.0,1.0
PRRG4,0.04695189712150217,0.014300958625927318,0.016918849361788543,0.22811511064185563,0.12222556781884775,1.0
AGTR2,0.029505949201301958,0.017015164603252874,0.006831671106695061,0.13749452868727663,0.14659370396929602,1.0
SCNN1G,0.03832001224910016,0.007460024894232032,0.0032491040605442012,0.059544903931624184,0.1709619533748537,1.0
ZNF343,0.0,0.0,0.0,0.0,0.0,1.0
SLC17A3,0.0,0.0,0.0,0.0,0.0,1.0
GRM1,0.03310716345681591,0.0023058368264651597,0.0009549236608260391,0.21306955033453845,0.1614910594137754,1.0
F7,0.0,0.0,0.0,0.0,0.0,1.0
SGCG,0.0,0.0,0.0,0.0,0.0,1.0
PDE1C,0.039289680623734974,0.02580957185769333,0.008020080071484123,0.16396614969808815,0.08564547890001481,1.0
TRAPPC8,0.0,0.0,0.0,0.0,0.0,1.0
TCF15,0.0,0.0,0.0,0.0,0.0,1.0
NOS1,0.0,0.0,0.0,0.0,0.0,1.0
DOC2B,0.0,0.0,0.0,0.0,0.0,1.0
PHKG1,0.0414515396029378,0.012219735475024371,0.007409836214487443,0.1715125924579473,0.12423254376636284,1.0
CD226,0.04204233747355581,0.007348820675249081,0.004141775804660153,0.19386545232193855,0.09783255476270658,1.0
HAS1,0.0,0.0,0.0,0.0,0.0,1.0
CASQ2,0.0,0.0,0.0,0.0,0.0,1.0
CDK13,0.06088034765362842,0.022909347618190728,0.010618608606358932,0.08393130410283255,0.1580754329248861,1.0
DSC1,0.0,0.0,0.0,0.0,0.0,1.0
MAGEA1,0.0,0.0,0.0,0.0,0.0,1.0
BTC,0.0625,0.0,0.0,0.0,0.0,1.0
EYA4,0.0,0.0,0.0,0.0,0.0,1.0
ALOX15,0.029718102775095602,0.025873311317671774,0.08413479741928759,0.2933906628071168,0.1134961034844862,1.0
MMP8,0.04393589254584286,0.03311620090853627,0.01361943631494745,0.13596501040697037,0.11492926475213701,1.0
PZP,0.0,0.0,0.0,0.0,0.0,1.0
TFRC,0.05830521903597552,0.14753587259624723,0.07309053346682962,0.1802240881038291,0.05045597561014808,1.0
NMBR,0.0,0.0,0.0,0.0,0.0,1.0
TGFBR2,0.0757983036187919,0.022725368953178803,0.0,0.13562359292341924,0.13913256550439607,1.0
ATP5ME,0.0,0.0,0.0,0.0,0.0,1.0
SOX5,0.0,0.0,0.0,0.0,0.0,1.0
CTAG2,0.0,0.0,0.0,0.0,0.0,1.0
ZNF200,0.0,0.0,0.0,0.0,0.0,1.0
LTB,0.03889379686655223,0.017237200736983933,0.0022578216160497673,0.11965267330837703,0.13767403006678725,1.0
PRTN3,0.03673344923868798,0.0103998174585439,0.005713716004543961,0.19584619685772564,0.1292899846753725,1.0
CNGB1,0.0,0.0,0.0,0.0,0.0,1.0
LYZL6,0.0,0.0,0.0,0.0,0.0,1.0
AKAP3,0.0,0.0,0.0,0.0,0.0,1.0
SH2D2A,0.06744220338662385,0.02217807766334967,0.0060867146863911575,0.12833165774993455,0.11399339080707702,1.0
GABRB2,0.050319087241683685,0.01497947728325636,0.01461038872649903,0.08333021732710438,0.11938548223969705,1.0
HMX1,0.0,0.0,0.0,0.0,0.0,1.0
CCL16,0.0,0.0,0.0,0.0,0.0,1.0
SLC1A7,0.031045610951961615,0.06049418548611334,0.008730028084316223,0.15127824675593537,0.10169509650020049,1.0
DEFB4A,0.0,0.0,0.0,0.0,0.0,1.0
NTSR1,0.03654447765321292,0.03576082441221504,0.021802607880142863,0.0830630311305254,0.12195525313021809,1.0
SLC30A4,0.02836282232671976,0.022023466031355604,0.007620549762778888,0.30338120264156954,0.11119634379348099,1.0
RS1,0.0,0.0,0.0,0.0,0.0,1.0
TEX28,0.0,0.0,0.0,0.0,0.0,1.0
KCNS1,0.03479959599400579,0.014743825500648285,0.004992941147744325,0.22542958302958782,0.12273862741398371,1.0
ATP12A,0.0,0.0,0.0,0.0,0.0,1.0
HTR1D,0.024727413427962457,0.012401909072174333,0.0014367400129147053,0.14490254930224428,0.12823485719418765,1.0
BRS3,0.0,0.0,0.0,0.0,0.0,1.0
IBSP,0.0,0.0,0.0,0.0,0.0,1.0
ENTPD2,0.04947234959331217,0.026879680384043446,0.01336891556062958,0.12565101609440665,0.2130703762114311,1.0
HOXD10,0.0,0.0,0.0,0.0,0.0,1.0
PLSCR2,0.0,0.0,0.0,0.0,0.0,1.0
IL15RA,0.05132307389575862,0.016068954778938653,0.006587756869189893,0.05438491325174119,0.18817147942138754,1.0
VENTX,0.0,0.0,0.0,0.0,0.0,1.0
PPP1R2C,0.0,0.0,0.0,0.0,0.0,1.0
TREH,0.0,0.0,0.0,0.0,0.0,1.0
EDIL3,0.03235567301258911,0.012642277074356393,0.0072796871324633285,0.14129114930104833,0.12170991026621095,1.0
ALOX12B,0.0,0.0,0.0,0.0,0.0,1.0
RHBDL1,0.0,0.0,0.0,0.0,0.0,1.0
PGLYRP1,0.0,0.0,0.0,0.0,0.0,1.0
TFDP3,0.0,0.0,0.0,0.0,0.0,1.0
CYP7B1,0.0,0.0,0.0,0.0,0.0,1.0
GK,0.04269427374676634,0.0208148176068709,0.0035587371471803974,0.12310287110916299,0.19224990246419665,1.0
GP1BA,0.03439259786539178,0.013095161813379923,0.019361564678919075,0.2530797647074194,0.11078240649391749,1.0
SMTN,0.0,0.0,0.0,0.0,0.0,1.0
PIP5K1A,0.04298409354106343,0.03548236283994133,0.030998870649508285,0.15574038872873666,0.0821674871126822,1.0
UGT2B15,0.0,0.0,0.0,0.0,0.0,1.0
HCRTR2,0.03371409535944975,0.014934040118905811,0.02332466011430107,0.22716656034157043,0.08031002888520505,1.0
BTN1A1,0.031011225605831586,0.0166469877550682,0.008618236770134088,0.26089558500489274,0.13609284052644866,1.0
ALG3,0.0,0.0,0.0,0.0,0.0,1.0
HOXD13,0.0,0.0,0.0,0.0,0.0,1.0
BFSP2,0.029117023595530454,0.03600370844834285,0.004995313731333018,0.09274804675022047,0.11955603001000871,1.0
NPY5R,0.040423131819711564,0.010872563447130444,0.006720710179979409,0.09840738622383713,0.10913447194381107,1.0
PROX1,0.042159013840455666,0.01846189363297706,0.011024434234079863,0.08943106436628609,0.16020400898430154,1.0
ZNF132,0.0,0.0,0.0,0.0,0.0,1.0
HTR1E,0.013136548404240224,0.015831900914839152,0.012941359636175796,0.24106712655785012,0.13363463350185484,1.0
RAD17,0.0,0.0,0.0,0.0,0.0,1.0
CYP7A1,0.0,0.0,0.0,0.0,0.0,1.0
CYP4A11,0.03385873711163286,0.023721550960365698,0.0017928551002628192,0.08892977972094658,0.12041207536865134,1.0
SLC22A14,0.0,0.0,0.0,0.0,0.0,1.0
LECT2,0.0,0.0,0.0,0.0,0.0,1.0
CELP,0.0,0.0,0.0,0.0,0.0,1.0
SCN5A,0.037099912603998225,0.009355408469130083,0.006305222862149631,0.12727602500273022,0.11651393229717447,1.0
PCSK6,0.0,0.0,0.0,0.0,0.0,1.0
PLA2R1,0.03652927600332995,0.038363773637104526,0.006291612482842262,0.2090718083818015,0.1248740249642881,1.0
NFATC3,0.04283639674184723,0.05387796403889813,0.026812914205351805,0.12817600091821615,0.10979807961804297,1.0
ZNF177,0.0,0.0,0.0,0.0,0.0,1.0
RAC2,0.0,0.0,0.0,0.0,0.0,1.0
COLEC10,0.0,0.0,0.0,0.0,0.0,1.0
CA5A,0.03265241787755561,0.03761167238000632,0.04396613756348049,0.1495077535420539,0.0754670281889192,1.0
ADAM20,0.0,0.0,0.0,0.0,0.0,1.0
MYF5,0.0,0.0,0.0,0.0,0.0,1.0
TNFSF4,0.03433723260304789,0.027610774349772486,0.01857536976729966,0.06623082821894269,0.11864512864092117,1.0
ACR,0.0,0.0,0.0,0.0,0.0,1.0
SLC22A2,0.04174241796707431,0.0160322997372633,0.013529484916172256,0.3525257046386758,0.11725555228026385,1.0
MSMB,0.0,0.0,0.0,0.0,0.0,1.0
BEST2,0.0,0.0,0.0,0.0,0.0,1.0
IL10,0.03201365411943917,0.022548880158043277,0.013595741580762287,0.13471406263536162,0.06863012913632191,1.0
SRRM2,0.0,0.0,0.0,0.0,0.0,1.0
SNUPN,0.03327046203692201,0.037901494396291785,0.007385895353728174,0.2366760169850737,0.06778787565108318,1.0
SMR3B,0.0,0.0,0.0,0.0,0.0,1.0
CSF3,0.03869498917349647,0.042650119113710375,0.04800499372835661,0.2364358196803728,0.06933708951792894,1.0
NR2E1,0.0625,0.0,0.0,0.0,0.0,1.0
SLC22A13,0.0,0.0,0.0,0.0,0.0,1.0
CCR9,0.04268548465358851,0.011116947191438223,0.002855957937009589,0.1515221198929483,0.14973824694456922,1.0
TLR6,0.04369633752379565,0.03298594791451084,0.0007458842285900172,0.16128219087891899,0.09540231059909794,1.0
MGAT4C,0.0,0.0,0.0,0.0,0.0,1.0
POU6F2,0.0,0.0,0.0,0.0,0.0,1.0
NKX2-8,0.0,0.0,0.0,0.0,0.0,1.0
CNTN5,0.03161336230187578,0.02666530502926833,0.015924334394145964,0.27899159977068777,0.11075859511930192,1.0
DNAJB5,0.0,0.0,0.0,0.0,0.0,1.0
GRIK3,0.036704079632424155,0.02389068842968127,0.012874357024878158,0.15837404809019376,0.11105056763109254,1.0
P2RY1,0.0,0.0,0.0,0.0,0.0,1.0
HNF4G,0.0,0.0,0.0,0.0,0.0,1.0
LY6G6D,0.0,0.0,0.0,0.0,0.0,1.0
RHPN1-AS1,0.0,0.0,0.0,0.0,0.0,1.0
GZMM,0.09739958663422012,0.01727737087918069,0.013804465267164534,0.11479284962402851,0.1169214894400702,1.0
GLRA2,0.037310343765170784,0.013121387494536035,0.006018789770735697,0.2432707258655024,0.14532722066651121,1.0
PRSS3,0.04575795493333415,0.024013248716952727,0.0213566189830023,0.14105909507060338,0.1608486430788082,1.0
SFRP5,0.0625,0.0,0.0,0.0,0.0,1.0
PIR,0.04138228289826198,0.013259269866864242,0.006274266588833085,0.24896987016773267,0.12253507497554285,1.0
RARS2,0.0,0.0,0.0,0.0,0.0,1.0
MLN,0.0,0.0,0.0,0.0,0.0,1.0
FABP2,0.02089375884083837,0.01720822860050416,0.01720493785292647,0.19357093579909124,0.12385601003901334,1.0
MEIS2,0.0,0.0,0.0,0.0,0.0,1.0
TP53TG5,0.0,0.0,0.0,0.0,0.0,1.0
TUBA4B,0.0,0.0,0.0,0.0,0.0,1.0
MOGAT2,0.0,0.0,0.0,0.0,0.0,1.0
ZNF76,0.0,0.0,0.0,0.0,0.0,1.0
MS4A2,0.030569435562928758,0.04886298424128513,0.0034001921343874693,0.239812794462528,0.06828251845890555,1.0
CYP2D6,0.031383932697132785,0.0046373736834149255,0.0067838702909652805,0.22151732050058487,0.11440902267931177,1.0
CASP5,0.0970111658243766,0.027034805736772194,0.005241898632394816,0.25890126171473543,0.20412700317681504,1.0
GUCA2B,0.0,0.0,0.0,0.0,0.0,1.0
TCP10L3,0.0,0.0,0.0,0.0,0.0,1.0
CA7,0.03469770510203546,0.020792802873693995,0.019077148520541855,0.0992159755109169,0.0887623987892591,1.0
PRKG2,0.039304425596592696,0.020610928280098147,0.006725170590723636,0.21069992629409542,0.08559162433138887,1.0
ATP5MC3,0.0,0.0,0.0,0.0,0.0,1.0
LAIR2,0.04529424796356661,0.014342558555082301,0.019704556930894714,0.10709283028229236,0.14102101791297397,1.0
BDKRB1,0.0,0.0,0.0,0.0,0.0,1.0
ZNF189,0.0,0.0,0.0,0.0,0.0,1.0
GNAT1,0.0,0.0,0.0,0.0,0.0,1.0
POLR1C,0.15848117081237428,0.04751936315689604,0.014472931290208794,0.12829284822616382,0.049523776481040505,1.0
CHRNB4,0.031060614319427724,0.004964221448259387,0.01295283762030346,0.24129056358655135,0.18514345251182568,1.0
DGKE,0.04276619263812899,0.0292447546262414,0.01053003585034926,0.1765753867183514,0.09710638631420283,1.0
SLC6A4,0.03385175884617932,0.01941193052796851,0.03813090464593616,0.17416346329193655,0.09525529719009676,1.0
TSBP1,0.0,0.0,0.0,0.0,0.0,1.0
GIPC1,0.0,0.0,0.0,0.0,0.0,1.0
IL1RL1,0.04353567339133066,0.012376137753101476,0.004817016580010346,0.1142436248139177,0.16792835336887946,1.0
KCNJ9,0.0,0.0,0.0,0.0,0.0,1.0
DEFA5,0.0,0.0,0.0,0.0,0.0,1.0
CDKN2B,0.031971674406832185,0.01530443543113601,0.009189619977652571,0.11858395769970315,0.13682281566145757,1.0
CRYGC,0.0,0.0,0.0,0.0,0.0,1.0
CRYGD,0.0,0.0,0.0,0.0,0.0,1.0
CCL1,0.038136794676799195,0.012193666211195447,0.020390907608694928,0.21884498141643802,0.08327405581785813,1.0
MAGEB1,0.0,0.0,0.0,0.0,0.0,1.0
NFKB2,0.0,0.0,0.0,0.0,0.0,1.0
TNFRSF9,0.09731234368527103,0.01143611444839308,0.01470339078633992,0.09752233668437361,0.1855815765924398,1.0
PFKFB1,0.03842219462289763,0.02036079090258531,0.0027868821868148796,0.15868815230186817,0.08180478641723861,1.0
IL4,0.0,0.0,0.0,0.0,0.0,1.0
SYK,0.0,0.0,0.0,0.0,0.0,1.0
EXOSC10,0.048262216679535314,0.04033345121053557,0.0048987534951356,0.1343823619474325,0.055732134367099076,1.0
P4HA1,0.04437350257786643,0.01865720716647461,0.015174848444133911,0.22813936969945187,0.10619696768580338,1.0
ADH6,0.0,0.0,0.0,0.0,0.0,1.0
ATP4B,0.0,0.0,0.0,0.0,0.0,1.0
GRM7,0.03637054641178762,0.022826145463081256,0.0041870657507515575,0.4171712206008581,0.12123458879405945,1.0
OPRK1,0.039405667705040504,0.02142300016449816,0.006910730984778346,0.11494787265411877,0.16301742147524861,1.0
DGKZ,0.030914362199164144,0.030559798069527723,0.016745234287580155,0.1725067450242036,0.0888402126537813,1.0
PITX2,0.0,0.0,0.0,0.0,0.0,1.0
ZMYM3,0.0,0.0,0.0,0.0,0.0,1.0
SLC28A1,0.0,0.0,0.0,0.0,0.0,1.0
ASIC3,0.02805396593418922,0.016923746171624496,0.011008212968615308,0.12680027012405742,0.12000488610733864,1.0
DGKQ,0.03899933701958443,0.014117623859544848,0.006782872393086462,0.11178223448341534,0.1515524308557071,1.0
OGT,0.3163875768986588,0.06273159028102811,0.04327275975526788,0.4024927525405705,0.08768010706222411,1.0
SLC13A2,0.03591876597834964,0.03266614844538044,0.007933129731005024,0.13485786239876776,0.10394015975182232,1.0
CHRNA6,0.03492344703455886,0.024005929098236477,0.002825226110661892,0.10824280864742435,0.16773066980680534,1.0
ROS1,0.03951804694410094,0.03326373877251605,0.004413636873925058,0.09232015130124091,0.1578360331185972,1.0
SHOX,0.0,0.0,0.0,0.0,0.0,1.0
GOLGA6A,0.0,0.0,0.0,0.0,0.0,1.0
OXT,0.048119358576997076,0.050035190035875206,0.01110666868226019,0.23785481522561872,0.15058516878722417,1.0
HTR4,0.04449979161319684,0.01205631330879792,0.008201914308436023,0.19557135020996433,0.13549137825715207,1.0
MAGEB3,0.0,0.0,0.0,0.0,0.0,1.0
PIN1P1,0.0,0.0,0.0,0.0,0.0,1.0
ABCD2,0.03307067141934176,0.010033043631012113,0.0062282679711486745,0.17864465968744284,0.09477863170308162,1.0
LPA,0.04232592731325964,0.01839247712123072,0.004227618196866366,0.2666618358590879,0.1416804100626967,1.0
RPL36AL,0.0,0.0,0.0,0.0,0.0,1.0
SHH,0.0,0.0,0.0,0.0,0.0,1.0
CRYGA,0.0,0.0,0.0,0.0,0.0,1.0
ADRA1B,0.0,0.0,0.0,0.0,0.0,1.0
CENPI,0.0,0.0,0.0,0.0,0.0,1.0
HCN2,0.03035113098433346,0.023326617269253103,0.004220724833278702,0.13221598942302445,0.09019493628810506,1.0
ABCG4,0.0,0.0,0.0,0.0,0.0,1.0
ADAM18,0.0,0.0,0.0,0.0,0.0,1.0
XRCC2,0.0,0.0,0.0,0.0,0.0,1.0
MMP20,0.03417582143408043,0.014731557197891768,0.001241237037148367,0.178466648293884,0.13470378958985985,1.0
KCNC3,0.03331667210024191,0.006551897619798314,0.0029008821755772624,0.3135343899789311,0.09033549480650285,1.0
SULT1B1,0.04747771353510469,0.020581761091397924,0.0016768149731444394,0.18155281877824447,0.12928425365269447,1.0
TMPRSS11D,0.0,0.0,0.0,0.0,0.0,1.0
ZNF117,0.0,0.0,0.0,0.0,0.0,1.0
ARHGAP12,0.0,0.0,0.0,0.0,0.0,1.0
ASCL2,0.03268976502956464,0.04122391547639241,0.002590821554030484,0.1054123281324621,0.1595644633954766,1.0
CYP1A2,0.050317100377141225,0.03684964880283121,0.01328689109817581,0.07364346556988961,0.1549533758627355,1.0
ADGRE2,0.0358831707032968,0.008641542647056681,0.022962391764041065,0.1327915356588646,0.08403356595565456,1.0
H2BC13,0.0,0.0,0.0,0.0,0.0,1.0
WNT8B,0.0,0.0,0.0,0.0,0.0,1.0
CUL1,0.0625,0.0,0.0,0.0,0.0,1.0
GAS8-AS1,0.0,0.0,0.0,0.0,0.0,1.0
BCS1L,0.0,0.0,0.0,0.0,0.0,1.0
HCRTR1,0.03941192055812045,0.013793137021384216,0.009868481395405127,0.2895860082237458,0.14641354590353303,1.0
CASK,0.04296045679404036,0.03075929355492458,0.007279996795472462,0.07860798732549054,0.129460922355824,1.0
PEMT,0.0,0.0,0.0,0.0,0.0,1.0
ABCF2,0.0,0.0,0.0,0.0,0.0,1.0
RPGR,0.0,0.0,0.0,0.0,0.0,1.0
CBFA2T2,0.0,0.0,0.0,0.0,0.0,1.0
SLC7A2,0.04603182479697119,0.03218347029431879,0.010428647294935917,0.17155187522872697,0.13839643673362192,1.0
TFCP2,0.0,0.0,0.0,0.0,0.0,1.0
BUD23,0.0,0.0,0.0,0.0,0.0,1.0
NBR2,0.0,0.0,0.0,0.0,0.0,1.0
MUSK,0.02262125006220965,0.02222592371583859,0.010860464266044121,0.12503289607413598,0.11244141972368428,1.0
PDCD1,0.09642532892572392,0.032220692443631974,0.002567577272879434,0.13964096774124693,0.1683107496533182,1.0
KCNH1,0.03758414287385534,0.022865577583357506,0.02322097142715183,0.16761458754568664,0.1884366263101075,1.0
SERPINI2,0.0,0.0,0.0,0.0,0.0,1.0
WSCD2,0.0,0.0,0.0,0.0,0.0,1.0
TMPRSS15,0.0,0.0,0.0,0.0,0.0,1.0
FZD9,0.03695838466764836,0.02383064453268895,0.0077916626794941315,0.12886550148109288,0.10652498108253289,1.0
NTN3,0.0,0.0,0.0,0.0,0.0,1.0
TNFRSF13B,0.03926230749364154,0.018171981682681707,0.006387680198864664,0.16375901143196459,0.10150977583997961,1.0
HCRT,0.04657373864982397,0.021444555411317907,0.00782966092697828,0.15971813235273766,0.14306792222008008,1.0
TNFRSF1A,0.09017126709178608,0.019288782950062904,0.005713270565900003,0.23247881485398356,0.07369760673102052,1.0
FOXH1,0.0,0.0,0.0,0.0,0.0,1.0
CDY1,0.0,0.0,0.0,0.0,0.0,1.0
DRP2,0.0,0.0,0.0,0.0,0.0,1.0
KRT37,0.0,0.0,0.0,0.0,0.0,1.0
PTGER1,0.03502080078416165,0.011477624815193087,0.01648242859977868,0.09947910244678264,0.1289087822960599,1.0
GPR171,0.060031527677627886,0.011168108537143373,0.010781823832254815,0.10416603073951368,0.11579522441491188,1.0
CMKLR1,0.046962614018306634,0.02417142515228947,0.030419533081987055,0.2174220179796948,0.18727464597165316,1.0
FOXD2,0.0,0.0,0.0,0.0,0.0,1.0
BLNK,0.04030976496921657,0.016838788365364777,0.00493297340104043,0.2266510022573076,0.16140782146812027,1.0
ADAM2,0.0,0.0,0.0,0.0,0.0,1.0
MAP2K3,0.04623951797114655,0.05150490017156168,0.008943369702259483,0.11217468052032008,0.09826501430075878,1.0
PDIA6,0.0,0.0,0.0,0.0,0.0,1.0
KRT83,0.0,0.0,0.0,0.0,0.0,1.0
KRT85,0.0,0.0,0.0,0.0,0.0,1.0
BEST1,0.038050384007346984,0.031128564365825496,0.00524945473626391,0.13774730011429182,0.1422450988635089,1.0
NPHS1,0.03452200354884121,0.031283667385294915,0.024880177060954693,0.12681730372033168,0.1602222138007077,1.0
ONECUT2,0.0,0.0,0.0,0.0,0.0,1.0
NCF4,0.02783759696029251,0.014867289791815542,0.0035828163043946292,0.2557923256562039,0.09817384946482177,1.0
SOX30,0.0,0.0,0.0,0.0,0.0,1.0
PAX3,0.0625,0.0,0.0,0.0,0.0,1.0
CXCR3,0.10815700334538632,0.0287782825670724,0.0011840861548978489,0.16630876235306358,0.14780883188974214,1.0
FOXN1,0.04303915698153614,0.020080939154932555,0.03841365422942304,0.16513267141125595,0.07544621184822088,1.0
CRYBB3,0.0,0.0,0.0,0.0,0.0,1.0
INHBC,0.04190352667220567,0.024343411363648763,0.04870699713376976,0.21239660454034665,0.10913475305160297,1.0
ALX3,0.0,0.0,0.0,0.0,0.0,1.0
CACNB4,0.036172484205381765,0.01212376391268445,0.001738655109978034,0.16172208734357452,0.10869467530783121,1.0
POU3F4,0.0,0.0,0.0,0.0,0.0,1.0
IGSF1,0.03671150879520369,0.005235721788405409,0.009806538869782996,0.19071046417507112,0.14982242221018283,1.0
LILRB2,0.0,0.0,0.0,0.0,0.0,1.0
ZFHX2,0.0,0.0,0.0,0.0,0.0,1.0
NCOA3,0.05963514010881574,0.05775017276006009,0.018560884154866078,0.10702956235897376,0.10409651102961284,1.0
YWHAH-AS1,0.0,0.0,0.0,0.0,0.0,1.0
NLGN4Y,0.0,0.0,0.0,0.0,0.0,1.0
NINL,0.0,0.0,0.0,0.0,0.0,1.0
USH2A,0.0,0.0,0.0,0.0,0.0,1.0
SEC13,0.0,0.0,0.0,0.0,0.0,1.0
ALOXE3,0.0,0.0,0.0,0.0,0.0,1.0
PRKAA2,0.04725396358449083,0.08484174427258462,0.020716557100243355,0.07191249465725166,0.1842361062104357,1.0
LCE2B,0.0,0.0,0.0,0.0,0.0,1.0
MTCL2,0.0,0.0,0.0,0.0,0.0,1.0
RBCK1,0.03895549609224591,0.015903263224885385,0.002871803300578788,0.19893002838579174,0.13732996046240728,1.0
SERPINH1,0.0,0.0,0.0,0.0,0.0,1.0
CRYGB,0.0,0.0,0.0,0.0,0.0,1.0
KRT38,0.0,0.0,0.0,0.0,0.0,1.0
PKP2,0.0,0.0,0.0,0.0,0.0,1.0
CEP170,0.03366808103377029,0.023655557063028812,0.004477496097089676,0.14367351675539522,0.06879597086933906,1.0
LORICRIN,0.0,0.0,0.0,0.0,0.0,1.0
BTBD2,0.02612070500509759,0.018500738147663308,0.015348576503890167,0.31623409127969065,0.13359969925137394,1.0
KLRC3,0.04756011995724265,0.013292676853533006,0.004927739455352075,0.11749567601416346,0.15821499157272723,1.0
POU4F2,0.0625,0.0,0.0,0.0,0.0,1.0
ESRRB,0.03295243842331726,0.026407365721542227,0.010776926611378057,0.1472724439795705,0.1589567389309759,1.0
MUTYH,0.0,0.0,0.0,0.0,0.0,1.0
CDH9,0.0,0.0,0.0,0.0,0.0,1.0
LAX1,0.033632292450751576,0.037380648149744504,0.007008760456177607,0.18135154022783578,0.13190997354166123,1.0
RNF125,0.0,0.0,0.0,0.0,0.0,1.0
NCKAP1,0.0625,0.0,0.0,0.0,0.0,1.0
NR6A1,0.0,0.0,0.0,0.0,0.0,1.0
CABP2,0.0,0.0,0.0,0.0,0.0,1.0
DOK4,0.0,0.0,0.0,0.0,0.0,1.0
PRB1,0.0,0.0,0.0,0.0,0.0,1.0
ZNF304,0.0,0.0,0.0,0.0,0.0,1.0
RASSF8,0.0,0.0,0.0,0.0,0.0,1.0
ZFP2,0.0,0.0,0.0,0.0,0.0,1.0
NCOR2,0.0,0.0,0.0,0.0,0.0,1.0
TMT1A,0.0,0.0,0.0,0.0,0.0,1.0
S100A5,0.0,0.0,0.0,0.0,0.0,1.0
ATOSB,0.0,0.0,0.0,0.0,0.0,1.0
CDKL1,0.03214157910719245,0.037703021889046895,0.04144416271042024,0.15549760885672956,0.14810690076181432,1.0
EGR4,0.03943461510891615,0.0032480131465398515,0.0014481764016992232,0.23602861689697355,0.07991750007437898,1.0
SLC5A2,0.038736505581742894,0.026483883654544366,0.004425373589018705,0.19160446101996395,0.07899419388916262,1.0
PRMT8,0.044822935616931674,0.014588157355616332,0.007112600884593473,0.08364148680222988,0.1565468197120366,1.0
ATG10,0.0,0.0625,0.0,0.0,0.0,1.0
SP140,0.0337838347577314,0.02003419867798704,0.005851094935327435,0.2772461756347815,0.12404602981032173,1.0
CYLC2,0.0,0.0,0.0,0.0,0.0,1.0
ZNF711,0.0,0.0,0.0,0.0,0.0,1.0
CYP2R1,0.0,0.0,0.0,0.0,0.0,1.0
KRT33B,0.0,0.0,0.0,0.0,0.0,1.0
DPP6,0.0,0.0,0.0,0.0,0.0,1.0
RAB1A,0.0,0.0625,0.0,0.0,0.0,1.0
OPRD1,0.031281620760169444,0.03746174614787354,0.012539979033535313,0.18048608360489854,0.12413228521695352,1.0
LRP2BP,0.0,0.0,0.0,0.0,0.0,1.0
ATXN2L,0.0,0.0,0.0,0.0,0.0,1.0
ARMCX4,0.0,0.0,0.0,0.0,0.0,1.0
AKAP5,0.0,0.0,0.0,0.0,0.0,1.0
RNF10,0.0,0.0,0.0,0.0,0.0,1.0
CRISP3,0.0,0.0,0.0,0.0,0.0,1.0
CSN3,0.0,0.0,0.0,0.0,0.0,1.0
FCN2,0.0,0.0,0.0,0.0,0.0,1.0
PSMD9,0.0625,0.0,0.0,0.0,0.0,1.0
PROS1,0.0,0.0,0.0,0.0,0.0,1.0
ATP6AP1,0.0,0.0,0.0,0.0,0.0,1.0
F13B,0.0,0.0,0.0,0.0,0.0,1.0
KRT12,0.03138860923398543,0.010950582859910483,0.019103966169544635,0.14609341676511167,0.11922814666652845,1.0
FDXR,0.03187824836276999,0.025292744851635456,0.008670914746079297,0.15438387327167996,0.06709841800789398,1.0
DEFA6,0.0,0.0,0.0,0.0,0.0,1.0
PF4V1,0.0,0.0,0.0,0.0,0.0,1.0
LALBA,0.0625,0.0,0.0,0.0,0.0,1.0
IFNW1,0.0,0.0,0.0,0.0,0.0,1.0
HTR7,0.0358685767945059,0.014799092845468032,0.012136765452984245,0.10099684052480559,0.18569760184993042,1.0
ABCB4,0.0,0.0,0.0,0.0,0.0,1.0
ADH1A,0.026028266023959003,0.020453351368446587,0.003932128958350978,0.26944823855251815,0.11068101616676837,1.0
ID3,0.0,0.0,0.0,0.0,0.0,1.0
CENPF,0.0,0.0,0.0,0.0,0.0,1.0
BNIP1,0.0625,0.0,0.0,0.0,0.0,1.0
PPP1R8,0.0,0.0,0.0,0.0,0.0,1.0
DHPS,0.04025257037952922,0.024177699750774,0.024793407261537462,0.09101115568607882,0.11096388407812924,1.0
HLCS,0.044113370716180406,0.01612934881969629,0.01713560084440814,0.16960396070070557,0.16035478271047815,1.0
TMEM8B,0.0,0.0,0.0,0.0,0.0,1.0
CD160,0.05277457456653541,0.027397459688145553,0.019374400340009146,0.1440921740909367,0.14122087167762698,1.0
SPIN2A,0.0,0.0,0.0,0.0,0.0,1.0
CASC3,0.0,0.0,0.0,0.0,0.0,1.0
IL13,0.03672239387622159,0.027278606738053195,0.005706675175209765,0.20453694809955264,0.11986011852684539,1.0
ANAPC10,0.0,0.0,0.0,0.0,0.0,1.0
POU1F1,0.030836797180976004,0.021917580550528146,0.022092182321711576,0.11970048766525711,0.13074571215195524,1.0
MUC1,0.03505327276659236,0.03488131781683754,0.02391774358125271,0.25972504036110716,0.10797144004361114,1.0
AVP,0.0,0.0,0.0,0.0,0.0,1.0
IL2,0.033427442871311004,0.009586240172056898,0.004270002917115937,0.238422823891093,0.0790974141362776,1.0
CXCL3,0.041354405556403274,0.010110056157854116,0.0013992719468908332,0.14047868005483133,0.10916312615319383,1.0
SNCB,0.0,0.0,0.0,0.0,0.0,1.0
GYPE,0.03859770497782697,0.025234148539143835,0.016626748501934574,0.15472877571272847,0.16117670890634836,1.0
CLCC1,0.0,0.0,0.0,0.0,0.0,1.0
LILRA2,0.037222498774729815,0.005905799582118579,0.0036021292433979684,0.3087529971044946,0.16100590668041778,1.0
CHRNB3,0.037739942063957366,0.019392138593214737,0.010044184750479968,0.10098610765205271,0.1624422831293263,1.0
NCR1,0.03988443018634213,0.012147135981732497,0.008119397919517268,0.18596820580527906,0.11699613258081862,1.0
CCL22,0.03052453509314211,0.004853060546721691,0.005040340599498224,0.16116091027976107,0.09065359468172082,1.0
UPK2,0.0,0.0,0.0,0.0,0.0,1.0
ADPRH,0.0,0.0,0.0,0.0,0.0,1.0
SCN7A,0.03127031047481022,0.012378873210711315,0.020567343083673834,0.17194605667267587,0.09504665068686008,1.0
BMP8B,0.0,0.0,0.0,0.0,0.0,1.0
PAX4,0.0,0.0,0.0,0.0,0.0,1.0
CHRNA2,0.03156606180867315,0.00869182744534256,0.009313150719673976,0.13060705852825508,0.16368591982742708,1.0
ST7,0.0,0.0,0.0,0.0,0.0,1.0
CFHR4,0.0,0.0,0.0,0.0,0.0,1.0
FLNC,0.0,0.0,0.0,0.0,0.0,1.0
NVL,0.0,0.0,0.0,0.0,0.0,1.0
KRT76,0.0,0.0,0.0,0.0,0.0,1.0
ADAM11,0.0,0.0,0.0,0.0,0.0,1.0
GUCY2D,0.03756718098238203,0.016703258068711164,0.00844840828611785,0.10431712423353323,0.13381924923817262,1.0
S100G,0.0,0.0,0.0,0.0,0.0,1.0
CALCR,0.036261298319920296,0.02563220334762213,0.010089670273141383,0.11609647602947837,0.1548862933858603,1.0
MMP25,0.0,0.0,0.0,0.0,0.0,1.0
CD40LG,0.0306694331829253,0.0034957815056925402,0.0017534855880642396,0.30827390429678925,0.13645846669508338,1.0
SRY,0.0,0.0,0.0,0.0,0.0,1.0
NAALADL1,0.0,0.0,0.0,0.0,0.0,1.0
CRHR2,0.0,0.0,0.0,0.0,0.0,1.0
GIP,0.0,0.0,0.0,0.0,0.0,1.0
CCL17,0.03840853665985692,0.016824796043912203,0.01943184376526371,0.09682814997424748,0.11243190936963185,1.0
IL12B,0.03320378548497534,0.019889573566641793,0.01137004215026848,0.1280222283933115,0.12116425916994768,1.0
LNPEP,0.04595164242467335,0.028144743751374282,0.01059908211952154,0.18011238537372762,0.14208338268055545,1.0
IL3,0.0625,0.0,0.0,0.0,0.0,1.0
TNFSF14,0.09063968702148291,0.026563148544734766,0.007102979479247909,0.17235630259597837,0.07580205779138921,1.0
KRT2,0.0,0.0,0.0,0.0,0.0,1.0
SCGB1D1,0.0,0.0,0.0,0.0,0.0,1.0
TGM5,0.0,0.0,0.0,0.0,0.0,1.0
CYP2F1,0.0,0.0,0.0,0.0,0.0,1.0
EVX1,0.0,0.0,0.0,0.0,0.0,1.0
ART1,0.03197528647931802,0.03219799783878757,0.006557339570116552,0.2076295830374096,0.16588869955629582,1.0
MAEA,0.0,0.0,0.0,0.0,0.0,1.0
CST5,0.0,0.0,0.0,0.0,0.0,1.0
GP5,0.03814874744842964,0.015260017683085877,0.010382446764366518,0.20223519029013565,0.11109434829866041,1.0
GRPR,0.04069525626636186,0.0383330282414925,0.005450786021271058,0.12670098188293535,0.11616181304791492,1.0
LCN1,0.0,0.0,0.0,0.0,0.0,1.0
IFNA8,0.041765446836486704,0.0239078460158132,0.0055421162632136815,0.1493617310007262,0.19246406923170778,1.0
ZP2,0.0,0.0,0.0,0.0,0.0,1.0
RFPL1,0.0,0.0,0.0,0.0,0.0,1.0
KRT13,0.0,0.0,0.0,0.0,0.0,1.0
RFPL3,0.0,0.0,0.0,0.0,0.0,1.0
PI15,0.0,0.0,0.0,0.0,0.0,1.0
PLAGL1,0.11374955586399427,0.016840752202130185,0.002432946650117151,0.1219371648159161,0.11691931494815484,1.0
OCM2,0.0,0.0,0.0,0.0,0.0,1.0
CSNK1D,0.03564094504103778,0.0258157485606946,0.017941354156803986,0.07831167788688502,0.0971226658384851,1.0
MAML3,0.0,0.0,0.0,0.0,0.0,1.0
CSN2,0.0,0.0,0.0,0.0,0.0,1.0
IL5,0.04800303315047402,0.059295209923944804,0.018080845079849597,0.15641309312978066,0.16338680994842045,1.0
CCL27,0.0,0.0,0.0,0.0,0.0,1.0
CAPN11,0.0,0.0,0.0,0.0,0.0,1.0
IFNA4,0.01576325926252027,0.03206345221749797,0.0192834645635631,0.17339051246584475,0.12127459831407754,1.0
NEUROG3,0.0,0.0,0.0,0.0,0.0,1.0
MEF2C,0.0625,0.0,0.0,0.0,0.0,1.0
GLRA1,0.04647428460053561,0.01603112976588847,0.007831413702578765,0.5093157290355885,0.1624537121066058,1.0
NR4A3,0.037435039592502904,0.014833714944330823,0.0033917942280774728,0.16770453330789675,0.11939721838277753,1.0
CD8B,0.0,0.0,0.0,0.0,0.0,1.0
CITED2,0.0,0.0,0.0,0.0,0.0,1.0
H1-6,0.0,0.0,0.0,0.0,0.0,1.0
MPP2,0.0,0.0,0.0,0.0,0.0,1.0
GNRH1,0.03746848664627903,0.02524743522478189,0.0019082818322563025,0.048678882466779,0.13784963210545798,1.0
ACRV1,0.0,0.0,0.0,0.0,0.0,1.0
AMPD3,0.0,0.0,0.0,0.0,0.0,1.0
CHP1,0.049021848667425774,0.01792661188664557,0.008364458506668953,0.10628728858205104,0.1103170709520457,1.0
OPRM1,0.02550521119659388,0.03695661719059462,0.012147189847044652,0.17998714444415537,0.13117482630282443,1.0
LDLRAD4,0.0,0.0,0.0,0.0,0.0,1.0
GML,0.0625,0.0,0.0,0.0,0.0,1.0
ACOT7,0.0,0.0,0.0,0.0,0.0,1.0
NFAT5,0.02800850583797139,0.01830523591220079,0.017425250837606723,0.246033490841201,0.04790272363849808,1.0
OPRPN,0.0,0.0,0.0,0.0,0.0,1.0
NTN1,0.0625,0.0,0.0,0.0,0.0,1.0
FOXI1,0.0,0.0,0.0,0.0,0.0,1.0
TBC1D29P,0.0,0.0,0.0,0.0,0.0,1.0
ARHGEF16,0.0,0.0,0.0,0.0,0.0,1.0
MCF2,0.0,0.0,0.0,0.0,0.0,1.0
HCK,0.03741522358089451,0.03407324634867411,0.020111536358184492,0.150086916665254,0.09307294235796201,1.0
ZNF157,0.0,0.0,0.0,0.0,0.0,1.0
CDC14B,0.0,0.0,0.0,0.0,0.0,1.0
HMGA2,0.0,0.0,0.0,0.0,0.0,1.0
LAPTM4B,0.0,0.0,0.0,0.0,0.0,1.0
ADD1,0.0625,0.0,0.0,0.0,0.0,1.0
RFX2,0.0,0.0,0.0,0.0,0.0,1.0
ZFHX3,0.0447953800693249,0.021127184450425714,0.012182666700452236,0.18499554036861132,0.15503257929743863,1.0
PROZ,0.04491691047570479,0.015733412737130838,0.009041291963436098,0.25190314739561565,0.12552762306757514,1.0
GRM6,0.051651871927875105,0.04791990332113794,0.022246610558308372,0.06674204098516082,0.17644289281479902,1.0
OPN1SW,0.0,0.0,0.0,0.0,0.0,1.0
MADCAM1,0.05350148171658846,0.009827444341823264,0.00525512535511117,0.028720176631969473,0.1368806013913294,1.0
IL1RL2,0.03231193167859219,0.013089384314659204,0.005222236628893602,0.12176342071055472,0.09904703182387564,1.0
MYBPC3,0.04090434883743699,0.054514282780963666,0.0413637459682919,0.06911658943719781,0.1030039747877737,1.0
GRK1,0.0,0.0,0.0,0.0,0.0,1.0
H4C1,0.0,0.0,0.0,0.0,0.0,1.0
TACR1,0.020573599406639588,0.023780373905827185,0.003820041577312652,0.1117835355167044,0.076180719498091,1.0
CASP2,0.0625,0.0,0.0,0.0,0.0,1.0
GUCY2F,0.04660125381558118,0.023417011717561043,0.009432215552518696,0.09338457964542357,0.20116799707809488,1.0
HERC4,0.0,0.0,0.0,0.0,0.0,1.0
CBFA2T3,0.0,0.0,0.0,0.0,0.0,1.0
CCR8,0.0,0.0,0.0,0.0,0.0,1.0
PAX7,0.0,0.0,0.0,0.0,0.0,1.0
CAPN9,0.0,0.0,0.0,0.0,0.0,1.0
ST8SIA3,0.0,0.0,0.0,0.0,0.0,1.0
GTF2B,0.0,0.0,0.0,0.0,0.0,1.0
REV3L,0.04259195359307769,0.013560512133375512,0.0029191680093114108,0.287413537017539,0.11158338287649408,1.0
DGKD,0.03169062544340039,0.03748060004185276,0.008648442618774434,0.08631395161265702,0.12751008908603786,1.0
CCL7,0.035018382217953975,0.015275289044923653,0.00847445252915903,0.15679014377248104,0.09758487280742592,1.0
SIK1,0.03916394541987556,0.02221853571143297,0.01657512104968046,0.1941316022225589,0.07456120947534783,1.0
ZNF442,0.0,0.0,0.0,0.0,0.0,1.0
ITGB6,0.0,0.0,0.0,0.0,0.0,1.0
ZBP1,0.0999191662255063,0.024556799777067605,0.009080354165266834,0.15639443134314715,0.15363453391454235,1.0
CFHR5,0.031590220609302284,0.015420010808664293,0.018682011472349644,0.20457963140876392,0.11831344722418112,1.0
TDRD3,0.0,0.0,0.0,0.0,0.0,1.0
AIRE,0.04901111148409428,0.026928235985152656,0.02823377042526374,0.13342528851870092,0.16043864643528644,1.0
VOPP1,0.0,0.0,0.0,0.0,0.0,1.0
NDEL1,0.0,0.0,0.0,0.0,0.0,1.0
YJU2B,0.0,0.0,0.0,0.0,0.0,1.0
COL21A1,0.0,0.0,0.0,0.0,0.0,1.0
SEMA6C,0.0370205768196198,0.04603741393345001,0.013373308209816156,0.1034044316426523,0.10311419039751428,1.0
URM1,0.0,0.0,0.0,0.0,0.0,1.0
PSD,0.0,0.0,0.0,0.0,0.0,1.0
TSC22D4,0.0,0.0,0.0,0.0,0.0,1.0
GIPR,0.0,0.0,0.0,0.0,0.0,1.0
AVPR2,0.06093445577992493,0.016090210452176873,0.029312316134547392,0.17710274806114287,0.16520757807613823,1.0
MED25,0.0,0.0,0.0,0.0,0.0,1.0
EHD1,0.04006496285561834,0.048080562846295666,0.01801650196831455,0.02969015872702676,0.08325349228780836,1.0
PABPC3,0.0,0.0,0.0,0.0,0.0,1.0
ISG20L2,0.0,0.0,0.0,0.0,0.0,1.0
MAN1A1,0.0,0.0,0.0,0.0,0.0,1.0
LAS1L,0.0,0.0,0.0,0.0,0.0,1.0
ZNF93,0.0,0.0,0.0,0.0,0.0,1.0
PTPRO,0.03514872507226048,0.014760273102401607,0.002963540698420427,0.18798094486899466,0.1270778690616382,1.0
KCNB2,0.036309386407216315,0.02752061095059733,0.006984087930452651,0.1153839196568479,0.12998270653823857,1.0
CYP2C18,0.0,0.0,0.0,0.0,0.0,1.0
KIF25,0.0,0.0,0.0,0.0,0.0,1.0
TBXAS1,0.04663633988868283,0.022611297582964734,0.008556913956143913,0.06227282468303931,0.14162913661097865,1.0
PTGIS,0.03381982176153555,0.016939312024498398,0.006109641800428974,0.09427107070109719,0.10129565192469647,1.0
PSG2,0.05540338758041681,0.027108141837999422,0.015915330375773393,0.05828686932008002,0.1510661104981852,1.0
HNF1B,0.11882854925528882,0.0568193162084939,0.026490000215492793,0.1273861183641435,0.11986020433702885,1.0
ZNF205-AS1,0.0,0.0,0.0,0.0,0.0,1.0
ZNF611,0.0,0.0,0.0,0.0,0.0,1.0
GAST,0.02233175418919612,0.015303027763974884,0.00962361434115824,0.2006172155418734,0.07485279334070227,1.0
DRC3,0.0,0.0,0.0,0.0,0.0,1.0
DOHH,0.043875431281308636,0.008883670402065643,0.004437761184556873,0.22775969198216162,0.10626479303147507,1.0
CPVL,0.05050636584447138,0.007150070405969967,0.01014214604298952,0.1309756221875431,0.1545290988094966,1.0
CYP2C8,0.03909962556276215,0.025688622702766846,0.002605696740158971,0.2061414965145547,0.11675706011405976,1.0
MYH4,0.0,0.0,0.0,0.0,0.0,1.0
DDX11,0.0,0.0,0.0,0.0,0.0,1.0
DDX21,0.18180182170181902,0.0460003102019901,0.011271625918338597,0.13396906856401838,0.05321007269684663,1.0
FAT2,0.0,0.0,0.0,0.0,0.0,1.0
EPPK1,0.0,0.0,0.0,0.0,0.0,1.0
OSBPL1A,0.0,0.0,0.0,0.0,0.0,1.0
ABCC3,0.030162679633873004,0.034153945250326855,0.018653082573702795,0.2016759224239037,0.13914899529615518,1.0
IL9R,0.05878117721249573,0.03757084283279294,0.024203614201744605,0.13429597961970308,0.13031962534463667,1.0
PRSS16,0.036277894092325354,0.021933273372938013,0.009650302934228392,0.2717892997302864,0.10297081990175522,1.0
CHIT1,0.03215691166162788,0.028746435648871617,0.010384270946762484,0.19502240042361316,0.10131998576551848,1.0
IFNB1,0.03333782507988135,0.010596309839795759,0.00701574262714953,0.09435942012765945,0.13482260476033925,1.0
DMP1,0.0,0.0,0.0,0.0,0.0,1.0
SLC34A1,0.0,0.0,0.0,0.0,0.0,1.0
KIR2DL3,0.03830359409766726,0.014582702874757734,0.004692460714391608,0.13145591271251167,0.10332912594947083,1.0
IFNA14,0.040852488724156526,0.026196544512732692,0.0068289327114290825,0.1903488471377457,0.14541209559577764,1.0
TACR3,0.03447321655446003,0.02392265830633221,0.00637048392887195,0.24558811377764433,0.14829881876557582,1.0
LIPE,0.0,0.0,0.0,0.0,0.0,1.0
KRT9,0.0,0.0,0.0,0.0,0.0,1.0
MYO7A,0.0,0.0,0.0,0.0,0.0,1.0
LSR,0.040510681435267995,0.019951939372644292,0.015116842136722843,0.08559468358348661,0.11174012631811293,1.0
PSG4,0.029662572911942332,0.014037659198283856,0.007547756072783134,0.2739273346635547,0.11079358339303466,1.0
IL9,0.03314268016624986,0.010845811175011696,0.008805093769213804,0.1974647553645805,0.1106477227783661,1.0
TTN,0.03110031104534145,0.02401047995171209,0.01032677854543914,0.1949909631947974,0.07172557682546912,1.0
DUX4L8,0.0,0.0,0.0,0.0,0.0,1.0
CAV3,0.04032948481227586,0.015130721047844128,0.0003226603176995919,0.1215376128199846,0.14605367124196816,1.0
PCDHA9,0.0,0.0,0.0,0.0,0.0,1.0
MYH13,0.0,0.0,0.0,0.0,0.0,1.0
C4BPB,0.028362245364692243,0.02095437351607776,0.006945231584881959,0.21760246610177586,0.09328193001214968,1.0
MAS1,0.0,0.0,0.0,0.0,0.0,1.0
ALK,0.03273828761182016,0.034007464589094816,0.0025918540338147984,0.24532996168492222,0.19257000029696075,1.0
ADRB1,0.033817938916477275,0.025057742908719215,0.009395048838536108,0.23771762362858498,0.19943432347082207,1.0
DRD4,0.033953508424593715,0.018674260870617545,0.01584468722619517,0.16325956338378708,0.17368656265672933,1.0
DLX4,0.0,0.0,0.0,0.0,0.0,1.0
GABRR2,0.042766635692460406,0.08438749927256466,0.028415678761393413,0.09820088483124716,0.11592598525729472,1.0
AMELY,0.0,0.0,0.0,0.0,0.0,1.0
HOXB1,0.0,0.0,0.0,0.0,0.0,1.0
RAX,0.0,0.0,0.0,0.0,0.0,1.0
BMP3,0.0,0.0,0.0,0.0,0.0,1.0
RAB9BP1,0.0,0.0,0.0,0.0,0.0,1.0
TGDS,0.0,0.0,0.0,0.0,0.0,1.0
DMBT1,0.0551552580407115,0.013340534694270479,0.005382300890266133,0.05783363188148028,0.17457740870855423,1.0
KCNC4,0.052793211381120767,0.019332450087492885,0.02069818432366314,0.07197036276301265,0.10558657030507058,1.0
SIGLEC8,0.04361833844562142,0.029393258917521405,0.020138053690934,0.0376730363721355,0.18368127230200984,1.0
FKBP8,0.0625,0.0,0.0,0.0,0.0,1.0
EFNA2,0.0,0.0,0.0,0.0,0.0,1.0
IFNA7,0.03611312272834383,0.0076004436800636505,0.0040304617803267676,0.20148800515649878,0.12932242612779926,1.0
AVPR1B,0.0,0.0,0.0,0.0,0.0,1.0
IFNA10,0.03992981987228895,0.012061705629540138,0.006366342782588365,0.21606870749592388,0.16801021219100906,1.0
MEFV,0.03597503505934293,0.019399683605278974,0.021972278787643535,0.14163079967284717,0.10541178143429335,1.0
SLC19A4P,0.0,0.0,0.0,0.0,0.0,1.0
TRPV5,0.04333431480572417,0.016622343231973393,0.007899945437344928,0.14512350682621147,0.18556124757952625,1.0
RNPEP,0.029065704555226307,0.04864771913392867,0.009621757918715449,0.19039119951969039,0.11456371361082633,1.0
PAPOLB,0.0,0.0,0.0,0.0,0.0,1.0
ZNF695,0.0,0.0,0.0,0.0,0.0,1.0
OCLM,0.0,0.0,0.0,0.0,0.0,1.0
UTF1,0.0,0.0,0.0,0.0,0.0,1.0
PITX3,0.0,0.0,0.0,0.0,0.0,1.0
FBXW10B,0.0,0.0,0.0,0.0,0.0,1.0
GAGE1,0.0,0.0,0.0,0.0,0.0,1.0
GGT1,0.0,0.0,0.0,0.0,0.0,1.0
OR7A5,0.0,0.0,0.0,0.0,0.0,1.0
HCG9,0.0,0.0,0.0,0.0,0.0,1.0
EI24,0.0625,0.0,0.0,0.0,0.0,1.0
TH,0.04547866324415417,0.01840122327659073,0.015782649626337554,0.20966611414374373,0.15844393440797863,1.0
BMP10,0.0,0.0,0.0,0.0,0.0,1.0
PTPRH,0.1041910852583479,0.010370234127812013,0.007128148310006802,0.12167685302192294,0.10406205609409719,1.0
HMHB1,0.0,0.0,0.0,0.0,0.0,1.0
CRLF2,0.0,0.0,0.0,0.0,0.0,1.0
CCR3,0.02828903322696636,0.01764552067963704,0.008395616310140217,0.28844549695314986,0.15116284505177963,1.0
PGR,0.03461287017234393,0.03785109922594867,0.006556118539105449,0.23251439663443624,0.08578609585099642,1.0
HLA-DRB1,0.03756834628114311,0.01912197680493087,0.014933544380468518,0.21667134363616986,0.14093701511672752,1.0
GPI,0.0,0.0,0.0,0.0,0.0,1.0
MALT1,0.0,0.0,0.0,0.0,0.0,1.0
GPR50,0.0,0.0,0.0,0.0,0.0,1.0
SF1,0.0,0.0,0.0,0.0,0.0,1.0
RRH,0.0,0.0,0.0,0.0,0.0,1.0
OCRL,0.0,0.0,0.0,0.0,0.0,1.0
XYLB,0.026508658088229633,0.02284500152035969,0.006519496171772054,0.1370688409354329,0.09340745630260616,1.0
RBM3,0.0,0.0,0.0,0.0,0.0,1.0
CABP1,0.0,0.0,0.0,0.0,0.0,1.0
ST3GAL1,0.0,0.0,0.0,0.0,0.0,1.0
ANXA13,0.0,0.0,0.0,0.0,0.0,1.0
AKAP13,0.0,0.0,0.0,0.0,0.0,1.0
CYP2A13,0.0,0.0,0.0,0.0,0.0,1.0
PBOV1,0.0,0.0,0.0,0.0,0.0,1.0
ALX4,0.0,0.0,0.0,0.0,0.0,1.0
BPY2,0.0,0.0,0.0,0.0,0.0,1.0
PRY,0.0,0.0,0.0,0.0,0.0,1.0
LHX5,0.0,0.0,0.0,0.0,0.0,1.0
NDST4,0.0,0.0,0.0,0.0,0.0,1.0
ACKR1,0.046621778267297284,0.037046422937253125,0.027521024637444783,0.10914843027514975,0.08402239105703224,1.0
TECR,0.0,0.0,0.0,0.0,0.0,1.0
P2RX3,0.0,0.0,0.0,0.0,0.0,1.0
POU3F1,0.0,0.0,0.0,0.0,0.0,1.0
PPBPP2,0.0,0.0,0.0,0.0,0.0,1.0
CSN1S1,0.0,0.0,0.0,0.0,0.0,1.0
UGT8,0.0,0.0,0.0,0.0,0.0,1.0
KCNJ4,0.02984411219848651,0.025404496258913223,0.016496884116087577,0.14487297480391392,0.09193285134562929,1.0
POLR3D,0.0,0.0,0.0,0.0,0.0,1.0
GRK4,0.040214555954279106,0.022181794618279953,0.005094843096385202,0.14459739196553015,0.10344910408930874,1.0
PCDH11X,0.0,0.0,0.0,0.0,0.0,1.0
BRCA2,0.027987248345035815,0.01686451726564924,0.008799640001437101,0.1109979368172792,0.16768243448848502,1.0
GCDH,0.03637165427923697,0.014356902021976781,0.0062214662984538425,0.19786821124689044,0.10714582665681319,1.0
RCAN1,0.0,0.0,0.0,0.0,0.0,1.0
P2RY6,0.0,0.0,0.0,0.0,0.0,1.0
CAPZA1,0.0,0.0,0.0,0.0,0.0,1.0
IFNA1,0.052280518491728455,0.02098059066637615,0.0025523588778261904,0.3774601129896793,0.15377888148111235,1.0
CCR4,0.03128044215205797,0.014954821766477156,0.010121799671362303,0.07626157116590374,0.16088741909437537,1.0
CACNA1F,0.03147171419350119,0.035270963432733095,0.011208230207955736,0.3894138783520053,0.09750136582803684,1.0
LBX1,0.0,0.0,0.0,0.0,0.0,1.0
PCK1,0.043863703772305085,0.04573699695647896,0.007505832231478748,0.15148656341993907,0.08602082402448422,1.0
DMC1,0.0,0.0,0.0,0.0,0.0,1.0
SLC1A2,0.03560187133892709,0.025470154188539113,0.010784334295224799,0.10654071547438093,0.11647553042152609,1.0
ESM1,0.0,0.0,0.0,0.0,0.0,1.0
PDE1A,0.050076211604369716,0.009983899337187529,0.017813426415158783,0.31011822049743976,0.1803860206384636,1.0
TBPL1,0.0,0.0,0.0,0.0,0.0,1.0
EDN3,0.0,0.0,0.0,0.0,0.0,1.0
GLP1R,0.028328398240962498,0.01773616049407205,0.007164745017345572,0.1905367711346064,0.06234634786896048,1.0
KCNJ5,0.03237126663623389,0.01876464483008354,0.005512713562890492,0.11104490636337329,0.13421096535314875,1.0
GRAP2,0.0457485754235946,0.015900164378665597,0.01809591650241605,0.1439985519130686,0.13852149317886403,1.0
CTNND1,0.0,0.0,0.0,0.0,0.0,1.0
SLC14A2,0.0,0.0,0.0,0.0,0.0,1.0
AMELX,0.0,0.0,0.0,0.0,0.0,1.0
PPEF2,0.0,0.0,0.0,0.0,0.0,1.0
HOXB3,0.0,0.0,0.0,0.0,0.0,1.0
FGF6,0.0,0.0,0.0,0.0,0.0,1.0
CIAPIN1,0.0625,0.0,0.0,0.0,0.0,1.0
TANC2,0.0,0.0,0.0,0.0,0.0,1.0
ELAVL2,0.0,0.0,0.0,0.0,0.0,1.0
CACNA1E,0.0,0.0,0.0,0.0,0.0,1.0
LRP8,0.033013919609117516,0.025929538127216045,0.018570130315083627,0.18588169298536175,0.07914894279386166,1.0
IRF7,0.03461155386625485,0.0189999019920823,0.0025185671179155343,0.2245939293363544,0.12029115745842012,1.0
CLCN1,0.03742760556760062,0.015261000900271783,0.011680869264671117,0.2336893760930282,0.11915101121742416,1.0
FGR,0.034990016267483916,0.01903221793840478,0.005798802801459948,0.1973954930689013,0.15069339773475018,1.0
LINC01565,0.0,0.0,0.0,0.0,0.0,1.0
BAZ1B,0.042255477954059914,0.04479039647626948,0.03559964765891789,0.18831887703239691,0.08285844991527375,1.0
IFNA16,0.032506430342517385,0.03493555204286478,0.0028192175911319253,0.18423087611700312,0.08947321915930151,1.0
FGF8,0.0625,0.0,0.0,0.0,0.0,1.0
LGALS2,0.04826110553289681,0.0199368500837911,0.008899855968514461,0.3190035460741009,0.14045925121808034,1.0
GABRD,0.030119223199394515,0.015419878430312573,0.01257476759977462,0.3069905102705357,0.11068584087182909,1.0
SCNN1D,0.0335954430924308,0.0188217441122996,0.0011262373451180925,0.3787627439316622,0.07373155954392074,1.0
GJC1,0.05545610989522978,0.07939423205917298,0.02370463755452049,0.11288031584337962,0.12631888972039443,1.0
HIC1,0.0,0.0,0.0,0.0,0.0,1.0
GABRA4,0.028587194138481455,0.01249556601412274,0.003145286433571928,0.21069138491467995,0.11775569046054714,1.0
GRIA4,0.03147665405539747,0.04603202098364746,0.007982906581799553,0.12019449909307016,0.07811597685468762,1.0
GRM2,0.035688870776397666,0.00704897092689525,0.0036281673705987737,0.3030366890750169,0.13344909654649698,1.0
RAB3D,0.0,0.0,0.0,0.0,0.0,1.0
SOX21,0.0,0.0,0.0,0.0,0.0,1.0
HPR,0.0,0.0,0.0,0.0,0.0,1.0
IKZF4,0.0,0.0,0.0,0.0,0.0,1.0
CLDN6,0.0,0.0,0.0,0.0,0.0,1.0
FRMD4A,0.0,0.0,0.0,0.0,0.0,1.0
KCNC1,0.03730109814072787,0.03822759172653234,0.03506701748504265,0.09244106794943,0.16643020887800036,1.0
BAX,0.10548519723298569,0.03169638906620527,0.017707479470175112,0.2152926810315253,0.17971087281743026,1.0
KCNA1,0.02466015221201312,0.0240303791946671,0.01207698603623902,0.13304454166393775,0.1242959575531888,1.0
ASB4,0.0,0.0,0.0,0.0,0.0,1.0
SSTR1,0.0,0.0,0.0,0.0,0.0,1.0
KRT33A,0.0,0.0,0.0,0.0,0.0,1.0
H1-1,0.0625,0.0,0.0,0.0,0.0,1.0
DRD5,0.041681541990283066,0.002673858261089988,0.015557581015167812,0.23831272159098077,0.22040453183854192,1.0
LMX1B,0.02763753707154339,0.011898159668605496,0.007438691423353754,0.24487398206752098,0.11380263438390634,1.0
CR1,0.03887435050861661,0.0325824711902417,0.007873575935398083,0.16553313160181446,0.1160960846558852,1.0
GJA8,0.04263452828150318,0.014764422698612311,0.0037755707452157895,0.18301306561554745,0.11108021707517958,1.0
PGM5,0.0,0.0,0.0,0.0,0.0,1.0
RFXAP,0.04034750087171169,0.00978412305540528,0.006063076564403189,0.14385293110283653,0.12856452373836297,1.0
SLC6A7,0.0,0.0,0.0,0.0,0.0,1.0
TLX3,0.0,0.0,0.0,0.0,0.0,1.0
NEUROG1,0.0,0.0,0.0,0.0,0.0,1.0
DNAJC3,0.0,0.0,0.0,0.0,0.0,1.0
FOXD3,0.0,0.0,0.0,0.0,0.0,1.0
GFI1B,0.0,0.0,0.0,0.0,0.0,1.0
PITX1,0.0,0.0,0.0,0.0,0.0,1.0
PCDHB11,0.0,0.0,0.0,0.0,0.0,1.0
OR7C2,0.0,0.0,0.0,0.0,0.0,1.0
OR7A17,0.0,0.0,0.0,0.0,0.0,1.0
PPARG,0.04074710069045836,0.037257696565954235,0.0069286744164388046,0.24810912732482596,0.14069866229799155,1.0
PTTG3P,0.0,0.0,0.0,0.0,0.0,1.0
FOXB1,0.0,0.0,0.0,0.0,0.0,1.0
KCNE1,0.029667126928374348,0.01786090178634792,0.0012695472851038461,0.22249232560649337,0.07230018845407792,1.0
H2BC14,0.0,0.0,0.0,0.0,0.0,1.0
MTNR1B,0.024232196681674464,0.010136360385904973,0.0048795794346851535,0.36560478758462595,0.10081079107807828,1.0
BTF3,0.0,0.0,0.0,0.0,0.0,1.0
GNRH2,0.0,0.0,0.0,0.0,0.0,1.0
OR10H3,0.0,0.0,0.0,0.0,0.0,1.0
OR5I1,0.0,0.0,0.0,0.0,0.0,1.0
GPR15,0.0,0.0,0.0,0.0,0.0,1.0
OR2F1,0.0,0.0,0.0,0.0,0.0,1.0
RARB,0.10988122170698959,0.03186317496979249,0.0184320036895636,0.06324327343990577,0.1615182479135785,1.0
KRTAP5-8,0.0,0.0,0.0,0.0,0.0,1.0
SOX1,0.0,0.0,0.0,0.0,0.0,1.0
S1PR2,0.026298778625054867,0.013331747569031067,0.012054526316067054,0.25277262513131527,0.1461675710132141,1.0
SPRR2B,0.0,0.0,0.0,0.0,0.0,1.0
ZNF208,0.0,0.0,0.0,0.0,0.0,1.0
OR10H2,0.0,0.0,0.0,0.0,0.0,1.0
ADRA2B,0.02852954446903429,0.021775925205964414,0.01087997636118447,0.21919112237505678,0.09001503325444438,1.0
H2BC9,0.0,0.0,0.0,0.0,0.0,1.0
H2BC3,0.0,0.0,0.0,0.0,0.0,1.0
IFNA6,0.0,0.0,0.0,0.0625,0.0,1.0
KCNG2,0.0,0.0,0.0,0.0,0.0,1.0
H4C7,0.0,0.0,0.0,0.0,0.0,1.0
GRIK4,0.03410712985423504,0.011451593120433496,0.017549874166489163,0.20369108047064313,0.15442061527781575,1.0
H1-4,0.0625,0.0,0.0,0.0,0.0,1.0
POU4F3,0.0,0.0,0.0,0.0,0.0,1.0
CST2,0.0,0.0,0.0,0.0,0.0,1.0
GPR31,0.0,0.0,0.0,0.0,0.0,1.0
HOXA6,0.0,0.0,0.0,0.0,0.0,1.0
OR10H1,0.0,0.0,0.0,0.0,0.0,1.0
KCNA10,0.04235051802823968,0.032844446812042155,0.021275669398061553,0.0922859261052778,0.14229913549645445,1.0
ABCC9,0.04696185985529328,0.05310255807827828,0.009011308228517114,0.06332133558322983,0.1068941158466076,1.0
POU3F3,0.0,0.0,0.0,0.0,0.0,1.0
KCNA2,0.025192211497156766,0.021358434657392754,0.0032221436220197736,0.22542521991288264,0.09802740832089137,1.0
MC5R,0.0,0.0,0.0,0.0,0.0,1.0
WNT1,0.0401487713769042,0.01228528383333545,0.014283194231914355,0.2083960156059686,0.11060025420384345,1.0
H3-4,0.0,0.0,0.0,0.0,0.0,1.0
OR2H2,0.0,0.0,0.0,0.0,0.0,1.0
SOX14,0.0,0.0,0.0,0.0,0.0,1.0
H3C1,0.0,0.0,0.0,0.0,0.0,1.0
SCN10A,0.03325608059345954,0.010149010446594477,0.00982602479459086,0.14897885430395794,0.17185568412457247,1.0
H2AC14,0.0,0.0,0.0,0.0625,0.0,1.0
BTN2A3P,0.0,0.0,0.0,0.0,0.0,1.0
TRPC7,0.031031485203697928,0.02276298726730391,0.004598555088410566,0.2793673695472016,0.13344360851553944,1.0
GJA3,0.03552838402621049,0.013809522746100936,0.004045320241206864,0.25734880261451687,0.12367994263583097,1.0
MBD1,0.0,0.0,0.0,0.0,0.0,1.0
HUWE1,0.04771998453808957,0.02493158940231112,0.011944481641077082,0.21063891480143712,0.10485609915918401,1.0
GPR39,0.0,0.0,0.0,0.0,0.0,1.0
TUBB1,0.023071001151300608,0.03355754006811531,0.0016338282585000373,0.20882587404851988,0.08913853516186099,1.0
MAPK8IP2,0.0,0.0,0.0,0.0,0.0,1.0
HOXA3,0.054559206270562904,0.02108051736860664,0.005719167914405628,0.0586332889999521,0.16037870722174866,1.0
NTRK1,0.09815638064492341,0.028595624995313422,0.025180045180178537,0.15997765357389862,0.15471154130301507,1.0
WNT4,0.0,0.0,0.0,0.0,0.0,1.0
SNTB1,0.0,0.0,0.0,0.0,0.0,1.0
TNXB,0.0,0.0,0.0,0.0,0.0,1.0
SPTAN1,0.10240021156862343,0.03905515288749209,0.013047377799479322,0.09012098417270584,0.1454892757170846,1.0
PDIA3,0.0,0.0,0.0,0.0,0.0,1.0
FLNB,0.03338008523680118,0.024304108964581142,0.002992013165435648,0.09400153714459397,0.09810480409488176,1.0
PTP4A2,0.0,0.0,0.0,0.0,0.0,1.0
DDB1,0.0625,0.0,0.0,0.0,0.0,1.0
PCBP1,0.0,0.0,0.0625,0.0,0.0,1.0
EZR,0.0,0.0,0.0,0.0,0.0,1.0
EIF4G1,0.1159526990471474,0.01728805655476815,0.004746811040227971,0.16082557466615108,0.11326554827899746,1.0
VAT1,0.0,0.0,0.0,0.0,0.0,1.0
YBX1,0.0,0.0,0.0,0.0,0.0,1.0
HADHA,0.03234879948698183,0.020457820931243407,0.004644368879030756,0.20052392985403583,0.13561126795980788,1.0
MACF1,0.0,0.0,0.0,0.0,0.0,1.0
NACA,0.0,0.0,0.0,0.0,0.0,1.0
ACTN1,0.0,0.0,0.0,0.0,0.0,1.0
RAC1,0.08058373495127039,0.08664609900424593,0.03326259758914776,0.12292386394178564,0.1076897719423335,1.0
XRCC5,0.0,0.0,0.0,0.0,0.0,1.0
PARP1,0.09320335360429337,0.04341353444531185,0.017726046328762783,0.2927004213190325,0.10745537262406493,1.0
RPS14,0.0,0.0,0.0,0.0,0.0,1.0
RPS14P3,0.0,0.0,0.0,0.0,0.0,1.0
FDFT1,0.03660274602758824,0.05222640895593422,0.06592580473200155,0.12116054030238618,0.09116128956612377,1.0
VCP,0.2852957592535681,0.37406461813147396,0.3975140314812817,0.09745427378243067,0.043986980378197454,1.0
PPP2CA,0.04962484291149968,0.10690346373985458,0.096846828378191,0.1385692159893727,0.10061315309916885,1.0
CD164,0.0,0.0,0.0,0.0,0.0,1.0
CCNI,0.0,0.0,0.0,0.0,0.0,1.0
CLIC1,0.0,0.0,0.0,0.0,0.0,1.0
CS,0.03810985072826009,0.030272853711130292,0.031766730894829606,0.1399130715831817,0.10129959930997058,1.0
ST13,0.0,0.0,0.0,0.0,0.0,1.0
HMGN2,0.0,0.0,0.0,0.0,0.0,1.0
SERINC1,0.0,0.0,0.0,0.0,0.0,1.0
SRSF3,0.0,0.0,0.0,0.0,0.0,1.0
DDOST,0.0,0.0,0.0,0.0,0.0,1.0
PA2G4,0.0,0.0,0.0,0.0,0.0,1.0
BSG,0.026036104077893283,0.02342178910986387,0.0035079517268752263,0.23708234895769983,0.13321418168476545,1.0
ATP6V1E1,0.0,0.0,0.0,0.0,0.0,1.0
PRDX1,0.08243637771054253,0.00491043520646296,0.0018316363627789872,0.2288737191384549,0.07571054297896082,1.0
MAGED2,0.0,0.0,0.0,0.0,0.0,1.0
CAPN2,0.0625,0.0,0.0,0.0625,0.0,1.0
COPA,0.1992998031060974,0.43594962035814633,0.3421132122969342,0.13727599510592317,0.02135187446914552,1.0
HSPA8,0.0,0.0,0.0,0.0,0.0,1.0
RPN2,0.0,0.0,0.0,0.0,0.0,1.0
PDLIM1,0.03367881599662645,0.030301767572782422,0.021489125709795567,0.15903379957395578,0.11448311075302692,1.0
RPS3,0.0625,0.0,0.0,0.0,0.0,1.0
GARS1,0.0,0.0,0.0,0.0,0.0,1.0
PRKDC,0.0,0.0,0.0,0.0,0.0,1.0
RPL39,0.0,0.0,0.0,0.0,0.0,1.0
CCT5,0.0,0.0,0.0,0.0,0.0,1.0
EIF3E,0.0,0.0,0.0,0.0,0.0,1.0
TKT,0.0,0.0,0.0,0.0,0.0,1.0
APLP2,0.0,0.0,0.0,0.0,0.0,1.0
EIF5,0.03263544748739273,0.012744683313940504,0.0069078108948724855,0.11263460815637535,0.09097167453615954,1.0
NRDC,0.0,0.0,0.0,0.0,0.0,1.0
CCND1,0.21228373139917567,0.12617881915355725,0.08647755604278796,0.10384054452726497,0.057114389129839634,1.0
HNRNPUL1,0.0,0.0,0.0,0.0,0.0,1.0
NDUFV1,0.0337266536100332,0.02147997399068166,0.024201182535873375,0.3054142400603325,0.08916269332727846,1.0
TMCO1,0.0,0.0,0.0,0.0,0.0,1.0
OXA1L,0.0,0.0,0.0,0.0,0.0,1.0
DDX17,0.0,0.0,0.0,0.0,0.0,1.0
RBM39,0.0,0.0,0.0,0.0,0.0,1.0
USP11,0.0,0.0,0.0,0.0,0.0,1.0
EIF2S2,0.0,0.0,0.0,0.0,0.0,1.0
CDC42,0.069131324094555,0.07894190575095715,0.02105061268401945,0.1957220797829008,0.12283573797377861,1.0
HLA-B,0.0,0.0,0.0,0.0,0.0,1.0
RAB2A,0.0,0.0,0.0,0.0,0.0,1.0
CTDSP2,0.0,0.0,0.0,0.0,0.0,1.0
ARPC3,0.0727017708215987,0.0910874405970929,0.04072596705334254,0.10881337926883983,0.07864507153708335,1.0
ATP6V1G1,0.0,0.0,0.0,0.0,0.0,1.0
SAP18,0.0,0.0,0.0,0.0,0.0,1.0
YWHAB,0.0625,0.0,0.0,0.0,0.0,1.0
C1S,0.03222266187190453,0.03791030967079226,0.022940684257801776,0.0959302512530771,0.13693553572416842,1.0
NAPA,0.0,0.0,0.0,0.0,0.0,1.0
EIF3I,0.0,0.0,0.0,0.0,0.0,1.0
TMED9,0.0,0.0,0.0,0.0,0.0,1.0
ATIC,0.042906098244175524,0.019927201218837787,0.01276574478455358,0.06369459425231515,0.16968894627951314,1.0
NCSTN,0.0,0.0,0.0,0.0,0.0,1.0
SUMO1,0.0,0.0,0.0,0.0,0.0,1.0
TSC22D3,0.0,0.0,0.0,0.0,0.0,1.0
ATP5MC2,0.0,0.0,0.0,0.0,0.0,1.0
HNRNPR,0.0,0.0,0.0,0.0,0.0,1.0
RPL22,0.0,0.0,0.0,0.0,0.0,1.0
EIF4EBP2,0.0,0.0,0.0,0.0,0.0,1.0
LTA4H,0.034327239262476744,0.02157725618018178,0.009595978387183655,0.21022795018329254,0.06865528146852688,1.0
XPO1,0.42569937811984015,0.1739705002536291,0.022583101591457773,0.13316637510205453,0.0656206251991895,1.0
PSMD11,0.0625,0.0,0.0,0.0,0.0,1.0
TCP1,0.0,0.0,0.0,0.0,0.0,1.0
VAPA,0.0,0.0,0.0,0.0,0.0,1.0
FSTL1,0.0,0.0,0.0,0.0,0.0,1.0
CD46,0.043317669094483084,0.0033917238512656545,0.0114437557826884,0.2842724999848131,0.16075225498659762,1.0
MAP1LC3B,0.0,0.0625,0.0625,0.0,0.0,1.0
MRPL3,0.0,0.0,0.0,0.0,0.0,1.0
ELOVL5,0.0,0.0,0.0,0.0,0.0,1.0
CAVIN1,0.05153964491795937,0.011486105520376827,0.028234235638722856,0.1051501637582029,0.08537012786891719,1.0
CLU,0.0625,0.0,0.0,0.0,0.0,1.0
MCM7,0.0,0.0,0.0,0.0,0.0,1.0
CCNG1,0.0,0.0,0.0,0.0,0.0,1.0
GOLGA8A,0.0,0.0,0.0,0.0,0.0,1.0
PSMB5,0.233772527168446,0.373415376550148,0.5461934960098931,0.13161264807156114,0.07359525353281561,1.0
SRP72,0.0,0.0,0.0,0.0,0.0,1.0
SRSF6,0.0,0.0,0.0,0.0,0.0,1.0
PSMA6,0.0625,0.0,0.0,0.0,0.0,1.0
CHD3,0.038632152781025365,0.03499794296560807,0.018278966830191756,0.18181244177804176,0.10831705699479753,1.0
HMGB2,0.0625,0.0,0.0,0.0,0.0,1.0
C6orf62,0.0,0.0,0.0,0.0,0.0,1.0
GOT1,0.04038671926151839,0.016864340923154465,0.015102932444030132,0.1585334018207714,0.14735114638597802,1.0
ANXA2P2,0.0,0.0,0.0,0.0,0.0,1.0
COMT,0.05129526281100269,0.03170613795278367,0.01408517859991283,0.12826882117358146,0.15837953426684004,1.0
RAB8A,0.0,0.0625,0.0,0.0,0.0,1.0
PTK2,0.11095048526244197,0.04695886671508585,0.026177486229128705,0.13271835619347394,0.0932785196142569,1.0
DAP3,0.0625,0.0,0.0,0.0,0.0,1.0
CDK16,0.03386551258897845,0.014020901060174723,0.00694073700836081,0.20582185928962812,0.11476425745360075,1.0
HINT1,0.09383090206127931,0.04950854208895022,0.0015704511603013415,0.17006598145038596,0.08033022912322134,1.0
PSMB6,0.0625,0.0,0.0,0.0,0.0,1.0
POLE3,0.02495376009006698,0.01751639135874153,0.006767464387549267,0.14737245718176203,0.0986478227013941,1.0
TAPBP,0.05167102778439639,0.02686676410026261,0.015015136018677003,0.12088614694717961,0.126051182789937,1.0
SUPT6H,0.0,0.0,0.0,0.0,0.0,1.0
ATXN10,0.0,0.0,0.0,0.0,0.0,1.0
RPL23A,0.75,0.07115632381227963,0.045506977624828596,0.10908463143432301,0.02572157351515761,1.0
ATP1B3,0.03855143218047237,0.01748668495865344,0.011732292492546039,0.2593957536805196,0.06394690293685405,1.0
TMED3,0.0,0.0,0.0,0.0,0.0,1.0
CAND1,0.0,0.0,0.0,0.0,0.0,1.0
G3BP2,0.0,0.0,0.0,0.0,0.0,1.0
GORASP2,0.0,0.0625,0.0,0.0,0.0,1.0
VDAC3,0.0,0.0,0.0625,0.0625,0.0,1.0
ADH5,0.04136313329267807,0.023097262045426427,0.013019866682166065,0.21926159795442748,0.1030086936351919,1.0
THY1,0.037725595222353525,0.009129033694380465,0.008852630714588697,0.1399005003609301,0.14139269785262515,1.0
CANX,0.0582413624623726,0.021738911561895162,0.01838777857805681,0.035541934260531635,0.1861599003867223,1.0
STK24,0.10259061042083652,0.025979154153990457,0.03408460182395064,0.05589506228817103,0.18350079702150252,1.0
ESYT1,0.0,0.0,0.0,0.0,0.0,1.0
ATRX,0.0,0.0,0.0,0.0,0.0,1.0
TXN,0.04195097478947063,0.02852770925321618,0.026403359892968027,0.2610581708311813,0.10972395024609978,1.0
GABARAPL1,0.0,0.0625,0.0,0.0,0.0,1.0
REEP5,0.0,0.0,0.0,0.0,0.0,1.0
PAK2,0.0890512253635919,0.026851064761975057,0.01284611056625089,0.14217321261218333,0.09137525101707979,1.0
PRPF6,0.0,0.0,0.0,0.0,0.0,1.0
UBR5,0.0,0.0,0.0,0.0,0.0,1.0
LCP1,0.0,0.0,0.0,0.0,0.0,1.0
H1-0,0.0625,0.0,0.0,0.0,0.0,1.0
EIF3G,0.0,0.0,0.0,0.0,0.0,1.0
PLXNB2,0.0,0.0,0.0,0.0,0.0,1.0
DUSP6,0.043819826639058305,0.004047699564932831,0.02560377275070923,0.05733838245105066,0.12173704000627959,1.0
HLA-DRA,0.03865208990860825,0.01100146122036291,0.016036846146838712,0.2916321359300009,0.10110298382079771,1.0
DDX18,0.0,0.0,0.0,0.0,0.0,1.0
ATP6V1D,0.0,0.0,0.0,0.0,0.0,1.0
TOP1,0.060089771164181266,0.02968615382468105,0.032722083938481736,0.2734494063965335,0.08216581176902107,1.0
RPS28,0.0,0.0,0.0,0.0,0.0,1.0
CYCS,0.13475968532024962,0.008724762258305659,0.003596711157949677,0.1973207606952381,0.22686415176853092,1.0
BSCL2,0.0,0.0,0.0,0.0,0.0,1.0
MRPS18B,0.0,0.0,0.0,0.0,0.0,1.0
CAST,0.0,0.0,0.0,0.0,0.0,1.0
UQCRFS1,0.0,0.0,0.0,0.0,0.0,1.0
C1QBP,0.10530242493824554,0.042829769828409234,0.026015651315346625,0.0544438946534007,0.1129820999344293,1.0
PDHB,0.045707456965876435,0.028360330322075886,0.01271191547978773,0.20080293198355534,0.1240728071208399,1.0
CNP,0.0,0.0,0.0,0.0,0.0,1.0
SLC1A5,0.0,0.0,0.0,0.0,0.0,1.0
NADK,0.03986834625465464,0.03458446675285721,0.014299334646091334,0.14299928303681836,0.12473259407892974,1.0
SRI,0.0,0.0,0.0,0.0,0.0,1.0
NXF1,0.0,0.0,0.0,0.0,0.0,1.0
CYFIP1,0.0,0.0,0.0,0.0,0.0,1.0
RNF11,0.0,0.0,0.0,0.0,0.0,1.0
CLDND1,0.04966703382505816,0.02891372050960586,0.018849115778130265,0.11828211404034808,0.14052513835502894,1.0
NEU1,0.0,0.0,0.0,0.0,0.0,1.0
SPOP,0.0,0.0,0.0,0.0,0.0,1.0
POR,0.024462718535729996,0.06676668122333061,0.0070504003854446225,0.1475573744728402,0.08237965680446811,1.0
PPP4C,0.0,0.0,0.0,0.0,0.0,1.0
LGALS8,0.0,0.0,0.0,0.0,0.0,1.0
ID1,0.0,0.0,0.0,0.0,0.0,1.0
PRCC,0.0,0.0,0.0,0.0,0.0,1.0
SEPHS1,0.0,0.0,0.0,0.0,0.0,1.0
SEC62,0.0,0.0,0.0,0.0,0.0,1.0
BECN1,0.10549200066761778,0.09088231651811585,0.008653685270036775,0.2912459112154763,0.08262922290657909,1.0
LGALS3,0.03667080218778448,0.027008091393574914,0.03614841545710715,0.11647699707476386,0.09885888919200622,1.0
ALDH7A1,0.03543559529578532,0.06253485562502434,0.01634310511964913,0.13001734023671715,0.08937929575928806,1.0
LARP4B,0.028878033701181922,0.019777768441928148,0.012376253623438398,0.3183408285291129,0.07352525383891985,1.0
DUT,0.0,0.0,0.0,0.0,0.0,1.0
ERP44,0.0,0.0,0.0,0.0,0.0,1.0
KLF6,0.06339068259352702,0.01760248133803836,0.0027933009589036165,0.1561239610692741,0.19522004127681775,1.0
FADS1,0.01947834005786362,0.04235385872301069,0.01491431076830927,0.3463345495708343,0.09849454078927838,1.0
IFI16,0.10199147379706018,0.029635235348042833,0.01030361125146756,0.08722331828510976,0.10417087620334728,1.0
AK2,0.035954975237449845,0.03088997652748117,0.007757018604079157,0.209571845440984,0.08860220917627673,1.0
NDUFA9,0.035600352012902514,0.015738858937898507,0.010986030165721798,0.14660429935925193,0.11147186029783392,1.0
UROD,0.0,0.0,0.0,0.0,0.0,1.0
ATP5MC1,0.0,0.0,0.0,0.0,0.0,1.0
ERI3,0.0,0.0,0.0,0.0,0.0,1.0
KPNB1,0.3200403045550308,0.19181660418911073,0.6405414186742409,0.10517790460598667,0.032590723970327876,1.0
CRIP2,0.03480230928081868,0.020403865560257594,0.023504671767135974,0.09375878790888115,0.10920263826122237,1.0
NCOA6,0.03618907401001611,0.011716751649816462,0.00013701313929207902,0.1579059888031179,0.1394594927207029,1.0
UBC,0.18934526636316135,0.2509499473848664,0.3988270391392913,0.11874345566673122,0.051600054555924355,1.0
RBM10,0.03815178964559792,0.018522545205894653,0.008051757413620936,0.16518153407067596,0.09990966620494822,1.0
EIF3J,0.0,0.0,0.0,0.0,0.0,1.0
TCF12,0.036168116127840516,0.017924899384487693,0.002294497373589335,0.2537209851947307,0.13074944418404633,1.0
KDM2A,0.048128299540063514,0.03851071560850558,0.053332324846297165,0.087426141286137,0.1088016954408443,1.0
HNRNPH3,0.0,0.0,0.0,0.0,0.0,1.0
STAT3,0.09951571342562547,0.03360775135253471,0.017790327100848928,0.17069588286434498,0.11101832159530145,1.0
PPIG,0.03878937700008051,0.03528314252735704,0.020521910212172707,0.10849912881779816,0.12290808677308537,1.0
UCP2,0.0,0.0,0.0,0.0,0.0,1.0
SEPTIN8,0.0,0.0,0.0,0.0,0.0,1.0
ANAPC13,0.0,0.0,0.0,0.0,0.0,1.0
CALCOCO1,0.0,0.0,0.0,0.0,0.0,1.0
SLC25A11,0.0,0.0,0.0,0.0,0.0,1.0
FBXL5,0.04777863335242441,0.044257770134522215,0.0534328435540431,0.15268394748628059,0.11397743030886467,1.0
RSRP1,0.0,0.0,0.0,0.0,0.0,1.0
KRT8,0.0,0.0,0.0,0.0,0.0,1.0
ESD,0.03500645288508154,0.03438455780851911,0.04082312556100127,0.1319001245158284,0.11520219199311399,1.0
TRIO,0.0296959315788971,0.02374816168794155,0.010142186919775004,0.09621059631736592,0.09289874662709083,1.0
MAGED1,0.10499499187108631,0.015044523288922826,0.0035756974914908234,0.15164578201253878,0.14843712371397066,1.0
DNAJB6,0.0,0.0,0.0,0.0,0.0,1.0
KRT7,0.0,0.0,0.0,0.0,0.0,1.0
LONP1,0.0,0.0,0.0,0.0,0.0,1.0
PINK1,0.03178849471307233,0.03390443471107247,0.02899530602493083,0.1360692313253823,0.14005597886532395,1.0
OSER1,0.0,0.0,0.0,0.0,0.0,1.0
STAG2,0.036138783906941,0.0030388363953900116,0.0,0.1404231052698957,0.15028154298164542,1.0
TUBB,0.07967720252699928,0.036105877079997406,0.15735728839288726,0.03877827690003507,0.055846722957622004,1.0
ABI1,0.0,0.0,0.0,0.0,0.0,1.0
COPS7A,0.0,0.0,0.0,0.0,0.0,1.0
CADM1,0.10189072777419564,0.022293303773252,0.010585463550190043,0.15185612939456636,0.17416318037317938,1.0
DYRK1A,0.03647528157834774,0.029003554381837653,0.0015435924476044248,0.28988698040449723,0.120242308294328,1.0
PNRC1,0.0,0.0,0.0,0.0,0.0,1.0
MDK,0.0,0.0,0.0,0.0,0.0,1.0
MDH2,0.05074982894079319,0.045392021221176374,0.025181510940573346,0.14131345913778426,0.11682242473011344,1.0
PSMB8,0.10076850049971435,0.03281176642139361,0.009992729352942334,0.19723838362762966,0.09574806175936601,1.0
UBE2G2,0.0,0.0,0.0,0.0,0.0,1.0
PAPSS1,0.028075006216560536,0.017556990136390276,0.018809011166320454,0.1077787603361102,0.061034775956632634,1.0
SF3B4,0.0,0.0,0.0,0.0,0.0,1.0
XPNPEP1,0.0,0.0,0.0,0.0,0.0,1.0
GABARAPL2,0.0,0.0625,0.0,0.0,0.0,1.0
AQP1,0.04185067076839412,0.02712153377091033,0.0013480296805255467,0.1377765723675846,0.1033341089638515,1.0
ZMYND8,0.0,0.0,0.0,0.0,0.0,1.0
RALGDS,0.0,0.0,0.0,0.0,0.0,1.0
NSD2,0.0,0.0,0.0,0.0,0.0,1.0
CDC5L,0.0,0.0,0.0,0.0,0.0,1.0
EDF1,0.0,0.0,0.0,0.0,0.0,1.0
NUMB,0.0,0.0,0.0,0.0,0.0,1.0
FAM107A,0.0,0.0,0.0,0.0,0.0,1.0
ISCU,0.0,0.0,0.0,0.0,0.0,1.0
WDR45B,0.0,0.0625,0.0,0.0,0.0,1.0
TXN2,0.0,0.0,0.0,0.0,0.0,1.0
GLRX3,0.0,0.0,0.0,0.0,0.0,1.0
COL18A1,0.03344075504944559,0.016021387565483585,0.014867469955590795,0.20057626159129965,0.0922907037785193,1.0
CORO1A,0.05349590768810119,0.02914394018573161,0.033008251117473034,0.1929660157491428,0.06915465528026168,1.0
RAB28,0.0,0.0,0.0,0.0,0.0,1.0
RFC1,0.0,0.0,0.0,0.0,0.0,1.0
RAB5A,0.0,0.0,0.0,0.0,0.0,1.0
GLOD4,0.0,0.0,0.0,0.0,0.0,1.0
DDAH1,0.024187901333380526,0.012329520110485081,0.008139224296236371,0.17833998932676998,0.10244486404086549,1.0
DLD,0.04128216227444604,0.042778091298184086,0.011899580492491789,0.18620734519545068,0.12008341610576004,1.0
UBE2V2,0.0,0.0,0.0,0.0,0.0,1.0
JAG1,0.027455593748026266,0.029754207321277967,0.013513532062025865,0.22713720417899297,0.11944192844764052,1.0
IFRD2,0.0,0.0,0.0,0.0,0.0,1.0
CCN2,0.0,0.0,0.0,0.0,0.0,1.0
HBP1,0.0,0.0,0.0,0.0,0.0,1.0
UFD1,0.0,0.0,0.0,0.0,0.0,1.0
NHP2,0.06401312033221603,0.021207576742652542,0.010735972920153344,0.31847060386644843,0.09148324031628303,1.0
NCOA1,0.03486110242411609,0.010310099504207948,0.01477167686750789,0.22723050703559242,0.13342052618836098,1.0
TSPAN6,0.0,0.0,0.0,0.0,0.0,1.0
RGL2,0.0,0.0,0.0,0.0,0.0,1.0
RNF5,0.0,0.0,0.0,0.0,0.0,1.0
CDKN1B,0.1015072577935552,0.08799624386806068,0.014811182245707055,0.1433893091380925,0.12776907937975188,1.0
TSPAN1,0.0,0.0,0.0,0.0,0.0,1.0
UBA3,0.029906747303571048,0.03663013037805912,0.04909389913567236,0.13995286791333575,0.13581254758780667,1.0
HBB,0.0,0.0,0.0,0.0,0.0,1.0
WBP2,0.0,0.0,0.0,0.0,0.0,1.0
TUBA1A,0.08967382799430966,0.011398535241495472,0.009434867430161128,0.21972459559993224,0.0714376190949583,1.0
NR2F2,0.0,0.0,0.0,0.0,0.0,1.0
PLIN2,0.0,0.0,0.0,0.0,0.0,1.0
QDPR,0.028994706051163527,0.024926254446272417,0.009421576841961142,0.0966031782416901,0.09051863256877149,1.0
MYD88,0.10100290089635687,0.015607953878144386,0.005327232114805706,0.18970078719055775,0.18515526653453157,1.0
KRT6A,0.0,0.0,0.0,0.0,0.0,1.0
KRT6B,0.0,0.0,0.0,0.0,0.0,1.0
SART3,0.0,0.0,0.0,0.0,0.0,1.0
TRIP6,0.0,0.0,0.0,0.0,0.0,1.0
SNAP23,0.0,0.0,0.0,0.0,0.0,1.0
COMMD4,0.0,0.0,0.0,0.0,0.0,1.0
USP10,0.0,0.0,0.0,0.0,0.0,1.0
PRKRA,0.04510879418166485,0.044903046354358024,0.01903118375760572,0.20294970666087075,0.09310998716588488,1.0
UBE2G1,0.0,0.0,0.0,0.0,0.0,1.0
CLNS1A,0.0,0.0,0.0,0.0,0.0,1.0
MSMO1,0.03960182087551954,0.032267774307306964,0.044265441495117464,0.07334325490387116,0.12816795774369927,1.0
PLPP1,0.0,0.0,0.0,0.0,0.0,1.0
RXRB,0.0,0.0,0.0,0.0,0.0,1.0
TAX1BP3,0.0,0.0,0.0,0.0,0.0,1.0
NT5C2,0.0,0.0,0.0,0.0,0.0,1.0
COL6A2,0.0,0.0,0.0,0.0,0.0,1.0
DNAJA2,0.0,0.0,0.0,0.0,0.0,1.0
CYTH2,0.0309273165863685,0.04167982878622343,0.010737514884296907,0.1758017598017865,0.08855803477999913,1.0
NDRG4,0.0,0.0,0.0,0.0,0.0,1.0
AKR1C3,0.03546273619183961,0.02135839319426181,0.011359578650731507,0.20050263908185165,0.1059004191959371,1.0
PRPF4,0.0,0.0,0.0,0.0,0.0,1.0
CYB561,0.0,0.0,0.0,0.0,0.0,1.0
AATF,0.0,0.0,0.0,0.0,0.0,1.0
MAN2B1,0.0,0.0,0.0,0.0,0.0,1.0
GPM6B,0.035768024269194565,0.014644601190432182,0.010290648720840205,0.1471663975536041,0.18196947949613718,1.0
ITPA,0.033679120990711964,0.03498333471161402,0.006253538073708997,0.15804792838436957,0.09790000978771882,1.0
AGR2,0.0,0.0,0.0,0.0,0.0,1.0
QRICH1,0.02761806337031657,0.02936395856549948,0.0589880255160013,0.12993761871845183,0.0939289934342685,1.0
SEC23IP,0.036722832734516,0.02369126883680297,0.005783430156771753,0.21546714152823065,0.11295256699384289,1.0
NDUFAF3,0.027158759274999108,0.013909585091710374,0.017820276818623793,0.1620030252292955,0.09217017850007267,1.0
DHX38,0.0,0.0,0.0,0.0,0.0,1.0
MBOAT7,0.0,0.0,0.0,0.0,0.0,1.0
RABGGTB,0.0,0.0,0.0,0.0,0.0,1.0
DEPP1,0.0,0.0,0.0,0.0,0.0,1.0
IRS2,0.0,0.0625,0.0,0.0,0.0,1.0
FOS,0.11635771264325304,0.018630570917776233,0.021819032696496984,0.21439705225308883,0.1277382319299404,1.0
DIAPH1,0.0,0.0,0.0,0.0,0.0,1.0
TUBB6,0.044371363647554646,0.014373792647750055,0.008655428247508971,0.19508725567060325,0.08991901143235015,1.0
PIM1,0.09879135926424452,0.01933717875825601,0.01054172584700538,0.1553447316488748,0.11802149235534166,1.0
CETN2,0.0,0.0,0.0,0.0,0.0,1.0
ADCY6,0.0,0.0,0.0,0.0,0.0,1.0
WDR46,0.0,0.0,0.0,0.0,0.0,1.0
SYT11,0.018085967467976298,0.029180563924319017,0.000988891063308546,0.16879008493558653,0.073083058150532,1.0
EXTL3,0.0,0.0,0.0,0.0,0.0,1.0
LMO4,0.0,0.0,0.0,0.0,0.0,1.0
MPDU1,0.0,0.0,0.0,0.0,0.0,1.0
FERMT2,0.0,0.0,0.0,0.0,0.0,1.0
KLF5,0.0,0.0,0.0,0.0,0.0,1.0
CBR1,0.0,0.0,0.0,0.0,0.0,1.0
EWSR1,0.0,0.0,0.0,0.0,0.0,1.0
SLC75A1,0.0,0.0,0.0,0.0,0.0,1.0
WDR45,0.0,0.0625,0.0,0.0,0.0,1.0
SQLE,0.0,0.0,0.0,0.0,0.0,1.0
NELFE,0.07789467339512368,0.05728035302907836,0.01237240628924884,0.13044829076149012,0.08584443714785096,1.0
GPC3,0.0,0.0,0.0,0.0,0.0,1.0
OSBPL2,0.0,0.0,0.0,0.0,0.0,1.0
NDUFA2,0.04397504163781819,0.039740981744827694,0.008509631571246245,0.10304977054818062,0.11731610099946743,1.0
TUSC3,0.0,0.0,0.0,0.0,0.0,1.0
PPP6R1,0.0,0.0,0.0,0.0,0.0,1.0
NUPR1,0.030593823851003236,0.02520403949001551,0.0206320122526568,0.20902857036117709,0.0793376653134471,1.0
DCTN5,0.0,0.0,0.0,0.0,0.0,1.0
KIF1B,0.0625,0.0,0.0,0.0,0.0,1.0
SLC23A2,0.032419167103044336,0.02320412077582527,0.012117730891401522,0.13004850207912175,0.1430261126449681,1.0
STX3,0.03908962434026779,0.02230262576448662,0.007911354827264084,0.09140656058577816,0.0918364143588474,1.0
NFKB1,0.1125056770254714,0.036397976851053025,0.011486324668902977,0.07637189612197721,0.09737879670373263,1.0
PEG3,0.0625,0.0,0.0,0.0,0.0,1.0
KIF1C,0.0,0.0,0.0,0.0,0.0,1.0
GHITM,0.0625,0.0,0.0,0.0,0.0,1.0
DEGS1,0.0,0.0,0.0,0.0,0.0,1.0
HARS2,0.0,0.0,0.0,0.0,0.0,1.0
SORBS3,0.0,0.0,0.0,0.0,0.0,1.0
SMC3,0.09185384411855652,0.0003773675648124866,0.0017199115612814336,0.08009473418146285,0.08659620380003749,1.0
SFN,0.0625,0.0,0.0,0.0,0.0,1.0
NR2F6,0.05169070374213431,0.02969081036882451,0.02432458435807561,0.22214721433966755,0.05233074493846282,1.0
TSPAN4,0.02843849178001903,0.03932028268750605,0.004755830340395893,0.18297467978369175,0.15208115210863363,1.0
SLC39A8,0.04155594695145174,0.027192610807791617,0.0660830864206716,0.2747678079983018,0.11886491337187252,1.0
VPS45,0.03555544123485839,0.03418335710022547,0.0038652756864399674,0.2244131116838736,0.1211287903017875,1.0
LAMB3,0.03243509628880021,0.015380806115130315,0.0033177793018865304,0.20107337577467216,0.12266684713459888,1.0
BPTF,0.0,0.0,0.0,0.0,0.0,1.0
NAB1,0.0,0.0,0.0,0.0,0.0,1.0
ISCA1,0.0,0.0,0.0,0.0,0.0,1.0
CLN3,0.029546066367723813,0.005209051142760451,0.016145365519683166,0.23005372213951875,0.12395045327879206,1.0
TFPI2,0.02963361086368464,0.03402402686803275,0.02055463599851065,0.2407400039395474,0.13725148806818738,1.0
PRKD2,0.040550569892462696,0.026073537364126154,0.005286108259814284,0.17571099244308522,0.10934853192409333,1.0
CRYAB,0.0,0.0,0.0,0.0,0.0,1.0
TASOR,0.0,0.0,0.0,0.0,0.0,1.0
CDC42EP3,0.0,0.0,0.0,0.0,0.0,1.0
ID4,0.03567739636231737,0.00204999626809973,0.009337601025973407,0.21314014842230383,0.15188762036265238,1.0
TNFRSF10B,0.10586429299792198,0.049852689703110055,0.03600469266762579,0.19274919092368287,0.1918426129720669,1.0
ITSN1,0.0,0.0,0.0,0.0,0.0,1.0
NECAP1,0.0,0.0,0.0,0.0,0.0,1.0
CA2,0.030110652869882418,0.036245462597971546,0.00451680067135204,0.12832957132783335,0.15522095908546546,1.0
POLR2H,0.0,0.0,0.0,0.0,0.0,1.0
NDUFS4,0.04271750322589914,0.034740704179879386,0.01618803302710137,0.12523768633434434,0.11783520789985383,1.0
GADD45B,0.10749747076688826,0.029003568265817337,0.01926424007366045,0.210640515136022,0.09953029460339538,1.0
SWAP70,0.0,0.0,0.0,0.0,0.0,1.0
BNIP2,0.0625,0.0,0.0,0.0,0.0,1.0
AZGP1,0.0,0.0,0.0,0.0,0.0,1.0
CASP4,0.10503624877669991,0.013196424558111527,0.0024615338840711085,0.19973336640996112,0.19168121005537234,1.0
BCL2L2,0.11720355474469833,0.02880423676171071,0.039319945144144546,0.14324001654850954,0.1506570776073906,1.0
GPN1,0.19233428119267584,0.03510191277141046,0.015530259909628778,0.15753806424959563,0.08633424738975841,1.0
HBS1L,0.0,0.0,0.0,0.0,0.0,1.0
ADCY3,0.04013039007171834,0.04861023106047816,0.008316879374495614,0.15844922954252755,0.10349494870147039,1.0
THAP12,0.0,0.0,0.0,0.0,0.0,1.0
RGS16,0.03081911294710359,0.02153060223384619,0.007645278938823646,0.12460968537697337,0.10655929314679916,1.0
SLC35A2,0.0,0.0,0.0,0.0,0.0,1.0
HIGD2A,0.0,0.0,0.0,0.0,0.0,1.0
MAX,0.02774981076496305,0.02516306112422239,0.009179242269496974,0.18737810030585364,0.05916447824539863,1.0
ULK1,0.03463566406234309,0.10923622507639497,0.012426658244136152,0.18318972235684233,0.1507432700639511,1.0
DCN,0.029633938296696166,0.022021682250157135,0.02644388635587789,0.2766678222187351,0.09689461462428432,1.0
PWP2,0.0,0.0,0.0,0.0,0.0,1.0
PSIP1,0.0,0.0,0.0,0.0,0.0,1.0
SIAH2,0.0625,0.0,0.0,0.0,0.0,1.0
UAP1,0.0,0.0,0.0,0.0,0.0,1.0
IKBKB,0.0625,0.0,0.0,0.0,0.0,1.0
EFHD1,0.0,0.0,0.0,0.0,0.0,1.0
TPM4,0.03258237261255408,0.040366164001615454,0.01664074223347125,0.11766963745238254,0.09435420573682565,1.0
MAF,0.03662838492354405,0.008292867784784608,0.00959586468284062,0.12606061418991585,0.11508909971996295,1.0
RAD50,0.0,0.0,0.0,0.0,0.0,1.0
KRT14,0.0,0.0,0.0,0.0,0.0,1.0
SIN3B,0.0,0.0,0.0,0.0,0.0,1.0
TNFRSF14,0.043814891032805295,0.0384954873045003,0.007935203336568991,0.22917639329334405,0.08243292165770896,1.0
PLPP3,0.03964171056981633,0.014623476082733306,0.006358612345880587,0.28531170495975516,0.06465119464155389,1.0
TAF11,0.0,0.0,0.0,0.0,0.0,1.0
RUNX1,0.03661484219961571,0.01448425546381504,0.024805151235557446,0.09945547930063026,0.1698088317863246,1.0
PCBP4,0.0,0.0,0.0,0.0,0.0,1.0
MED21,0.0,0.0,0.0,0.0,0.0,1.0
BAD,0.11648575960436822,0.11847489926753717,0.02097181145787677,0.11534750989643278,0.09511070261763487,1.0
ECM1,0.0,0.0,0.0,0.0,0.0,1.0
CYB5A,0.0,0.0,0.0,0.0,0.0,1.0
STXBP2,0.032089175375140715,0.0069001932821201135,0.0002744782106153475,0.23740407536570682,0.14547822632953938,1.0
EPHX2,0.03930892444491241,0.013055719700825311,0.017198830835668713,0.16116159259795496,0.1560641545328466,1.0
ANXA3,0.03342009574398728,0.02430347110991173,0.005992691338844278,0.22495553975342178,0.09935751607699186,1.0
MALL,0.03442642596603481,0.00898805915054172,0.018012046743615298,0.19036304508940546,0.104879460963697,1.0
XPC,0.0,0.0,0.0,0.0,0.0,1.0
HMGN3,0.0,0.0,0.0,0.0,0.0,1.0
CCSER2,0.0,0.0,0.0,0.0,0.0,1.0
ABCC5,0.0,0.0,0.0,0.0,0.0,1.0
POLR3C,0.0,0.0,0.0,0.0,0.0,1.0
DDIT3,0.10290976442575088,0.013474580771168535,0.01571118776606783,0.32930265228560734,0.10146104481962166,1.0
PLPBP,0.030489588631538996,0.021841805906156465,0.023786067106220818,0.09874758720466165,0.18043419212577705,1.0
TSC1,0.05384156414056815,0.0968663180959276,0.07594062474493124,0.14260141315453786,0.13349383947590832,1.0
DPM2,0.0,0.0,0.0,0.0,0.0,1.0
ASMTL,0.0,0.0,0.0,0.0,0.0,1.0
CHI3L1,0.09347354724124213,0.017236452942554523,0.015683161655639544,0.16195145129174182,0.1187117670725886,1.0
H1-2,0.0625,0.0,0.0,0.0,0.0,1.0
SLC12A4,0.03659203321491351,0.013855907267846771,0.014859712371124253,0.20801491716084858,0.09425488595624369,1.0
BAG2,0.05137677059467321,0.022338875903644303,0.007393969135034489,0.17043302650099326,0.1338068203314044,1.0
DEAF1,0.0,0.0,0.0,0.0,0.0,1.0
KIF2C,0.0,0.0,0.0,0.0,0.0,1.0
GRB10,0.04076160116916856,0.01731232461432667,0.022308222343976607,0.1464304769757621,0.13730173835780296,1.0
GGA3,0.0,0.0,0.0,0.0,0.0,1.0
TRAPPC10,0.0,0.0,0.0,0.0,0.0,1.0
B4GALT2,0.0,0.0,0.0,0.0,0.0,1.0
IFI35,0.0,0.0,0.0,0.0,0.0,1.0
THOC5,0.0,0.0,0.0,0.0,0.0,1.0
SMPD1,0.03649608653473577,0.023284737507855154,0.016350503514579243,0.1534255572833368,0.1547283689567983,1.0
MSH2,0.0,0.0,0.0,0.0,0.0,1.0
PHF20,0.0,0.0,0.0,0.0,0.0,1.0
AMACR,0.0,0.0,0.0,0.0,0.0,1.0
ZFPL1,0.0,0.0,0.0,0.0,0.0,1.0
BTAF1,0.0,0.0,0.0,0.0,0.0,1.0
PATZ1,0.0,0.0,0.0,0.0,0.0,1.0
CREB3,0.0,0.0,0.0,0.0,0.0,1.0
PPAT,0.03024154935437067,0.006454444689989198,0.0036744629736677097,0.3122382862619163,0.08645993865466722,1.0
ARHGEF2,0.026192142936615256,0.015241233109500606,0.008246181858474602,0.22178411285129615,0.07308800548682072,1.0
SPON1,0.0,0.0,0.0,0.0,0.0,1.0
PHKA2,0.0,0.0,0.0,0.0,0.0,1.0
PRPS1,0.032629993160975104,0.026017257309650522,0.007463722204198544,0.23010086562040627,0.06182455862877797,1.0
RHOBTB2,0.0,0.0,0.0,0.0,0.0,1.0
ANK3,0.0,0.0,0.0,0.0,0.0,1.0
SERPINA5,0.0,0.0,0.0,0.0,0.0,1.0
RAP1GDS1,0.0,0.0,0.0,0.0,0.0,1.0
COA1,0.0,0.0,0.0,0.0,0.0,1.0
SYNE1,0.0,0.0,0.0,0.0,0.0,1.0
HTATIP2,0.0625,0.0,0.0,0.0,0.0,1.0
LSM2,0.0,0.0,0.0,0.0,0.0,1.0
OSGEP,0.0,0.0,0.0,0.0,0.0,1.0
VTI1B,0.0,0.0,0.0,0.0,0.0,1.0
SLC9A1,0.03158830772428409,0.022860509482475512,0.004971602032215767,0.13008000065696446,0.17855428922783959,1.0
TEAD3,0.0,0.0,0.0,0.0,0.0,1.0
FBXW11,0.04662686241822661,0.027698076247658503,0.04847421520434356,0.11349814226994911,0.19444374177144436,1.0
DUSP5,0.05386382962939777,0.006455456420448976,0.013395734971421658,0.25307177960381866,0.1493241322196373,1.0
ABAT,0.03371310144476158,0.03367634436628239,0.008470272389877971,0.09446801709294103,0.12588817119958062,1.0
WDR18,0.0,0.0,0.0,0.0,0.0,1.0
APLP1,0.0625,0.0,0.0,0.0,0.0,1.0
TAF12,0.0,0.0,0.0,0.0,0.0,1.0
AURKB,0.14017249459613607,0.09863197012594749,0.03288990874015251,0.3121380280153487,0.017389164962681763,1.0
PTN,0.0,0.0,0.0,0.0,0.0,1.0
MKNK1,0.0,0.0,0.0,0.0,0.0,1.0
LRP5,0.0,0.0,0.0,0.0,0.0,1.0
GPM6A,0.0,0.0,0.0,0.0,0.0,1.0
KYAT3,0.03925042603684697,0.032814173336789515,0.0183961368968952,0.34588059232529955,0.12847747182142932,1.0
ENTPD1,0.04594352125601054,0.016762342342422635,0.01984202290517054,0.11762427545827066,0.11465816377142746,1.0
TMX1,0.0,0.0,0.0,0.0,0.0,1.0
EMD,0.03273127814022131,0.019689551604456366,0.006911614273792857,0.16171122288177098,0.15013364316488903,1.0
CENPX,0.0,0.0,0.0,0.0,0.0,1.0
CCDC28A,0.0,0.0,0.0,0.0,0.0,1.0
SNRK,0.03666086858700319,0.018727706571202922,0.012901022745669838,0.12741149214295644,0.1066002820556701,1.0
POP7,0.0,0.0,0.0,0.0,0.0,1.0
NSL1,0.0,0.0,0.0,0.0,0.0,1.0
UTP3,0.0,0.0,0.0,0.0,0.0,1.0
RBPMS,0.0,0.0,0.0,0.0,0.0,1.0
CELF1,0.04269495965723804,0.02263840017790515,0.023452440158085317,0.1333557290505076,0.13827458918553776,1.0
PDZD2,0.0,0.0,0.0,0.0,0.0,1.0
CEP250,0.0,0.0,0.0,0.0,0.0,1.0
RARRES2,0.0,0.0,0.0,0.0,0.0,1.0
RBM4B,0.0,0.0,0.0,0.0,0.0,1.0
CEACAM1,0.024107275170437276,0.004036583750941713,0.0026203795246040407,0.2666720713055737,0.061530883695477254,1.0
CDR2,0.0,0.0,0.0,0.0,0.0,1.0
PSMC5,0.0625,0.0,0.0,0.0,0.0,1.0
PLEKHB1,0.0,0.0,0.0,0.0,0.0,1.0
NR2F1,0.0,0.0,0.0,0.0,0.0,1.0
RPA3,0.0,0.0,0.0,0.0,0.0,1.0
DPAGT1,0.0,0.0,0.0,0.0,0.0,1.0
RNF139,0.0,0.0,0.0,0.0,0.0,1.0
POLR2F,0.0,0.0,0.0,0.0,0.0,1.0
HSDL2,0.0,0.0,0.0,0.0,0.0,1.0
RAB27A,0.043079221146106975,0.015541015577931156,0.010522759629137724,0.22838226874529877,0.11004369760980671,1.0
SMYD5,0.0,0.0,0.0,0.0,0.0,1.0
ASH2L,0.04952250656065788,0.0366655438362471,0.016924890859041142,0.07049042553178947,0.11254606491338287,1.0
SMARCD1,0.03796616047383769,0.03669490536026849,0.0028224932188350357,0.22870941947857693,0.0622671097707385,1.0
NCBP1,0.20612366366810192,0.2352385997425951,0.20882534605290332,0.04151038355972801,0.07832336203671234,1.0
AMOT,0.0,0.0,0.0,0.0,0.0,1.0
CRAT,0.036097409785677464,0.031158953795693153,0.010450802045081432,0.14640007171752414,0.15423197077452566,1.0
TAF2,0.0,0.0,0.0,0.0,0.0,1.0
HDGFL3,0.04364918254833084,0.03271565674388313,0.019396196312968537,0.06896328315167942,0.1359011563210216,1.0
EXOSC2,0.0,0.0,0.0,0.0,0.0,1.0
PLPP2,0.0,0.0,0.0,0.0,0.0,1.0
CACNB3,0.04183179873708855,0.020192007487849353,0.05038219134650246,0.19000352717273153,0.08013819630947716,1.0
GSTZ1,0.0408970140345833,0.037040548591596445,0.020416432706342483,0.11035036679274791,0.10875039469524653,1.0
PLAA,0.0,0.0,0.0,0.0,0.0,1.0
EHD4,0.0,0.0,0.0,0.0,0.0,1.0
EXTL2,0.034668567566402624,0.00926382737777624,0.007736735295102206,0.28572081057335696,0.07432733593387073,1.0
ZNF32,0.0,0.0,0.0,0.0,0.0,1.0
ARHGEF6,0.0625,0.0,0.0,0.0,0.0,1.0
IGF1,0.0,0.0,0.0,0.0,0.0,1.0
CD34,0.04134728326646099,0.011873685335060597,0.0079844104026901,0.0978673526841981,0.16717771704705223,1.0
RIPK2,0.10310293526417094,0.02122699476228716,0.009138372292581989,0.15905958980257318,0.12131072508546561,1.0
APOL1,0.02931660896782013,0.018601787738897813,0.006380269808092099,0.39412413354253245,0.10071417858379875,1.0
NDN,0.0,0.0,0.0,0.0,0.0,1.0
YIPF4,0.0,0.0,0.0,0.0,0.0,1.0
VPS8,0.0,0.0,0.0,0.0,0.0,1.0
NCDN,0.0,0.0,0.0,0.0,0.0,1.0
DLK1,0.0,0.0,0.0,0.0,0.0,1.0
THBS3,0.0427660602285539,0.022974700849346715,0.009077429957676077,0.2867962438513444,0.07350369919596528,1.0
INSIG2,0.0,0.0,0.0,0.0,0.0,1.0
RRS1,0.0,0.0,0.0,0.0,0.0,1.0
RGL1,0.04194109337478843,0.03640735921851929,0.00808425776346685,0.0625206286044258,0.15758642418911717,1.0
NSG1,0.0625,0.0,0.0,0.0,0.0,1.0
CIRSR,0.0,0.0,0.0,0.0,0.0,1.0
EED,0.03229958735719486,0.02138145622943321,0.04474668938964996,0.10604913901700616,0.10758810301467181,1.0
IL10RB,0.032241582807104346,0.01460852917351769,0.01533689117435123,0.12574971678834848,0.12151009309385544,1.0
GNAI1,0.0,0.0,0.0,0.0,0.0,1.0
PCYT2,0.0,0.0,0.0,0.0,0.0,1.0
POFUT2,0.0,0.0,0.0,0.0,0.0,1.0
PLAAT3,0.0,0.0,0.0,0.0,0.0,1.0
CD200,0.03957596643888849,0.01028711797315356,0.0007858045517354488,0.07718683287209419,0.11875029579946991,1.0
APOBEC3C,0.0,0.0,0.0,0.0,0.0,1.0
MINPP1,0.0,0.0,0.0,0.0,0.0,1.0
PRUNE1,0.027743332766833946,0.034707506505197966,0.007116238513410313,0.1513225906694248,0.08488911011655181,1.0
EPHB2,0.031597046411447886,0.03018204449336362,0.011769931530751204,0.2040253202680427,0.12974857199794548,1.0
BMP7,0.0,0.0,0.0,0.0,0.0,1.0
TOR1B,0.0,0.0,0.0,0.0,0.0,1.0
GTF2F2,0.0,0.0,0.0,0.0,0.0,1.0
MXRA5,0.03499991586981671,0.013441307886038634,0.00024064856423854702,0.12286368698957642,0.0955481187376514,1.0
PNMA2,0.0,0.0,0.0,0.0,0.0,1.0
GATA3,0.05331791805290015,0.017522554536173525,0.005013073846841194,0.22833273208625546,0.12565596276625712,1.0
TST,0.0,0.0,0.0,0.0,0.0,1.0
CYTIP,0.03208916182333618,0.014679268774019306,0.007967463837282893,0.20852180743365323,0.1191731669150938,1.0
ACAT2,0.02677296434660504,0.03616153427123168,0.03965430671847444,0.11692377541572997,0.10777910221041323,1.0
MRPL9,0.0,0.0,0.0,0.0,0.0,1.0
ADH1B,0.044784275880378366,0.017878871226153004,0.013089794427653331,0.08827387070240805,0.13161091554517185,1.0
PAK1,0.0625,0.0,0.0,0.0,0.0,1.0
CES1,0.029832381121045883,0.008935597286545277,0.012968153521076296,0.22282416394279955,0.11757184543820642,1.0
CTNND2,0.0,0.0,0.0,0.0,0.0,1.0
CD74,0.04739639948246718,0.016634872138125017,0.0034050613425430374,0.08627325581421397,0.1607512278411517,1.0
ABCB7,0.0,0.0,0.0,0.0,0.0,1.0
PDLIM3,0.0,0.0,0.0,0.0,0.0,1.0
STK16,0.028758260913117572,0.01547848893061905,0.008983459011851515,0.15454386923970023,0.0991443152343944,1.0
MCCC2,0.03621244469500647,0.030020845009930457,0.008974045275365706,0.21675948653413088,0.05284859138617338,1.0
PIGH,0.0357760780571447,0.03292149848946458,0.024766361837622583,0.15829175910207502,0.11388224190858759,1.0
OSBPL3,0.0,0.0,0.0,0.0,0.0,1.0
NXT2,0.0,0.0,0.0,0.0,0.0,1.0
FBXW2,0.0,0.0,0.0,0.0,0.0,1.0
GPR37,0.0,0.0,0.0,0.0,0.0,1.0
PPP2R3A,0.046470279209757014,0.028568548464355414,0.008834848640926277,0.1392691621710933,0.10019741944609556,1.0
BUB1,0.14863715289208362,0.0851034305435331,0.0720501491720378,0.13359963379165185,0.059905004243501994,1.0
PLD2,0.02571662816319022,0.02866232352029788,0.015349247817798587,0.2733032502379504,0.08080155031251539,1.0
ALDH1B1,0.04246521537419397,0.026724470963582193,0.034127162747197945,0.09107538692475585,0.12521151924893772,1.0
SOCS5,0.03409844350827927,0.03803619058896088,0.015103836455143502,0.14339783836379705,0.07353697376299442,1.0
STAM2,0.0405158442654792,0.016646878145785873,0.011892871128556467,0.06103160402911473,0.16029038682826358,1.0
TBC1D22A,0.0,0.0,0.0,0.0,0.0,1.0
TGFB1I1,0.04177436825891706,0.018441718183047136,0.00576463477250078,0.10377640984757122,0.18853530439054944,1.0
PGF,0.03168508690588866,0.03619554555266985,0.028917277083363682,0.14788798939420136,0.1452678767442383,1.0
KPNA4,0.0,0.0,0.0,0.0,0.0,1.0
ICE1,0.0,0.0,0.0,0.0,0.0,1.0
TMEM47,0.0,0.0,0.0,0.0,0.0,1.0
HSF2,0.0,0.0,0.0,0.0,0.0,1.0
CDC16,0.0,0.0,0.0,0.0,0.0,1.0
TTR,0.028021301443277823,0.03134002847237748,0.0061264841208564826,0.21703804554602818,0.1404805086395381,1.0
KIFC3,0.0,0.0,0.0,0.0,0.0,1.0
CETN3,0.0,0.0,0.0,0.0,0.0,1.0
ITGA7,0.0,0.0,0.0,0.0,0.0,1.0
CYB561D2,0.0,0.0,0.0,0.0,0.0,1.0
CHUK,0.11067545909648814,0.027062296698780266,0.023987349922953587,0.07909542698541895,0.11900523392946485,1.0
CES2,0.0,0.0,0.0,0.0,0.0,1.0
CRY1,0.0,0.0,0.0,0.0,0.0,1.0
SMAGP,0.0,0.0,0.0,0.0,0.0,1.0
KIFC1,0.0,0.0,0.0,0.0,0.0,1.0
SLC19A2,0.03413959204563109,0.0404800709495193,0.02097847559272844,0.09244709576417996,0.12038660425134329,1.0
CBLB,0.0350519585507226,0.02574945104836983,0.021391196066082026,0.263572190750212,0.12289224025249806,1.0
CYRIA,0.0,0.0,0.0,0.0,0.0,1.0
RIN2,0.0,0.0,0.0,0.0,0.0,1.0
PRKCB,0.0625,0.0,0.0,0.0,0.0,1.0
S100B,0.0,0.0,0.0,0.0,0.0,1.0
CXCL12,0.04447075813061549,0.01425531761381145,0.009719196702444938,0.1469237209277938,0.13937379811128162,1.0
CCDC93,0.0,0.0,0.0,0.0,0.0,1.0
EYA2,0.0,0.0,0.0,0.0,0.0,1.0
PTS,0.0,0.0,0.0,0.0,0.0,1.0
FBP1,0.037289668243623786,0.004633659608291385,0.013951486416672989,0.22177944597975066,0.17178239114082178,1.0
CCHCR1,0.0,0.0,0.0,0.0,0.0,1.0
AKR1C2,0.05132354636887204,0.03043859250373993,0.010722078264249892,0.09145072877650455,0.1365980727312133,1.0
FTO,0.0,0.0,0.0,0.0,0.0,1.0
NKX3-1,0.10020173563503515,0.0066948474314109056,0.004106079382758829,0.13819873061384175,0.16857059525758744,1.0
PIGK,0.0,0.0,0.0,0.0,0.0,1.0
MOXD1,0.0,0.0,0.0,0.0,0.0,1.0
GATA2,0.039565214712638894,0.043248152474090286,0.016658151199366714,0.08618202974445004,0.09801540116693355,1.0
SLC35D1,0.0,0.0,0.0,0.0,0.0,1.0
CDKN3,0.0,0.0,0.0,0.0,0.0,1.0
CSF1,0.037475066837900896,0.010337453288403093,0.0022185682845897474,0.22921390650461737,0.08675070788630881,1.0
EVI5,0.0,0.0,0.0,0.0,0.0,1.0
SERPINB3,0.04235537662968325,0.025283596156651135,0.01034116169253618,0.16673612797335163,0.17369730854793075,1.0
IFFO1,0.0,0.0,0.0,0.0,0.0,1.0
SERPINB9,0.0,0.0,0.0,0.0,0.0,1.0
ZBTB14,0.0,0.0,0.0,0.0,0.0,1.0
UTP20,0.0,0.0,0.0,0.0,0.0,1.0
CA11,0.023516447500471046,0.002724088239982104,0.0043171742444446295,0.18672666938006827,0.10056350977186618,1.0
GAS2L1,0.0,0.0,0.0,0.0,0.0,1.0
NTHL1,0.0,0.0,0.0,0.0,0.0,1.0
CLEC2B,0.0,0.0,0.0,0.0,0.0,1.0
MID2,0.0,0.0,0.0,0.0,0.0,1.0
NCKAP1L,0.042037620826548695,0.018978147177001095,0.01693225708745954,0.10139593626691147,0.05524940623156476,1.0
ABCG2,0.03555774170701127,0.029721957275598312,0.010411403152731837,0.19173140160178467,0.13439242330145743,1.0
MAGI2,0.043365472492731746,0.0195168934159155,0.01767304557045571,0.11136027289313226,0.1652686550377393,1.0
PSG6,0.04395569194432001,0.024653872905179,0.006552388225607042,0.056024823648192994,0.14781438424519128,1.0
PNPLA4,0.0,0.0,0.0,0.0,0.0,1.0
MYL2,0.0,0.0,0.0,0.0,0.0,1.0
ITCH,0.09549168742838537,0.03068035444746651,0.017916839908155235,0.18163763679688022,0.1244371967583991,1.0
COQ7,0.0,0.0,0.0,0.0,0.0,1.0
TGFB3,0.033536362330854094,0.02654896108982975,0.01899771388191141,0.19775566191803337,0.10272456334713206,1.0
SPAST,0.0,0.0,0.0,0.0,0.0,1.0
ACE,0.021930485560853058,0.05280206814749154,0.027100005331077745,0.18435967354699817,0.11832248836124988,1.0
NR1D2,0.0,0.0,0.0,0.0,0.0,1.0
REG1A,0.035170325727611355,0.03555795470194683,0.0191636496429887,0.09346516851289295,0.13254142599793584,1.0
NMNAT2,0.0,0.0,0.0,0.0,0.0,1.0
MYCN,0.029489094700284678,0.022273890100935754,0.012129931104075491,0.24852170846238789,0.11079035434699352,1.0
ECI1,0.0,0.0,0.0,0.0,0.0,1.0
TMEM131L,0.0,0.0,0.0,0.0,0.0,1.0
SP110,0.03681458575701117,0.03178753027149783,0.008000550200110828,0.1125699509309061,0.1715842758464044,1.0
CHRDL1,0.0,0.0,0.0,0.0,0.0,1.0
MGAT3,0.0,0.0,0.0,0.0,0.0,1.0
ADAM19,0.035738519636917467,0.009670243191492124,0.010430768943730727,0.14651961402049501,0.11749604238238245,1.0
GP1BB,0.058548973778284205,0.035646056202681756,0.033324060078951646,0.05721383093177957,0.16053342830172432,1.0
BTN3A1,0.03652271710557251,0.0041270206344929915,0.003750305353651401,0.1639584370888821,0.131351048232386,1.0
CXCL2,0.0,0.0,0.0,0.0,0.0,1.0
TRIP11,0.0,0.0,0.0,0.0,0.0,1.0
LLPH,0.0,0.0,0.0,0.0,0.0,1.0
PHTF2,0.041923014742967654,0.026427011007725876,0.03579243378678576,0.09291689158131275,0.12483257165774417,1.0
KHDRBS3,0.0,0.0,0.0,0.0,0.0,1.0
DBP,0.0,0.0,0.0,0.0,0.0,1.0
JAG2,0.0,0.0,0.0,0.0,0.0,1.0
PLA2G4C,0.0,0.0,0.0,0.0625,0.0,1.0
HMGN4,0.0,0.0,0.0,0.0,0.0,1.0
ERAP1,0.0,0.0,0.0,0.0,0.0,1.0
CORO2B,0.0,0.0,0.0,0.0,0.0,1.0
PADI2,0.036442995812040226,0.03846057684889775,0.009207742104410827,0.15289395247700066,0.11628628518963403,1.0
KLK10,0.0,0.0,0.0,0.0,0.0,1.0
GRIA1,0.04466066015521481,0.009924194641632633,0.006446677230331303,0.09771318768701863,0.17147792429623065,1.0
SRGAP3,0.0,0.0,0.0,0.0,0.0,1.0
CD69,0.035176922530990744,0.018578339913792225,0.00160548166743279,0.3013283053286715,0.08334973045803445,1.0
CNPY2,0.0,0.0,0.0,0.0,0.0,1.0
NPAT,0.0,0.0,0.0,0.0,0.0,1.0
PRKAA1,0.02972855751126066,0.08054954911553104,0.008681432944235437,0.2696425011737193,0.15997566919726341,1.0
KRT16,0.0,0.0,0.0,0.0,0.0,1.0
PHLDA2,0.10827386567608666,0.024179021741963704,0.02796803570104407,0.18198035095500556,0.12431573899936649,1.0
DCLRE1A,0.0,0.0,0.0,0.0,0.0,1.0
H2BC12,0.0,0.0,0.0,0.0,0.0,1.0
NFIX,0.0,0.0,0.0,0.0,0.0,1.0
ING1,0.0,0.0,0.0,0.0,0.0,1.0
TARP,0.0,0.0,0.0,0.0,0.0,1.0
ZNF330,0.0,0.0,0.0,0.0,0.0,1.0
PTCH1,0.0,0.0,0.0,0.0,0.0,1.0
HABP4,0.0,0.0,0.0,0.0,0.0,1.0
TBL3,0.0,0.0,0.0,0.0,0.0,1.0
IL33,0.04305088278836512,0.010096706878504343,0.0024410615518404275,0.1755028538490217,0.11937375943493371,1.0
VLDLR,0.0,0.0,0.0,0.0,0.0,1.0
HLA-DQB1,0.03206753411034897,0.010087643623829074,0.0019852084435769217,0.26427156149880726,0.11688190656128321,1.0
BMAL1,0.0,0.0,0.0,0.0,0.0,1.0
UCK2,0.028161770923495304,0.038832502639682014,0.009334951737967256,0.24329644168101744,0.07707708056706902,1.0
PPT2,0.0,0.0,0.0,0.0,0.0,1.0
IL16,0.03825894391651726,0.021986773136984647,0.007795008800239455,0.170431858275172,0.11957523707934167,1.0
RIPOR2,0.03422512740364031,0.01619161752220272,0.011080254592474977,0.311799107126556,0.12883176173223937,1.0
NHERF2,0.0,0.0,0.0,0.0,0.0,1.0
CDT1,0.0,0.0,0.0,0.0,0.0,1.0
CRADD,0.0625,0.0,0.0,0.0,0.0,1.0
CHST3,0.0,0.0,0.0,0.0,0.0,1.0
AP4M1,0.0,0.0,0.0,0.0,0.0,1.0
DNM3,0.0,0.0,0.0,0.0,0.0,1.0
LRRN3,0.042984278576486026,0.022815142587268723,0.006164042052222181,0.1495324228131129,0.159201279259516,1.0
SOX10,0.05276913620830752,0.02501231943352849,0.01722926776248783,0.149542351073075,0.15202980772774322,1.0
HOXB13,0.04055565059699877,0.02624992722551049,0.030831618632643575,0.21438701743392735,0.16056485149885513,1.0
CDH17,0.0,0.0,0.0,0.0,0.0,1.0
PMEL,0.0,0.0,0.0,0.0,0.0,1.0
CDC42EP2,0.0,0.0,0.0,0.0,0.0,1.0
PSME3,0.0625,0.0,0.0,0.0,0.0,1.0
KLK2,0.0,0.0,0.0,0.0,0.0,1.0
TRIM9,0.0,0.0,0.0,0.0,0.0,1.0
ANXA7,0.0,0.0,0.0,0.0,0.0,1.0
METAP2,0.07110868515597002,0.023618459672615152,0.019322125771223275,0.191086925299859,0.06974368491927688,1.0
TP63,0.0625,0.0,0.0,0.0,0.0625,1.0
FRAT2,0.0,0.0,0.0,0.0,0.0,1.0
ADGRL3,0.0,0.0,0.0,0.0,0.0,1.0
ADRA2A,0.03512463965891066,0.014523485665591963,0.010371235506524013,0.21649271308037973,0.0678578260052483,1.0
APBA2,0.03408112064575217,0.03841885721438022,0.008827570135343202,0.33680675098209234,0.059503791505541324,1.0
PKP3,0.0,0.0,0.0,0.0,0.0,1.0
SPP1,0.04052415142557675,0.0216177661783967,0.006982074797853935,0.33131614157042105,0.13195044333800884,1.0
GIT2,0.0,0.0,0.0,0.0,0.0,1.0
SNCG,0.0,0.0,0.0,0.0,0.0,1.0
SELPLG,0.039463372340875436,0.026058064985824598,0.015828707487019228,0.18026300391725314,0.13252213791556677,1.0
RIT1,0.019904487447035726,0.03400357909917635,0.013361912662524112,0.25137389315214653,0.05297512779540588,1.0
COLGALT2,0.0,0.0,0.0,0.0,0.0,1.0
SLC4A7,0.0,0.0,0.0,0.0,0.0,1.0
RHOD,0.0,0.0,0.0,0.0,0.0,1.0
MYL1,0.0,0.0,0.0,0.0,0.0,1.0
SEC31B,0.0,0.0,0.0,0.0,0.0,1.0
TSPAN5,0.0,0.0,0.0,0.0,0.0,1.0
SPC25,0.03474559062119372,0.010310917640875942,0.01290388152645822,0.3272431554030744,0.07280633134233383,1.0
LEPR,0.03173899353474128,0.02093908900425561,0.0107360192502276,0.33067396631420026,0.09815029552829271,1.0
SLIT2,0.0,0.0,0.0,0.0,0.0,1.0
PUF60,0.0625,0.0,0.0,0.0,0.0,1.0
AIF1,0.03193432196641543,0.02824259186152556,0.011534477870714807,0.1986627642133897,0.11777418217760022,1.0
ATR,0.03458806370416224,0.04057563878990222,0.03871514912096148,0.09942372209363509,0.11181121203697082,1.0
TNNC1,0.0534138742256863,0.01881379507921129,0.0359849973202057,0.16968618551617315,0.195585390335254,1.0
C3AR1,0.0,0.0,0.0,0.0,0.0,1.0
ITSN2,0.0,0.0,0.0,0.0,0.0,1.0
H2BC5,0.0,0.0,0.0,0.0,0.0,1.0
AP5Z1,0.0,0.0,0.0,0.0,0.0,1.0
NRXN1,0.0,0.0,0.0,0.0,0.0,1.0
DHTKD1,0.0,0.0,0.0,0.0,0.0,1.0
GGTLC2,0.0,0.0,0.0,0.0,0.0,1.0
BRAP,0.0,0.0,0.0,0.0,0.0,1.0
CCL18,0.04765670764018173,0.010488870333812492,0.006238778028888398,0.25183611618608354,0.10357050399339658,1.0
BORCS8,0.0,0.0,0.0,0.0,0.0,1.0
MSC,0.0,0.0,0.0,0.0,0.0,1.0
IKBKG,0.09285221143114192,0.03858523692345597,0.003124957959140599,0.14174726674384192,0.12095142796311147,1.0
NFE2,0.027299941191663207,0.020255844139077342,0.018259630558214328,0.19402462123415426,0.09050955203826687,1.0
CD300A,0.043259468651423424,0.024805825230318698,0.022480674084922554,0.10395864181969736,0.09977489164633603,1.0
TM4SF4,0.0,0.0,0.0,0.0,0.0,1.0
CFLAR,0.10321790680652601,0.07839310478496306,0.021221767918516085,0.16059962134456446,0.10445697504167645,1.0
PARP3,0.0625,0.0,0.0,0.0,0.0,1.0
RIPK1,0.0625,0.0,0.0,0.0625,0.0,1.0
MAGEA3,0.0,0.0,0.0,0.0,0.0,1.0
FBXL4,0.0,0.0,0.0,0.0,0.0,1.0
ZNF410,0.0,0.0,0.0,0.0,0.0,1.0
GSK3B,0.038263021424109145,0.004372785388418145,0.02021389582880673,0.13143856899689177,0.1559929142203368,1.0
VEGFC,0.03459331571158086,0.01189228736581037,0.0029735919252536725,0.11561405875624975,0.12289698610851321,1.0
KCNMB1,0.0,0.0,0.0,0.0,0.0,1.0
NCF2,0.03230578288575457,0.04762670904144679,0.009609838235795913,0.14726425963890552,0.12636125714758975,1.0
VILL,0.0,0.0,0.0,0.0,0.0,1.0
CDC37,0.050189302145519324,0.024334979726605623,0.03760867891928889,0.19075016126457475,0.07166311542201728,1.0
FAP,0.0927392268409636,0.029225687946523336,0.013065291865010369,0.14998222690452603,0.13382582746771338,1.0
NPPA,0.0,0.0,0.0,0.0,0.0,1.0
HGF,0.0,0.0,0.0,0.0,0.0,1.0
RAD51D,0.0,0.0,0.0,0.0,0.0,1.0
ESRRG,0.0466947464616416,0.00978727978153955,0.01144812755366506,0.09923238361608745,0.12620854841370188,1.0
NFKBIL1,0.0,0.0,0.0,0.0,0.0,1.0
CYP2E1,0.04201240810433802,0.021625696848871997,0.0049777013083054985,0.1058487984564086,0.14606878601587364,1.0
PLG,0.027848354850190483,0.025569025350575286,0.012714269338571092,0.16270416378333624,0.111562250940794,1.0
SHMT1,0.03030164864487337,0.044844884466661114,0.021672176612279468,0.07156872543379657,0.10800963973878597,1.0
CSDC2,0.04367872056260789,0.008691279349901418,0.012816843355165489,0.05375319942045307,0.15576197914163167,1.0
NRXN2,0.0,0.0,0.0,0.0,0.0,1.0
KDM4C,0.03875871261157625,0.026144455132975544,0.007336068837942926,0.08966509095027514,0.1070012756156136,1.0
ASCL1,0.0,0.0,0.0,0.0,0.0,1.0
ZNF268,0.0,0.0,0.0,0.0,0.0,1.0
GABBR2,0.03582288703989076,0.019757284535047284,0.005002843802162825,0.1625766239696,0.14483258611644906,1.0
PFKFB2,0.03542340921964196,0.023136932885660717,0.004533619793623508,0.3682548423360363,0.0726611999276028,1.0
ABCB1,0.02727029779720269,0.02579881961561736,0.007340491857370284,0.3413359022909645,0.10189907278957547,1.0
SOCS1,0.042422307516131776,0.03033677572038381,0.007958886387678344,0.08433422451150141,0.1253236154120478,1.0
GATA6,0.0,0.0,0.0,0.0,0.0,1.0
OLR1,0.033505451318535016,0.02285770589737654,0.012796569655249166,0.3053520581912318,0.09956950970432665,1.0
ABHD14A,0.0,0.0,0.0,0.0,0.0,1.0
GPD2,0.0,0.0,0.0,0.0,0.0,1.0
SLC25A1,0.0,0.0,0.0,0.0,0.0,1.0
IDH3B,0.03772294279422545,0.01701506304700448,0.02508016378216375,0.31390405813277805,0.078531231171809,1.0
MAP2,0.030846943640538346,0.028906517631776155,0.01902339964469628,0.14429828211180712,0.1485235677468809,1.0
MYT1L,0.0,0.0,0.0,0.0,0.0,1.0
CALML3,0.0,0.0,0.0,0.0,0.0,1.0
CCNO,0.0,0.0,0.0,0.0,0.0,1.0
PCGF1,0.0,0.0,0.0,0.0,0.0,1.0
UBE2E3,0.0,0.0,0.0,0.0,0.0,1.0
CARD10,0.0,0.0,0.0,0.0,0.0,1.0
APEX1,0.04454694161343304,0.027596727850950457,0.018613274915409362,0.30934743804522025,0.1339422058344391,1.0
ORC3,0.0,0.0,0.0,0.0,0.0,1.0
IDO1,0.028653965433713558,0.022044385556954444,0.007093439429560097,0.14403267606891706,0.1190111422023108,1.0
CD247,0.03356467398726478,0.00697909635897856,0.010763724460985315,0.23235682632056098,0.09715705279804368,1.0
SPAG6,0.0,0.0,0.0,0.0,0.0,1.0
NOS2,0.04123887020797273,0.019331380632581434,0.030883188171617927,0.21950679979831608,0.0908219638305532,1.0
PRKCQ,0.0625,0.0625,0.0,0.0,0.0,1.0
SLC12A5,0.039174033869638476,0.025580776600369354,0.025653885712565334,0.20097313924868887,0.06566175595993681,1.0
CTSZ,0.0625,0.0,0.0,0.0,0.0,1.0
FRMD8,0.0,0.0,0.0,0.0,0.0,1.0
LYL1,0.0,0.0,0.0,0.0,0.0,1.0
IDH2,0.026639635670485596,0.020841622118927063,0.005445025477451568,0.26565069741195635,0.08098924846953998,1.0
NAPG,0.0,0.0,0.0,0.0,0.0,1.0
SERPINC1,0.029070348193549585,0.02491618910285774,0.007985494319081982,0.17491326077915548,0.1035017584742512,1.0
RAPGEF3,0.0,0.0,0.0,0.0,0.0,1.0
TPX2,0.0625,0.0,0.0,0.0,0.0,1.0
TAF5,0.0,0.0,0.0,0.0,0.0,1.0
HAUS3,0.0,0.0,0.0,0.0,0.0,1.0
TSHR,0.04384577910193752,0.01012441420547211,0.03687889104537316,0.17992286509754213,0.15808813414254688,1.0
RND1,0.0,0.0,0.0,0.0,0.0,1.0
SMG1,0.10320313207785772,0.15937091294588757,0.17381877220757994,0.21970514382611134,0.033231653438358835,1.0
MAPK13,0.0,0.0,0.0,0.0,0.0,1.0
PDE6G,0.03818009573584849,0.028772521551431767,0.005295600610953145,0.08370637825402538,0.13926637846480983,1.0
SARDH,0.0,0.0,0.0,0.0,0.0,1.0
UPK1B,0.0,0.0,0.0,0.0,0.0,1.0
AQP4,0.0,0.0,0.0,0.0,0.0,1.0
CCL19,0.0410145919617476,0.014490358961616642,0.005232842426989119,0.24908670963125795,0.13125476331760227,1.0
ST8SIA1,0.0,0.0,0.0,0.0,0.0,1.0
CTSV,0.0625,0.0,0.0,0.0,0.0,1.0
MARCHF2,0.0,0.0,0.0,0.0,0.0,1.0
KCNAB1,0.0,0.0,0.0,0.0,0.0,1.0
ABCA4,0.0,0.0,0.0,0.0,0.0,1.0
SEMA7A,0.04124383977327871,0.02169325233971005,0.006432802025252028,0.1301013316869152,0.14575345723396804,1.0
HR,0.0,0.0,0.0,0.0,0.0,1.0
ARC,0.028222619506691256,0.01990013145738646,0.002803879009081487,0.18929568757847223,0.18275255919510752,1.0
DTNA,0.0,0.0,0.0,0.0,0.0,1.0
MAGOH,0.0,0.0,0.0,0.0,0.0,1.0
PARD3,0.0,0.0,0.0,0.0,0.0,1.0
CYP4B1,0.0,0.0,0.0,0.0,0.0,1.0
SH3GLB1,0.0625,0.0625,0.0,0.0,0.0,1.0
FOXA2,0.0,0.0,0.0,0.0,0.0,1.0
MED6,0.0,0.0,0.0,0.0,0.0,1.0
FYN,0.03877576674686205,0.020205365229701996,0.006526804029742573,0.29119101661190677,0.13518129988133784,1.0
RDH5,0.041261342482937086,0.01952528182335047,0.0037858710948136844,0.24868035502480937,0.08828320560863129,1.0
CLCA1,0.0,0.0,0.0,0.0,0.0,1.0
CACNA1D,0.0,0.0,0.0,0.0,0.0,1.0
KLHDC10,0.0,0.0,0.0,0.0,0.0,1.0
NLRP1,0.0999965332255732,0.02286973619200493,0.018404173872580337,0.10668169908727201,0.18116253030747886,1.0
INVS,0.0,0.0,0.0,0.0,0.0,1.0
RPL39L,0.0,0.0,0.0,0.0,0.0,1.0
SPAG1,0.0,0.0,0.0,0.0,0.0,1.0
IL1A,0.0625,0.0,0.0,0.0625,0.0625,1.0
KCNJ15,0.0538384420863401,0.030445685667939513,0.004652760481797462,0.12855961162222634,0.10889697632620651,1.0
PRM2,0.052245555828577483,0.029186395124195137,0.02305976261656125,0.19326086488090227,0.150015305410731,1.0
SEMA4F,0.0,0.0,0.0,0.0,0.0,1.0
BANF1,0.0,0.0,0.0,0.0,0.0,1.0
PSG9,0.05846348204233451,0.020282667999043547,0.015682332003024435,0.05069488359897972,0.11429734878119951,1.0
TTLL3,0.0,0.0,0.0,0.0,0.0,1.0
TM7SF2,0.0,0.0,0.0,0.0,0.0,1.0
EFNA3,0.042616925682073384,0.020519944718621938,0.012377519711674723,0.20215467190809758,0.07567685984077621,1.0
CCL11,0.04124315972068047,0.025785557481079913,0.011438405646104242,0.15242330329602355,0.1536709155263805,1.0
SHOX2,0.0,0.0,0.0,0.0,0.0,1.0
MBP,0.0,0.0,0.0,0.0,0.0,1.0
RGS20,0.0,0.0,0.0,0.0,0.0,1.0
PMP22,0.0625,0.0,0.0,0.0,0.0,1.0
CST7,0.04219490729925533,0.038844512432805005,0.010274077337736848,0.12394165486889093,0.16566210819619995,1.0
INHA,0.0,0.0,0.0,0.0,0.0,1.0
FLOT1,0.0,0.0,0.0,0.0625,0.0,1.0
ANXA10,0.0,0.0,0.0,0.0,0.0,1.0
PLA2G4A,0.035229540584952736,0.015700129354888074,0.012851477226971823,0.33126937686840896,0.14135819991752968,1.0
ART3,0.057775111062681794,0.027088231984243056,0.001164728163584896,0.10318837868904569,0.12174661719322338,1.0
HIPK3,0.10666202312119966,0.032104807327777436,0.020449294612134544,0.12955830952579248,0.06273671604679418,1.0
ATP5PD,0.0,0.0,0.0,0.0,0.0,1.0
LAMA5,0.0,0.0,0.0,0.0,0.0,1.0
DYRK3,0.0,0.0,0.0,0.0,0.0,1.0
LILRB4,0.03651368422959261,0.026678763064386705,0.00274753919110112,0.12303124990790779,0.19619707031506173,1.0
ME2,0.040198831735543554,0.022640909113640157,0.02206103097218772,0.13615126188895071,0.12014465911498096,1.0
MYOC,0.0,0.0,0.0,0.0,0.0,1.0
ERCC4,0.0,0.0,0.0,0.0,0.0,1.0
TRIM31,0.0,0.0,0.0,0.0,0.0,1.0
PAFAH1B2,0.0,0.0,0.0,0.0,0.0,1.0
GZMB,0.10707965583646689,0.033484122482052285,0.01868418957188287,0.19061965646032528,0.15443829693077904,1.0
DNASE1,0.0625,0.0,0.0,0.0,0.0,1.0
TLR5,0.03673446797393691,0.02845852388794996,0.01668640531312431,0.08849098236510135,0.11925949438215899,1.0
TEF,0.04078878870337127,0.007255764248440354,0.01189540591239623,0.1359442745122949,0.08063231870255985,1.0
C6,0.04670873092405449,0.023967551899603604,0.004271396798379082,0.16943874723832075,0.1417751206800712,1.0
SEC14L5,0.0,0.0,0.0,0.0,0.0,1.0
PTPRJ,0.05532487681556149,0.023528636540360345,0.002152719932254364,0.13570765481824312,0.09770170144308549,1.0
NR5A2,0.025989739173514693,0.0366163690074329,0.00673455171713379,0.1268748720098432,0.11079839734438265,1.0
TLR1,0.026320584066783732,0.020062493976124432,0.010034093992847102,0.2601795221311959,0.044282315074567924,1.0
SRSF10,0.0,0.0,0.0,0.0,0.0,1.0
CORT,0.0,0.0,0.0,0.0,0.0,1.0
ITGAX,0.03558707886639984,0.012169717396646478,0.011490938130927962,0.08471629019534055,0.12341622582054018,1.0
CACNB1,0.05657485557293213,0.0500605716406818,0.025999439080280053,0.019174019264291742,0.0669469442788823,1.0
GABPA,0.0,0.0,0.0,0.0,0.0,1.0
HSPA1L,0.0,0.0,0.0,0.0,0.0,1.0
STX11,0.03462654601417998,0.03444817276650429,0.00274723979374019,0.23233793851697404,0.11225105408144637,1.0
MOBP,0.0,0.0,0.0,0.0,0.0,1.0
PSG1,0.04517478902705424,0.01599430564812637,0.005254794695033905,0.09767231803826674,0.17716387662499525,1.0
PLP1,0.0,0.0,0.0,0.0,0.0,1.0
CRYAA,0.0,0.0,0.0,0.0,0.0,1.0
BIN1,0.03969184006920742,0.010004773230999244,0.009915618087096276,0.2584529403731821,0.10095649338630101,1.0
B3GALT4,0.0,0.0,0.0,0.0,0.0,1.0
BAG6,0.0625,0.0,0.0,0.0,0.0,1.0
EIF6,0.0,0.0,0.0,0.0,0.0,1.0
BMPR2,0.03154581783840102,0.027251777110654858,0.0067499341614859,0.17932672991790344,0.09312194177977767,1.0
TFR2,0.0,0.0,0.0,0.0,0.0,1.0
RAD1,0.0,0.0,0.0,0.0,0.0,1.0
FZD2,0.0,0.0,0.0,0.0,0.0,1.0
CHRNA3,0.04268636367130808,0.02097724943867382,0.01993653180566414,0.14342463727225901,0.16953907793160977,1.0
MR1,0.0,0.0,0.0,0.0,0.0,1.0
DLGAP2,0.0,0.0,0.0,0.0,0.0,1.0
CSF2,0.04184115340081795,0.04203725174128481,0.02203582975994737,0.15873974017305634,0.1410632277045126,1.0
GRM4,0.03569230985900273,0.01526443772288198,0.006193230302695613,0.28299580880858727,0.1328607828813611,1.0
ARTN,0.0,0.0,0.0,0.0,0.0,1.0
IRX5,0.0,0.0,0.0,0.0,0.0,1.0
CDKN2D,0.0,0.0625,0.0,0.0,0.0,1.0
ST20,0.0,0.0,0.0,0.0,0.0,1.0
B4GALT3,0.03177135272379486,0.03187767108847355,0.0028133587674665636,0.23509955301091298,0.07429780420971177,1.0
CAMP,0.04162785634822118,0.014138304763754867,0.0065033144189473565,0.11131420824475484,0.1503759689541182,1.0
ABCC8,0.03425651193122526,0.015831058991981516,0.011215925921536904,0.3422884295973118,0.13259670201407514,1.0
WNT7A,0.09936372772283956,0.02433970950117582,0.009667966027918706,0.17964552654592827,0.09675993360973092,1.0
ADSL,0.0,0.0,0.0,0.0,0.0,1.0
MADD,0.0625,0.0,0.0,0.0,0.0,1.0
MS4A3,0.03286096091198863,0.02347253342879145,0.01163173794410441,0.29056897288845007,0.055570628921372475,1.0
RAD51B,0.04443730910663744,0.015320477102232326,0.03693321546235949,0.19658819083262452,0.12490354235836693,1.0
RGS13,0.04863185933480858,0.03366578467300201,0.015798018923255046,0.08974767837300429,0.14435421244430832,1.0
TNFAIP8,0.0625,0.0,0.0,0.0,0.0,1.0
KCNK2,0.032894218491323006,0.046654122825897086,0.015771159270058996,0.047152072087521986,0.13788124474152552,1.0
CRISP2,0.0,0.0,0.0,0.0,0.0,1.0
KCNF1,0.0,0.0,0.0,0.0,0.0,1.0
GPR35,0.04016687529005081,0.0449316858853431,0.004891576386686994,0.17811024045649104,0.1029577202613917,1.0
POU5F1P3,0.0,0.0,0.0,0.0,0.0,1.0
AKAP17A,0.0,0.0,0.0,0.0,0.0,1.0
NEUROD2,0.03218569382839544,0.019692252077996002,0.001262383377911941,0.319257775755619,0.0737082276940372,1.0
CYP2B7P,0.0,0.0,0.0,0.0,0.0,1.0
PCDH7,0.0,0.0,0.0,0.0,0.0,1.0
MAGEA8,0.0,0.0,0.0,0.0,0.0,1.0
ZFAND5,0.0,0.0,0.0,0.0,0.0,1.0
AP4S1,0.0,0.0,0.0,0.0,0.0,1.0
GPR18,0.04330876967590039,0.019831186746831122,2.7741485111472725e-05,0.16188715373783855,0.13262579163090532,1.0
MPZ,0.023645373702443125,0.040344116166289495,0.00356405181145774,0.2384794468532785,0.09190728730329188,1.0
KLRG1,0.04718736951016604,0.025290173272654905,0.01143717911075232,0.10760917617984496,0.18726816820376824,1.0
SEC23B,0.0,0.0,0.0,0.0,0.0,1.0
MAGEA10,0.0,0.0,0.0,0.0,0.0,1.0
PEX2,0.0,0.0,0.0,0.0,0.0,1.0
FHL1,0.03559667776949729,0.0062895027024480014,0.009851707373006134,0.1189055153080852,0.17130167174844851,1.0
REM1,0.0,0.0,0.0,0.0,0.0,1.0
XDH,0.03478435904270079,0.011181846895223162,0.003148616118263915,0.2362643742735392,0.13117663655251702,1.0
MAB21L2,0.0,0.0,0.0,0.0,0.0,1.0
PDE6B,0.04755431639489426,0.013626487196449157,0.01299150538877898,0.1154284433926143,0.1525654328854146,1.0
L3MBTL1,0.042457250650375956,0.021127452433035744,0.001794450759850697,0.23061862447062065,0.06250840056587242,1.0
KLHL25,0.0,0.0,0.0,0.0,0.0,1.0
FGF5,0.0,0.0,0.0,0.0,0.0,1.0
IFT20,0.0,0.0,0.0,0.0,0.0,1.0
LILRA4,0.03493166983250358,0.030057968936027378,0.03242931685627973,0.11027145385057745,0.11333278943769266,1.0
TNFSF13,0.034874818913855216,0.03073755419159647,0.0002683986746576837,0.1666786774783398,0.09821552860774713,1.0
FLT4,0.04539732226317649,0.021707052028459187,0.018732908345148507,0.13511568685165065,0.18120485215556037,1.0
RBP3,0.045922600913963676,0.036931797168717535,0.015017102029232267,0.1301901577864225,0.10026194018069814,1.0
DDX52,0.0,0.0,0.0,0.0,0.0,1.0
GZMH,0.09264919907244432,0.008315872981841343,0.019195793072070064,0.3167612668391568,0.11787440069567653,1.0
UTY,0.0,0.0,0.0,0.0,0.0,1.0
TEKT2,0.0,0.0,0.0,0.0,0.0,1.0
C8G,0.0,0.0,0.0,0.0,0.0,1.0
CD1A,0.03208639781454062,0.012317938891838475,0.008053679275286782,0.3454373156990895,0.09425173675686822,1.0
AGXT,0.03551447175821794,0.009912998053265919,0.02123148007494166,0.14468413339814662,0.12464001981247778,1.0
GNMT,0.02732623643747338,0.046654834522410774,0.014191299823731397,0.10341222649846338,0.1299898979715559,1.0
HECW1,0.0,0.0,0.0,0.0,0.0,1.0
NR5A1,0.0,0.0,0.0,0.0,0.0,1.0
RASSF9,0.0,0.0,0.0,0.0,0.0,1.0
MZF1,0.0,0.0,0.0,0.0,0.0,1.0
ACLY,0.039683304438765346,0.03839562358606203,0.028286309588003617,0.09497928769201816,0.048701153863356855,1.0
MYT1,0.030240138049024402,0.012500283509262617,0.0,0.20032106347965745,0.05258168682673213,1.0
TPO,0.02947249897212327,0.008247152381593854,0.007017655700862248,0.2219215055061232,0.13766881070908066,1.0
OSBPL7,0.0,0.0,0.0,0.0,0.0,1.0
DNAH9,0.0,0.0,0.0,0.0,0.0,1.0
CLK4,0.045245668873165966,0.028846145768880928,0.03640044639151217,0.1013802946455468,0.21814037288248803,1.0
BCL11A,0.03905827754543157,0.029805136830217467,0.0186284117754636,0.20405746489662882,0.13241677532382984,1.0
CAMK4,0.05039099581727043,0.021771015829666986,0.011292023298479115,0.20418965401773786,0.13686081758975188,1.0
IFNG,0.09613419209175673,0.018716194555621655,0.012532968320031,0.24703389814952517,0.1422961101234762,1.0
SMOX,0.040274360228486024,0.04020000657184255,0.029164218035406766,0.12754830575193637,0.19709491634561166,1.0
ELF2,0.0,0.0,0.0,0.0,0.0,1.0
PML,0.10256514432327606,0.01686121029944212,0.006950928474056096,0.21290745926721796,0.09386032336530684,1.0
SCN2B,0.03887433970582097,0.04257748695662175,0.005914774756829933,0.09558610315016966,0.13293813073467714,1.0
SLCO1B1,0.0,0.0,0.0,0.0,0.0,1.0
PTGES,0.03483835539822784,0.010933112190349946,0.014716437368140881,0.2261658597096658,0.08805723812704833,1.0
TPD52L1,0.0,0.0,0.0,0.0,0.0,1.0
ACSM3,0.0,0.0,0.0,0.0,0.0,1.0
SSNA1,0.0,0.0,0.0,0.0,0.0,1.0
CACNA1G,0.0464201188225879,0.026982455666235607,0.0076984280242691225,0.16092371174676323,0.16011605186405092,1.0
CCKBR,0.03773954535188792,0.02297441247009287,0.007893905330023366,0.2357228843547252,0.11950882983856016,1.0
SCTR,0.0,0.0,0.0,0.0,0.0,1.0
SCN1A,0.03882217177147899,0.027267302327225046,0.0051911402637572265,0.13292816639550167,0.09658546040036803,1.0
TUBD1,0.03354824709110749,0.05082736388031459,0.01791903152249307,0.11570281244327263,0.12790078858503676,1.0
MYL4,0.0,0.0,0.0,0.0,0.0,1.0
DEFB1,0.0,0.0,0.0,0.0,0.0,1.0
FUT6,0.0,0.0,0.0,0.0,0.0,1.0
GRIN2C,0.023293027837919315,0.03906041890623668,0.03214944083285762,0.14412154411071013,0.09517351271917072,1.0
P2RX1,0.1047880847638007,0.030827643510007552,0.026446582157158706,0.03309402847776589,0.14044245036885972,1.0
KCNJ1,0.0,0.0,0.0,0.0,0.0,1.0
CAMK2B,0.0,0.0,0.0,0.0625,0.0,1.0
CPNE6,0.0,0.0,0.0,0.0,0.0,1.0
AFDN-DT,0.0,0.0,0.0,0.0,0.0,1.0
GRIN2B,0.028927635660385354,0.017710198931329583,0.010134816120371322,0.4221812455829334,0.10396568401266844,1.0
FLRT1,0.0,0.0,0.0,0.0,0.0,1.0
ODF2,0.0,0.0,0.0,0.0,0.0,1.0
CHEK2,0.09552064765536425,0.013590322699357567,0.0,0.19162147711758418,0.16180501941699765,1.0
BARX2,0.0,0.0,0.0,0.0,0.0,1.0
SLC11A1,0.04013238875610649,0.026178309363751325,0.005439573478036121,0.12358410389242575,0.10211208588621626,1.0
HGS,0.0,0.0,0.0,0.0,0.0,1.0
RHD,0.039627761205020144,0.017239452765350063,0.005796265211594362,0.24708765543024014,0.12526978432661384,1.0
ALPG,0.0,0.0,0.0,0.0,0.0,1.0
SCN3A,0.05092937591434562,0.015567592975037814,0.0049726772199596625,0.1259008784372892,0.18838648727137702,1.0
JTB,0.0625,0.0,0.0,0.0,0.0,1.0
ICOS,0.034236227307604686,0.030099133929235418,0.011683077376880978,0.18831161376910857,0.14872484342216788,1.0
OGFR,0.04797125494388293,0.02403233492082623,0.011006032671080572,0.2170535606945447,0.17667196746133246,1.0
NPY6R,0.0,0.0,0.0,0.0,0.0,1.0
FABP6,0.029223224277624072,0.021472047782209423,0.00046405293481685176,0.20999299216997896,0.09528343602867105,1.0
GATA1,0.0,0.0,0.0,0.0,0.0,1.0
P2RX5,0.0,0.0,0.0,0.0,0.0,1.0
CYP4F2,0.03673738665066306,0.02361193550123237,0.010530859726622864,0.2656850669857523,0.13661152881331604,1.0
ATP5MG,0.0,0.0,0.0,0.0,0.0,1.0
KCNJ6,0.03074148908663451,0.02074377758050274,0.005064019979361834,0.25157218042354285,0.113263227171601,1.0
R3HCC1L,0.0,0.0,0.0,0.0,0.0,1.0
TANK,0.041452677249988,0.10611431983438516,0.021050226388454503,0.20265261857957592,0.10029087493195402,1.0
LINC00588,0.0,0.0,0.0,0.0,0.0,1.0
SNAPC3,0.0,0.0,0.0,0.0,0.0,1.0
MAGEA12,0.0,0.0,0.0,0.0,0.0,1.0
ADGRA3,0.0,0.0,0.0,0.0,0.0,1.0
PRLR,0.04201906352126318,0.018316324865517715,0.012744274057041973,0.24235475651874996,0.11341220758582024,1.0
MAPK8,0.10085439673490076,0.07909531160693911,0.02366513088080608,0.13506855114449437,0.09399770031608337,1.0
RORA,0.030463895920577674,0.020266330109304218,0.017345459963452117,0.14835461907624406,0.08196046441093136,1.0
CLEC4M,0.03900734361969156,0.02531820162411539,0.02795371778627396,0.12309764109038984,0.10253752631068278,1.0
DNTT,0.0,0.0,0.0,0.0,0.0,1.0
MAGEA11,0.0,0.0,0.0,0.0,0.0,1.0
KLF1,0.0,0.0,0.0,0.0,0.0,1.0
ADH7,0.03888798379149617,0.0557503184600635,0.008827007850687997,0.055662292303752164,0.10578785788929482,1.0
FUT7,0.0,0.0,0.0,0.0,0.0,1.0
KCNQ2,0.03767029072681754,0.038014769302961965,0.019552311988884165,0.14458697336336207,0.11383287913722825,1.0
INHBA,0.0,0.0,0.0,0.0,0.0,1.0
VEGFA,0.10900064937722417,0.05806742333808931,0.009840129397618233,0.10847303551826325,0.11793144028018004,1.0
HNF1A,0.0,0.0,0.0,0.0,0.0,1.0
AKAP12,0.0,0.0,0.0,0.0,0.0,1.0
FETUB,0.0,0.0,0.0,0.0,0.0,1.0
BMPR1B,0.05946547430719686,0.02757357098646192,0.021328100601327872,0.08383162378197287,0.12362893336452398,1.0
MSH4,0.0,0.0,0.0,0.0,0.0,1.0
B9D1,0.03494638595325383,0.03620829979476265,0.016138463773424743,0.3041996637511848,0.07558867068154426,1.0
SPAM1,0.0,0.0,0.0,0.0,0.0,1.0
TADA2A,0.030291329392493745,0.049920405513793197,0.05554407204016426,0.02061546101071482,0.06911410400950566,1.0
BIRC3,0.09930857459857201,0.03205455166649331,0.014384407937614068,0.2538695424523304,0.12030083467819111,1.0
B4GALT4,0.0,0.0,0.0,0.0,0.0,1.0
ICA1,0.0,0.0,0.0,0.0,0.0,1.0
CCL23,0.02945763495806762,0.016053955872040407,0.011088908733943793,0.38166382530801296,0.05815461535618746,1.0
RASGRF1,0.0,0.0,0.0,0.0,0.0,1.0
CTBP2,0.0,0.0,0.0,0.0,0.0,1.0
AKR1C4,0.031128370092943388,0.022549611348447025,0.0033669066953003314,0.16249382044622368,0.14563015389254186,1.0
GBX2,0.0,0.0,0.0,0.0,0.0,1.0
GCGR,0.025997753547956706,0.017176662021989645,0.01423637950122541,0.19282781555157658,0.118077014587493,1.0
SIGLEC9,0.03921004316011438,0.022343188448652553,0.010477899753451673,0.19930319395027876,0.1101248176981931,1.0
PCDHA2,0.0,0.0,0.0,0.0,0.0,1.0
NUDC,0.0,0.0,0.0,0.0,0.0,1.0
CASR,0.030736697131004576,0.022406999266384092,0.0072456768494561525,0.1651487672682992,0.13807349269830135,1.0
TRIM10,0.0,0.0,0.0,0.0,0.0,1.0
INHBE,0.050051840298253936,0.02149489056787241,0.012128271746295879,0.24139003539773252,0.10357764788088203,1.0
GBA1LP,0.0,0.0,0.0,0.0,0.0,1.0
NAA11,0.0,0.0,0.0,0.0,0.0,1.0
GNAT2,0.04030390731226126,0.0226387043952221,0.005803074191459386,0.14514313559868502,0.12779029829135713,1.0
MFGE8,0.0,0.0,0.0,0.0,0.0,1.0
KLRD1,0.0447039614810965,0.012840540615887436,0.008731658288937776,0.10553260756917925,0.1296515073130212,1.0
FLT3LG,0.0,0.0,0.0,0.0,0.0,1.0
FUT2,0.03964002911121163,0.020082712456749235,0.019707025952116465,0.1209285550636621,0.1844236471342047,1.0
TP53I3,0.040091312863059066,0.02992568403326425,0.00520472036963293,0.17571505344291652,0.11937314658718408,1.0
SYNJ2,0.0,0.0,0.0,0.0,0.0,1.0
TTPA,0.0,0.0,0.0,0.0,0.0,1.0
PHEX,0.0,0.0,0.0,0.0,0.0,1.0
HYAL1,0.0,0.0,0.0,0.0,0.0,1.0
HACL2,0.0,0.0,0.0,0.0,0.0,1.0
MOGS,0.0,0.0,0.0,0.0,0.0,1.0
SGCA,0.0,0.0,0.0,0.0,0.0,1.0
FBXO9,0.0,0.0,0.0,0.0,0.0,1.0
ATG5,0.10037510467911964,0.07710250266449428,0.06774340220275066,0.2169909259880715,0.11686554535166613,1.0
GPER1,0.10271233004784257,0.022187445676373183,0.007294446064664469,0.23072630482356454,0.11324978834539363,1.0
CCIN,0.0,0.0,0.0,0.0,0.0,1.0
TNFSF11,0.03450639008729713,0.01588569580574132,0.005416679802120695,0.13025649242515389,0.11934677922952032,1.0
LAIR1,0.03257435058446509,0.014433524940849402,0.02169550463443636,0.1892288211673292,0.11435241624713133,1.0
TTC3,0.0,0.0,0.0,0.0,0.0,1.0
PLA2G6,0.043720602741812206,0.022458283643763146,0.014377094367243198,0.20234184982331743,0.13665971953853176,1.0
ARID1A,0.042898620403415584,0.023714632179693586,0.011741453802449876,0.12745351081539044,0.1290988991996619,1.0
TTC39A,0.04065992898106088,0.014022974132155457,0.0005777896517074164,0.23142331646887832,0.06514093411238539,1.0
TNFRSF10D,0.10076278708633839,0.0310264342341992,0.02124388095916715,0.12086025677157466,0.1751357789800748,1.0
SEPTIN4,0.0625,0.0,0.0,0.0,0.0,1.0
LILRA1,0.03975432559946453,0.01810547645303375,0.029135600927421505,0.2589864620220926,0.13308403065655597,1.0
GLRA3,0.030446286939791328,0.01335843064950748,0.005805372141081511,0.2830752741672938,0.17800792724513043,1.0
PPY,0.0,0.0,0.0,0.0,0.0,1.0
PTPRR,0.0,0.0,0.0,0.0,0.0,1.0
SOAT2,0.03212927314910604,0.037614819801876004,0.013966552933851887,0.15546539173404803,0.07031402648088328,1.0
USP15,0.0,0.0,0.0,0.0,0.0,1.0
LPO,0.0,0.0,0.0,0.0,0.0,1.0
NRTN,0.0,0.0,0.0,0.0,0.0,1.0
CLDN14,0.0,0.0,0.0,0.0,0.0,1.0
CACYBP,0.0,0.0,0.0,0.0,0.0,1.0
ZNF257,0.0,0.0,0.0,0.0,0.0,1.0
TRIM5,0.0,0.0,0.0,0.0,0.0,1.0
RNF24,0.0320319351093412,0.03410305721120871,0.007941642804458617,0.21573989315715325,0.15712053016361227,1.0
LDHAL6B,0.03948701993725052,0.02323057083808996,0.019350903297811,0.13424954543000617,0.1389974799050996,1.0
SPINT2,0.0,0.0,0.0,0.0,0.0,1.0
CLIP1,0.0,0.0,0.0,0.0,0.0,1.0
HMG20B,0.0,0.0,0.0,0.0,0.0,1.0
NECAB3,0.0,0.0,0.0,0.0,0.0,1.0
ADGRE3,0.0,0.0,0.0,0.0,0.0,1.0
NPY2R,0.03229406151018686,0.027180268423397897,0.013095757795228077,0.11173089590324681,0.14897034154327943,1.0
TUB,0.0,0.0,0.0,0.0,0.0,1.0
ITPK1,0.031350121150970064,0.032783168243906154,0.004780241109119173,0.09287479406119772,0.09481386038734081,1.0
CDC14A,0.044609642335104616,0.012385445557731117,0.012590195070145253,0.06955783867074325,0.1400333069718261,1.0
IL5RA,0.05904114205505687,0.014940276771574421,0.004803799377294301,0.0695602211969447,0.17481359891544584,1.0
ONECUT1,0.0,0.0,0.0,0.0,0.0,1.0
EPB42,0.0,0.0,0.0,0.0,0.0,1.0
RGN,0.0,0.0,0.0,0.0,0.0,1.0
LYN,0.0,0.0,0.0,0.0,0.0,1.0
PSMA1,0.3745356087939812,0.27426116294015807,0.47180257061913705,0.06364334343410072,0.09314625678673899,1.0
GRB7,0.0,0.0,0.0,0.0,0.0,1.0
DLC1,0.0625,0.0,0.0,0.0,0.0,1.0
FPR2,0.029550209910555864,0.007817516595999344,0.009164875981979119,0.20117091540846482,0.1292541058758365,1.0
NCOA4,0.0,0.0,0.0625,0.0,0.0,1.0
ESR2,0.0,0.0,0.0,0.0,0.0,1.0
GRIN1,0.02982611938918587,0.02194479395561065,0.004092475461679294,0.15304094755084002,0.13670981325860915,1.0
THEMIS2,0.0,0.0,0.0,0.0,0.0,1.0
FLI1,0.03668105335595838,0.02650084990402267,0.00905675646120158,0.2741112030440338,0.08896102346384946,1.0
DHRS7,0.0,0.0,0.0,0.0,0.0,1.0
SIVA1,0.0625,0.0,0.0,0.0,0.0,1.0
OASL,0.0,0.0,0.0,0.0,0.0,1.0
HTR1B,0.040056759090521546,0.01748033392670622,0.008653224314771144,0.38472368225187203,0.12909615504879907,1.0
SLC16A7,0.0,0.0,0.0,0.0,0.0,1.0
POSTN,0.0,0.0,0.0,0.0,0.0,1.0
SLC6A5,0.04331670966736454,0.0230821954775423,0.002923353956386181,0.2051543297239808,0.136742175282009,1.0
CALCRL,0.03791053728612125,0.04715955067828113,0.021582660593441876,0.139899016850709,0.14870673136282825,1.0
CALCOCO2,0.0,0.0625,0.0,0.0,0.0,1.0
CENPA,0.0,0.0,0.0,0.0,0.0,1.0
RPL13P5,0.0,0.0,0.0,0.0,0.0,1.0
PTPRS,0.03294092938237348,0.030075909217856425,0.008225111790836485,0.15066905031701808,0.12250236088854437,1.0
ELF3,0.0,0.0,0.0,0.0,0.0,1.0
ACVRL1,0.03371858772906556,0.02222724780481265,0.016752929516377472,0.1089342741418457,0.08744129975588746,1.0
ENPP2,0.032930332266766685,0.042974011525842695,0.013479945751253379,0.04824596115573716,0.13746275069401628,1.0
PLAUR,0.026752944276935538,0.04188205682666806,0.011910197453842029,0.15407117564155265,0.07880949179869481,1.0
VPS41,0.0,0.0625,0.0,0.0,0.0,1.0
AASS,0.04065320975059103,0.030438728384534493,0.010560390194308567,0.17067377098073758,0.17434438330447394,1.0
CCN6,0.0,0.0,0.0,0.0,0.0,1.0
FASLG,0.0625,0.0,0.0,0.0625,0.0,1.0
APOBEC3A,0.0372681817755988,0.021102676508093356,0.007871033511652779,0.12638193492536273,0.12770047549506436,1.0
NAA80,0.0,0.0,0.0,0.0,0.0,1.0
KDM3B,0.04024452524263473,0.03385623102911625,0.014206178190926556,0.13222339790381893,0.14037363760783486,1.0
RAB11FIP5,0.026867569542188503,0.03457505872039373,0.01132299958447785,0.2391320735066289,0.08157201931455646,1.0
EFS,0.0,0.0,0.0,0.0,0.0,1.0
TRIM15,0.0,0.0,0.0,0.0,0.0,1.0
TP53TG1,0.0,0.0,0.0,0.0,0.0,1.0
ITIH1,0.0,0.0,0.0,0.0,0.0,1.0
FCGR2B,0.04427548570105902,0.024031653856046206,0.0006262968683929177,0.17324859887595936,0.12031196014568518,1.0
KIR2DL1,0.04990454417556698,0.015201938131439045,0.01978211256336581,0.07832846386573904,0.12154969249380021,1.0
GTF2I,0.0,0.0,0.0,0.0,0.0,1.0
CD86,0.032971994526703234,0.012961165903900321,0.002649458188504036,0.1988135905550841,0.13926490707491979,1.0
ASPH,0.03849747462507788,0.04727645517143705,0.013617531920694962,0.13477274815648893,0.11994752955872419,1.0
POU5F1P4,0.0,0.0,0.0,0.0,0.0,1.0
PDCD10,0.09162087044298972,0.017334933248379893,0.02011394659017686,0.15017582864995074,0.12652107517546607,1.0
LPAL2,0.0,0.0,0.0,0.0,0.0,1.0
POMZP3,0.0,0.0,0.0,0.0,0.0,1.0
GSTM4,0.023518458054573373,0.02504395725895411,0.005620931710622692,0.1592813657229624,0.08910479983487699,1.0
CDH20,0.0,0.0,0.0,0.0,0.0,1.0
POTEKP,0.0,0.0,0.0,0.0,0.0,1.0
AHSG,0.0,0.0,0.0,0.0,0.0,1.0
BLK,0.030578562946037106,0.03129452011109622,0.026283806775774257,0.20054765123851812,0.1925127836896126,1.0
PDX1,0.0,0.0,0.0,0.0,0.0,1.0
CAPN3,0.0625,0.0,0.0,0.0,0.0,1.0
MSH3,0.0,0.0,0.0,0.0,0.0,1.0
ADRA1D,0.042896503731013565,0.019365636785393627,0.01070433800863566,0.09121471757893632,0.1634320677062031,1.0
AKAP9,0.0,0.0,0.0,0.0,0.0,1.0
GYG2,0.0,0.0,0.0,0.0,0.0,1.0
RTN4,0.0625,0.0,0.0,0.0,0.0,1.0
IBTK,0.0,0.0,0.0,0.0,0.0,1.0
PFKM,0.04148753873923232,0.04395561732308469,0.02855268847009511,0.1682621328374995,0.11629446572017743,1.0
HSF4,0.0,0.0,0.0,0.0,0.0,1.0
TAGLN2,0.0,0.0,0.0,0.0,0.0,1.0
GRK6,0.0522054433366929,0.021431616835378635,0.024866559961911488,0.09041379191552122,0.11526604997489365,1.0
TPM1,0.0,0.0,0.0,0.0,0.0,1.0
SMAD1,0.0,0.0,0.0,0.0,0.0,1.0
TRIM23,0.0,0.0,0.0,0.0,0.0,1.0
YWHAE,0.0625,0.0,0.0,0.0,0.0,1.0
KCNB1,0.04222454523898572,0.03611505962584369,0.023312553556999335,0.1774321504074485,0.14083760983045457,1.0
ZNF271P,0.0,0.0,0.0,0.0,0.0,1.0
NCR3,0.03371745776972421,0.016803289291042058,0.009999432211073885,0.17814184329865596,0.12210754350874067,1.0
COL19A1,0.0,0.0,0.0,0.0,0.0,1.0
HSPA4,0.0,0.0,0.0,0.0,0.0,1.0
GCNT2,0.0,0.0,0.0,0.0,0.0,1.0
NKX2-1,0.0,0.0,0.0,0.0,0.0,1.0
MGLL,0.0,0.0,0.0,0.0,0.0,1.0
KHK,0.03990760647289019,0.022983947456178527,0.012831817898839443,0.061206942001105075,0.15417120402159412,1.0
FGF18,0.0,0.0,0.0,0.0,0.0,1.0
CLIP2,0.0,0.0,0.0,0.0,0.0,1.0
PEX7,0.0,0.0,0.0,0.0,0.0,1.0
HECTD4,0.0,0.0,0.0,0.0,0.0,1.0
CROCCP2,0.0,0.0,0.0,0.0,0.0,1.0
AP2S1,0.0,0.0,0.0,0.0,0.0,1.0
PDIA4,0.0,0.0,0.0,0.0,0.0,1.0
TLX2,0.0,0.0,0.0,0.0,0.0,1.0
TBCD,0.0,0.0,0.0,0.0,0.0,1.0
ZNF493,0.0,0.0,0.0,0.0,0.0,1.0
DBI,0.03499553249495499,0.029189277138753487,0.008297834853089402,0.1727716026572416,0.10766162051958628,1.0
MLLT11,0.045990858249614006,0.04267957948644891,0.018156958990449636,0.2068111404322172,0.07538153915586589,1.0
NEK1,0.026575030261647117,0.009873206067828724,0.004192161858329381,0.2438764592583154,0.08418186306503372,1.0
PDE6C,0.0,0.0,0.0,0.0,0.0,1.0
NFATC1,0.03268076180046797,0.018694186418446314,0.008888045326754914,0.17801662700352414,0.16983153589177508,1.0
AURKC,0.039815963723515826,0.020401943763110088,0.0024537243913513094,0.12256314536123311,0.16601283932082722,1.0
AR,0.044266295068859485,0.020797323505184172,0.00398865732928822,0.11397287793291744,0.18748050869546962,1.0
GEMIN2,0.0,0.0,0.0,0.0,0.0,1.0
SLC9A2,0.0,0.0,0.0,0.0,0.0,1.0
DOK1,0.0,0.0,0.0,0.0,0.0,1.0
CXCL11,0.02183278336785985,0.0036184207800946744,0.0015241806061648102,0.28822601170008044,0.0728974782112979,1.0
SLC5A5,0.0,0.0,0.0,0.0,0.0,1.0
LILRB3,0.03500992981207794,0.011507051391242041,0.00618890602014839,0.19626173930296265,0.12584965847704638,1.0
KMO,0.03293259990601788,0.013992489050632585,0.004038330914085069,0.15012557778811647,0.14453302118382155,1.0
IFNA21,0.05993152177568762,0.042976193777778456,0.007774059624746732,0.29830611380512234,0.09157187160220912,1.0
P2RX6,0.0,0.0,0.0,0.0,0.0,1.0
DLAT,0.021183768440840484,0.04072688913013619,0.02360033824271099,0.14044993915669982,0.09141868700409686,1.0
THPO,0.0,0.0,0.0,0.0,0.0,1.0
COL3A1,0.0,0.0,0.0,0.0,0.0,1.0
FAM153A,0.0,0.0,0.0,0.0,0.0,1.0
GCK,0.03830028195495542,0.022232934405103086,0.0039355750668163296,0.38059442491442524,0.06675829750350375,1.0
UPF1,0.0,0.0,0.0,0.0,0.0,1.0
CCKAR,0.03245015855297999,0.038625100578952694,0.03446337329252719,0.08291415983970231,0.12412033191557262,1.0
GPR45,0.0,0.0,0.0,0.0,0.0,1.0
TXNRD2,0.0408448534655933,0.021553266872242405,0.028261205658763763,0.11745938949951523,0.14465431882269297,1.0
PSTPIP1,0.0517634261023715,0.014985307982603072,0.019400274236554715,0.035366392338731414,0.15242122210479717,1.0
DRC8,0.0,0.0,0.0,0.0,0.0,1.0
FSHR,0.03398365847961192,0.019223778889144914,0.005477719071359061,0.10405585804650087,0.10562663339014361,1.0
CNTN1,0.029183277944669767,0.020036300687773994,0.03480264171615216,0.13241986452897264,0.13296043553591186,1.0
ACSL6,0.02875960112927759,0.005339897080216229,0.07639315396294319,0.36648291504978375,0.09229547306718655,1.0
SH2D1A,0.035975576757364014,0.014762077522153038,0.0022700161302620318,0.26621113487530357,0.14205045114332515,1.0
LHX2,0.03421158176589537,0.01743528256237947,0.010027826873032136,0.16040007447755622,0.11205379996544017,1.0
PROP1,0.0625,0.0,0.0,0.0,0.0,1.0
ABCB11,0.04171171457842068,0.02615682326661327,0.02038102394273915,0.13283496113641372,0.14339944507754124,1.0
GALR2,0.0,0.0,0.0,0.0,0.0,1.0
ADAM7,0.0,0.0,0.0,0.0,0.0,1.0
KIR2DL4,0.04380260620556344,0.01336600707872299,0.006746230918202402,0.16685694140091922,0.13867088302911684,1.0
CHRD,0.0,0.0,0.0,0.0,0.0,1.0
GPR68,0.0,0.0,0.0,0.0,0.0,1.0
SH3BP2,0.0,0.0,0.0,0.0,0.0,1.0
PTCRA,0.0,0.0,0.0,0.0,0.0,1.0
PYY,0.0,0.0,0.0,0.0,0.0,1.0
ZNF638,0.0,0.0,0.0,0.0,0.0,1.0
HESX1,0.046988645347035334,0.014082179425956014,0.025649252420575697,0.21851453528665565,0.13510982211764952,1.0
TBX1,0.035605854017164984,0.007719213354649936,0.016783419119417855,0.12204353589056517,0.16365385259648954,1.0
GYG1,0.0,0.0,0.0,0.0,0.0,1.0
TCEAL2,0.0,0.0,0.0,0.0,0.0,1.0
CDK7,0.27290877474137487,0.06583000161140232,0.03340258609204481,0.14176934554052736,0.057172078708573534,1.0
ALB,0.040851973107408616,0.019268354830914325,0.009473247797499064,0.29606939246557734,0.11828436702749037,1.0
PDE4B,0.03299565658354587,0.016605184269222834,0.008895273642439087,0.13700158146349656,0.18226100433562636,1.0
FOLH1B,0.0,0.0,0.0,0.0,0.0,1.0
FCAR,0.03147236786665282,0.03201690922085564,0.016178945026227735,0.09098383647499325,0.1569636982815914,1.0
RAE1,0.0,0.0,0.0,0.0,0.0,1.0
PTPRU,0.0,0.0,0.0,0.0,0.0,1.0
ITPR1,0.09552654428855892,0.07171529179061077,0.00367708196983139,0.2138026939158725,0.12286318845304689,1.0
TUBGCP4,0.0,0.0,0.0,0.0,0.0,1.0
IFNA2,0.09644624122996748,0.016906915801626742,0.0030129607221137207,0.28179973965227156,0.12217036122906268,1.0
ITK,0.02708991590028841,0.026600296946529385,0.01804500111406567,0.15156920396565537,0.12706941811267253,1.0
MCAM,0.032330224605215965,0.011349277240163519,0.01724206085724333,0.1937798000168822,0.14933283916993267,1.0
POU4F1,0.0,0.0,0.0,0.0,0.0,1.0
LRIT1,0.045533502507716234,0.014889612818185037,0.011096870081100756,0.22603918765951042,0.17788758082924633,1.0
ALDOB,0.0,0.0,0.0,0.0,0.0,1.0
CASP1,0.10358453728729224,0.017303859274212866,0.002822333021725424,0.14527166155672133,0.17671441796986595,1.0
IL1R2,0.03635851302777118,0.01952224824792344,0.014143618753744213,0.12806609002971178,0.1287104803512144,1.0
PPIA,0.0625,0.0,0.0,0.0625,0.0,1.0
TACC2,0.0,0.0,0.0,0.0,0.0,1.0
WDR37,0.05007999295612912,0.02385660866953251,0.013687074684843353,0.10502880849248883,0.1372248328139416,1.0
SULT1A2,0.0,0.0,0.0,0.0,0.0,1.0
FCGR2C,0.0,0.0,0.0,0.0,0.0,1.0
IFNA17,0.043989867586662505,0.02612584635824606,0.012013958376777137,0.11486086763477144,0.1112287290439149,1.0
IER3IP1,0.0,0.0,0.0,0.0,0.0,1.0
GGTLC1,0.0,0.0,0.0,0.0,0.0,1.0
RET,0.039966434844561256,0.015903936507250114,0.007974311040225408,0.14442698656450548,0.17299667538525637,1.0
SC5D,0.0,0.0,0.0,0.0,0.0,1.0
SERPINA1,0.03936252894262128,0.024977873724679255,0.01637071154118174,0.1301508919964696,0.11036283313091856,1.0
TYRO3,0.04093799529337901,0.024360736845800056,0.010364675572621211,0.12152385315969332,0.13911484050087952,1.0
CCRL2,0.04313852741934214,0.018120703969103535,0.010942288223113567,0.1048301905202676,0.1499706014529281,1.0
TRHR,0.042339126377716564,0.01255443544521771,0.0033007338568748334,0.07572649972430527,0.15597183844186976,1.0
CYP3A43,0.0,0.0,0.0,0.0,0.0,1.0
NACA4P,0.0,0.0,0.0,0.0,0.0,1.0
RGSL1,0.0,0.0,0.0,0.0,0.0,1.0
MT1HL1,0.0,0.0,0.0,0.0,0.0,1.0
TBL1Y,0.0,0.0,0.0,0.0,0.0,1.0
ZIC4,0.0,0.0,0.0,0.0,0.0,1.0
CASP6,0.0625,0.0,0.0,0.0,0.0,1.0
CXCR6,0.049557881930827184,0.020170976852788437,0.006121151807932091,0.15608088693667416,0.13315604261723085,1.0
SULT1C2,0.0,0.0,0.0,0.0,0.0,1.0
RAB36,0.0,0.0,0.0,0.0,0.0,1.0
SERPINB6,0.0,0.0,0.0,0.0,0.0,1.0
BAG1,0.0625,0.0,0.0,0.0,0.0,1.0
HTR2C,0.04779117597214987,0.010805212881659499,0.020901677405896768,0.10304988197300242,0.162066273334862,1.0
SLCO1A2,0.04406185715486815,0.012660740043213575,0.002431002202727393,0.19173418310614868,0.11089279469231386,1.0
DSCAM,0.03183710042094974,0.004393779205702847,0.009276915454667134,0.314902033691998,0.0857897446310254,1.0
ITGB8,0.037830227557683734,0.013519952299188476,0.004819981881154489,0.3145507672542216,0.10461816363368015,1.0
ADRA1A,0.0945669301760515,0.006049655723595028,0.006899660649669049,0.12312998460430857,0.20923599129062007,1.0
PDC,0.0,0.0,0.0,0.0,0.0,1.0
MAPK11,0.02908631982069907,0.010649283506787174,0.004168464656587637,0.1795925036730386,0.1565383944217611,1.0
RAB14,0.0,0.0,0.0,0.0,0.0,1.0
BMP4,0.0,0.0,0.0,0.0,0.0,1.0
GNRHR,0.03528346594248847,0.027895407224637122,0.03699245248308862,0.17056217318278888,0.1544896835652455,1.0
RTEL1,0.04591804387908475,0.026464048553597793,0.0013261598574161215,0.14501882388229748,0.09347566750111055,1.0
HLA-G,0.0,0.0,0.0,0.0,0.0,1.0
FGFR1,0.0246597874167524,0.018727034057306746,0.005716137836472282,0.10750200482353317,0.1601164358860932,1.0
HSPA2,0.0,0.0,0.0,0.0,0.0,1.0
GHRHR,0.04121873434322503,0.023382967124283005,0.010067716748477968,0.18588675337863003,0.17922631081099155,1.0
APAF1,0.11300229723254909,0.029329823391198998,0.017252693841649167,0.12137122272441292,0.1380443334117676,1.0
GUCY1B1,0.0,0.0,0.0,0.0,0.0,1.0
ALAS2,0.033358252672397795,0.011044092950978092,0.004275980279874367,0.22627949881207401,0.13265283557024948,1.0
MAPK14,0.12081317971691125,0.023714440808694438,0.01370714673659661,0.15240093306430422,0.15687225227021845,1.0
URI1,0.0,0.0,0.0,0.0,0.0,1.0
PDLIM4,0.0514221213667746,0.029021422071288994,0.013103757529116723,0.15780465479019842,0.11556811138413242,1.0
RAPSN,0.0,0.0,0.0,0.0,0.0,1.0
SLC19A1,0.04520721201414501,0.01978314652812285,0.025861486576433446,0.1289987594971409,0.18743515834581503,1.0
RPS6KB1,0.1332110544157371,0.11886631187188847,0.020143366225574617,0.13012738686551134,0.09538089748605127,1.0
CACNA1C,0.0,0.0,0.0,0.0,0.0,1.0
MRPS11,0.0,0.0,0.0,0.0,0.0,1.0
LRIG1,0.024882245606484416,0.01174915095257841,0.0033985560060151585,0.33279559533889724,0.08194669839236236,1.0
HOPX,0.06335300349583077,0.01740272886000035,0.017157904147196375,0.08792565064540961,0.1181707707383364,1.0
ETV4,0.02703111791167033,0.01049402204198226,0.01413374023101601,0.22165783327341557,0.1392283094768314,1.0
HAP1,0.0,0.0,0.0,0.0,0.0,1.0
LRPPRC,0.0,0.0,0.0,0.0,0.0,1.0
ALPI,0.0,0.0,0.0,0.0,0.0,1.0
FBL,0.0,0.0,0.0,0.0,0.0,1.0
DRD3,0.0361828950298335,0.029230461514316658,0.010287849493039954,0.29795242656445525,0.1428424866339493,1.0
GPR135,0.0,0.0,0.0,0.0,0.0,1.0
PTAFR,0.02958090539175057,0.0269160852199357,0.0008548760210684806,0.25315331637453187,0.13194696126376704,1.0
VDAC2,0.061736765928309775,0.04264879229075154,0.07118013550549963,0.3554763612042129,0.07344300384334217,1.0
PTGDS,0.0359917139069343,0.01454364495157264,0.012689103460798287,0.1286022763017247,0.12192967342505073,1.0
RPL3,0.3891997692920728,0.0512841956992683,0.05225580316046256,0.2128110325614998,0.06109184631126823,1.0
PLAU,0.04087266414573804,0.01848170788333846,0.012828144331390057,0.14842007668165402,0.14639931629381236,1.0
SSX3,0.0,0.0,0.0,0.0,0.0,1.0
MDFIC,0.030533817497340732,0.019684873493053527,0.0010935794701521816,0.17516844246055754,0.09434359861905742,1.0
IFNGR1,0.04533555217786289,0.027032105927225904,0.026815145640572424,0.13719862389132387,0.1622523297850591,1.0
UGT2B28,0.0,0.0,0.0,0.0,0.0,1.0
DYNC1I2,0.0,0.0,0.0,0.0,0.0,1.0
NCALD,0.0,0.0,0.0,0.0,0.0,1.0
MAK16,0.0,0.0,0.0,0.0,0.0,1.0
KIR3DL1,0.04314951832398538,0.011776785480439825,0.018071832752472247,0.19536754866939904,0.10978450411823652,1.0
TMPRSS2,0.0,0.0,0.0,0.0,0.0,1.0
BBC3,0.09205494652887578,0.03814509463655104,0.027170790037514735,0.1666056164235541,0.1378024688064476,1.0
TSSK1B,0.038411346674505124,0.020177626320283804,0.015767930931869886,0.20910217283973245,0.13623991371197858,1.0
TRO,0.0,0.0,0.0,0.0,0.0,1.0
USP32,0.0,0.0,0.0,0.0,0.0,1.0
TM2D1,0.0625,0.0,0.0,0.0,0.0,1.0
IQCB1,0.0,0.0,0.0,0.0,0.0,1.0
CLEC11A,0.03354261845990136,0.019555642485035538,0.006996527028050434,0.44231076381606893,0.1660502228913511,1.0
PTEN,0.11217180722338733,0.06662941077712113,0.03669109014076516,0.07956190223194023,0.14703534749388975,1.0
ANXA9,0.03983025373505696,0.03816906790583,0.021060875744342546,0.36176670212648093,0.10566474799956978,1.0
BDH1,0.0457748942792329,0.027129600993272933,0.005710369110952455,0.22613422595591331,0.13328176444219986,1.0
ANKRD40,0.0,0.0,0.0,0.0,0.0,1.0
ZNF551,0.0,0.0,0.0,0.0,0.0,1.0
MIOS,0.0,0.0,0.0,0.0,0.0,1.0
BID,0.10520993190760153,0.04139870386467254,0.02247487634769558,0.24026675081436533,0.12807106584615044,1.0
FMO2,0.0,0.0,0.0,0.0,0.0,1.0
HYAL3,0.0,0.0,0.0,0.0,0.0,1.0
BLVRA,0.0411030895451424,0.025065877210612948,0.010128825110352525,0.1633837144363577,0.1326505029208027,1.0
POLR2L,0.0,0.0,0.0,0.0,0.0,1.0
FCER1A,0.04667212480834453,0.02170416293742854,0.021448920929135737,0.04195002588440858,0.10376783079891239,1.0
CELA3A,0.0,0.0,0.0,0.0,0.0,1.0
PRG2,0.0,0.0,0.0,0.0,0.0,1.0
LSM5,0.0,0.0,0.0,0.0,0.0,1.0
TUBA1C,0.15498544075873238,0.08459415793180085,0.2638709303348141,0.05669660525745547,0.06530875908767955,1.0
NDUFS7,0.03572415116442931,0.04020917532311433,0.017964883424030766,0.10133768284362799,0.10943740175403263,1.0
RLN1,0.0,0.0,0.0,0.0,0.0,1.0
SLC25A17,0.0,0.0,0.0,0.0,0.0,1.0
ATP5PB,0.0,0.0,0.0,0.0,0.0,1.0
PTHLH,0.039615711098076184,0.01579051832860497,0.018063257450274775,0.2163761812177549,0.10051958155403948,1.0
TXNDC9,0.0,0.0,0.0,0.0,0.0,1.0
KPNA2,0.0,0.0,0.0,0.0,0.0,1.0
UBE2D1,0.0,0.0,0.0,0.0,0.0,1.0
PNLIPRP2,0.0,0.0,0.0,0.0,0.0,1.0
GINS4,0.0,0.0,0.0,0.0,0.0,1.0
POU2F2,0.023803117932066655,0.013380158290883694,0.008900834954096479,0.27987307425070673,0.12718617204352306,1.0
ZKSCAN3,0.0,0.0,0.0,0.0,0.0,1.0
MMACHC,0.036610062296909045,0.032561733428628795,0.008802037411887077,0.11015785624619251,0.1348088990238009,1.0
OVOL2,0.033888791108348436,0.011381608413765305,0.002703985020737305,0.26846733540018136,0.12874412622346948,1.0
DCTN1,0.0,0.0,0.0,0.0,0.0,1.0
MTA1,0.03148946283841139,0.025788731902301864,0.014068278327900386,0.17969067703489458,0.1430905491526938,1.0
EIF4A1,0.33802574783519856,0.013335687981411467,0.003061213352232337,0.06905586229838585,0.02447720849062667,1.0
TREX2,0.0,0.0,0.0,0.0,0.0,1.0
ABI2,0.0,0.0,0.0,0.0,0.0,1.0
FYB1,0.049076439788399234,0.021590131301330816,0.01117133454920399,0.07054501485404892,0.17696489909149352,1.0
HLA-C,0.0,0.0,0.0,0.0,0.0,1.0
USP4,0.033677821634991945,0.01084598575007031,0.007268699816124956,0.17690187690861892,0.1434022441917061,1.0
PCDHGB5,0.0,0.0,0.0,0.0,0.0,1.0
COL13A1,0.0,0.0,0.0,0.0,0.0,1.0
PCDHA6,0.0,0.0,0.0,0.0,0.0,1.0
B3GALNT1,0.0,0.0,0.0,0.0,0.0,1.0
TNIK,0.0,0.0,0.0,0.0,0.0,1.0
PCDHA5,0.0,0.0,0.0,0.0,0.0,1.0
CYP3A7,0.04378498424529884,0.028957620840031964,0.018596415906261987,0.12426459345137011,0.1530432368166742,1.0
NECTIN1,0.023476233395570756,0.00679194259842359,0.0021212752046537585,0.2544507491829134,0.12545548680469443,1.0
CD28,0.035473623160066144,0.013569346630469829,0.012342135153001147,0.25747279407225915,0.16520887465446987,1.0
FZR1,0.0,0.0,0.0,0.0,0.0,1.0
PCDHA10,0.0,0.0,0.0,0.0,0.0,1.0
PCDHA3,0.0,0.0,0.0,0.0,0.0,1.0
PCDHGA9,0.0,0.0,0.0,0.0,0.0,1.0
PCDHGA10,0.0,0.0,0.0,0.0,0.0,1.0
PCDHGA1,0.0,0.0,0.0,0.0,0.0,1.0
SEZ6L,0.0,0.0,0.0,0.0,0.0,1.0
EPHB1,0.038876984047393495,0.023284094411786943,0.0021879518762263255,0.14875602507115043,0.1432976737556259,1.0
SERPINB4,0.0,0.0,0.0,0.0,0.0,1.0
MYO1A,0.0,0.0,0.0,0.0,0.0,1.0
CXCR4,0.10286083473350724,0.039044232844238136,0.014792532049945144,0.10272728486859257,0.11454506436517091,1.0
ZNF471,0.0,0.0,0.0,0.0,0.0,1.0
MYH9,0.0,0.0,0.0,0.0,0.0,1.0
DYNC1H1,0.0,0.0,0.0,0.0,0.0,1.0
HNRNPA3,0.0,0.0,0.0,0.0,0.0,1.0
GANAB,0.032542995023858885,0.05421153246014463,0.02683517983195138,0.15318831960696427,0.062100838705177894,1.0
ARL6IP1,0.0625,0.0,0.0,0.0,0.0,1.0
HSPA5,0.17693635852124134,0.51132104366548,0.23908788063605596,0.09227635463635966,0.012300677027977098,1.0
EIF4B,0.0,0.0,0.0,0.0,0.0,1.0
ITGB1,0.032030265621493026,0.01859494774129288,0.00755364247530522,0.20126846385968944,0.08725680769665496,1.0
PRRC2C,0.0,0.0,0.0,0.0,0.0,1.0
UBR4,0.0,0.0,0.0,0.0,0.0,1.0
IPO5,0.0,0.0,0.0,0.0,0.0,1.0
IGFBP5,0.02789015438150711,0.015780839127097247,0.004669647065466458,0.19530097684163375,0.11304976279067422,1.0
RAB7A,0.024924281057291064,0.07499345073596257,0.020609941262834428,0.14107002275388814,0.12322645603430898,1.0
ZFP36L1,0.11261263363270438,0.06137979052346408,0.11275389215730594,0.26620624909557894,0.07518445111517935,1.0
ARPC5,0.03435512796863294,0.03535008583359518,0.002282391641722013,0.16221215071997425,0.08437879229569303,1.0
COL4A2,0.0,0.0,0.0,0.0,0.0,1.0
TMEM123,0.0,0.0,0.0,0.0,0.0,1.0
HSP90AA1,0.03940548422368987,0.023939541977314793,0.019498178127644386,0.27947534425190906,0.12867992366222414,1.0
RPLP0,0.0,0.0,0.0,0.0,0.0,1.0
RBPJ,0.0,0.0,0.0,0.0,0.0,1.0
ARFGAP2,0.0,0.0,0.0,0.0,0.0,1.0
GPR107,0.0,0.0,0.0,0.0,0.0,1.0
COL4A1,0.0,0.0,0.0,0.0,0.0,1.0
XPO6,0.0,0.0,0.0,0.0,0.0,1.0
AHNAK,0.0,0.0,0.0,0.0,0.0,1.0
TOP2B,0.02967085543478418,0.019938908135027987,0.011180889954675003,0.15026421682964933,0.15751386796860056,1.0
SMARCE1,0.0,0.0,0.0,0.0,0.0,1.0
HLA-DPA1,0.034346473628010896,0.022583570417179188,0.006928783296574675,0.1728930728283124,0.13445473077157233,1.0
WNK1,0.1226905078345094,0.057068187463670574,0.007329272060286928,0.06423511926665591,0.07741847694610493,1.0
H3-3B,0.0,0.0,0.0,0.0,0.0,1.0
SZRD1,0.0,0.0,0.0,0.0,0.0,1.0
UBXN4,0.0,0.0,0.0,0.0,0.0,1.0
CDV3,0.0,0.0,0.0,0.0,0.0,1.0
PXDN,0.0,0.0,0.0,0.0,0.0,1.0
FAM168B,0.0,0.0,0.0,0.0,0.0,1.0
RSL1D1,0.12532486876296572,0.01931908826237815,0.008560480398342799,0.11844376241649235,0.06329151190932839,1.0
MKI67,0.0,0.0,0.0,0.0,0.0,1.0
FLII,0.0,0.0,0.0,0.0,0.0,1.0
RBM25,0.0,0.0,0.0,0.0,0.0,1.0
PTOV1,0.0,0.0,0.0,0.0,0.0,1.0
EXOC7,0.0,0.0,0.0,0.0,0.0,1.0
PNN,0.0,0.0,0.0,0.0,0.0,1.0
ATP6V0D1,0.0,0.0,0.0,0.0,0.0,1.0
TGOLN2,0.0,0.0,0.0,0.0,0.0,1.0
MAPK3,0.09391628722812138,0.08342282910360643,0.007787811718718781,0.2920505627105598,0.09539542585487681,1.0
RNF167,0.0,0.0,0.0,0.0,0.0,1.0
YARS1,0.0625,0.0,0.0,0.0,0.0,1.0
WIPF2,0.0,0.0,0.0,0.0,0.0,1.0
PDXDC1,0.037184264172168,0.013641147083431275,0.012169015137132597,0.20990211431061379,0.09550551265054188,1.0
TBC1D9B,0.0,0.0,0.0,0.0,0.0,1.0
GSE1,0.0,0.0,0.0,0.0,0.0,1.0
U2SURP,0.0,0.0,0.0,0.0,0.0,1.0
TRPC4AP,0.0,0.0,0.0,0.0,0.0,1.0
ATP9A,0.04168946471531032,0.02417306019537119,0.0037237074097969504,0.11772547815743278,0.14416785982865338,1.0
MAZ,0.0,0.0,0.0,0.0,0.0,1.0
USP34,0.0,0.0,0.0,0.0,0.0,1.0
C1R,0.0,0.0,0.0,0.0,0.0,1.0
PRRC2B,0.0,0.0,0.0,0.0,0.0,1.0
ADGRG1,0.03674832560099379,0.03606416189140391,0.020783231451569226,0.06258579829096986,0.11831751160759157,1.0
CSNK2A1,0.10896808324720032,0.031069061134321736,0.006627984037464129,0.40556108089049364,0.10057198336969192,1.0
SUN1,0.0,0.0,0.0,0.0,0.0,1.0
KMT2A,0.10858965824388148,0.051965825683257895,0.012192706258744494,0.08477793324647503,0.08410741147504766,1.0
PRRC2A,0.0,0.0,0.0,0.0,0.0,1.0
MYL6,0.0,0.0,0.0,0.0,0.0,1.0
TEX261,0.0,0.0,0.0,0.0,0.0,1.0
SLC25A6,0.0625,0.0,0.0,0.0625,0.0,1.0
LMNA,0.0625,0.0,0.0,0.0,0.0,1.0
ERAL1,0.0,0.0,0.0,0.0,0.0,1.0
PMPCA,0.045748875506884286,0.09037060080235965,0.013310897717308003,0.16472831505201452,0.0736859089072733,1.0
GRINA,0.0,0.0,0.0,0.0,0.0,1.0
PEG10,0.0625,0.0,0.0,0.0,0.0,1.0
MTUS1,0.0,0.0,0.0,0.0,0.0,1.0
RHOB,0.0625,0.0,0.0,0.0,0.0,1.0
POLDIP3,0.0,0.0,0.0,0.0,0.0,1.0
KPNA6,0.0,0.0,0.0,0.0,0.0,1.0
FAF2,0.0,0.0,0.0,0.0,0.0,1.0
SLC39A14,0.01992159977045981,0.018776607486637748,0.08183219955748015,0.1437655647624623,0.12327999754753852,1.0
STX12,0.0,0.0,0.0,0.0,0.0,1.0
ATXN7L3B,0.0,0.0,0.0,0.0,0.0,1.0
JPT2,0.0,0.0,0.0,0.0,0.0,1.0
TRIM27,0.03455117471626075,0.00662141219877916,0.005731061577367858,0.1342448698335595,0.05835662772872161,1.0
TCTN3,0.0625,0.0,0.0,0.0,0.0,1.0
RHOQ,0.0,0.0,0.0,0.0,0.0,1.0
ZMIZ1,0.040884671086713356,0.04233398956240115,0.02088674708755102,0.17516164660851985,0.1064267670582555,1.0
CBX5,0.03944544358958676,0.017106472925449083,0.02482782662261227,0.1656697397781939,0.1398807894731015,1.0
RANGAP1,0.0,0.0,0.0,0.0,0.0,1.0
NIPA2,0.0,0.0,0.0,0.0,0.0,1.0
PHLDB1,0.0,0.0,0.0,0.0,0.0,1.0
ATP2B4,0.0,0.0,0.0,0.0,0.0,1.0
LARP1,0.0,0.0,0.0,0.0,0.0,1.0
GCN1,0.0,0.0,0.0,0.0,0.0,1.0
PDS5A,0.03800743362565994,0.04433822233062751,0.022494692713790218,0.1469289049266069,0.058794104020896014,1.0
IGFBP3,0.0625,0.0,0.0,0.0,0.0,1.0
SUN2,0.0,0.0,0.0,0.0,0.0,1.0
MRPS27,0.0,0.0,0.0,0.0,0.0,1.0
PLEKHM2,0.029707569357481613,0.014002542079584512,0.008878254680160973,0.12629825431406613,0.08491850352722136,1.0
PBX1,0.0,0.0,0.0,0.0,0.0,1.0
EFR3A,0.0,0.0,0.0,0.0,0.0,1.0
POGZ,0.0,0.0,0.0,0.0,0.0,1.0
SDC2,0.027238489374645417,0.023759627673239712,0.0016640703690882276,0.1565714199703501,0.12591293838972942,1.0
RNF187,0.0,0.0,0.0,0.0,0.0,1.0
VPS39,0.0,0.0625,0.0,0.0,0.0,1.0
AP2A2,0.0,0.0,0.0,0.0,0.0,1.0
XPOT,0.03792146745540251,0.021612581078575867,0.0065037159421421405,0.21727846824870364,0.11302721570136223,1.0
KIDINS220,0.0,0.0,0.0,0.0,0.0,1.0
TMEM183A,0.0,0.0,0.0,0.0,0.0,1.0
XPO7,0.0,0.0,0.0,0.0,0.0,1.0
SMARCB1,0.06423248166679663,0.0317384422869236,0.06184360558418732,0.283864560108473,0.10742897248202128,1.0
FKBP9,0.04183015346777396,0.02592141993373189,0.008112770502708441,0.08433696182238162,0.11730911839462625,1.0
PNISR,0.0,0.0,0.0,0.0,0.0,1.0
CRKL,0.13018455948175156,0.05892061109396789,0.021646063166084487,0.04010515375680137,0.16674901949510196,1.0
NUDT4,0.0,0.0,0.0,0.0,0.0,1.0
TAB2,0.045216876484442815,0.02185467885566698,0.002811577766324147,0.09323821262481227,0.1381085269606105,1.0
MT2A,0.0,0.0,0.0,0.0,0.0,1.0
ACACA,0.03956694901697738,0.04082926703472096,0.02143180832033293,0.18658291175550384,0.11750572039056983,1.0
COG4,0.0,0.0,0.0,0.0,0.0,1.0
SERPINE2,0.03201329234542112,0.01741563986831611,0.02127084321294285,0.14981013076983646,0.2074315799208673,1.0
RPL13,0.4615003506292596,0.06066553135165974,0.018003068509382252,0.08693675362376545,0.027740307649809885,1.0
KCTD12,0.03687139808476689,0.033840844209662366,0.011690140448843069,0.06561596522882987,0.09667346914693747,1.0
IL6ST,0.049004012825569265,0.01776339730187727,0.0012779493463447415,0.14779002592136406,0.1146601043007662,1.0
TM9SF4,0.05699087863090363,0.03192024571306119,0.019218849853751524,0.17803911101758743,0.10245657669513927,1.0
MRFAP1L1,0.0,0.0,0.0,0.0,0.0,1.0
ANKLE2,0.0,0.0,0.0,0.0,0.0,1.0
IFITM3,0.0,0.0,0.0,0.0,0.0,1.0
TMEM87A,0.0,0.0,0.0,0.0,0.0,1.0
H2AZ2,0.0,0.0,0.0,0.0625,0.0,1.0
MED13L,0.0,0.0,0.0,0.0,0.0,1.0
ANKRD17,0.0,0.0,0.0,0.0,0.0,1.0
INTS1,0.06070601369733998,0.15512711536647475,0.21426648923863023,0.18018502109863188,0.051592970665639275,1.0
OPA1,0.0625,0.0,0.0,0.0,0.0,1.0
PREPL,0.0,0.0,0.0,0.0,0.0,1.0
FASN,0.03935660605425012,0.06361648822786609,0.07392499721224727,0.1509032294640743,0.11827430615907285,1.0
PSME4,0.0625,0.0,0.0,0.0,0.0,1.0
ALDH1A1,0.04376860193290166,0.03185797749282409,0.020650293917168737,0.14144134909701853,0.1479484808925159,1.0
COQ9,0.0,0.0,0.0,0.0,0.0,1.0
FBXO21,0.0,0.0,0.0,0.0,0.0,1.0
FNBP4,0.0,0.0,0.0,0.0,0.0,1.0
KRT17,0.0,0.0,0.0,0.0,0.0,1.0
ASXL1,0.055583422632395484,0.05567935257736008,0.015456680121369932,0.09332419823649699,0.12005630476541604,1.0
TUBA4A,0.09044899662070904,0.016850696970401372,0.0004823188104661131,0.1895178781687424,0.08717139354398615,1.0
MCFD2,0.041208861124717694,0.008550837984185874,0.007598629814681469,0.05160515589157853,0.0874516372506868,1.0
NUP205,0.0,0.0,0.0,0.0,0.0,1.0
PIK3R1,0.10864741161296498,0.0920224899261833,0.020541172046111746,0.08199103817746153,0.1688555772631673,1.0
MTDH,0.0,0.0,0.0,0.0,0.0,1.0
DST,0.0,0.0,0.0,0.0,0.0,1.0
ATP2C1,0.043542096120346895,0.027811544973210936,0.012773050366929616,0.15121241774479777,0.12343902271309372,1.0
GALNT10,0.03645926412864113,0.01636407634993201,0.02375066670941885,0.21142728678493375,0.1822562066882166,1.0
PBXIP1,0.034021404967523,0.015584244457402197,0.009524838281407332,0.2672990166884085,0.12251810167649504,1.0
GIGYF2,0.02971046721013116,0.039492383048646454,0.026238416961954107,0.1387369590460798,0.14727356328063476,1.0
WAPL,0.0,0.0,0.0,0.0,0.0,1.0
MCM3AP,0.0,0.0,0.0,0.0,0.0,1.0
MAPK1,0.11915337775542781,0.10279829454660501,0.026197736665918375,0.13949193337735943,0.15290646397413504,1.0
LPIN1,0.0,0.0,0.0,0.0,0.0,1.0
ATG4B,0.0,0.0625,0.0,0.0,0.0,1.0
TMEM97,0.0,0.0,0.0,0.0,0.0,1.0
AGRN,0.0,0.0,0.0,0.0,0.0,1.0
ANKRD12,0.0,0.0,0.0,0.0,0.0,1.0
SUZ12,0.08154379438491408,0.04277813896509389,0.0303495180453398,0.11319416729154556,0.05465748537027586,1.0
FNBP1,0.0,0.0,0.0,0.0,0.0,1.0
HIPK1,0.058749026876246224,0.07587839047013949,0.05543793526144724,0.11787668928790263,0.08917197594638974,1.0
GNG12,0.045547443994060924,0.021323427063884196,0.014955075176513483,0.23773655341813674,0.10286215332280021,1.0
SLC7A1,0.03983958461557998,0.057166657204184,0.017099305199121343,0.15571616267070415,0.11049668236592529,1.0
PSMD14,0.0625,0.0,0.0,0.0,0.0,1.0
ATP13A3,0.042985892286649334,0.04011450177530821,0.018485552817250332,0.269242337634974,0.07993214232927817,1.0
NRP1,0.029529337328625935,0.008238726608247302,0.00804972135895806,0.18031223433002297,0.12698068535973267,1.0
NEK9,0.03776631410787657,0.01704617744715943,0.019285799848270786,0.1862524348612635,0.11604979197463403,1.0
TXLNA,0.0,0.0,0.0,0.0,0.0,1.0
RTF1,0.0,0.0,0.0,0.0,0.0,1.0
CLASP2,0.0,0.0,0.0,0.0,0.0,1.0
MIA3,0.027687690652012535,0.02129732078777096,0.012620150028632017,0.18615033668987577,0.12436493569659932,1.0
SEL1L3,0.05118035659545691,0.018220553405336008,0.0020765490356257255,0.1176625750095261,0.10050221471647067,1.0
BCL2L1,0.1069061303017975,0.10131751624736901,0.010227001266040337,0.1802946678957968,0.1527857860063549,1.0
CHMP7,0.0,0.0,0.0,0.0625,0.0625,1.0
SGSM2,0.0,0.0,0.0,0.0,0.0,1.0
SGPL1,0.09848983266673353,0.023350527797019148,0.00714348517974535,0.19229302531548054,0.12005435523078842,1.0
VPS13D,0.0,0.0,0.0,0.0,0.0,1.0
LIMCH1,0.0,0.0,0.0,0.0,0.0,1.0
SCAP,0.0,0.0,0.0,0.0,0.0,1.0
TFDP1,0.0625,0.0,0.0,0.0,0.0,1.0
RBL2,0.0,0.0,0.0,0.0,0.0,1.0
FAM98A,0.0,0.0,0.0,0.0,0.0,1.0
GNS,0.0,0.0,0.0,0.0,0.0,1.0
EPB41L1,0.0,0.0,0.0,0.0,0.0,1.0
MYO1D,0.0,0.0,0.0,0.0,0.0,1.0
YIPF6,0.0,0.0,0.0,0.0,0.0,1.0
SULF1,0.0625,0.0,0.0,0.0,0.0,1.0
CREB3L2,0.04156809991862624,0.014110009029514021,0.008224120453926977,0.08457843810041211,0.1388497401168089,1.0
MXD4,0.0,0.0,0.0,0.0,0.0,1.0
KDM1A,0.037427802006428805,0.04085477542082527,0.005157268367944456,0.1646515852162186,0.1342632609773853,1.0
POFUT1,0.038976303323202885,0.024911393756340945,0.004022592615866076,0.15021234743111272,0.08950750221876441,1.0
TBC1D1,0.0,0.0,0.0,0.0,0.0,1.0
EIF2B5,0.0,0.0,0.0,0.0,0.0,1.0
KHNYN,0.0,0.0,0.0,0.0,0.0,1.0
CLIP3,0.0,0.0,0.0,0.0,0.0,1.0
ZSWIM8,0.0,0.0,0.0,0.0,0.0,1.0
AMPD2,0.03274313633059173,0.022540627489453933,0.0004232423597468678,0.2843601647787636,0.11074481445156414,1.0
ATP2A2,0.0451098034439628,0.07025331983649835,0.05846821609045349,0.17580741138369305,0.09420396698401096,1.0
MYO1B,0.0,0.0,0.0,0.0,0.0,1.0
ZNF292,0.0,0.0,0.0,0.0,0.0,1.0
FEM1B,0.0625,0.0,0.0,0.0,0.0,1.0
ZNF384,0.0,0.0,0.0,0.0,0.0,1.0
DESI2,0.0,0.0,0.0,0.0,0.0,1.0
MYH10,0.0,0.0,0.0,0.0,0.0,1.0
EP400,0.0,0.0,0.0,0.0,0.0,1.0
GART,0.04407016356587727,0.02533297180980546,0.02626567285085301,0.19058660607825684,0.1484206945473167,1.0
CMTR1,0.0,0.0,0.0,0.0,0.0,1.0
ATP6V0A1,0.0,0.0,0.0,0.0,0.0,1.0
TCF4,0.026444906181000323,0.05042333692149025,0.03197623370324357,0.11234598435685281,0.11893907600807599,1.0
USP24,0.0,0.0,0.0,0.0,0.0,1.0
PDE4DIP,0.06249536824760919,0.059338483571287154,0.028227161969031717,0.15799312126889767,0.0686476712889506,1.0
SBF1,0.0,0.0,0.0,0.0,0.0,1.0
EMC1,0.0,0.0,0.0,0.0,0.0,1.0
RDX,0.04045538436344279,0.04152006396792256,0.03112619666484819,0.26296642876252824,0.08707456815665539,1.0
VGLL4,0.0,0.0,0.0,0.0,0.0,1.0
EEIG1,0.0,0.0,0.0,0.0,0.0,1.0
CDK11A,0.0625,0.0,0.0,0.0,0.0,1.0
ZC3H13,0.0,0.0,0.0,0.0,0.0,1.0
UBE3B,0.0,0.0,0.0,0.0,0.0,1.0
PCMTD2,0.0,0.0,0.0,0.0,0.0,1.0
TOR1AIP1,0.0,0.0,0.0,0.0,0.0,1.0
MICU2,0.0,0.0,0.0,0.0,0.0,1.0
IMP4,0.22755135510754482,0.06217211631036226,0.005406627758318017,0.03989328182171173,0.04418880361104395,1.0
ELF1,0.0,0.0,0.0,0.0,0.0,1.0
ZCCHC24,0.0,0.0,0.0,0.0,0.0,1.0
PDCD11,0.0,0.0,0.0,0.0,0.0,1.0
ECPAS,0.0,0.0,0.0,0.0,0.0,1.0
GTF3C2,0.03450659749546468,0.04476805707475633,0.014952954639865734,0.14207957466098584,0.11459222626785767,1.0
RBM38,0.0,0.0,0.0,0.0,0.0,1.0
GRPEL1,0.0,0.0,0.0,0.0,0.0,1.0
RPS2,0.3002679854297005,0.019878687923014414,0.005089472542429705,0.10268507755644968,0.06263048508178609,1.0
TRIM33,0.046059710953216926,0.021767413105010427,0.02318618332918025,0.10674629242342952,0.11422472204032061,1.0
CENPB,0.0,0.0,0.0,0.0,0.0,1.0
IP6K1,0.03882332163608107,0.01430732587596556,0.0069183689402435265,0.20063545662688637,0.10822714102623276,1.0
SNRNP27,0.0,0.0,0.0,0.0,0.0,1.0
KIAA0232,0.0,0.0,0.0,0.0,0.0,1.0
NBEAL2,0.0,0.0,0.0,0.0,0.0,1.0
CERS6,0.04060774676918443,0.004016964388000185,0.008275561094799617,0.1610448686777313,0.19765602024386375,1.0
KBTBD2,0.055201863194163814,0.020722771841956006,0.00281504638819887,0.04635671285934573,0.15906197278202022,1.0
NEDD4L,0.0,0.0,0.0,0.0,0.0,1.0
SECISBP2L,0.0,0.0,0.0,0.0,0.0,1.0
KIFBP,0.0,0.0,0.0,0.0,0.0,1.0
YTHDC1,0.0,0.0,0.0,0.0,0.0,1.0
CLUH,0.0,0.0,0.0,0.0,0.0,1.0
SPRED2,0.0355182540801466,0.03587416701327266,0.016825061204422533,0.09661597600389492,0.12377012519734806,1.0
SPTSSA,0.0,0.0,0.0,0.0,0.0,1.0
KAT6B,0.05193724189440366,0.05733039634414351,0.028518215440407557,0.11174056081326476,0.09833834042061053,1.0
FN1,0.03678224181435206,0.02019201997707802,0.000920914645175864,0.11308982156813766,0.12082024625115348,1.0
SETD3,0.0,0.0,0.0,0.0,0.0,1.0
DNAJC13,0.0,0.0,0.0,0.0,0.0,1.0
SPAG9,0.0,0.0,0.0,0.0,0.0,1.0
MICAL2,0.0,0.0,0.0,0.0,0.0,1.0
AVL9,0.0,0.0,0.0,0.0,0.0,1.0
ACAP2,0.0,0.0,0.0,0.0,0.0,1.0
SPECC1L,0.0,0.0,0.0,0.0,0.0,1.0
RMND5A,0.0,0.0,0.0,0.0,0.0,1.0
GPATCH8,0.0,0.0,0.0,0.0,0.0,1.0
COL5A1,0.0,0.0,0.0,0.0,0.0,1.0
SETD2,0.04068565359946044,0.05209836859294354,0.024364736709297678,0.08601221229406261,0.09815316383261734,1.0
TNS2,0.0,0.0,0.0,0.0,0.0,1.0
ADO,0.04089614583214966,0.016891201278555187,0.02766580702765392,0.25935386023837814,0.11965722104993862,1.0
CEBPB,0.02707821247754029,0.012366085667741201,0.0069143499890005535,0.347435810184563,0.06841329391391789,1.0
DIP2C,0.0,0.0,0.0,0.0,0.0,1.0
MAU2,0.0,0.0,0.0,0.0,0.0,1.0
PICALM,0.031181900420901854,0.04437726271373699,0.030744749125766364,0.10453705819572504,0.12023803563647704,1.0
TMEM131,0.0,0.0,0.0,0.0,0.0,1.0
MOAP1,0.0625,0.0,0.0,0.0,0.0,1.0
MXRA7,0.04960549852933638,0.03188763356225847,0.02183785485195365,0.16637447889280502,0.09925067116096134,1.0
GPD1L,0.0,0.0,0.0,0.0,0.0,1.0
CARM1,0.06111883092017741,0.037563230194388814,0.013401007584456509,0.1594447901731216,0.14369262485379247,1.0
USP33,0.0,0.0,0.0,0.0,0.0,1.0
DDX3X,0.0625,0.0,0.0,0.0,0.0,1.0
ATRN,0.0,0.0,0.0,0.0,0.0,1.0
PIP5K1C,0.04302155165449754,0.01169966523539824,0.00902304294010818,0.1713707319370249,0.14583470925074155,1.0
UBE2E1,0.0,0.0,0.0,0.0,0.0,1.0
PDE8A,0.02683486480916064,0.008250341377758465,0.007461798835353822,0.1385151784020253,0.14967986868380467,1.0
SPART,0.0,0.0,0.0,0.0,0.0,1.0
DESI1,0.03953587758208072,0.022503103724296696,0.0078045596167757485,0.21431221749673504,0.14983694719354657,1.0
LSM12,0.0,0.0,0.0,0.0,0.0,1.0
NEK7,0.0,0.0,0.0,0.0,0.0,1.0
LCN2,0.09530264990187125,0.029337053027904098,0.00815263756269859,0.17471643820837834,0.10901806708614456,1.0
WEE1,0.12436217803647845,0.07121063506456958,0.09295191581530052,0.1734436159387521,0.07645613437712204,1.0
ZNF24,0.0,0.0,0.0,0.0,0.0,1.0
ATP11B,0.04866546531751511,0.027124953037169205,0.005564499994319391,0.15783825422781064,0.10011093473349844,1.0
RPL17,0.0,0.0,0.0,0.0,0.0,1.0
DOCK9,0.0,0.0,0.0,0.0,0.0,1.0
CHD1L,0.0,0.0,0.0,0.0,0.0,1.0
CDC34,0.0,0.0,0.0,0.0,0.0,1.0
FLAD1,0.03402951743788173,0.03355518963835386,0.006219810572797851,0.15271886261841827,0.09957776787142461,1.0
PHIP,0.0,0.0,0.0,0.0,0.0,1.0
CRYBG1,0.0,0.0,0.0,0.0,0.0,1.0
ZNHIT3,0.0,0.0,0.0,0.0,0.0,1.0
BRD3,0.03844632392297885,0.024129636462134993,0.003631769149170175,0.2509783283737047,0.1392871226253995,1.0
FRYL,0.0,0.0,0.0,0.0,0.0,1.0
CAP2,0.0,0.0,0.0,0.0,0.0,1.0
HPCAL1,0.0,0.0,0.0,0.0,0.0,1.0
RPRD2,0.0,0.0,0.0,0.0,0.0,1.0
SCRIB,0.0,0.0,0.0,0.0,0.0,1.0
ZNF451,0.0,0.0,0.0,0.0,0.0,1.0
SPRY1,0.04444026297867255,0.011690794998827228,0.009131710903867994,0.19880620844497446,0.14556963945089635,1.0
PRKAR1B,0.03869892542773269,0.019924994734618895,0.0038899670229581105,0.16306156660947332,0.11792150870834645,1.0
SORL1,0.0369675010501201,0.06255070991923584,0.0055047200006314405,0.1281181679925258,0.11788787076068634,1.0
DENND5A,0.0,0.0,0.0,0.0,0.0,1.0
BOP1,0.12340860958622629,0.05661040061788207,0.018427539367488283,0.12832449912166607,0.070806034691289,1.0
ENDOD1,0.0,0.0,0.0,0.0,0.0,1.0
CHD8,0.06897887675991551,0.06536689774167184,0.045270102038368794,0.1336066091251545,0.13890332430568098,1.0
STK38L,0.041770265509801986,0.04070288942580397,0.023687925749439263,0.07880573661572031,0.07062354557563477,1.0
TMEM259,0.0,0.0,0.0,0.0,0.0,1.0
MGRN1,0.03884059131424674,0.015323953529368512,0.0070709768658801676,0.10577522970501888,0.1257295164160498,1.0
SMCHD1,0.0,0.0,0.0,0.0,0.0,1.0
AQR,0.0,0.0,0.0,0.0,0.0,1.0
OSBPL8,0.0,0.0,0.0,0.0,0.0,1.0
RRAS2,0.032825577490890226,0.0937373526592308,0.0034685513220876893,0.34913456918325264,0.11797058054798218,1.0
RBM34,0.0,0.0,0.0,0.0,0.0,1.0
JCHAIN,0.03317078184305717,0.006724440582062779,0.004488815044224833,0.21838560715326125,0.08319988696065991,1.0
PDCD4,0.0625,0.0,0.0,0.0,0.0,1.0
DAZAP2,0.0,0.0,0.0,0.0,0.0,1.0
HMGXB4,0.0,0.0,0.0,0.0,0.0,1.0
AUTS2,0.04505051825469146,0.018303576701897407,0.01604093285830227,0.149927188440951,0.15655419413482558,1.0
ZZEF1,0.0,0.0,0.0,0.0,0.0,1.0
MRPS31,0.0,0.0,0.0,0.0,0.0,1.0
WDFY3,0.0,0.0625,0.0,0.0,0.0,1.0
AKT3,0.0625,0.0625,0.0,0.0,0.0,1.0
PTPN11,0.0,0.0,0.0,0.0,0.0,1.0
DTX4,0.0,0.0,0.0,0.0,0.0,1.0
RCOR1,0.0,0.0,0.0,0.0,0.0,1.0
BTN3A2,0.02973646365197065,0.019418924702940862,0.013261432961162566,0.1716113094131601,0.10167981378832111,1.0
ARID5B,0.03879403282643402,0.025442952158009506,0.004637276802591202,0.2909025438650739,0.07709270318907316,1.0
CHD9,0.028648208217455073,0.016225500406331913,0.011915407858332932,0.16510946827992767,0.09967766153637261,1.0
ZNF609,0.0,0.0,0.0,0.0,0.0,1.0
NEMP1,0.0,0.0,0.0,0.0,0.0,1.0
TMEM41B,0.0,0.0,0.0,0.0,0.0,1.0
CHN1,0.0,0.0,0.0,0.0,0.0,1.0
STX10,0.0,0.0,0.0,0.0,0.0,1.0
HNRNPC,0.0,0.0,0.0,0.0,0.0,1.0
EXOSC7,0.0,0.0,0.0,0.0,0.0,1.0
PKN2,0.09241207765285463,0.05100958481715729,0.019629103209245734,0.1428171837876754,0.08261102442696079,1.0
EXOC3,0.0,0.0,0.0,0.0,0.0,1.0
STX7,0.0,0.0625,0.0,0.0,0.0,1.0
UFL1,0.0,0.0,0.0,0.0,0.0,1.0
TNPO1,0.0,0.0,0.0,0.0,0.0,1.0
QKI,0.03639883289304304,0.008064268094320872,0.013096533689948316,0.12160245704575949,0.18060496923468217,1.0
WWP1,0.0,0.0,0.0,0.0,0.0,1.0
HACD2,0.0,0.0,0.0,0.0,0.0,1.0
HIVEP2,0.05097354857914674,0.03356185001294731,0.014163481557275589,0.13859256113813795,0.17730881293495934,1.0
MAPK1IP1L,0.051201532933714926,0.03236144003047228,0.028406824406202295,0.2621020992869383,0.08526369216332907,1.0
RFTN1,0.0,0.0,0.0,0.0,0.0,1.0
RRAS,0.0,0.0625,0.0,0.0,0.0,1.0
DHX29,0.0,0.0,0.0,0.0,0.0,1.0
RHOBTB1,0.0,0.0,0.0,0.0,0.0,1.0
SNX4,0.0,0.0,0.0,0.0,0.0,1.0
EHBP1,0.0,0.0,0.0,0.0,0.0,1.0
ZCCHC14,0.0,0.0,0.0,0.0,0.0,1.0
IL1RN,0.0847809635138526,0.10877966405502043,0.023701400725481048,0.12917347261597237,0.09831974294103954,1.0
LHFPL2,0.0,0.0,0.0,0.0,0.0,1.0
JADE2,0.0,0.0,0.0,0.0,0.0,1.0
PVR,0.03322540865379543,0.016898951373941075,0.018368517600280472,0.1600151193778256,0.1278175391094993,1.0
TUBB4A,0.03885598789790633,0.023906285209780942,0.03759585032897236,0.07138935990580111,0.11230951616699336,1.0
TIPARP,0.0,0.0,0.0,0.0,0.0,1.0
SMURF1,0.0,0.0,0.0,0.0,0.0,1.0
SPARC,0.0,0.0,0.0,0.0,0.0,1.0
CAMK2G,0.04250312178735592,0.021290235179336155,0.008848494129941865,0.24232377598716026,0.11687575037929637,1.0
ELN,0.04856803575911049,0.022032789153679507,0.012200996208424478,0.19978960071029894,0.1699695928972349,1.0
ATM,0.1076620232415328,0.02907950937230669,0.008260935114866743,0.13224158200369235,0.1724229117316075,1.0
METAP1,0.032402021394701525,0.04867202759491338,0.018547927719153225,0.1525551036190751,0.08280322408321766,1.0
CEP68,0.0,0.0,0.0,0.0,0.0,1.0
NF1,0.10245982246562543,0.012473827020959657,0.021170262325886126,0.17185119776520721,0.10627444307107811,1.0
PPP1R14B,0.04649037808942652,0.04108432539852124,0.01492682264633799,0.1701449200574789,0.09900347488886468,1.0
EPB41L3,0.0625,0.0,0.0,0.0,0.0,1.0
LMF2,0.0,0.0,0.0,0.0,0.0,1.0
ZNF3,0.0,0.0,0.0,0.0,0.0,1.0
TBL2,0.0,0.0,0.0,0.0,0.0,1.0
PPM1H,0.0,0.0,0.0,0.0,0.0,1.0
LIMS1,0.03544398618276915,0.02614364103653859,0.006091698534061497,0.1500665598735989,0.1011958738158662,1.0
PIK3CB,0.0625,0.0625,0.0,0.0,0.0,1.0
KDM3A,0.03027414139288932,0.017644432825670513,0.006587418224532741,0.11184648564378728,0.050132060793715016,1.0
DDHD2,0.0,0.0,0.0,0.0,0.0,1.0
NUP188,0.0,0.0,0.0,0.0,0.0,1.0
LRBA,0.04153243618484811,0.00951240085015061,0.01142184571409807,0.2676666615680707,0.10805404821155326,1.0
MDN1,0.21386334963582007,0.045314631564637435,0.010466002715191769,0.06666947170077289,0.06946606212648597,1.0
PCCB,0.0384336778375518,0.023877568172669,0.010448810594024499,0.2163636312746988,0.10714564028820718,1.0
CRY2,0.0,0.0,0.0,0.0,0.0,1.0
RNF4,0.0,0.0,0.0,0.0,0.0,1.0
RETREG3,0.0,0.0,0.0,0.0,0.0,1.0
SEPTIN10,0.0,0.0,0.0,0.0,0.0,1.0
SCAMP5,0.02807509860279349,0.020611786577978054,0.02830475232090937,0.1138602844157491,0.11031356875685758,1.0
TLN2,0.0,0.0,0.0,0.0,0.0,1.0
BICD2,0.0,0.0,0.0,0.0,0.0,1.0
TUT4,0.0,0.0,0.0,0.0,0.0,1.0
PNPLA2,0.0,0.0,0.0,0.0,0.0,1.0
RASA4,0.0,0.0,0.0,0.0,0.0,1.0
MSL1,0.0,0.0,0.0,0.0,0.0,1.0
NUP160,0.1226523604688257,0.04261368867372093,0.12996406608099134,0.20862382742806412,0.060890650593236284,1.0
CAMSAP1,0.0,0.0,0.0,0.0,0.0,1.0
MFAP4,0.04108335421461014,0.017637549223557123,0.010834868850230567,0.09518369366518607,0.14910813438893744,1.0
LARP4,0.0,0.0,0.0,0.0,0.0,1.0
MICAL3,0.0,0.0,0.0,0.0,0.0,1.0
PLEKHM1,0.07577460929237569,0.1176036906226226,0.055330292070694356,0.19764261711984799,0.044547829628768854,1.0
PAPOLA,0.03380447363010054,0.024460714148237025,0.00918908221149852,0.21543531857038928,0.09168641078105337,1.0
PHLPP1,0.0625,0.0,0.0,0.0,0.0,1.0
SREK1,0.04566192595285726,0.016493097115638795,0.0007961409972869999,0.1128290560264075,0.10588440992386891,1.0
JMJD6,0.04695326555877856,0.03075555052590967,0.016105522242236537,0.1260529692614828,0.085912834802153,1.0
RND3,0.0,0.0,0.0,0.0,0.0,1.0
TUG1,0.0,0.0,0.0,0.0,0.0,1.0
PHF2,0.0,0.0,0.0,0.0,0.0,1.0
DLG3,0.01767303823100464,0.008646711665534483,0.006725708829807192,0.21652181377019475,0.0626044139082642,1.0
SYNM,0.0,0.0,0.0,0.0,0.0,1.0
ANKRD46,0.0,0.0,0.0,0.0,0.0,1.0
MEG3,0.0,0.0,0.0,0.0,0.0,1.0
RUBCN,0.0,0.0625,0.0,0.0,0.0,1.0
BMERB1,0.0,0.0,0.0,0.0,0.0,1.0
GM2A,0.033345447894454164,0.011163603035355431,0.010096676710386039,0.2415527661771537,0.13201891146510858,1.0
ARHGAP19,0.0,0.0,0.0,0.0,0.0,1.0
NME4,0.04001016148882084,0.025959298044128047,0.0045099443506327165,0.1157844368653053,0.12223417772123754,1.0
PIK3R4,0.03388816004112689,0.10034861256269367,0.015753723194091348,0.19871618044707912,0.09673888239231211,1.0
MAOA,0.02910999617832879,0.02450068460937648,0.013254460580872552,0.15163332913824712,0.15934173739064897,1.0
RNF115,0.0,0.0,0.0,0.0,0.0,1.0
BBS4,0.0,0.0,0.0,0.0,0.0,1.0
ANKS1A,0.0,0.0,0.0,0.0,0.0,1.0
MRTFA,0.0,0.0,0.0,0.0,0.0,1.0
RCHY1,0.0,0.0,0.0,0.0,0.0,1.0
UBE2N,0.05270366929167269,0.030063471432008073,0.025798156282967714,0.26399885989510374,0.07807568550297225,1.0
CLASP1,0.0,0.0,0.0,0.0,0.0,1.0
PCGF3,0.0,0.0,0.0,0.0,0.0,1.0
MON2,0.0,0.0,0.0,0.0,0.0,1.0
UBR2,0.0,0.0,0.0,0.0,0.0,1.0
ZEB1,0.038975191430584886,0.034310934499584014,0.016925068684393346,0.121201935909631,0.10504676293836934,1.0
CAMSAP2,0.0316357442055191,0.04129028303739313,0.022640565245282594,0.1220798720149062,0.10213345526600105,1.0
MTG1,0.0,0.0,0.0,0.0,0.0,1.0
OLFM4,0.03583057969337068,0.032069946496772715,0.012924674356506263,0.09398272659152708,0.13666081095953175,1.0
FAM171A1,0.0,0.0,0.0,0.0,0.0,1.0
ABCA2,0.0,0.0,0.0,0.0,0.0,1.0
ZBTB18,0.0,0.0,0.0,0.0,0.0,1.0
OBSL1,0.03590084723183229,0.012468820425432256,0.01898583263403847,0.15375068421885563,0.10736482584076537,1.0
SOS1,0.0,0.0,0.0,0.0,0.0,1.0
PACS2,0.0625,0.0,0.0,0.0,0.0,1.0
BLTP1,0.0,0.0,0.0,0.0,0.0,1.0
RBBP6,0.14304646735740345,0.11063980027868989,0.12473225981828417,0.12928478764918955,0.03522243591445144,1.0
POLR2J,0.0,0.0,0.0,0.0,0.0,1.0
CIC,0.020160173077383346,0.02302180922145123,0.015362826262106964,0.13889677333833478,0.09887960756599709,1.0
LARP7,0.0,0.0,0.0,0.0,0.0,1.0
CLEC16A,0.0,0.0,0.0,0.0,0.0,1.0
YLPM1,0.04139547862920448,0.020045735834000662,0.012170296258606814,0.1132978858094449,0.19541833997810526,1.0
NCAPD3,0.0,0.0,0.0,0.0,0.0,1.0
C1orf216,0.0,0.0,0.0,0.0,0.0,1.0
DPY19L1,0.0,0.0,0.0,0.0,0.0,1.0
DAAM2,0.0,0.0,0.0,0.0,0.0,1.0
WASHC4,0.0,0.0,0.0,0.0,0.0,1.0
TBC1D2B,0.0,0.0,0.0,0.0,0.0,1.0
ANKMY2,0.0,0.0,0.0,0.0,0.0,1.0
STX6,0.0,0.0,0.0,0.0,0.0,1.0
CIT,0.03313192889367057,0.00986288812102804,0.016658183680782625,0.2080923545136588,0.08996863681785627,1.0
NAB2,0.0,0.0,0.0,0.0,0.0,1.0
GAPVD1,0.0,0.0,0.0,0.0,0.0,1.0
PRUNE2,0.0625,0.0,0.0,0.0,0.0,1.0
SORT1,0.03560518809618998,0.016593540971858407,0.00546632035160228,0.25300574001973963,0.11469289518752543,1.0
NFATC2IP,0.0,0.0,0.0,0.0,0.0,1.0
SLC1A4,0.033910203143137606,0.018700758199544157,0.014466152845401809,0.2036605666359208,0.10885870569204684,1.0
SERINC5,0.0,0.0,0.0,0.0,0.0,1.0
JAM3,0.03906197306654723,0.015979733757501988,0.006816335649569528,0.11364025893146447,0.12743114095555202,1.0
AHCYL2,0.0,0.0,0.0,0.0,0.0,1.0
ASCC3,0.0,0.0,0.0,0.0,0.0,1.0
CBS,0.04453245428134332,0.030850963826534763,0.02245528780022804,0.12829518762154812,0.11950301406152761,1.0
ASB1,0.0,0.0,0.0,0.0,0.0,1.0
DMXL2,0.0,0.0,0.0,0.0,0.0,1.0
HEG1,0.0,0.0,0.0,0.0,0.0,1.0
PLEKHG3,0.0,0.0,0.0,0.0,0.0,1.0
FUBP3,0.0,0.0,0.0,0.0,0.0,1.0
PAXIP1,0.0,0.0,0.0,0.0,0.0,1.0
PIP4K2A,0.03480741048538585,0.015720451972408747,0.019753713394699886,0.15985114762216038,0.15507267261200028,1.0
MEGF9,0.0,0.0,0.0,0.0,0.0,1.0
CKAP5,0.0,0.0,0.0,0.0,0.0,1.0
SLC25A46,0.0,0.0,0.0,0.0,0.0,1.0
POLD3,0.0,0.0,0.0,0.0,0.0,1.0
ABRAXAS2,0.0,0.0,0.0,0.0,0.0,1.0
DNMBP,0.0,0.0,0.0,0.0,0.0,1.0
PPFIBP2,0.0,0.0,0.0,0.0,0.0,1.0
NCAM1,0.0,0.0,0.0,0.0,0.0,1.0
SAMD4A,0.03932560189474998,0.044997371185376,0.022981775808285122,0.09680751340240812,0.1371563460712302,1.0
RRP1B,0.0625,0.0,0.0,0.0,0.0,1.0
AOPEP,0.0,0.0,0.0,0.0,0.0,1.0
AXIN1,0.10752062957229866,0.019802335244321293,0.011129763314133408,0.1434841139386447,0.16209850290616065,1.0
LRP4,0.0,0.0,0.0,0.0,0.0,1.0
DCUN1D4,0.0,0.0,0.0,0.0,0.0,1.0
GRAMD4,0.0625,0.0,0.0,0.0,0.0,1.0
PAQR4,0.0,0.0,0.0,0.0,0.0,1.0
MT1E,0.0,0.0,0.0,0.0,0.0,1.0
ZDHHC18,0.0,0.0,0.0,0.0,0.0,1.0
SLC61A1,0.0,0.0,0.0,0.0,0.0,1.0
CDS2,0.0,0.0,0.0,0.0,0.0,1.0
COL14A1,0.0,0.0,0.0,0.0,0.0,1.0
R3HCC1,0.0,0.0,0.0,0.0,0.0,1.0
NCOA2,0.03418657593948603,0.04519143135657455,0.01826947966399775,0.08412149754988782,0.12761237515439366,1.0
SOS2,0.0,0.0,0.0,0.0,0.0,1.0
MAPKAPK5,0.044626090514252675,0.03618651688904193,0.009583346588871049,0.17892765954071355,0.09772872911303952,1.0
MED20,0.0,0.0,0.0,0.0,0.0,1.0
ARHGAP45,0.0,0.0,0.0,0.0,0.0,1.0
C2CD2,0.0,0.0,0.0,0.0,0.0,1.0
WDR7,0.0,0.0,0.0,0.0,0.0,1.0
PIAS4,0.0,0.0,0.0,0.0,0.0,1.0
KLHL18,0.0,0.0,0.0,0.0,0.0,1.0
MPHOSPH10,0.0,0.0,0.0,0.0,0.0,1.0
CCDC69,0.0,0.0,0.0,0.0,0.0,1.0
SEC23A,0.0,0.0,0.0,0.0,0.0,1.0
DICER1,0.05579294910261953,0.01651122231091253,0.008866952713506529,0.0746387291722255,0.1671391458598645,1.0
SLC38A10,0.0,0.0,0.0,0.0,0.0,1.0
GADD45GIP1,0.0,0.0,0.0,0.0,0.0,1.0
ZNF282,0.0,0.0,0.0,0.0,0.0,1.0
ZZZ3,0.0,0.0,0.0,0.0,0.0,1.0
SUPV3L1,0.0,0.0,0.0,0.0,0.0,1.0
MTREX,0.0,0.0,0.0,0.0,0.0,1.0
TTI1,0.05601319411552161,0.017915757903903595,0.029363163255348892,0.1165291323060569,0.13979353813146667,1.0
CDK19,0.04345779965001795,0.027498110977574555,0.014971487217416,0.08632424173848538,0.14470762781639784,1.0
SEC24A,0.0,0.0,0.0,0.0,0.0,1.0
LRRC47,0.0,0.0,0.0,0.0,0.0,1.0
CSTF2T,0.0,0.0,0.0,0.0,0.0,1.0
GRAMD1B,0.0,0.0,0.0,0.0,0.0,1.0
SLC30A1,0.0,0.0,0.0,0.0,0.0,1.0
DNAJC16,0.03642737934373898,0.03095006554882414,0.00859407992913722,0.18468181878417142,0.13524551427581596,1.0
LYPD1,0.0,0.0,0.0,0.0,0.0,1.0
THAP11,0.0,0.0,0.0,0.0,0.0,1.0
RPS6KA2,0.0,0.0,0.0,0.0,0.0,1.0
CBX7,0.04956965188514115,0.03147838295373614,0.003741632151576544,0.06466474022591402,0.14971553470063903,1.0
PDZRN3,0.0,0.0,0.0,0.0,0.0,1.0
PHF8,0.0,0.0,0.0,0.0,0.0,1.0
DCP2,0.0,0.0,0.0,0.0,0.0,1.0
REST,0.044996199953724704,0.011533775929139227,0.014464952748568762,0.11789711285801237,0.0950527990891209,1.0
SMYD2,0.03975442153929491,0.028626089072625243,0.004317555484669999,0.2309322447344801,0.12768591481726832,1.0
PXDC1,0.0,0.0,0.0,0.0,0.0,1.0
MISP,0.0,0.0,0.0,0.0,0.0,1.0
SMC5,0.0,0.0,0.0,0.0,0.0,1.0
TSPYL4,0.0,0.0,0.0,0.0,0.0,1.0
TCF20,0.0,0.0,0.0,0.0,0.0,1.0
UBXN2B,0.0,0.0,0.0,0.0,0.0,1.0
ARB2A,0.0,0.0,0.0,0.0,0.0,1.0
CEMIP,0.0,0.0,0.0,0.0,0.0,1.0
C2CD5,0.0,0.0,0.0,0.0,0.0,1.0
MGA,0.0,0.0,0.0,0.0,0.0,1.0
VWA8,0.0,0.0,0.0,0.0,0.0,1.0
SLC9A8,0.0,0.0,0.0,0.0,0.0,1.0
CAMTA2,0.02286362751668677,0.01940395467278322,0.009366946031564648,0.24360965590161915,0.12552261944555212,1.0
NCAPH,0.03693883964544387,0.028102963729775374,0.011338503701027163,0.16907794682266636,0.07248353276940638,1.0
ADGRF5,0.047042954959208697,0.022139424420824935,0.02313577210157499,0.16607813156774853,0.11320890577279458,1.0
DYRK4,0.0352347369583209,0.028181933625318872,0.013492126482979216,0.143056030506867,0.15295708447110695,1.0
POLR2I,0.0,0.0,0.0,0.0,0.0,1.0
TBC1D9,0.0,0.0,0.0,0.0,0.0,1.0
LINC01278,0.0,0.0,0.0,0.0,0.0,1.0
GNPTAB,0.034974502718156684,0.02984736327913626,0.011994705086491902,0.18200438219158638,0.18052398602823239,1.0
EOLA2,0.0,0.0,0.0,0.0,0.0,1.0
HIC2,0.0,0.0,0.0,0.0,0.0,1.0
RFNG,0.0,0.0,0.0,0.0,0.0,1.0
RPIA,0.0,0.0,0.0,0.0,0.0,1.0
DENND3,0.0,0.0,0.0,0.0,0.0,1.0
ACKR3,0.023038436066726075,0.006630183931941015,0.005303961025463969,0.3037830462143232,0.15070995915332527,1.0
LRRC8B,0.0,0.0,0.0,0.0,0.0,1.0
TCAF1,0.0,0.0,0.0,0.0,0.0,1.0
ZDHHC17,0.0,0.0,0.0,0.0,0.0,1.0
HRAS,0.10118373461396392,0.08497924072613569,0.02678616283254753,0.23903902575209418,0.1380109811334459,1.0
ATF2,0.09434163599419196,0.02578611332479373,0.012193756521970208,0.2269279667893443,0.16272258139793885,1.0
SGMS1,0.0625,0.0,0.0,0.0,0.0,1.0
SYNJ1,0.0,0.0,0.0,0.0,0.0,1.0
AHNAK2,0.0,0.0,0.0,0.0,0.0,1.0
NACC2,0.0,0.0,0.0,0.0,0.0,1.0
URB1,0.0,0.0,0.0,0.0,0.0,1.0
TLK2,0.04122974520165802,0.050740570861078485,0.03614239984114235,0.16041079593799348,0.053720557507712596,1.0
MORC3,0.0,0.0,0.0,0.0,0.0,1.0
ANGPTL2,0.04463230835367998,0.036606304374148954,0.01574355450630526,0.28380797564079757,0.08507234499128097,1.0
SPIDR,0.0,0.0,0.0,0.0,0.0,1.0
KANK1,0.02606573192652225,0.01974509297938312,0.007452637910537088,0.2987768035461714,0.08415578260484284,1.0
FANCI,0.0,0.0,0.0,0.0,0.0,1.0
TRIM37,0.0,0.0,0.0,0.0,0.0,1.0
CAVIN3,0.0,0.0,0.0,0.0,0.0,1.0
TPI1,0.0,0.0,0.0,0.0,0.0,1.0
NEDD4,0.0,0.0,0.0,0.0,0.0,1.0
MAPK8IP1,0.03589664518104888,0.03033552102634572,0.02646625353758033,0.26562435291101577,0.11505630708005474,1.0
BBX,0.0,0.0,0.0,0.0,0.0,1.0
ABHD3,0.0,0.0,0.0,0.0,0.0,1.0
GATAD1,0.0,0.0,0.0,0.0,0.0,1.0
RANBP6,0.0,0.0,0.0,0.0,0.0,1.0
GOSR1,0.0,0.0,0.0,0.0,0.0,1.0
UTRN,0.0,0.0,0.0,0.0,0.0,1.0
TMF1,0.09890429657552152,0.015864633141454487,0.007695422287645169,0.12096798208411089,0.11416366732532518,1.0
THUMPD1,0.0,0.0,0.0,0.0,0.0,1.0
RO60,0.0,0.0,0.0,0.0,0.0,1.0
NFRKB,0.0,0.0,0.0,0.0,0.0,1.0
PLXNA2,0.0,0.0,0.0,0.0,0.0,1.0
WDR73,0.0,0.0,0.0,0.0,0.0,1.0
NFIB,0.0,0.0,0.0,0.0,0.0,1.0
SIK3,0.0356408654905506,0.01908173857669552,0.0013940036493095337,0.11685612913256069,0.11414780855632004,1.0
ANKRD28,0.0,0.0,0.0,0.0,0.0,1.0
ATP2A3,0.0,0.0,0.0,0.0,0.0,1.0
STAU1,0.0,0.0,0.0,0.0,0.0,1.0
RNF19B,0.0,0.0,0.0,0.0,0.0,1.0
ARHGEF18,0.0,0.0,0.0,0.0,0.0,1.0
NPTXR,0.0,0.0,0.0,0.0,0.0,1.0
ATP5F1D,0.0,0.0,0.0,0.0,0.0,1.0
MED24,0.0,0.0,0.0,0.0,0.0,1.0
ROCK1,0.09599948500521674,0.012166788467618053,0.021365545610446405,0.2352061256502629,0.10447953783269959,1.0
MAST3,0.03134477123822897,0.01856006698810301,0.012265308454359362,0.27353135359048414,0.09174284720431776,1.0
SET,0.0730006343494585,0.07833588035752082,0.04744185043330909,0.2596055264104732,0.09303343788778476,1.0
RALGAPA1,0.0,0.0,0.0,0.0,0.0,1.0
COBL,0.0337547504732801,0.010022435665001203,0.001040859310820316,0.1749819909047132,0.10528807704271845,1.0
ZC3HAV1,0.0,0.0,0.0,0.0,0.0,1.0
PRKAR2A,0.0332781314045945,0.016967437573087222,0.030681046741304778,0.1729355658897341,0.10801808054485308,1.0
CD47,0.09681109987876445,0.01936565289410802,0.01608923865603544,0.20845423667567933,0.10301843030707994,1.0
FRMD4B,0.0,0.0,0.0,0.0,0.0,1.0
ATPAF2,0.0,0.0,0.0,0.0,0.0,1.0
CREB3L1,0.0,0.0,0.0,0.0,0.0,1.0
CHI3L2,0.03417929436307957,0.029561312330445698,0.010334736114399484,0.06238918626324853,0.13421984785802882,1.0
NTAN1,0.0,0.0,0.0,0.0,0.0,1.0
ZFC3H1,0.0,0.0,0.0,0.0,0.0,1.0
RUSC2,0.0,0.0,0.0,0.0,0.0,1.0
PIK3C2A,0.03517971411792313,0.05445440019886393,0.01879030405390189,0.06462650176735817,0.1344183569859279,1.0
DPT,0.0,0.0,0.0,0.0,0.0,1.0
ZFTRAF1,0.0,0.0,0.0,0.0,0.0,1.0
ZFYVE26,0.0,0.0,0.0,0.0,0.0,1.0
OLFML2A,0.0,0.0,0.0,0.0,0.0,1.0
ITPKC,0.03730806637244531,0.01475145858984306,0.01343786746080203,0.1593906658471181,0.14170047237492703,1.0
YTHDC2,0.0,0.0,0.0,0.0,0.0,1.0
TSR2,0.0,0.0,0.0,0.0,0.0,1.0
ZBTB22,0.0,0.0,0.0,0.0,0.0,1.0
SLC35D2,0.0,0.0,0.0,0.0,0.0,1.0
WWC1,0.0,0.0,0.0,0.0,0.0,1.0
DNAJC9,0.0,0.0,0.0,0.0,0.0,1.0
TAF4,0.0,0.0,0.0,0.0,0.0,1.0
CRTC1,0.0,0.0,0.0,0.0,0.0,1.0
PRKCA,0.0625,0.0,0.0,0.0,0.0,1.0
ADGRG6,0.0,0.0,0.0,0.0,0.0,1.0
TMCC2,0.0,0.0,0.0,0.0,0.0,1.0
DNAJC2,0.0,0.0,0.0,0.0,0.0,1.0
ANGEL1,0.0,0.0,0.0,0.0,0.0,1.0
ACTR3,0.04783633958360024,0.025920991059810227,0.005094935447718046,0.3192829803204302,0.09335535089416633,1.0
STARD13,0.0,0.0,0.0,0.0,0.0,1.0
TSR3,0.0,0.0,0.0,0.0,0.0,1.0
ATP8A1,0.0,0.0,0.0,0.0,0.0,1.0
CAMK2A,0.040508483537887635,0.02925541541649835,0.009218455238381607,0.12354954394037765,0.15168654621880134,1.0
COL4A5,0.03243697767145619,0.018328320931784513,0.00540440874735741,0.23886322238843705,0.15949213829636252,1.0
PIKFYVE,0.02724554945105407,0.02619680941376916,0.01575228934163905,0.24745491541767636,0.06508632452366608,1.0
SLC43A3,0.03264740423236928,0.03078903842030745,0.0011439929194538329,0.17319455109471352,0.10843023409704125,1.0
ATG4A,0.0,0.0625,0.0,0.0,0.0,1.0
NEK3,0.0301072756993921,0.022579248601059757,0.026942567686511192,0.16089714433353394,0.13489602949286966,1.0
BLTP3B,0.0,0.0,0.0,0.0,0.0,1.0
SLC36A1,0.0,0.0,0.0,0.0,0.0,1.0
TSPYL5,0.0,0.0,0.0,0.0,0.0,1.0
MFAP3,0.0,0.0,0.0,0.0,0.0,1.0
ZNF473,0.0,0.0,0.0,0.0,0.0,1.0
OLFML2B,0.0,0.0,0.0,0.0,0.0,1.0
MED8,0.0,0.0,0.0,0.0,0.0,1.0
UBE3A,0.0,0.0,0.0,0.0,0.0,1.0
OLFM1,0.0,0.0,0.0,0.0,0.0,1.0
MCAT,0.0,0.0,0.0,0.0,0.0,1.0
BTG3,0.0,0.0,0.0,0.0,0.0,1.0
TIAM1,0.0,0.0,0.0,0.0,0.0,1.0
PTPN2,0.03468195807951418,0.030612409076863675,0.01355637316291251,0.11020474143069335,0.11774289199488383,1.0
ARID5A,0.0,0.0,0.0,0.0,0.0,1.0
SNAI2,0.06189701995640659,0.028649034182882317,0.016748760642475484,0.15369638096484736,0.09995313839418704,1.0
SS18L1,0.0,0.0,0.0,0.0,0.0,1.0
PSKH1,0.03744518221678675,0.03256185814954608,0.007226674999820576,0.16178486710375722,0.137908676654931,1.0
GSAP,0.034619684856197395,0.011140417270822356,0.018232809736593757,0.3481446436146679,0.11823207675833838,1.0
C2orf72,0.0,0.0,0.0,0.0,0.0,1.0
FBXL14,0.0,0.0,0.0,0.0,0.0,1.0
KDM6B,0.04933740131196122,0.018587481694018134,0.007961033671438054,0.11219732934369223,0.1110407093830503,1.0
HOXA10,0.03419654404106952,0.03138603137491547,0.015791959959723063,0.3470844722228271,0.12580378160516975,1.0
SEPTIN7,0.0,0.0,0.0,0.0,0.0,1.0
SETD1B,0.03931238034726781,0.032386489307634346,0.025015209325279668,0.1779982855353073,0.07564244934621375,1.0
WSCD1,0.0,0.0,0.0,0.0,0.0,1.0
PCNX1,0.0,0.0,0.0,0.0,0.0,1.0
DOCK2,0.04021966436456079,0.051017922160513166,0.003273849189143366,0.2202167449760102,0.1082657991321749,1.0
MZT2A,0.0,0.0,0.0,0.0,0.0,1.0
SP3,0.0,0.0,0.0,0.0,0.0,1.0
SEMA5A,0.0,0.0,0.0,0.0,0.0,1.0
GPX7,0.03640727830362814,0.008713139913840921,0.0035353049092008504,0.13837967938927118,0.16010739869658763,1.0
MMP24,0.0,0.0,0.0,0.0,0.0,1.0
TTC9,0.0,0.0,0.0,0.0,0.0,1.0
SNRPB,0.0,0.0,0.0,0.0,0.0,1.0
MAPK8IP3,0.0,0.0,0.0,0.0,0.0,1.0
CNOT9,0.0,0.0,0.0,0.0,0.0,1.0
GOSR2,0.0,0.0,0.0,0.0,0.0,1.0
MOCS1,0.0,0.0,0.0,0.0,0.0,1.0
SENP5,0.0,0.0,0.0,0.0,0.0,1.0
KATNIP,0.0,0.0,0.0,0.0,0.0,1.0
FTL,0.0,0.0,0.0625,0.0625,0.0,1.0
RIOX2,0.0,0.0,0.0,0.0,0.0,1.0
COG7,0.0,0.0,0.0,0.0,0.0,1.0
TICAM1,0.10012037323787241,0.014982763392441305,0.013716720061199032,0.2919640416827065,0.10686775406946655,1.0
THAP3,0.0,0.0,0.0,0.0,0.0,1.0
ROBO1,0.03455278756597348,0.02094702342764198,0.016331105493620768,0.21986817515513116,0.13410210993407945,1.0
LYRM9,0.0,0.0,0.0,0.0,0.0,1.0
ZNF629,0.0,0.0,0.0,0.0,0.0,1.0
ASTN1,0.0,0.0,0.0,0.0,0.0,1.0
ACVR1B,0.04796424514653278,0.014365241851387302,0.024435688908339637,0.10087260645952144,0.14275556711187964,1.0
C2CD3,0.0,0.0,0.0,0.0,0.0,1.0
SYP,0.0,0.0,0.0,0.0,0.0,1.0
TNNT1,0.0,0.0,0.0,0.0,0.0,1.0
SETD1A,0.06151842171217158,0.06698750877860439,0.10989168014184478,0.11130436960971814,0.07114503744075185,1.0
SNAPC5,0.0,0.0,0.0,0.0,0.0,1.0
CUL9,0.0,0.0,0.0,0.0,0.0,1.0
RAD54L2,0.0,0.0,0.0,0.0,0.0,1.0
BICRAL,0.0,0.0,0.0,0.0,0.0,1.0
TAF6L,0.03863193331092222,0.019003865681737567,0.008237426316429352,0.1343282234182485,0.1628127123064279,1.0
OTUD3,0.0,0.0,0.0,0.0,0.0,1.0
ADCY2,0.03293793022393644,0.01338198640519886,0.01981708089561824,0.12003690574478904,0.1725406929867323,1.0
BBIP1,0.0,0.0,0.0,0.0,0.0,1.0
SIK2,0.028873957572898637,0.037490962854308425,0.015923220075409833,0.16448486816904093,0.07335658851820867,1.0
PLCB1,0.0,0.0,0.0,0.0,0.0,1.0
PPM1B,0.0,0.0,0.0,0.0,0.0,1.0
PDE8B,0.0,0.0,0.0,0.0,0.0,1.0
CDR2L,0.03678918546530734,0.007812096766705818,0.015018321277794785,0.1054459065035271,0.19753214980414058,1.0
DMWD,0.0,0.0,0.0,0.0,0.0,1.0
KLHL9,0.0,0.0,0.0,0.0,0.0,1.0
FAM234B,0.0,0.0,0.0,0.0,0.0,1.0
KNOP1,0.0,0.0,0.0,0.0,0.0,1.0
ATP10D,0.0,0.0,0.0,0.0,0.0,1.0
PIBF1,0.0,0.0,0.0,0.0,0.0,1.0
PLXNC1,0.031244293675917967,0.033251480168773793,0.006469802946362504,0.12412784223799148,0.07173353658736781,1.0
CEP170B,0.0,0.0,0.0,0.0,0.0,1.0
VPS13B,0.03715749699787536,0.03453246649294367,0.0029854528853719567,0.04835568502353316,0.08215434038029015,1.0
SCAMP4,0.0,0.0,0.0,0.0,0.0,1.0
ADCY1,0.04933558777762115,0.021812494962216464,0.016811613270359505,0.23588998738438227,0.15442894310558514,1.0
SVEP1,0.022852443716154715,0.011694416874276144,0.008262546805215265,0.06073100153681241,0.11627048192278212,1.0
LOC730101,0.0,0.0,0.0,0.0,0.0,1.0
FBXL7,0.0,0.0,0.0,0.0,0.0,1.0
SH3PXD2A,0.0,0.0,0.0,0.0,0.0,1.0
TNRC6B,0.0,0.0,0.0,0.0,0.0,1.0
MARCHF3,0.0,0.0,0.0,0.0,0.0,1.0
TFPI,0.0,0.0,0.0,0.0,0.0,1.0
FOXC1,0.0,0.0,0.0,0.0,0.0,1.0
TRANK1,0.0,0.0,0.0,0.0,0.0,1.0
SACS,0.0,0.0,0.0,0.0,0.0,1.0
CAMTA1,0.0,0.0,0.0,0.0,0.0,1.0
ZNF248,0.0,0.0,0.0,0.0,0.0,1.0
DOP1A,0.0,0.0,0.0,0.0,0.0,1.0
LDAF1,0.0,0.0,0.0,0.0,0.0,1.0
TENM4,0.0,0.0,0.0,0.0,0.0,1.0
MTMR9,0.0,0.0,0.0,0.0,0.0,1.0
DHRS1,0.0,0.0,0.0,0.0,0.0,1.0
RAP1GAP2,0.0,0.0,0.0,0.0,0.0,1.0
APOOL,0.0,0.0,0.0,0.0,0.0,1.0
SALL2,0.0,0.0,0.0,0.0,0.0,1.0
MBOAT2,0.0,0.0,0.0,0.0,0.0,1.0
SNX13,0.0,0.0,0.0,0.0,0.0,1.0
TRIM22,0.03631536585264008,0.02630356205151303,0.001888669610454772,0.11342199032710182,0.1404872565278354,1.0
ATG2A,0.0,0.0625,0.0,0.0,0.0,1.0
PFAS,0.0,0.0,0.0,0.0,0.0,1.0
TOGARAM1,0.0,0.0,0.0,0.0,0.0,1.0
MPDZ,0.0,0.0,0.0,0.0,0.0,1.0
SHANK2,0.0,0.0,0.0,0.0,0.0,1.0
PLCL2,0.0,0.0,0.0,0.0,0.0,1.0
AGO2,0.0,0.0,0.0,0.0,0.0,1.0
SMIM8,0.0,0.0,0.0,0.0,0.0,1.0
EOLA1,0.0,0.0,0.0,0.0,0.0,1.0
JCAD,0.0,0.0,0.0,0.0,0.0,1.0
CLIC5,0.0,0.0,0.0,0.0,0.0,1.0
PRMT3,0.04347819906970018,0.014078502899146486,0.013536088920107473,0.1631363414788825,0.14992081121347314,1.0
BCKDHB,0.0,0.0,0.0,0.0,0.0,1.0
OARD1,0.0,0.0,0.0,0.0,0.0,1.0
ZC3H7B,0.03811935753872141,0.016593767926553638,0.014981251807306452,0.16473090841840463,0.13936654172571378,1.0
SRC,0.0,0.0,0.0,0.0,0.0,1.0
NECTIN3,0.04122903632940796,0.018615350441312118,0.0028364500771316074,0.08576244480380463,0.07492393852393897,1.0
VAMP1,0.0,0.0,0.0,0.0,0.0,1.0
USP12,0.0,0.0,0.0,0.0,0.0,1.0
SRGAP2,0.0,0.0,0.0,0.0,0.0,1.0
STIP1,0.0,0.0,0.0,0.0,0.0,1.0
PAPPA2,0.0,0.0,0.0,0.0,0.0,1.0
HAUS7,0.0,0.0,0.0,0.0,0.0,1.0
TMEM158,0.03420918573542962,0.02083326369214624,0.00400393770884991,0.18164252769223263,0.09536055362114161,1.0
GFOD3P,0.0,0.0,0.0,0.0,0.0,1.0
FEM1C,0.0,0.0,0.0,0.0,0.0,1.0
YAP1,0.09815451993294744,0.06309957898829216,0.01044797006361595,0.13262076339588866,0.10221206078500761,1.0
GDPD5,0.0,0.0,0.0,0.0,0.0,1.0
TEX30,0.0,0.0,0.0,0.0,0.0,1.0
RPS4X,0.0,0.0,0.0,0.0,0.0,1.0
TMCC1,0.0,0.0,0.0,0.0,0.0,1.0
ABCA5,0.0,0.0,0.0,0.0,0.0,1.0
ST3GAL6,0.0,0.0,0.0,0.0,0.0,1.0
GTF2H5,0.0,0.0,0.0,0.0,0.0,1.0
MTCL1,0.0,0.0,0.0,0.0,0.0,1.0
TDRD7,0.0,0.0,0.0,0.0,0.0,1.0
CA5BP1,0.0,0.0,0.0,0.0,0.0,1.0
SNX1,0.0,0.0,0.0,0.0,0.0,1.0
ERI2,0.0,0.0,0.0,0.0,0.0,1.0
LOC155060,0.0,0.0,0.0,0.0,0.0,1.0
CDHR1,0.0,0.0,0.0,0.0,0.0,1.0
SFMBT1,0.03412148382068311,0.024620514999200725,0.008971339622744767,0.3051705176627841,0.10264751915240233,1.0
LDB3,0.0,0.0,0.0,0.0,0.0,1.0
PAQR3,0.0,0.0,0.0,0.0,0.0,1.0
CASP8,0.09874160758575282,0.03324906028307563,0.006813980587772551,0.2887620534379353,0.17630795076774414,1.0
HIBCH,0.02692542844011474,0.04440640763050256,0.017881679917874968,0.08811255468689472,0.12145166346885464,1.0
ZBTB1,0.0,0.0,0.0,0.0,0.0,1.0
RPS12,0.0,0.0,0.0,0.0,0.0,1.0
COQ2,0.04065228836948896,0.031075986347631434,0.023235764376791968,0.14071569866210173,0.13190840742776117,1.0
VSTM4,0.0303623380843138,0.0200315182608645,0.006109309375276314,0.17146202261565632,0.07400921917948952,1.0
PLCB3,0.033285135891307584,0.02721537223875839,0.01929630975574683,0.17990059969452507,0.12221354870830556,1.0
CHN2,0.0,0.0,0.0,0.0,0.0,1.0
PGAP4,0.0,0.0,0.0,0.0,0.0,1.0
ATAD2B,0.0,0.0,0.0,0.0,0.0,1.0
ZC3H4,0.0,0.0,0.0,0.0,0.0,1.0
DPY19L4,0.0,0.0,0.0,0.0,0.0,1.0
IQCK,0.0,0.0,0.0,0.0,0.0,1.0
SLC67A2,0.0,0.0,0.0,0.0,0.0,1.0
MAPKBP1,0.0,0.0,0.0,0.0,0.0,1.0
MLC1,0.0,0.0,0.0,0.0,0.0,1.0
AKAP10,0.0,0.0,0.0,0.0,0.0,1.0
SDR39U1,0.0,0.0,0.0,0.0,0.0,1.0
TBL1X,0.0,0.0,0.0,0.0,0.0,1.0
ZNF787,0.0,0.0,0.0,0.0,0.0,1.0
RAB22A,0.0,0.0,0.0,0.0,0.0,1.0
PHLPP2,0.0,0.0,0.0,0.0,0.0,1.0
EDRF1,0.0,0.0,0.0,0.0,0.0,1.0
ADAM22,0.0,0.0,0.0,0.0,0.0,1.0
STON1,0.0,0.0,0.0,0.0,0.0,1.0
CLIC2,0.03243324431740032,0.011790302776964402,0.001687344991049615,0.18168488338631786,0.12037237381268487,1.0
ITGA4,0.0,0.0,0.0,0.0,0.0,1.0
TBX2,0.12384897126326871,0.047170374747546255,0.047127788485762885,0.14851629165348607,0.14794746646747123,1.0
HSPA6,0.0,0.0,0.0,0.0,0.0,1.0
APBB2,0.0,0.0,0.0,0.0,0.0,1.0
DHX57,0.0,0.0,0.0,0.0,0.0,1.0
MXRA8,0.0445511960805602,0.020835889008050525,0.024381320785047317,0.08887639910871661,0.12308567412336746,1.0
MATCAP2,0.0,0.0,0.0,0.0,0.0,1.0
WNT5A,0.0,0.0,0.0,0.0,0.0,1.0
RPP40,0.03461198947771688,0.019758036607953413,0.0069001991070349895,0.19725110046797073,0.07704989951498589,1.0
COL6A1,0.0625,0.0,0.0,0.0,0.0,1.0
BICC1,0.04413087803120424,0.018138090022293347,0.008328339348640492,0.17421136875365906,0.10211798952655043,1.0
MUC5B,0.0,0.0,0.0,0.0,0.0,1.0
STX2,0.0,0.0,0.0,0.0,0.0,1.0
SATB2,0.0,0.0,0.0,0.0,0.0,1.0
CNR1,0.03956146616461398,0.010338869801631768,0.0073502457202040935,0.21889584294721656,0.1319701068618251,1.0
NFASC,0.0,0.0,0.0,0.0,0.0,1.0
RUNDC3A,0.0,0.0,0.0,0.0,0.0,1.0
ZNF862,0.0,0.0,0.0,0.0,0.0,1.0
ZC3H3,0.0,0.0,0.0,0.0,0.0,1.0
IPW,0.0,0.0,0.0,0.0,0.0,1.0
POP1,0.0,0.0,0.0,0.0,0.0,1.0
ICOSLG,0.03138332074800746,0.009634799117621903,0.00627169633256488,0.2646051720096188,0.11031333758298938,1.0
ZNF184,0.031447498798192794,0.012443395603289222,0.010373311927416327,0.08588040698297222,0.13150464389282251,1.0
FAM114A1,0.0,0.0,0.0,0.0,0.0,1.0
SOSTDC1,0.05466421039912585,0.017480739168181096,0.01634683473874808,0.15390044584960952,0.19052179439945893,1.0
MFHAS1,0.0,0.0,0.0,0.0,0.0,1.0
NUDT21,0.0,0.0,0.0,0.0,0.0,1.0
NPAS2,0.0,0.0,0.0,0.0,0.0,1.0
RAB40C,0.0,0.0,0.0,0.0,0.0,1.0
RND2,0.0,0.0,0.0,0.0,0.0,1.0
ERCC2,0.0625,0.0,0.0,0.0,0.0,1.0
PGAP1,0.045482011017788024,0.020329026061205364,0.0034860526922678376,0.13264452966352483,0.13186033202674416,1.0
NPHP4,0.031468592519236546,0.023126420331586333,0.016208088610465923,0.2513041208132609,0.13653085928999809,1.0
KCTD7,0.0,0.0,0.0,0.0,0.0,1.0
ITGAL,0.034919352106271374,0.006705529478636023,0.0013679387733133309,0.2083174104905655,0.10665671735689161,1.0
KAZN,0.0,0.0,0.0,0.0,0.0,1.0
NPTX2,0.03893902890349214,0.01862804785294779,0.003880415630916105,0.2156524321003643,0.1751916341923901,1.0
VAMP4,0.0,0.0,0.0,0.0,0.0,1.0
DOCK3,0.04858469257046897,0.021450194781155212,0.03330635545677798,0.06302822733162132,0.11483109936647257,1.0
PPWD1,0.0,0.0,0.0,0.0,0.0,1.0
ABCC10,0.0,0.0,0.0,0.0,0.0,1.0
SNED1,0.0,0.0,0.0,0.0,0.0,1.0
MAPRE2,0.0,0.0,0.0,0.0,0.0,1.0
COL2A1,0.0,0.0,0.0,0.0,0.0,1.0
PLPPR4,0.0,0.0,0.0,0.0,0.0,1.0
ABTB2,0.02833702243162077,0.03987719050038171,0.023995911499915878,0.33364850727406437,0.14408587540861303,1.0
CLCN2,0.031731086376038206,0.04727177541084284,0.015647458242447464,0.08277779382947588,0.0956239443185329,1.0
ACOX1,0.03895671728877333,0.024956539848362075,0.005008958430244487,0.20590088680209068,0.12542302795492977,1.0
ANXA2,0.0,0.0,0.0,0.0,0.0,1.0
SUGP2,0.0,0.0,0.0,0.0,0.0,1.0
F2RL1,0.0,0.0,0.0,0.0,0.0,1.0
USP32P2,0.0,0.0,0.0,0.0,0.0,1.0
CLBA1,0.0,0.0,0.0,0.0,0.0,1.0
ARPC2,0.039933342823421286,0.030438950216689232,0.004907014219791053,0.26191954805906215,0.11109712547777655,1.0
PRKCI,0.03435643018448606,0.04314658117186535,0.014747627274922296,0.11917136075327539,0.11682124152778074,1.0
LAMA2,0.0,0.0,0.0,0.0,0.0,1.0
RECQL4,0.0,0.0,0.0,0.0,0.0,1.0
PTPN18,0.0,0.0,0.0,0.0,0.0,1.0
CCNE1,0.06906253924579206,0.03889294934958075,0.017440948486852972,0.13431319909183337,0.16524617139703573,1.0
G0S2,0.09397702370483275,0.016529663811325715,0.01344731762358869,0.18272957542007076,0.10977306419587722,1.0
LIN37,0.0,0.0,0.0,0.0,0.0,1.0
ZNF688,0.0,0.0,0.0,0.0,0.0,1.0
METTL18,0.0,0.0,0.0,0.0,0.0,1.0
RAB3GAP1,0.0,0.0,0.0,0.0,0.0,1.0
PASK,0.031447327720534136,0.01974787168877734,0.007044459605744603,0.054521335170647126,0.15181183006329996,1.0
UBE2I,0.0,0.0,0.0,0.0,0.0,1.0
CD3D,0.043967123893090695,0.015050389922705592,0.01072758894815918,0.20362189077825713,0.18762075104508985,1.0
HSD17B8,0.03289830863994562,0.020602675090672238,0.00411727650644986,0.10981993290022218,0.13031893890251894,1.0
ERG,0.033737421773184756,0.022478474648543502,0.008528478889919727,0.23378030325690718,0.136391351693892,1.0
SGCD,0.0,0.0,0.0,0.0,0.0,1.0
DKFZP586I1420,0.0,0.0,0.0,0.0,0.0,1.0
CAND2,0.0,0.0,0.0,0.0,0.0,1.0
PDZD8,0.0,0.0,0.0,0.0,0.0,1.0
GLCE,0.0,0.0,0.0,0.0,0.0,1.0
RWDD2A,0.0,0.0,0.0,0.0,0.0,1.0
PINLYP,0.0,0.0,0.0,0.0,0.0,1.0
PCLO,0.0,0.0,0.0,0.0,0.0,1.0
RNASE6,0.03381120816533201,0.05072437177192007,0.02851971956848203,0.07435168056019263,0.10488079621757668,1.0
OSR2,0.0,0.0,0.0,0.0,0.0,1.0
EIF4E2,0.0,0.0,0.0,0.0,0.0,1.0
SERPINB1,0.0,0.0,0.0,0.0,0.0,1.0
BMPR1A,0.04248982236683184,0.015564733229315618,0.012192009492949237,0.133868641686795,0.1457259724577748,1.0
EP300,0.11654381797982685,0.023246722571619485,0.004882700041618867,0.08983801116714178,0.17376223845400274,1.0
ATP11A,0.0,0.0,0.0,0.0,0.0,1.0
ATP6V0E2,0.0,0.0,0.0,0.0,0.0,1.0
QTGAL,0.0,0.0,0.0,0.0,0.0,1.0
APLNR,0.026248090839291558,0.04819962355745829,0.01741578661734127,0.07160238112894643,0.14517517519516698,1.0
OIP5,0.03965121714234586,0.021730040525906553,0.015299525789482066,0.26615628146170467,0.056857787949782065,1.0
SLIT1,0.0,0.0,0.0,0.0,0.0,1.0
SRRD,0.0,0.0,0.0,0.0,0.0,1.0
KLHL23,0.0,0.0,0.0,0.0,0.0,1.0
AQP5,0.0,0.0,0.0,0.0,0.0,1.0
EEF1A1,0.0,0.0,0.0,0.0,0.0,1.0
TPGS2,0.0,0.0,0.0,0.0,0.0,1.0
ARAP2,0.0,0.0,0.0,0.0,0.0,1.0
ICAM2,0.03715555924251667,0.018153516487808042,0.0028068892607372034,0.1510082437111251,0.16532433888706843,1.0
COL9A2,0.0,0.0,0.0,0.0,0.0,1.0
KIF3A,0.03563780411838805,0.01699489042971283,0.00371673589803916,0.09318369504720674,0.11410634516608711,1.0
SMPDL3A,0.0,0.0,0.0,0.0,0.0,1.0
ZKSCAN4,0.0,0.0,0.0,0.0,0.0,1.0
CBR4,0.0,0.0,0.0,0.0,0.0,1.0
MT1F,0.0,0.0,0.0,0.0,0.0,1.0
NACAD,0.0,0.0,0.0,0.0,0.0,1.0
DHODH,0.02973821733397116,0.015436074755199506,0.013617265017473167,0.14124429658736415,0.10181890810405766,1.0
SH3BP1,0.0,0.0,0.0,0.0,0.0,1.0
TRMU,0.0,0.0,0.0,0.0,0.0,1.0
PHACTR1,0.0,0.0,0.0,0.0,0.0,1.0
ZNF500,0.0,0.0,0.0,0.0,0.0,1.0
CEP112,0.0,0.0,0.0,0.0,0.0,1.0
DNA2,0.0,0.0,0.0,0.0,0.0,1.0
INPP5J,0.0,0.0,0.0,0.0,0.0,1.0
METTL3,0.0,0.0,0.0,0.0,0.0,1.0
TAF5L,0.05399496043012149,0.04311828026118475,0.009217312698446146,0.09601530241008455,0.205551179749013,1.0
KLC1,0.0,0.0,0.0,0.0,0.0,1.0
TOP3B,0.0,0.0,0.0,0.0,0.0,1.0
PAMR1,0.0,0.0,0.0,0.0,0.0,1.0
SLC1A1,0.03333616133220524,0.029122767092052658,0.005841092212791448,0.12162991302186965,0.12380226666226782,1.0
SEPTIN6,0.0,0.0,0.0,0.0,0.0,1.0
SRCAP,0.0,0.0,0.0,0.0,0.0,1.0
FCHO1,0.0,0.0,0.0,0.0,0.0,1.0
NSUN5P1,0.0,0.0,0.0,0.0,0.0,1.0
PMS1,0.0,0.0,0.0,0.0,0.0,1.0
TMEM151B,0.0,0.0,0.0,0.0,0.0,1.0
IFT70A,0.0,0.0,0.0,0.0,0.0,1.0
NUP50,0.0,0.0,0.0,0.0,0.0,1.0
PDLIM5,0.0,0.0,0.0,0.0,0.0,1.0
RPL35A,0.0,0.0,0.0,0.0,0.0,1.0
DIPK1A,0.0,0.0,0.0,0.0,0.0,1.0
RSBN1,0.04179582635267004,0.03140508071148415,0.015397304147704955,0.08879090061215666,0.08316783683170767,1.0
PON3,0.0,0.0,0.0,0.0,0.0,1.0
RLIG1,0.0,0.0,0.0,0.0,0.0,1.0
ASAH1,0.05016465981648671,0.01902417852964087,0.012451122669103535,0.16723069763391832,0.3902826920120427,1.0
DLX5,0.0,0.0,0.0,0.0,0.0,1.0
MLX,0.0,0.0,0.0,0.0,0.0,1.0
GPRASP3,0.0,0.0,0.0,0.0,0.0,1.0
KRT81,0.0,0.0,0.0,0.0,0.0,1.0
ELOVL2,0.0,0.0,0.0,0.0,0.0,1.0
GLB1L2,0.0,0.0,0.0,0.0,0.0,1.0
CACNB2,0.039812817898437054,0.016214872053783552,0.01824474296410367,0.06477346024385489,0.14576731610218635,1.0
KANK3,0.0542610214659683,0.04111622996476909,0.016587230932228955,0.08378555662319637,0.09886070433442376,1.0
SECTM1,0.0,0.0,0.0,0.0,0.0,1.0
RBM4,0.0,0.0,0.0,0.0,0.0,1.0
SMARCA4,0.04960626773292909,0.03377951699607313,0.06572612833806567,0.21778466729852428,0.11938884453346076,1.0
SOX2,0.0,0.0,0.0,0.0,0.0,1.0
XYLT1,0.0,0.0,0.0,0.0,0.0,1.0
TUBB4B,0.02671209873652458,0.02008023062531375,0.01086535162760485,0.2495558881724071,0.062257396939164066,1.0
TCF3,0.0,0.0,0.0,0.0,0.0,1.0
MYO1F,0.0278530866869622,0.010938870675949983,0.01332354125155512,0.16487208660216723,0.10356263319075022,1.0
COX5B,0.06137186346519488,0.023507506380119746,0.0045280409031829075,0.20998054764701718,0.09072692141331568,1.0
GOLGA8H,0.0,0.0,0.0,0.0,0.0,1.0
ATP5F1A,0.0,0.0,0.0,0.0,0.0,1.0
KPNA1,0.0625,0.0,0.0,0.0,0.0,1.0
ATRNL1,0.0,0.0,0.0,0.0,0.0,1.0
FLNA,0.0,0.0,0.0,0.0,0.0,1.0
TRIM66,0.0,0.0,0.0,0.0,0.0,1.0
MASP1,0.0450160497326926,0.018322977519821523,0.002697253920927749,0.15070410668582873,0.12664464106914852,1.0
PAIP1,0.0,0.0,0.0,0.0,0.0,1.0
SAXO6,0.0,0.0,0.0,0.0,0.0,1.0
RBMX,0.0,0.0,0.0,0.0,0.0,1.0
HIPK2,0.0625,0.0,0.0,0.0,0.0,1.0
MFAP5,0.0,0.0,0.0,0.0,0.0,1.0
KSR1,0.043902906501761846,0.034741115371943465,0.03294897160510816,0.1072756438310674,0.08045452686709281,1.0
IRF2BP1,0.0,0.0,0.0,0.0,0.0,1.0
GGA2,0.0,0.0,0.0,0.0,0.0,1.0
NSUN5,0.0,0.0,0.0,0.0,0.0,1.0
ZNF276,0.03306101460704007,0.017559770578900662,0.012716286250535782,0.08685522228535361,0.0993182169507115,1.0
EMID1,0.0,0.0,0.0,0.0,0.0,1.0
TCHH,0.0,0.0,0.0,0.0,0.0,1.0
PPP1R37,0.0,0.0,0.0,0.0,0.0,1.0
MYOZ2,0.0,0.0,0.0,0.0,0.0,1.0
PENK,0.0,0.0,0.0,0.0,0.0,1.0
INSR,0.0,0.0,0.0,0.0,0.0,1.0
HOMER1,0.0,0.0,0.0,0.0,0.0,1.0
NGDN,0.0,0.0,0.0,0.0,0.0,1.0
PTPRA,0.0,0.0,0.0,0.0,0.0,1.0
RSAD2,0.030017630003787234,0.024035943068851685,0.0010891435840520158,0.16047624585703044,0.11000470141051927,1.0
CFH,0.022239828477908546,0.007940499076879475,0.0033019995004554253,0.2968150064187076,0.08844708200080807,1.0
RPSA,0.0,0.0,0.0,0.0,0.0,1.0
PRSS12,0.0,0.0,0.0,0.0,0.0,1.0
INPP5B,0.0,0.0,0.0,0.0,0.0,1.0
ADAM23,0.0,0.0,0.0,0.0,0.0,1.0
CAMKK2,0.03352515138146795,0.08535989633551305,0.00865274752791275,0.18959123384771132,0.07925917827476447,1.0
IRAK3,0.028774481783962275,0.035702141037076744,0.027833868820319383,0.06901454249162975,0.10153047199843412,1.0
STARD5,0.0,0.0,0.0,0.0,0.0,1.0
HOXA11,0.0,0.0,0.0,0.0,0.0,1.0
OLIG2,0.03295732560300418,0.02373370834668844,0.054771714573842736,0.16851604016147637,0.12441124643370013,1.0
ARHGAP33,0.0,0.0,0.0,0.0,0.0,1.0
HLA-DQA1,0.04874610638667292,0.007550738238002027,0.00518136226532487,0.3403540042274715,0.1502138124869401,1.0
KCND3,0.041341069674973474,0.03194208196094963,0.01834029064522154,0.09705009597532377,0.08680123942033693,1.0
IQSEC3,0.038263898983576274,0.030661011871767493,0.005082130559832761,0.10984824620060712,0.11332704579019358,1.0
GTPBP3,0.0,0.0,0.0,0.0,0.0,1.0
HOXA5,0.0,0.0,0.0,0.0,0.0,1.0
GRIK2,0.03196982726294572,0.033687742623304366,0.0027846394275743264,0.18291307646732402,0.14300409472025483,1.0
PRPH,0.0,0.0,0.0,0.0,0.0,1.0
DUSP7,0.01881275333881898,0.004579455437671204,0.010596819910954066,0.2412772173739882,0.10075725245472159,1.0
PPP2R2B,0.0625,0.0,0.0,0.0,0.0,1.0
STIMATE,0.0,0.0,0.0,0.0,0.0,1.0
RBM8A,0.0,0.0,0.0,0.0,0.0,1.0
DNAJC24,0.0,0.0,0.0,0.0,0.0,1.0
ZNF250,0.0,0.0,0.0,0.0,0.0,1.0
EEF1AKMT3,0.0,0.0,0.0,0.0,0.0,1.0
DCBLD2,0.0,0.0,0.0,0.0,0.0,1.0
SAMD14,0.0,0.0,0.0,0.0,0.0,1.0
COL11A2,0.0,0.0,0.0,0.0,0.0,1.0
SERPINA4,0.0,0.0,0.0,0.0,0.0,1.0
ZRSR2,0.0,0.0,0.0,0.0,0.0,1.0
LGR5,0.027526949387743544,0.012930495752946568,0.008877625199420888,0.12335297383022886,0.14337354697493865,1.0
APRT,0.031974838210420894,0.018719282208653355,0.014194337466094338,0.30044077095562316,0.06970486587560851,1.0
PMS2P5,0.0,0.0,0.0,0.0,0.0,1.0
THSD7A,0.0,0.0,0.0,0.0,0.0,1.0
FAM149B1,0.0,0.0,0.0,0.0,0.0,1.0
MRPL23,0.0,0.0,0.0,0.0,0.0,1.0
ENTREP1,0.0,0.0,0.0,0.0,0.0,1.0
BGN,0.0,0.0,0.0,0.0,0.0,1.0
MYBL1,0.0,0.0,0.0,0.0,0.0,1.0
LRRC15,0.03822265073156562,0.014168590861630727,0.004672509788718187,0.20146913887694023,0.10659283509375604,1.0
IGFBP7,0.0,0.0,0.0,0.0,0.0,1.0
TBC1D30,0.0,0.0,0.0,0.0,0.0,1.0
NKG7,0.035508683104760456,0.020910083234272975,0.02146964906853263,0.13355139054504328,0.10851537856790633,1.0
CUX2,0.0,0.0,0.0,0.0,0.0,1.0
SST,0.026562224886160512,0.03117096736780598,0.0028561401946583967,0.29829921450314784,0.07594105810594254,1.0
TTBK2,0.0459303543632911,0.021313874410017357,0.007898385572546622,0.17660631078837613,0.1433329853140914,1.0
RAP2B,0.0,0.0,0.0,0.0,0.0,1.0
GNAL,0.0,0.0,0.0,0.0,0.0,1.0
STUM,0.0,0.0,0.0,0.0,0.0,1.0
MAP3K9,0.09359508202346188,0.02237404512186836,0.023497656956572147,0.07188050384003553,0.12956678627991497,1.0
HLA-A,0.03946873644293843,0.023486223970837453,0.004584589155071015,0.23957337904943718,0.050498248131275805,1.0
PTGER3,0.03245672099392215,0.02029283288664498,0.004538682162208906,0.33023149859914985,0.07829883736047007,1.0
ZNF23,0.0,0.0,0.0,0.0,0.0,1.0
ERC2,0.0,0.0,0.0,0.0,0.0,1.0
RUFY3,0.0,0.0,0.0,0.0,0.0,1.0
RPS7,0.0,0.0,0.0,0.0,0.0,1.0
MEGF6,0.0,0.0,0.0,0.0,0.0,1.0
TWIST1,0.043226801864143606,0.017610019545656344,0.017350066435865674,0.20968223602548727,0.19174370311202582,1.0
CADM3,0.04330559858295256,0.02206625533544744,0.0126492064550364,0.3049612029818099,0.10135856617326355,1.0
PSMC3IP,0.0,0.0,0.0,0.0,0.0,1.0
KRT20,0.0625,0.0,0.0,0.0,0.0,1.0
FAM169A,0.0,0.0,0.0,0.0,0.0,1.0
MYOZ3,0.0,0.0,0.0,0.0,0.0,1.0
CD6,0.03531991125493799,0.020372616207819612,0.021321971509661627,0.1838662835625002,0.11472014426096627,1.0
RPGRIP1L,0.0,0.0,0.0,0.0,0.0,1.0
CHD5,0.031575902077509065,0.017739587709952796,0.007186046246029787,0.1540471926083124,0.15779211593618464,1.0
RALYL,0.0,0.0,0.0,0.0,0.0,1.0
RABL3,0.0,0.0,0.0,0.0,0.0,1.0
ADAMTSL3,0.041074864861789094,0.02227450464440174,0.019695077343753586,0.16412014055874574,0.1774395444011539,1.0
LYZ,0.038008064036290756,0.014031815183248284,0.01547186903681149,0.2861526270789136,0.09713021556351868,1.0
CIZ1,0.0,0.0,0.0,0.0,0.0,1.0
MTSS2,0.0,0.0,0.0,0.0,0.0,1.0
CTBP1,0.0,0.0,0.0,0.0,0.0,1.0
SAT1,0.0,0.0,0.0625,0.0,0.0,1.0
PAK5,0.10672910143402323,0.038449507100197663,0.006622038103629353,0.20222335133658267,0.1359984711595516,1.0
COL4A6,0.0,0.0,0.0,0.0,0.0,1.0
DMAC2L,0.0,0.0,0.0,0.0,0.0,1.0
YPEL1,0.0,0.0,0.0,0.0,0.0,1.0
ENTREP2,0.0,0.0,0.0,0.0,0.0,1.0
MSL3,0.0,0.0,0.0,0.0,0.0,1.0
NOP16,0.0,0.0,0.0,0.0,0.0,1.0
SOCS7,0.0,0.0,0.0,0.0,0.0,1.0
DHX34,0.0,0.0,0.0,0.0,0.0,1.0
GRIP1,0.0,0.0,0.0,0.0,0.0,1.0
TUBB2B,0.0,0.0,0.0,0.0,0.0,1.0
DGCR6L,0.0,0.0,0.0,0.0,0.0,1.0
SLC25A42,0.0,0.0,0.0,0.0,0.0,1.0
CRYBG3,0.0,0.0,0.0,0.0,0.0,1.0
ZAP70,0.04039705884693244,0.012605222418257903,0.029012903588811034,0.20554188440173002,0.12766785724874724,1.0
EFNA5,0.0,0.0,0.0,0.0,0.0,1.0
CCL8,0.038390677367546824,0.025342589813606112,0.018898292612553026,0.13925788318366475,0.07060138025235888,1.0
GSN,0.09389717168919451,0.01715232658892851,0.007884696340574822,0.2366103137111362,0.1084860541355072,1.0
PTPRD,0.0,0.0,0.0,0.0,0.0,1.0
RYR2,0.034107610099631355,0.0296813313629097,0.017508279823929933,0.12621889349784884,0.10921985811622315,1.0
LIAS,0.0,0.0,0.0,0.0,0.0,1.0
FUT9,0.0,0.0,0.0,0.0,0.0,1.0
MBD4,0.0887349809341277,0.05211405073345225,0.02489173634913746,0.19651725016963967,0.10261710018564199,1.0
ERBB4,0.10415312764555396,0.018232670388977294,0.010761027401040573,0.1888613296358086,0.15814734783707696,1.0
DOK2,0.04969131842581903,0.004390427304821216,0.003347709933711115,0.07990192699114033,0.15921739168667143,1.0
MYCL,0.0,0.0,0.0,0.0,0.0,1.0
TBC1D31,0.0,0.0,0.0,0.0,0.0,1.0
NFKBIB,0.0,0.0,0.0,0.0,0.0,1.0
BEAN1,0.0,0.0,0.0,0.0,0.0,1.0
ATP10B,0.0,0.0,0.0,0.0,0.0,1.0
CTTN,0.0,0.0,0.0,0.0,0.0,1.0
DHRS2,0.0,0.0,0.0,0.0,0.0,1.0
CA5B,0.02158251692862441,0.04310375534298303,0.023097103274059422,0.05385174329663809,0.13375481718979276,1.0
NCF1C,0.0,0.0,0.0,0.0,0.0,1.0
PARP2,0.1100110552144697,0.028060854931852446,0.016967885336443188,0.34150496084046855,0.10435613892458105,1.0
MYBPC1,0.0,0.0,0.0,0.0,0.0,1.0
GPX3,0.026423898825622315,0.006349675422731955,0.004117977774911971,0.2851313504747552,0.09304057181924602,1.0
FUBP1,0.0,0.0,0.0,0.0,0.0,1.0
KIAA1107,0.0,0.0,0.0,0.0,0.0,1.0
GPR161,0.0,0.0,0.0,0.0,0.0,1.0
FASTK,0.09653544726977706,0.030841362026278303,0.011796424534099015,0.10210093914584348,0.08775210123524647,1.0
RFPL1S,0.0,0.0,0.0,0.0,0.0,1.0
CEP43,0.0,0.0,0.0,0.0,0.0,1.0
DAGLA,0.05098612189750115,0.01967659539675264,0.012246431700480544,0.22982779072357795,0.0964672972896356,1.0
MUC6,0.0,0.0,0.0,0.0,0.0,1.0
CRACDL,0.0,0.0,0.0,0.0,0.0,1.0
NUDT13,0.0,0.0,0.0,0.0,0.0,1.0
ZNF79,0.0,0.0,0.0,0.0,0.0,1.0
SLC25A16,0.0,0.0,0.0,0.0,0.0,1.0
SRSF7,0.0,0.0,0.0,0.0,0.0,1.0
ZG16,0.043020210329883596,0.017233103306327796,0.021124171326964678,0.09189932593493806,0.13265200433162586,1.0
SPTB,0.0,0.0,0.0,0.0,0.0,1.0
PPBP,0.03796163544457975,0.009606842996933783,0.0029745508169636823,0.2752192651846354,0.12099571265416315,1.0
MROH7,0.0,0.0,0.0,0.0,0.0,1.0
LOC100507424,0.0,0.0,0.0,0.0,0.0,1.0
MYRIP,0.0,0.0,0.0,0.0,0.0,1.0
CA12,0.03691827742815541,0.033330310711016865,0.012170658171412392,0.2298470205230615,0.07678639800877833,1.0
FH,0.0,0.0,0.0,0.0,0.0,1.0
RYK,0.0,0.0,0.0,0.0,0.0,1.0
LST1,0.04721224384083223,0.03352458152998183,0.008901834926058689,0.06555926941277108,0.1127908448760811,1.0
TKTL1,0.0,0.0,0.0,0.0,0.0,1.0
HEXIM1,0.0,0.0,0.0,0.0,0.0,1.0
DGCR2,0.0,0.0,0.0,0.0,0.0,1.0
SFTPD,0.04388039623246118,0.030193785409711123,0.016294484918401363,0.10596254807040045,0.15033127175845565,1.0
PRODH,0.0,0.0,0.0,0.0,0.0,1.0
PACRG,0.0,0.0,0.0,0.0,0.0,1.0
PPIL6,0.0,0.0,0.0,0.0,0.0,1.0
KLHL35,0.0,0.0,0.0,0.0,0.0,1.0
ABCB9,0.0454376069003275,0.04450529622702322,0.017313359880016786,0.13986357168240404,0.1558025789697134,1.0
FTH1,0.0,0.0,0.0625,0.0625,0.0,1.0
GRM5,0.03268575447393242,0.018288539278462884,0.013989215386196376,0.1966680773182481,0.1133294294794035,1.0
XIST,0.0,0.0,0.0,0.0,0.0,1.0
MAP4K1,0.03519670625891032,0.007988954391342003,0.007747158440948412,0.21592118794063497,0.07924351025823426,1.0
ALMS1,0.03028089334112638,0.034331010022098665,0.014222213491581965,0.17374198731214802,0.10953993621490585,1.0
DNAH7,0.0,0.0,0.0,0.0,0.0,1.0
PRSS53,0.04333467810232515,0.012056181930799154,0.005973386396597188,0.11296563934765208,0.14929115147197314,1.0
TNFRSF4,0.05166215573849692,0.02937834426716833,0.0021304232449693055,0.05144244613789911,0.1743989952296453,1.0
DNAH17,0.0,0.0,0.0,0.0,0.0,1.0
CYP3A5,0.03601809658059496,0.03948985367849586,0.012749992695060577,0.1593486999516867,0.16887809572633736,1.0
PCGF2,0.04254959173968131,0.039819381893339105,0.010758924650319635,0.1427468511688655,0.06913631369232834,1.0
GAL,0.0,0.0,0.0,0.0,0.0,1.0
MINK1,0.034512541430249524,0.031478265686635365,0.022987653171293143,0.15040665039456502,0.1000366978422039,1.0
CLN5,0.0,0.0,0.0,0.0,0.0,1.0
DTNB,0.0,0.0,0.0,0.0,0.0,1.0
MAGEA4,0.0,0.0,0.0,0.0,0.0,1.0
ATP10A,0.0,0.0,0.0,0.0,0.0,1.0
AKR7A2,0.0,0.0,0.0,0.0,0.0,1.0
POLR2C,0.0,0.0,0.0,0.0,0.0,1.0
EFCAB11,0.0,0.0,0.0,0.0,0.0,1.0
ITGA8,0.03842993650129411,0.056776165625009443,0.021004589827613843,0.1314221992143885,0.0898570134690017,1.0
MTMR4,0.0,0.0625,0.0,0.0,0.0,1.0
SLC49A3,0.0,0.0,0.0,0.0,0.0,1.0
RPL12,0.0,0.0,0.0,0.0,0.0,1.0
NPRL3,0.0,0.0,0.0,0.0,0.0,1.0
ACAA1,0.0,0.0,0.0,0.0,0.0,1.0
KLF12,0.04376355398499378,0.012448900708216332,0.0027935136498084302,0.191769798567789,0.17951128949892092,1.0
HNRNPA1,0.0,0.0,0.0,0.0,0.0,1.0
TOP3A,0.0,0.0,0.0,0.0,0.0,1.0
RPS9,0.29255764021536357,0.04765796437064945,0.017004944811192312,0.19500495965302223,0.04710007736216773,1.0
CYP2A6,0.042646697391657926,0.023794260448456218,0.005800094358856964,0.19605926005591598,0.13274076003504837,1.0
CCN3,0.0,0.0,0.0,0.0,0.0,1.0
UPF3A,0.0,0.0,0.0,0.0,0.0,1.0
GP2,0.030321699135991857,0.01624613914924338,0.011916833623631015,0.1645709940509984,0.13930677790323087,1.0
TPT1,0.0,0.0,0.0,0.0,0.0,1.0
TSFM,0.0,0.0,0.0,0.0,0.0,1.0
IDH3G,0.0,0.0,0.0,0.0,0.0,1.0
THTPA,0.03237000327564374,0.03787977636642019,0.026697043115611906,0.19220573196806306,0.14477838711574942,1.0
ATXN7L1,0.0,0.0,0.0,0.0,0.0,1.0
DDC,0.03617984506922275,0.019351360165916452,0.004654060328545348,0.17033776981711216,0.10382140854132171,1.0
TACR2,0.037028422288348614,0.02164889203503074,0.017754481696558987,0.2032780030706323,0.09523758712219457,1.0
KRAS,0.15057043248337804,0.13001172480400477,0.0417411577137906,0.04176534429957372,0.12406322343326001,1.0
C1orf105,0.0,0.0,0.0,0.0,0.0,1.0
MTERF4,0.0,0.0,0.0,0.0,0.0,1.0
TPM3,0.0,0.0,0.0,0.0,0.0,1.0
RASGRP2,0.04187143302980035,0.02571315451725724,0.016713009202172655,0.13952919111587037,0.06737397352690226,1.0
TSSK2,0.04553107995322268,0.024753391286281207,0.006629170661350005,0.13832438596271485,0.1352486000132841,1.0
ERN2,0.09743666849289954,0.004360773775419472,0.011926252648516107,0.2507959685493903,0.10354216037344932,1.0
PPFIBP1,0.0,0.0,0.0,0.0,0.0,1.0
CTRL,0.0,0.0,0.0,0.0,0.0,1.0
SEPTIN7P11,0.0,0.0,0.0,0.0,0.0,1.0
UNC93A,0.0,0.0,0.0,0.0,0.0,1.0
KLHDC3,0.0,0.0,0.0,0.0,0.0,1.0
MUC5AC,0.0,0.0,0.0,0.0,0.0,1.0
SLC5A12,0.0,0.0,0.0,0.0,0.0,1.0
IRGC,0.0,0.0,0.0,0.0,0.0,1.0
KRT4,0.0,0.0,0.0,0.0,0.0,1.0
PAX1,0.0,0.0,0.0,0.0,0.0,1.0
SPDEF,0.033752188355854036,0.033907668501878784,0.013785772373077265,0.14538536789793896,0.12786818863024418,1.0
CTRB2,0.0,0.0,0.0,0.0,0.0,1.0
CT62,0.0,0.0,0.0,0.0,0.0,1.0
CHAF1A,0.0,0.0,0.0,0.0,0.0,1.0
NOP2,0.0,0.0,0.0,0.0,0.0,1.0
MTMR6,0.0,0.0,0.0,0.0,0.0,1.0
GLA,0.03755034985355812,0.016564139990928903,0.011002730685335683,0.09359842316277628,0.10985503569816532,1.0
GMPS,0.0,0.0,0.0,0.0,0.0,1.0
ATP1A3,0.04856628667154346,0.02527482606511325,0.003283431429552653,0.2709774065154836,0.10638677825429743,1.0
SELENBP1,0.0,0.0,0.0,0.0,0.0,1.0
HSPA12A,0.0,0.0,0.0,0.0,0.0,1.0
RALA,0.0,0.0,0.0,0.0,0.0,1.0
FBXL2,0.0,0.0,0.0,0.0,0.0,1.0
SHMT2,0.04112185296742502,0.016138318413839486,0.021783956112931713,0.19583235874085375,0.08421079183972446,1.0
HLX,0.028994788459239723,0.032591465797458544,0.008354500072368674,0.13699190303422093,0.12509036504692267,1.0
NAT1,0.037663921387983856,0.023090914066109615,0.015091271799741603,0.07919652649671889,0.19737561745084917,1.0
PIAS2,0.0,0.0,0.0,0.0,0.0,1.0
ELL2,0.04554597582873043,0.017845339998219543,0.0057635878200221445,0.19234942221186102,0.1270904121479918,1.0
ETS1,0.05845165290865808,0.04727351746532935,0.018987613439040752,0.22164255009427997,0.11101774605939334,1.0
CTSW,0.08622624165939781,0.021848415011347516,0.001773799177690214,0.2075026296397947,0.07014005872433628,1.0
BCAT1,0.028653181858415616,0.023675206580488665,0.012979722845559108,0.18234808162732638,0.10761776365553888,1.0
IFI44,0.04397028501143306,0.024072267702058017,0.0030853357308689797,0.19207405873396494,0.1301726563812899,1.0
ADAMTS2,0.0,0.0,0.0,0.0,0.0,1.0
HOXA2,0.0,0.0,0.0,0.0,0.0,1.0
TRAF3IP1,0.0,0.0,0.0,0.0,0.0,1.0
LSAMP,0.0,0.0,0.0,0.0,0.0,1.0
LBP,0.04406160623962227,0.014865481201074175,0.011035473800981837,0.31304640215198387,0.11456020485965121,1.0
GJA5,0.03367302355284914,0.030661864447432897,0.025791735576182424,0.2032333502562143,0.0880286407985682,1.0
GPR65,0.09374905126808857,0.026418519685021596,0.019847458025216043,0.19244119326236803,0.09819671391715798,1.0
MYH6,0.0,0.0,0.0,0.0,0.0,1.0
H2AC8,0.0,0.0,0.0,0.0625,0.0,1.0
KLRB1,0.027447993053422902,0.01746071045504024,0.008574164577762545,0.13563647643747725,0.1302757251252148,1.0
LHB,0.0,0.0,0.0,0.0,0.0,1.0
PMS2P3,0.0,0.0,0.0,0.0,0.0,1.0
PRKAB2,0.03465865734147423,0.036225416293363094,0.019290436994182203,0.17677946972879263,0.11669632195279325,1.0
TFF2,0.03819744487199845,0.03978182500054764,0.05006287385784869,0.12156794086189865,0.10710584681635249,1.0
MLLT1,0.0,0.0,0.0,0.0,0.0,1.0
SPP2,0.0,0.0,0.0,0.0,0.0,1.0
GFRA3,0.0,0.0,0.0,0.0,0.0,1.0
ETV3,0.0,0.0,0.0,0.0,0.0,1.0
ZBTB25,0.0,0.0,0.0,0.0,0.0,1.0
SIGMAR1,0.02775764298372751,0.022961881638887932,0.00753495600068153,0.21978230166311086,0.10920371952613248,1.0
ODF1,0.0,0.0,0.0,0.0,0.0,1.0
FSHB,0.0,0.0,0.0,0.0,0.0,1.0
ARSF,0.0,0.0,0.0,0.0,0.0,1.0
SSTR3,0.0,0.0,0.0,0.0,0.0,1.0
SPG7,0.02858509957144017,0.02447248314498196,0.004042368799929696,0.0626255867439422,0.1624003267718171,1.0
CACNG2,0.046715673035323355,0.011595280374120536,0.006655554651093336,0.10459725854211799,0.19847291845524978,1.0
ASIP,0.0,0.0,0.0,0.0,0.0,1.0
MACROH2A1,0.0,0.0,0.0,0.0625,0.0,1.0
H2BC11,0.0,0.0,0.0,0.0,0.0,1.0
ABO,0.0,0.0,0.0,0.0,0.0,1.0
ACKR5,0.0,0.0,0.0,0.0,0.0,1.0
CREM,0.03118112136640598,0.018697384041866424,0.0023463993753478525,0.2726348078646453,0.09288300814524554,1.0
GPR20,0.0,0.0,0.0,0.0,0.0,1.0
OR1E1,0.0,0.0,0.0,0.0,0.0,1.0
KRTAP5-9,0.0,0.0,0.0,0.0,0.0,1.0
PDHA2,0.0,0.0,0.0,0.0,0.0,1.0
RLN2,0.0,0.0,0.0,0.0,0.0,1.0
FOXC2,0.0,0.0,0.0,0.0,0.0,1.0
HES2,0.0,0.0,0.0,0.0,0.0,1.0
CEBPE,0.056814996021484876,0.04865732515886287,0.05477067030283253,0.14285055479104064,0.10504721797215254,1.0
GHRH,0.0,0.0,0.0,0.0,0.0,1.0
PQBP1,0.0,0.0,0.0,0.0,0.0,1.0
TSHB,0.0,0.0,0.0,0.0,0.0,1.0
EPB41,0.0,0.0,0.0,0.0,0.0,1.0
POU5F1B,0.0,0.0,0.0,0.0,0.0,1.0
CMA1,0.0,0.0,0.0,0.0,0.0,1.0
H1-5,0.0625,0.0,0.0,0.0,0.0,1.0
SLURP1,0.0,0.0,0.0,0.0,0.0,1.0
H1-3,0.0625,0.0,0.0,0.0,0.0,1.0
RGS6,0.0,0.0,0.0,0.0,0.0,1.0
SERPINB10,0.0,0.0,0.0,0.0,0.0,1.0
H2BC17,0.0,0.0,0.0,0.0,0.0,1.0
H2AC13,0.0,0.0,0.0,0.0625,0.0,1.0
ADCY10,0.0,0.0,0.0,0.0,0.0,1.0
SPRR1A,0.0,0.0,0.0,0.0,0.0,1.0
TNPO3,0.0,0.0,0.0,0.0,0.0,1.0
CD7,0.04437175905257519,0.009418707604462439,0.00031153087466107563,0.18627167888864077,0.12495964902022796,1.0
RABEP1,0.0625,0.0,0.0,0.0,0.0,1.0
SSTR5,0.03289140083539611,0.014576437807748758,0.00943421172493264,0.19397933766530043,0.1338450623580014,1.0
SSTR4,0.03962128113504208,0.03948333929713558,0.013686138565878511,0.25037518497824357,0.13503004696205634,1.0
PTTG2,0.0,0.0,0.0,0.0,0.0,1.0
GPR12,0.025950975627252373,0.026864804982352306,0.0022393818825989444,0.14257781916993523,0.10928061329145006,1.0
FPR3,0.04120983053821141,0.012411905201816887,0.01152285560346053,0.12095479945151964,0.1356085284264597,1.0
LILRP2,0.0,0.0,0.0,0.0,0.0,1.0
PCDHGC3,0.0,0.0,0.0,0.0,0.0,1.0
SMR3A,0.0,0.0,0.0,0.0,0.0,1.0
TPSD1,0.0,0.0,0.0,0.0,0.0,1.0
IFNA5,0.03088423181465306,0.040138701331350314,0.014497026502860853,0.20152069951650542,0.06466966324374118,1.0
FGF3,0.0,0.0,0.0,0.0,0.0,1.0
INSL3,0.0,0.0,0.0,0.0,0.0,1.0
AZU1,0.0,0.0,0.0,0.0,0.0,1.0
KRT36,0.0,0.0,0.0,0.0,0.0,1.0
MAP1B,0.0,0.0,0.0,0.0,0.0,1.0
NIPAL3,0.0,0.0,0.0,0.0,0.0,1.0
PDE3B,0.033675516602176055,0.027885285545997587,0.013925897394500435,0.11815259359817626,0.1522993772542735,1.0
DDI2,0.039937491148824306,0.06875182715926659,0.008805013217175552,0.1195907431970159,0.09427597018470364,1.0
VPS52,0.0,0.0,0.0,0.0,0.0,1.0
COL8A1,0.04360797409314551,0.029824795811555893,0.015555045341823684,0.1136303012317857,0.120900639890412,1.0
FGF12,0.0,0.0,0.0,0.0,0.0,1.0
KLHL4,0.0,0.0,0.0,0.0,0.0,1.0
ATP8B1,0.0,0.0,0.0,0.0,0.0,1.0
KCNG1,0.0,0.0,0.0,0.0,0.0,1.0
CHRM3,0.0,0.0,0.0,0.0,0.0,1.0
SSTR2,0.03724016646271278,0.02918095630249771,0.018815293164778632,0.17388114480568975,0.1562220630229651,1.0
CLDN8,0.0,0.0,0.0,0.0,0.0,1.0
IVL,0.0,0.0,0.0,0.0,0.0,1.0
TEAD1,0.044008527704066165,0.054283059799406425,0.019634631535827785,0.09572096418017079,0.091496012615083,1.0
TPH1,0.03901202006894673,0.025312001470296688,0.0033959054363397936,0.13793826830107847,0.10406306292962404,1.0
COL4A4,0.03418985240018415,0.03633264660402963,0.0352893880481963,0.12289251048604469,0.15363911710175915,1.0
HOXD11,0.0,0.0,0.0,0.0,0.0,1.0
CMKLR2,0.0,0.0,0.0,0.0,0.0,1.0
TSPAN2,0.03756511670843389,0.03392723523094387,0.00811514593945458,0.23045619219937466,0.07048871783471514,1.0
PAK3,0.040984203478149454,0.029523260585990856,0.028726959326330785,0.11259956992272674,0.14598022349306852,1.0
EYA1,0.0,0.0,0.0,0.0,0.0,1.0
PHOX2A,0.0,0.0,0.0,0.0,0.0,1.0
CYP11B1,0.028423418226158674,0.025581579565795952,0.00660950449092741,0.13589604315789736,0.1491659409264366,1.0
MAGEA6,0.0,0.0,0.0,0.0,0.0,1.0
GPR3,0.0,0.0,0.0,0.0,0.0,1.0
MNX1,0.0,0.0,0.0,0.0,0.0,1.0
P2RY10,0.03741281946582427,0.0035490464991557386,0.001410047597697138,0.15065529250073217,0.11062627286179438,1.0
PRF1,0.11198805780915094,0.02647357411506049,0.008199054052818016,0.1514572254646517,0.09045086570512309,1.0
CRHR1,0.036466400203658,0.01668828347563924,0.013096073715637159,0.06677366029837137,0.09709949804044918,1.0
PAM,0.03649231982163758,0.02208872559063221,0.002831503368037977,0.3228486062714829,0.07237565761490672,1.0
GYS2,0.0,0.0,0.0,0.0,0.0,1.0
CYP21A2,0.025686080105391806,0.025934910266294745,0.01357476678367095,0.18714696868442765,0.11043991199552591,1.0
FBXW4P1,0.0,0.0,0.0,0.0,0.0,1.0
UPK1A,0.0,0.0,0.0,0.0,0.0,1.0
EPX,0.03595257125919979,0.024166460269340686,0.009231792249226406,0.16846002852801956,0.11682054131111261,1.0
NHLH1,0.0,0.0,0.0,0.0,0.0,1.0
CYP11B2,0.027976461904785876,0.04903919555116495,0.00987655360957159,0.060152342553242893,0.13511645690140078,1.0
ZBTB33,0.0,0.0,0.0,0.0,0.0,1.0
NRP2,0.033805787316507574,0.03354284829418597,0.02675254698600675,0.11788744441286055,0.1680115186306718,1.0
SOX3,0.0,0.0,0.0,0.0,0.0,1.0
CLDN9,0.0,0.0,0.0,0.0,0.0,1.0
CALCB,0.0,0.0,0.0,0.0,0.0,1.0
OSM,0.04022481915228355,0.03725105803522865,0.008754737920399151,0.11097593753610524,0.1405559769064742,1.0
HOXA1,0.0,0.0,0.0,0.0,0.0,1.0
GPX5,0.02898820846951101,0.03811255291435704,0.0028191643344119143,0.2156349215311385,0.11312030523018582,1.0
DRD1,0.030277580672625773,0.01957985302050034,0.0073121862852529775,0.25019741185305233,0.11774793894934324,1.0
GPR6,0.0,0.0,0.0,0.0,0.0,1.0
NEAT1,0.0,0.0,0.0,0.0,0.0,1.0
TMED7,0.0,0.0,0.0,0.0,0.0,1.0
ITGA1,0.033706326524228065,0.03797542706454496,0.0036684776170395734,0.2722011062045554,0.09775620933756893,1.0
NOP14,0.0,0.0,0.0,0.0,0.0,1.0
WDR43,0.0,0.0,0.0,0.0,0.0,1.0
DSTYK,0.037044403145899234,0.022244260685675664,0.01897502318974773,0.11741633625357362,0.14895970450525825,1.0
IREB2,0.0,0.0,0.0,0.0,0.0,1.0
SPRYD7,0.0,0.0,0.0,0.0,0.0,1.0
ZKSCAN1,0.0,0.0,0.0,0.0,0.0,1.0
ABR,0.0,0.0,0.0,0.0,0.0,1.0
TTLL5,0.0,0.0,0.0,0.0,0.0,1.0
USP19,0.040211545513822215,0.03179672370182002,0.013620736684720202,0.16693937055586025,0.12537168469048598,1.0
MUC3A,0.0,0.0,0.0,0.0,0.0,1.0
ZFX,0.0,0.0,0.0,0.0,0.0,1.0
MEF2A,0.08474016436869758,0.01393603884115777,0.008887895916689929,0.18416627678129066,0.08677402970801021,1.0
ZNF266,0.0,0.0,0.0,0.0,0.0,1.0
TAF1B,0.0,0.0,0.0,0.0,0.0,1.0
MINDY2,0.0,0.0,0.0,0.0,0.0,1.0
NBPF10,0.0,0.0,0.0,0.0,0.0,1.0
MIR22HG,0.0,0.0,0.0,0.0,0.0,1.0
PTBP3,0.0,0.0,0.0,0.0,0.0,1.0
RIF1,0.0,0.0,0.0,0.0,0.0,1.0
MAN2B2,0.0,0.0,0.0,0.0,0.0,1.0
PATJ,0.0,0.0,0.0,0.0,0.0,1.0
CCNB1,0.1394013159886867,0.08952458141791056,0.06576428190856706,0.11075952068325509,0.058959850853106316,1.0
GATC,0.0,0.0,0.0,0.0,0.0,1.0
SNX29P2,0.0,0.0,0.0,0.0,0.0,1.0
ZNF394,0.0,0.0,0.0,0.0,0.0,1.0
ZNF160,0.0,0.0,0.0,0.0,0.0,1.0
LINC01963,0.0,0.0,0.0,0.0,0.0,1.0
SLC46A3,0.0,0.0,0.0,0.0,0.0,1.0
CDC42EP4,0.0,0.0,0.0,0.0,0.0,1.0
NOTCH2NLA,0.0,0.0,0.0,0.0,0.0,1.0
ANKRD36,0.0,0.0,0.0,0.0,0.0,1.0
DIXDC1,0.0,0.0,0.0,0.0,0.0,1.0
SBSPON,0.0,0.0,0.0,0.0,0.0,1.0
POLR1F,0.0,0.0,0.0,0.0,0.0,1.0
GLG1,0.0,0.0,0.0,0.0,0.0,1.0
SP1,0.0,0.0,0.0,0.0,0.0,1.0
YIPF1,0.0,0.0,0.0,0.0,0.0,1.0
EXPH5,0.0,0.0,0.0,0.0,0.0,1.0
IPCEF1,0.038843462473236695,0.004617360683216772,0.004241251259977268,0.15841375701960847,0.1524142085139651,1.0
LRCH3,0.0,0.0,0.0,0.0,0.0,1.0
ZNF131,0.0,0.0,0.0,0.0,0.0,1.0
CEP131,0.0,0.0,0.0,0.0,0.0,1.0
CUX1,0.0,0.0,0.0,0.0,0.0,1.0
PLCH1,0.0,0.0,0.0,0.0,0.0,1.0
ZNF467,0.0,0.0,0.0,0.0,0.0,1.0
ARMCX6,0.0,0.0,0.0,0.0,0.0,1.0
ZNF468,0.0,0.0,0.0,0.0,0.0,1.0
TET3,0.0,0.0,0.0,0.0,0.0,1.0
UAP1L1,0.0,0.0,0.0,0.0,0.0,1.0
DCAF4,0.0,0.0,0.0,0.0,0.0,1.0
ZNF337,0.0,0.0,0.0,0.0,0.0,1.0
ZNF423,0.0,0.0,0.0,0.0,0.0,1.0
ACOT11,0.0,0.0,0.0,0.0,0.0,1.0
NAAA,0.0,0.0,0.0,0.0,0.0,1.0
AHCTF1,0.0,0.0,0.0,0.0,0.0,1.0
HSPB6,0.0,0.0,0.0,0.0,0.0,1.0
CLCN4,0.0,0.0,0.0,0.0,0.0,1.0
MSR1,0.03107727237066099,0.006788749134410795,0.018284964565600626,0.19133542919097024,0.15322505764126293,1.0
MPRIP,0.0,0.0,0.0,0.0,0.0,1.0
KIAA1549L,0.0,0.0,0.0,0.0,0.0,1.0
TIPRL,0.03889285796046047,0.0417525269633061,0.03021240397377624,0.19941637610775442,0.08389146732441549,1.0
N4BP3,0.0,0.0,0.0,0.0,0.0,1.0
MEGF8,0.0,0.0,0.0,0.0,0.0,1.0
VPS13A,0.0,0.0,0.0,0.0,0.0,1.0
MAP3K1,0.03784471781050307,0.017803303551171223,0.00867623850597681,0.14935259158539804,0.13621291672398778,1.0
DENND4A,0.0,0.0,0.0,0.0,0.0,1.0
DDN,0.0,0.0,0.0,0.0,0.0,1.0
SP140L,0.0,0.0,0.0,0.0,0.0,1.0
TRMT9B,0.0,0.0,0.0,0.0,0.0,1.0
CDK18,0.028638534260997727,0.024315462162925527,0.02121347458321459,0.17035179044080176,0.09344978413524194,1.0
CDH6,0.04226227769919833,0.012339894106756871,0.004980167121007864,0.1561163237507756,0.14820303575131707,1.0
BICD1,0.0,0.0,0.0,0.0,0.0,1.0
RIMBP2,0.0,0.0,0.0,0.0,0.0,1.0
MOB1A,0.0,0.0,0.0,0.0,0.0,1.0
ZNF75D,0.0,0.0,0.0,0.0,0.0,1.0
FAAP24,0.04105311646458813,0.019423663422517137,0.008726758663430806,0.1548871175771858,0.10261184486495104,1.0
UNC13A,0.0,0.0,0.0,0.0,0.0,1.0
CCDC57,0.0,0.0,0.0,0.0,0.0,1.0
IQSEC2,0.0,0.0,0.0,0.0,0.0,1.0
BRWD1,0.0,0.0,0.0,0.0,0.0,1.0
BRINP2,0.0,0.0,0.0,0.0,0.0,1.0
ZNF204P,0.0,0.0,0.0,0.0,0.0,1.0
NALF1,0.0,0.0,0.0,0.0,0.0,1.0
PDE12,0.0,0.0,0.0,0.0,0.0,1.0
PARD6B,0.0,0.0,0.0,0.0,0.0,1.0
SLC38A6,0.054555796512039983,0.015592965441280277,0.009597731219130993,0.14379002374104566,0.14911830337845677,1.0
ELK4,0.037485326835839425,0.0362543447239996,0.00601655200342846,0.16934832934924082,0.09446206548394151,1.0
HNF4A,0.033929940451803274,0.023202248084327443,0.005322210791020896,0.15549857982426488,0.1618014499363471,1.0
TMEM63A,0.0,0.0,0.0,0.0,0.0,1.0
PWAR5,0.0,0.0,0.0,0.0,0.0,1.0
SFT2D2,0.0,0.0,0.0,0.0,0.0,1.0
MIR124-1HG,0.0,0.0,0.0,0.0,0.0,1.0
TOM1L2,0.0,0.0,0.0,0.0,0.0,1.0
CNIH3,0.03191124586302976,0.017019220123057992,0.01906785050210427,0.12519917531874883,0.14936273181951087,1.0
DOK5,0.0,0.0,0.0,0.0,0.0,1.0
ALPK3,0.020951391563865177,0.03281849581479845,0.027728594257065645,0.12049913449724044,0.09104461307935326,1.0
KCTD20,0.0,0.0,0.0,0.0,0.0,1.0
FSTL4,0.0,0.0,0.0,0.0,0.0,1.0
SLC9A7,0.0,0.0,0.0,0.0,0.0,1.0
DOT1L,0.0439798271957588,0.02172209388154584,0.015501293596137042,0.1831502903592745,0.12771382339681725,1.0
PIWIL1,0.0,0.0,0.0,0.0,0.0,1.0
LRP5L,0.0,0.0,0.0,0.0,0.0,1.0
TUBGCP5,0.0,0.0,0.0,0.0,0.0,1.0
CDKAL1,0.039251205892305165,0.007561454751433172,0.017431106095246635,0.13152260330261367,0.1437861187058731,1.0
UBTF,0.0,0.0,0.0,0.0,0.0,1.0
FAM149A,0.0,0.0,0.0,0.0,0.0,1.0
CACTIN,0.0,0.0,0.0,0.0,0.0,1.0
ZNF780B,0.0,0.0,0.0,0.0,0.0,1.0
ZNF8,0.0,0.0,0.0,0.0,0.0,1.0
SYT2,0.0,0.0,0.0,0.0,0.0,1.0
ZNF41,0.0,0.0,0.0,0.0,0.0,1.0
N4BP2L1,0.04585265401673199,0.01137888514911392,0.006831069840113288,0.14963877807879966,0.12471228564839529,1.0
CEACAM21,0.03956252965405441,0.018620058072941523,0.01640783792901178,0.3351803887175099,0.12920182530291446,1.0
APOM,0.0,0.0,0.0,0.0,0.0,1.0
BRD2,0.10197732259327946,0.0791089422982883,0.07988541186949095,0.138817109208666,0.1063117511584788,1.0
ADAMTS3,0.0,0.0,0.0,0.0,0.0,1.0
FAM13C,0.0,0.0,0.0,0.0,0.0,1.0
ZNF362,0.0,0.0,0.0,0.0,0.0,1.0
ZNF484,0.0,0.0,0.0,0.0,0.0,1.0
ITGBL1,0.0,0.0,0.0,0.0,0.0,1.0
SLITRK5,0.0,0.0,0.0,0.0,0.0,1.0
CACNA1A,0.035492525385210985,0.027180409763392213,0.03298495225599679,0.09803709288693911,0.12180942233644854,1.0
ATP9B,0.0450357268432908,0.011259640319062148,0.02312606047461394,0.10174201577592637,0.18176042694070882,1.0
LRCH1,0.0,0.0,0.0,0.0,0.0,1.0
AFDN,0.04853694127266323,0.039960102030765374,0.00509216535063273,0.2834593594700663,0.14723232719520235,1.0
SMG6,0.0,0.0,0.0,0.0,0.0,1.0
SLC26A10P,0.0,0.0,0.0,0.0,0.0,1.0
SUSD5,0.0,0.0,0.0,0.0,0.0,1.0
TMPRSS6,0.0,0.0,0.0,0.0,0.0,1.0
AAK1,0.03697390503321002,0.02839169776634897,0.01827938247781609,0.1711510528234441,0.12101946520858238,1.0
ACTL8,0.0,0.0,0.0,0.0,0.0,1.0
MTUS2,0.0,0.0,0.0,0.0,0.0,1.0
SPATA2L,0.028975832777803977,0.028407835190796055,0.005881156396197965,0.19249218748107155,0.09176909177271467,1.0
DDX51,0.08573031140411512,0.029260822095798777,0.007640555603797838,0.1998553251272221,0.0768258758789129,1.0
CXCL5,0.03489344581459531,0.025555022319590198,0.003735089515116209,0.19727258460065547,0.15432142224394974,1.0
PPFIA4,0.0,0.0,0.0,0.0,0.0,1.0
TTTY15,0.0,0.0,0.0,0.0,0.0,1.0
SON,0.0,0.0,0.0,0.0,0.0,1.0
PIGO,0.0,0.0,0.0,0.0,0.0,1.0
DNASE2,0.0625,0.0,0.0,0.0,0.0,1.0
ASPHD1,0.0,0.0,0.0,0.0,0.0,1.0
APOBEC3F,0.0,0.0,0.0,0.0,0.0,1.0
SCAI,0.0,0.0,0.0,0.0,0.0,1.0
FEZ2,0.0,0.0,0.0,0.0,0.0,1.0
DGCR9,0.0,0.0,0.0,0.0,0.0,1.0
SUGP1,0.0,0.0,0.0,0.0,0.0,1.0
NECAB2,0.0,0.0,0.0,0.0,0.0,1.0
THAP9-AS1,0.0,0.0,0.0,0.0,0.0,1.0
BRSK2,0.09720965207452585,0.013861987058242372,0.006578076727167575,0.1237555567212588,0.14264772156868205,1.0
SNHG3,0.0,0.0,0.0,0.0,0.0,1.0
BICDL1,0.0,0.0,0.0,0.0,0.0,1.0
FNBP1L,0.033524444413516964,0.028330879714906748,0.023800468274911522,0.09473791652746617,0.14111887089963832,1.0
CEP295,0.0,0.0,0.0,0.0,0.0,1.0
ZNF528,0.0,0.0,0.0,0.0,0.0,1.0
ZNF33B,0.0,0.0,0.0,0.0,0.0,1.0
PEX1,0.0,0.0,0.0,0.0,0.0,1.0
CCZ1B,0.0,0.0,0.0,0.0,0.0,1.0
SEMA6A,0.0625,0.0,0.0,0.0,0.0,1.0
RNF126,0.0,0.0,0.0,0.0,0.0,1.0
TM4SF1,0.0,0.0,0.0,0.0,0.0,1.0
CELF3,0.0,0.0,0.0,0.0,0.0,1.0
KANSL1L,0.0,0.0,0.0,0.0,0.0,1.0
TRIM58,0.0,0.0,0.0,0.0,0.0,1.0
ZNF280B,0.04248899105912175,0.01853394549588315,0.0047588136959064746,0.06769630378303686,0.18210927224186438,1.0
CD163,0.025497714965996614,0.01094502155874117,0.011691545477253932,0.20885571922338947,0.12501161019620927,1.0
FRMPD4,0.0,0.0,0.0,0.0,0.0,1.0
EPOR,0.04539031149912264,0.018163802867658382,0.017940124342693726,0.12266522031832608,0.1152199792031606,1.0
EOLA2-DT,0.0,0.0,0.0,0.0,0.0,1.0
DENND5B,0.0,0.0,0.0,0.0,0.0,1.0
EEF1AKMT2,0.0,0.0,0.0,0.0,0.0,1.0
FBXL18,0.0,0.0,0.0,0.0,0.0,1.0
H2AC6,0.0,0.0,0.0,0.0625,0.0,1.0
GRB2,0.05540365955167195,0.07278639932444346,0.08289334929252097,0.05040145303350912,0.09282656795035701,1.0
MINAR1,0.0,0.0,0.0,0.0,0.0,1.0
LRRC42,0.0,0.0,0.0,0.0,0.0,1.0
DLEC1,0.0,0.0,0.0,0.0,0.0,1.0
SDHC,0.03954130713858663,0.053887200990462576,0.018247923403316078,0.07531243622654708,0.1167312200886321,1.0
GTF3A,0.0,0.0,0.0,0.0,0.0,1.0
NSDHL,0.03801302326030302,0.02279622235075358,0.0070179055963145165,0.16475308730920724,0.14676722584506063,1.0
SPICE1,0.0,0.0,0.0,0.0,0.0,1.0
ADTRP,0.0,0.0,0.0,0.0,0.0,1.0
DPY19L1P1,0.0,0.0,0.0,0.0,0.0,1.0
NRIP2,0.0,0.0,0.0,0.0,0.0,1.0
MBL1P,0.0,0.0,0.0,0.0,0.0,1.0
TSC22D1,0.0,0.0,0.0,0.0,0.0,1.0
MCF2L2,0.02963307584842162,0.02263952994406159,0.006147218305898985,0.18314451583678004,0.12463305539965244,1.0
DNM1,0.0351858952792779,0.021703837840873902,0.020679858528717003,0.14384675664238866,0.10697966823850444,1.0
RAG2,0.046980057587321655,0.017694037623369942,0.01972442039862214,0.22924400671890668,0.17896272768315802,1.0
MYO16,0.0,0.0,0.0,0.0,0.0,1.0
TBX6,0.0,0.0,0.0,0.0,0.0,1.0
NPIPB3,0.0,0.0,0.0,0.0,0.0,1.0
ZNF550,0.0,0.0,0.0,0.0,0.0,1.0
PIK3C2G,0.03623657741051364,0.02422356314477607,0.026765247498920928,0.12622202522702294,0.0791305920654772,1.0
PI4K2A,0.04107568694813143,0.017779105149475574,0.007241857530642057,0.18093978058848698,0.12134749943494627,1.0
EXOSC8,0.0,0.0,0.0,0.0,0.0,1.0
NOP14-AS1,0.0,0.0,0.0,0.0,0.0,1.0
H2AP,0.0,0.0,0.0,0.0,0.0,1.0
DPY19L2P2,0.0,0.0,0.0,0.0,0.0,1.0
TTC28,0.0,0.0,0.0,0.0,0.0,1.0
YOD1,0.0,0.0,0.0,0.0,0.0,1.0
NOS1AP,0.0,0.0,0.0,0.0,0.0,1.0
PABPC1,0.0,0.0,0.0,0.0,0.0,1.0
DEDD,0.11399974931145453,0.028299968254771258,0.005921748114012834,0.06214544121003808,0.19960875424131977,1.0
UMPS,0.0,0.0,0.0,0.0,0.0,1.0
CEP152,0.0,0.0,0.0,0.0,0.0,1.0
TIMM17A,0.0,0.0,0.0,0.0,0.0,1.0
ITGA6,0.035350513393883384,0.03107633138398006,0.0011021627822435836,0.19909393406301745,0.12114187410172553,1.0
CDH22,0.0,0.0,0.0,0.0,0.0,1.0
PMS2P4,0.0,0.0,0.0,0.0,0.0,1.0
REPS1,0.0,0.0,0.0,0.0,0.0,1.0
DLST,0.0,0.0,0.0,0.0,0.0,1.0
REXO5,0.0,0.0,0.0,0.0,0.0,1.0
WDR62,0.0,0.0,0.0,0.0,0.0,1.0
SNORA21,0.0,0.0,0.0,0.0,0.0,1.0
ACP1,0.028117562884793838,0.055906514254597216,0.015810968527765323,0.052724912335480656,0.13298283496161334,1.0
NHLH2,0.08650470312593073,0.026985681592894648,0.005074442337223438,0.2728899617879762,0.10409049103323335,1.0
ZNF273,0.0,0.0,0.0,0.0,0.0,1.0
ANO3,0.0,0.0,0.0,0.0,0.0,1.0
LIMS3,0.0,0.0,0.0,0.0,0.0,1.0
IGSF9B,0.04579289927306072,0.012056349331067862,0.010894885856842722,0.06279144133311346,0.16189279192402398,1.0
CADM4,0.0,0.0,0.0,0.0,0.0,1.0
EMX1,0.0,0.0,0.0,0.0,0.0,1.0
DNAH3,0.0,0.0,0.0,0.0,0.0,1.0
SLC8A2,0.0,0.0,0.0,0.0,0.0,1.0
LFNG,0.0,0.0,0.0,0.0,0.0,1.0
TNN,0.0,0.0,0.0,0.0,0.0,1.0
TADA3,0.0,0.0,0.0,0.0,0.0,1.0
SLC12A3,0.042477302659196206,0.008893903831160354,0.01701143755674752,0.15590924969293618,0.14547520986270854,1.0
TRAF3IP3,0.022771687248241614,0.03169536855667944,0.00679781188190804,0.23329159295457635,0.0659433711861366,1.0
WFDC8,0.0,0.0,0.0,0.0,0.0,1.0
PPFIA3,0.0,0.0,0.0,0.0,0.0,1.0
LINC00667,0.0,0.0,0.0,0.0,0.0,1.0
PHTF1,0.033815151785752805,0.02907630306798476,0.027166211150573445,0.08711558001482225,0.1483373177323883,1.0
TRPC2,0.0,0.0,0.0,0.0,0.0,1.0
ZNF749,0.0,0.0,0.0,0.0,0.0,1.0
SYCE1L,0.0,0.0,0.0,0.0,0.0,1.0
ZNF529,0.0,0.0,0.0,0.0,0.0,1.0
ZNF674,0.0,0.0,0.0,0.0,0.0,1.0
ZNF549,0.0,0.0,0.0,0.0,0.0,1.0
ATP8B3,0.0,0.0,0.0,0.0,0.0,1.0
RUNDC3B,0.0,0.0,0.0,0.0,0.0,1.0
LUZP2,0.0,0.0,0.0,0.0,0.0,1.0
SEMA3D,0.05205184821870151,0.03666085480069847,0.015408716187924954,0.06603226775256191,0.16298409744475945,1.0
CBARP,0.0,0.0,0.0,0.0,0.0,1.0
MYH15,0.0,0.0,0.0,0.0,0.0,1.0
GSTM1,0.04225125435766128,0.019160578954252584,0.003235593079654873,0.02869774225748467,0.1579334644550955,1.0
EFR3B,0.0,0.0,0.0,0.0,0.0,1.0
DNAH6,0.0,0.0,0.0,0.0,0.0,1.0
RABGAP1L,0.0,0.0,0.0,0.0,0.0,1.0
CCDC88C,0.0,0.0,0.0,0.0,0.0,1.0
BTBD18,0.0,0.0,0.0,0.0,0.0,1.0
PELP1,0.05775755796963203,0.027747091798005923,0.008758255163273113,0.15626921407443106,0.0974475190399222,1.0
POU2F3,0.0,0.0,0.0,0.0,0.0,1.0
TDRD12,0.038413315289290734,0.0323348148235863,0.023793353880076043,0.256954748504929,0.1770501262918775,1.0
ZNF37BP,0.0,0.0,0.0,0.0,0.0,1.0
ZNF44,0.0,0.0,0.0,0.0,0.0,1.0
KIAA1614,0.0,0.0,0.0,0.0,0.0,1.0
NEB,0.0,0.0,0.0,0.0,0.0,1.0
GGCT,0.0,0.0,0.0,0.0,0.0,1.0
TNNT2,0.0,0.0,0.0,0.0,0.0,1.0
ADGRV1,0.0,0.0,0.0,0.0,0.0,1.0
OS9,0.0,0.0,0.0,0.0,0.0,1.0
ASTN2,0.0,0.0,0.0,0.0,0.0,1.0
TRAF3IP2,0.03469454017190806,0.03433191581959049,0.002332187193149811,0.16982506631752836,0.0928485543895549,1.0
STOML2,0.0,0.0,0.0,0.0,0.0,1.0
EXOC6B,0.0,0.0,0.0,0.0,0.0,1.0
ZFR2,0.0,0.0,0.0,0.0,0.0,1.0
IHH,0.041882970269710024,0.010025053736288241,0.011724072266576463,0.18767016805853912,0.14043330691960615,1.0
ZNF428,0.0,0.0,0.0,0.0,0.0,1.0
GK2,0.0507446013972398,0.02362761867412557,0.013566650071446524,0.13166239367362564,0.1451302263299909,1.0
ACSM1,0.0,0.0,0.0,0.0,0.0,1.0
BEX4,0.0,0.0,0.0,0.0,0.0,1.0
LOX,0.0,0.0,0.0,0.0,0.0,1.0
TSPO2,0.0,0.0,0.0,0.0,0.0,1.0
SUMO4,0.0,0.0,0.0,0.0,0.0,1.0
ZNRF4,0.0,0.0,0.0,0.0,0.0,1.0
OR7E24,0.0,0.0,0.0,0.0,0.0,1.0
ABCA12,0.0,0.0,0.0,0.0,0.0,1.0
GTF2H2B,0.0,0.0,0.0,0.0,0.0,1.0
EIF2B4,0.1542996870456347,0.36372584878083614,0.012211277861935509,0.035611371731260874,0.06013742124738758,1.0
PRPS1L1,0.03544116835489974,0.004045430446829177,0.0014820935584436239,0.23409485324890497,0.0954221716648555,1.0
IBA57,0.0,0.0,0.0,0.0,0.0,1.0
SNX29,0.0,0.0,0.0,0.0,0.0,1.0
DUSP10,0.032152596953122205,0.01894043420093692,0.009147335386942406,0.15316894280487856,0.13573233492123085,1.0
SPINT3,0.0,0.0,0.0,0.0,0.0,1.0
DIRAS3,0.0,0.0,0.0,0.0,0.0,1.0
ETV2,0.0,0.0,0.0,0.0,0.0,1.0
LAMB4,0.0,0.0,0.0,0.0,0.0,1.0
PYGO1,0.0,0.0,0.0,0.0,0.0,1.0
STXBP5L,0.0,0.0,0.0,0.0,0.0,1.0
SGSM3,0.0,0.0,0.0,0.0,0.0,1.0
PHC3,0.04523508309524038,0.05579310838017225,0.021106927531713195,0.04443893759588285,0.1440231345545247,1.0
SORCS3,0.0,0.0,0.0,0.0,0.0,1.0
ZNF391,0.04087260588999324,0.023423046985390376,0.01081268161661161,0.1570798345019576,0.11581628978297664,1.0
KHDRBS2,0.0,0.0,0.0,0.0,0.0,1.0
DIP2A,0.0,0.0,0.0,0.0,0.0,1.0
ZNF492,0.0,0.0,0.0,0.0,0.0,1.0
AGPAT1,0.0,0.0,0.0,0.0,0.0,1.0
HLA-DQB2,0.02843276527093369,0.017833888603969825,0.002033800090372264,0.35023906425883533,0.10204429048134184,1.0
LARGE1,0.0,0.0,0.0,0.0,0.0,1.0
SCFD1,0.0,0.0,0.0,0.0,0.0,1.0
CTAGE9,0.0,0.0,0.0,0.0,0.0,1.0
ABCC6,0.0,0.0,0.0,0.0,0.0,1.0
LYPLA2,0.0,0.0,0.0,0.0,0.0,1.0
FCF1,0.0,0.0,0.0,0.0,0.0,1.0
ACVR2B-AS1,0.0,0.0,0.0,0.0,0.0,1.0
LTN1,0.04875614118284859,0.013278865085249258,0.05959327191363382,0.14610831065537458,0.11785476031437914,1.0
GUSBP3,0.0,0.0,0.0,0.0,0.0,1.0
FBXW12,0.0,0.0,0.0,0.0,0.0,1.0
FGD2,0.051205865300677916,0.022637104226595546,0.02300117917421754,0.09851089692977419,0.13031222782803245,1.0
ERC1,0.0,0.0,0.0,0.0,0.0,1.0
KDM4B,0.044679056995573854,0.03346646702328235,0.022447761912237265,0.1309875531074514,0.11080502639577909,1.0
BRMS1,0.0625,0.0,0.0,0.0,0.0,1.0
NEUROG2,0.0,0.0,0.0,0.0,0.0,1.0
CEP41,0.0,0.0,0.0,0.0,0.0,1.0
SH2D3C,0.0,0.0,0.0,0.0,0.0,1.0
FLCN,0.05171527978206873,0.027879423726257135,0.052387309716138364,0.10776589264998046,0.0945765183135926,1.0
EPHA5,0.0,0.0,0.0,0.0,0.0,1.0
SCAND2P,0.0,0.0,0.0,0.0,0.0,1.0
ASCC2,0.0,0.0,0.0,0.0,0.0,1.0
TFAP2B,0.0,0.0,0.0,0.0,0.0,1.0
SHBG,0.04111791764457231,0.024036359367619824,0.00680447590355365,0.1576632237613164,0.17564531972392725,1.0
GPAA1,0.0,0.0,0.0,0.0,0.0,1.0
IFT25,0.0,0.0,0.0,0.0,0.0,1.0
DDX27,0.0,0.0,0.0,0.0,0.0,1.0
SEC16A,0.0,0.0,0.0,0.0,0.0,1.0
FLG,0.0,0.0,0.0,0.0,0.0,1.0
PRNP,0.0,0.0,0.0625,0.0,0.0,1.0
PRIM2,0.0,0.0,0.0,0.0,0.0,1.0
IGFALS,0.0,0.0,0.0,0.0,0.0,1.0
SLC6A2,0.03154654534023328,0.020560976595175518,0.017992922234021633,0.48189778411973283,0.10261138704118927,1.0
ATP2B1,0.024869072933371903,0.016948986421485585,0.022151208259277917,0.19604245069379805,0.13735496805452058,1.0
DGCR11,0.0,0.0,0.0,0.0,0.0,1.0
MPHOSPH9,0.0,0.0,0.0,0.0,0.0,1.0
DTX2,0.0,0.0,0.0,0.0,0.0,1.0
IZUMO4,0.04266592748361223,0.011855747949705403,0.011609471045361754,0.09155482254044436,0.13339737607646168,1.0
TSC2,0.03788879609462474,0.09617234482935298,0.0045776074573683784,0.05950316658481013,0.19959887373850327,1.0
USF2,0.0,0.0,0.0,0.0,0.0,1.0
RCC1,0.0,0.0,0.0,0.0,0.0,1.0
GORASP1,0.0,0.0625,0.0,0.0,0.0,1.0
BTG2-DT,0.0,0.0,0.0,0.0,0.0,1.0
ANKRD53,0.0,0.0,0.0,0.0,0.0,1.0
ZNF804A,0.0,0.0,0.0,0.0,0.0,1.0
SUCLG2,0.03160578425798694,0.01773469324920003,0.0044900655772023255,0.19985595252066576,0.11964770163273902,1.0
INSRR,0.031369545796608826,0.03251996919713272,0.00968341262676872,0.12167255324681651,0.07527606041665706,1.0
H2BC8,0.0,0.0,0.0,0.0,0.0,1.0
RAB40AL,0.0,0.0,0.0,0.0,0.0,1.0
ALPL,0.03426375400767348,0.02786346275684551,0.00968399322727759,0.14752879668053243,0.14074646237577323,1.0
CD1E,0.03423843941512925,0.017775876920991363,0.007182536483866765,0.16838688497030146,0.12195904579409289,1.0
CYFIP2,0.0625,0.0,0.0,0.0,0.0,1.0
AJAP1,0.0,0.0,0.0,0.0,0.0,1.0
DNAJC11,0.0,0.0,0.0,0.0,0.0,1.0
MTMR7,0.0,0.0,0.0,0.0,0.0,1.0
GLUD2,0.03211950072249627,0.040702075359364404,0.025601044045381542,0.18726785525265635,0.1325050565059358,1.0
MYH7B,0.0,0.0,0.0,0.0,0.0,1.0
PLXNB1,0.03529785674054269,0.016069334255689724,0.001332565695943774,0.2844666282910425,0.09041831592209432,1.0
NUDT7,0.0,0.0,0.0,0.0,0.0,1.0
ZNF835,0.0,0.0,0.0,0.0,0.0,1.0
LILRA5,0.03231546482672543,0.023035746776336963,0.006831291659226395,0.36365221530767,0.12490999114147319,1.0
DNAH2,0.0,0.0,0.0,0.0,0.0,1.0
GUCA1B,0.0,0.0,0.0,0.0,0.0,1.0
TLL2,0.0,0.0,0.0,0.0,0.0,1.0
HERC2P3,0.0,0.0,0.0,0.0,0.0,1.0
CFAP70,0.0,0.0,0.0,0.0,0.0,1.0
SIGLEC15,0.03883294144945775,0.02612575294322532,0.01332017840546608,0.21181968981918503,0.1415350098207247,1.0
SYT12,0.0,0.0,0.0,0.0,0.0,1.0
PLA2G5,0.0,0.0,0.0,0.0,0.0,1.0
UBQLN2,0.0,0.0,0.0,0.0,0.0,1.0
SSX7,0.0,0.0,0.0,0.0,0.0,1.0
ZNF440,0.0,0.0,0.0,0.0,0.0,1.0
PTGDR,0.031501645029382366,0.02142095301915258,0.017770655795269118,0.16071475122631634,0.13111928790926974,1.0
ZNF81,0.0,0.0,0.0,0.0,0.0,1.0
MAST2,0.02991477380796191,0.038165532232625685,0.013829528587047425,0.26240547102931683,0.08321335202389732,1.0
SNRNP40,0.0,0.0,0.0,0.0,0.0,1.0
RAD21L1,0.0,0.0,0.0,0.0,0.0,1.0
PSD4,0.0,0.0,0.0,0.0,0.0,1.0
CD72,0.031992783381270554,0.006175228834293025,0.0051168786962293225,0.19238492697110895,0.08187971384210443,1.0
HHEX,0.042459159405563246,0.00818722096040664,0.0060471657945709,0.30206084345669126,0.15755404149620997,1.0
TRIM2,0.0,0.0,0.0,0.0,0.0,1.0
FAM136A,0.0,0.0,0.0,0.0,0.0,1.0
ZMYM5,0.0,0.0,0.0,0.0,0.0,1.0
OAZ1,0.03564416065096035,0.04907046179326087,0.07805676674099268,0.17201886311621203,0.10018907770280097,1.0
SLC5A4,0.03292405742468292,0.025741779782438665,0.008544529784634249,0.13541569261381564,0.1122663204932582,1.0
GK3,0.0,0.0,0.0,0.0,0.0,1.0
LY9,0.03513615723840839,0.020229025370229414,0.011198595982385144,0.113433564303664,0.11553631424362756,1.0
LOC100130331,0.0,0.0,0.0,0.0,0.0,1.0
ZNF721,0.0,0.0,0.0,0.0,0.0,1.0
IGHMBP2,0.0,0.0,0.0,0.0,0.0,1.0
DXO,0.0,0.0,0.0,0.0,0.0,1.0
POLR1HASP,0.0,0.0,0.0,0.0,0.0,1.0
CBX2,0.04894905824094174,0.013775363229398912,0.011311928681246995,0.06786265209293539,0.18330192754157465,1.0
BCL6,0.031809036298327896,0.02537723120907807,0.003982802635648773,0.1338506001520715,0.11668701493356747,1.0
PRAMEF12,0.0,0.0,0.0,0.0,0.0,1.0
FUT3,0.029317756845285987,0.008365356670243445,0.017038458878258556,0.1362973877819372,0.12733037449358134,1.0
ZXDB,0.0,0.0,0.0,0.0,0.0,1.0
CYP2C9,0.05600510354426392,0.049061974837217553,0.014398956872933775,0.14236309447894177,0.09346459966290888,1.0
POLE,0.22515470256477071,0.11143561173379002,0.016627868294281603,0.17487445015708514,0.09194576177675504,1.0
SEMG2,0.0,0.0,0.0,0.0,0.0,1.0
ERGIC3,0.0,0.0,0.0,0.0,0.0,1.0
ZNF280A,0.0,0.0,0.0,0.0,0.0,1.0
TCF7L2,0.045159871516858255,0.02003972399838772,0.014303475643239883,0.2973701897765542,0.11283345569961578,1.0
CCDC144A,0.0,0.0,0.0,0.0,0.0,1.0
FAM182A,0.0,0.0,0.0,0.0,0.0,1.0
CYP2C19,0.03536109051313716,0.03792623575587359,0.011820932669515886,0.129178715518932,0.107040299501337,1.0
DAAM1,0.0,0.0,0.0,0.0,0.0,1.0
HBBP1,0.0,0.0,0.0,0.0,0.0,1.0
ANKRD34C,0.0,0.0,0.0,0.0,0.0,1.0
FADS3,0.0,0.0,0.0,0.0,0.0,1.0
SPATA31F2P,0.0,0.0,0.0,0.0,0.0,1.0
SV2C,0.0,0.0,0.0,0.0,0.0,1.0
SLC7A8,0.04874051061734582,0.05362246577339603,0.045883688078794935,0.12262711752649523,0.08751850181869397,1.0
MTMR1,0.0,0.0,0.0,0.0,0.0,1.0
HTR7P1,0.0,0.0,0.0,0.0,0.0,1.0
SPEF1,0.0,0.0,0.0,0.0,0.0,1.0
GARNL3,0.0,0.0,0.0,0.0,0.0,1.0
RIMS1,0.0,0.0,0.0,0.0,0.0,1.0
MAP2K7,0.09266410737035591,0.025715379318840832,0.019938901701540654,0.08140470943733619,0.10281266032705932,1.0
ATF6B,0.0,0.0,0.0,0.0,0.0,1.0
LINC00939,0.0,0.0,0.0,0.0,0.0,1.0
TRIOBP,0.0,0.0,0.0,0.0,0.0,1.0
RBFOX2,0.049851102720426754,0.020444836131467733,0.013687216046299005,0.16247093370334204,0.1702838713913538,1.0
AQP6,0.0,0.0,0.0,0.0,0.0,1.0
CPN2,0.0,0.0,0.0,0.0,0.0,1.0
TAF4B,0.0,0.0,0.0,0.0,0.0,1.0
B2M,0.03392391020020832,0.02698399924669235,0.017513091793182573,0.20409043706321384,0.1213315917855888,1.0
MCM5,0.0,0.0,0.0,0.0,0.0,1.0
PVT1,0.0,0.0,0.0,0.0,0.0,1.0
TCEA1,0.0,0.0,0.0,0.0,0.0,1.0
POLR2J2,0.0,0.0,0.0,0.0,0.0,1.0
LPXN,0.05012561836934846,0.019581662034779748,0.006288894365161249,0.11674778546470715,0.0991813859776889,1.0
TTLL12,0.0,0.0,0.0,0.0,0.0,1.0
SERPINB13,0.0,0.0,0.0,0.0,0.0,1.0
LAMB2,0.05603759267521998,0.030056382982228937,0.02259912342971927,0.20931820023761438,0.14543156116580985,1.0
MYH7,0.0,0.0,0.0,0.0,0.0,1.0
TMEM115,0.0,0.0,0.0,0.0,0.0,1.0
ADAM3A,0.0,0.0,0.0,0.0,0.0,1.0
ZNF460,0.0,0.0,0.0,0.0,0.0,1.0
CYSLTR1,0.02796211519276053,0.024423851113248105,0.003860123308196386,0.22631365776120316,0.18831531101328267,1.0
CLTA,0.0,0.0,0.0,0.0,0.0,1.0
XRCC3,0.0,0.0,0.0,0.0,0.0,1.0
GCFC2,0.0,0.0,0.0,0.0,0.0,1.0
PTBP1,0.0,0.0,0.0,0.0,0.0,1.0
DGKB,0.03726988393300533,0.016672298685345234,0.018126065333259174,0.1306453135641807,0.10147642077219805,1.0
GRHPR,0.0,0.0,0.0,0.0,0.0,1.0
TAOK1,0.09704986237039166,0.025310469871092166,0.006401095794282177,0.24089460499212748,0.10062224187068211,1.0
RHCE,0.04326943707093847,0.019736003258292546,0.004327115865420269,0.09485241961004012,0.11615786269328679,1.0
MST1,0.03977385544023699,0.01427612508360668,0.015500074509044205,0.19470030548810166,0.09109207373511843,1.0
NR3C1,0.0625,0.0,0.0,0.0,0.0,1.0
TUBA3D,0.0625,0.0,0.0,0.0,0.0,1.0
HDAC3,0.03826749533332725,0.06209507481106194,0.05822939388152769,0.1641390270812705,0.10102135769135265,1.0
POU6F1,0.0,0.0,0.0,0.0,0.0,1.0
YIPF3,0.0,0.0,0.0,0.0,0.0,1.0
SEC14L3,0.03092903426153246,0.01605644464899807,0.024547297358483062,0.2168015642906004,0.14213262689864414,1.0
PPP1R13B,0.0625,0.0,0.0,0.0,0.0,1.0
RPS17,0.3565993885857873,0.025182666885194924,0.002121167857907834,0.20648811526395877,0.02859639624480267,1.0
ZNF10,0.0,0.0,0.0,0.0,0.0,1.0
PCDHGA3,0.0,0.0,0.0,0.0,0.0,1.0
MUC7,0.0,0.0,0.0,0.0,0.0,1.0
AKR7A3,0.0,0.0,0.0,0.0,0.0,1.0
LOXL3,0.0,0.0,0.0,0.0,0.0,1.0
LTB4R,0.047183826312344516,0.06869480959495061,0.06266796027092189,0.14216117214278112,0.11907364693850456,1.0
KLHL1,0.0,0.0,0.0,0.0,0.0,1.0
GYPB,0.029084047834182582,0.0070683960013056485,0.0010490443999843185,0.07647500473129352,0.09092362043799472,1.0
SCAPER,0.0,0.0,0.0,0.0,0.0,1.0
SEC14L4,0.028516315735677353,0.01524657400326452,0.006979518051522339,0.20760624702217506,0.055066503980200285,1.0
ATXN8OS,0.0,0.0,0.0,0.0,0.0,1.0
OR2B2,0.0,0.0,0.0,0.0,0.0,1.0
GALK2,0.0401255308489493,0.014318898326277606,0.006446343533108426,0.06785126329451303,0.12697078383592114,1.0
HOXB9,0.0,0.0,0.0,0.0,0.0,1.0
TRPM3,0.026973370360356762,0.023824433041161747,0.007700063000276191,0.15094630341391163,0.11180011089901581,1.0
SF3A1,0.0,0.0,0.0,0.0,0.0,1.0
SLC66A3,0.0,0.0,0.0,0.0,0.0,1.0
ZNF682,0.0,0.0,0.0,0.0,0.0,1.0
TAPT1,0.0,0.0,0.0,0.0,0.0,1.0
OR2B6,0.0,0.0,0.0,0.0,0.0,1.0
ATXN3L,0.0,0.0,0.0,0.0,0.0,1.0
GS1-600G8.3,0.0,0.0,0.0,0.0,0.0,1.0
RBMY2FP,0.0,0.0,0.0,0.0,0.0,1.0
TBC1D22B,0.0,0.0,0.0,0.0,0.0,1.0
KIR2DS4,0.0,0.0,0.0,0.0,0.0,1.0
PRR14L,0.037117825175024856,0.020981159726723014,0.011186216631851851,0.14876840619274204,0.1091998108739872,1.0
FOXL1,0.0,0.0,0.0,0.0,0.0,1.0
GJB4,0.027768342478161703,0.03222697842790658,0.018428006656290127,0.16950391412020652,0.14673203461096132,1.0
POM121L2,0.0340102602278433,0.00590856962997396,0.0027986524096932745,0.20893421255131925,0.10130266689441131,1.0
FZD8,0.0,0.0,0.0,0.0,0.0,1.0
GNAT3,0.0,0.0,0.0,0.0,0.0,1.0
MAGEC3,0.0,0.0,0.0,0.0,0.0,1.0
PIGC,0.0,0.0,0.0,0.0,0.0,1.0
AKR1C1,0.0,0.0,0.0,0.0,0.0,1.0
FAM186A,0.0,0.0,0.0,0.0,0.0,1.0
LINC02249,0.0,0.0,0.0,0.0,0.0,1.0
CCL2,0.0,0.0,0.0,0.0,0.0,1.0
SLC22A6,0.042571785600281534,0.025469202498738273,0.010052028696460161,0.1323433007697543,0.1335959045501425,1.0
AOC4P,0.0,0.0,0.0,0.0,0.0,1.0
FARSA,0.0,0.0,0.0,0.0,0.0,1.0
HTR3A,0.029582622766928933,0.007594808425950348,0.0027939977408199647,0.24344263986924447,0.11025802932691643,1.0
MAG,0.037353257560004884,0.028113806470576392,0.0037609298919864826,0.05470008211171107,0.11909270887714271,1.0
GTPBP10,0.0,0.0,0.0,0.0,0.0,1.0
ARHGEF10,0.0,0.0,0.0,0.0,0.0,1.0
TOX3,0.0625,0.0,0.0,0.0,0.0,1.0
B4GALT1,0.030729800275235617,0.014615576882741295,0.003738442196146052,0.09832457672849268,0.10337505878326392,1.0
DR1,0.0,0.0,0.0,0.0,0.0,1.0
DHFRP3,0.0,0.0,0.0,0.0,0.0,1.0
MYO7B,0.0,0.0,0.0,0.0,0.0,1.0
ZMYND10,0.0,0.0,0.0,0.0,0.0,1.0
KIR3DL3,0.03986697918595468,0.02173720372827254,0.005858071245461334,0.11413478730665617,0.13707196039235822,1.0
ANKRD36BP2,0.0,0.0,0.0,0.0,0.0,1.0
OR7C1,0.0,0.0,0.0,0.0,0.0,1.0
PRODH2,0.0,0.0,0.0,0.0,0.0,1.0
KLK1,0.0,0.0,0.0,0.0,0.0,1.0
TAF1,0.23119287013727702,0.06054640134420522,0.018515277308374982,0.18208949204009206,0.08775043045048189,1.0
KRIT1,0.0,0.0,0.0,0.0,0.0,1.0
CYP2U1,0.0,0.0,0.0,0.0,0.0,1.0
SLC25A30,0.0,0.0,0.0,0.0,0.0,1.0
VENTXP1,0.0,0.0,0.0,0.0,0.0,1.0
DCLK2,0.034145368593504984,0.004490113555721029,0.008791471579036467,0.19136917167362785,0.15289039175037764,1.0
GATM,0.03490569929501607,0.039488750251112946,0.013214002371846377,0.18084169065084768,0.12532725241510548,1.0
PYHIN1,0.0409492437893422,0.006908112490412003,0.012144009051449248,0.22488772318783687,0.11806569294785016,1.0
USP53,0.0,0.0,0.0,0.0,0.0,1.0
CFAP74,0.0,0.0,0.0,0.0,0.0,1.0
CYLC1,0.0,0.0,0.0,0.0,0.0,1.0
KRTAP4-7,0.0,0.0,0.0,0.0,0.0,1.0
OR2H1,0.0,0.0,0.0,0.0,0.0,1.0
OR2J2,0.0,0.0,0.0,0.0,0.0,1.0
MPL,0.03571551830061738,0.028991313201544706,0.008126447446861458,0.08672413777604737,0.13778201705507476,1.0
ERBB2,0.05893586628442318,0.044338755294724905,0.045867818460611345,0.140728746399249,0.10915382976777849,1.0
KMT2D,0.07846106574638671,0.023816186966731913,0.03785318906952901,0.08513931710462327,0.17411526158331864,1.0
SNRPN,0.0,0.0,0.0,0.0,0.0,1.0
GDF11,0.0,0.0,0.0,0.0,0.0,1.0
ATP8B2,0.028374694376695563,0.023507480767564582,0.00881601888572169,0.19098494779027428,0.043978502085775514,1.0
TEX41,0.0,0.0,0.0,0.0,0.0,1.0
IL17A,0.09596265820924513,0.03386950485377367,0.005094679740284049,0.0748342354461653,0.09102417846943571,1.0
PRB4,0.0,0.0,0.0,0.0,0.0,1.0
GABRG3,0.035755882845764975,0.016834059658535294,0.004200317745130744,0.37334156843374666,0.0892288661616982,1.0
FAM76A,0.0,0.0,0.0,0.0,0.0,1.0
CHRNA4,0.037581990585099485,0.021209936704198927,0.011908989069724644,0.13620494177259074,0.12586433511725537,1.0
MICU1,0.0,0.0,0.0,0.0,0.0,1.0
ST14,0.0,0.0,0.0,0.0,0.0,1.0
RRP12,0.0,0.0,0.0,0.0,0.0,1.0
KRT35,0.0,0.0,0.0,0.0,0.0,1.0
CDKL5,0.03673327862334318,0.02928150900620155,0.01724944930045922,0.13781536996121244,0.1241836566168462,1.0
DRD2,0.03369631079904069,0.03714394681579984,0.011256157729763239,0.0974601966839938,0.1280559544804919,1.0
FCGR1A,0.043363972430622275,0.05485333375778245,0.02077060872531465,0.1391257177101932,0.07284273231412614,1.0
LMNB2,0.09371768724402885,0.026133745922809336,0.00936161384507804,0.15431480378878834,0.10148093505259309,1.0
ATP5PO,0.0,0.0,0.0,0.0,0.0,1.0
IVD,0.029109911556533034,0.01218102600757243,0.003947323179670267,0.1836918207703429,0.07536866900340214,1.0
ZNF133,0.0,0.0,0.0,0.0,0.0,1.0
RPAIN,0.0,0.0,0.0,0.0,0.0,1.0
NPAS1,0.0,0.0,0.0,0.0,0.0,1.0
ZNF224,0.0,0.0,0.0,0.0,0.0,1.0
GRM8,0.033393899660052774,0.017387077856097912,0.0031749571949879147,0.2091771210496693,0.1127986445860635,1.0
RUNX2,0.041436909973788315,0.012688688542476734,0.016195265396908534,0.11972159010291142,0.18154676214517573,1.0
FASTKD2,0.09423835689143227,0.029611049461179647,0.010092014122632262,0.1923618047208389,0.12054050214315826,1.0
ADAM5,0.0,0.0,0.0,0.0,0.0,1.0
ADAM15,0.027700169023592593,0.023079793155769086,0.0024787280770327286,0.17642712529243226,0.10371056406576187,1.0
PGK2,0.03291468402958985,0.012651283828087863,0.006950340320161034,0.24684549195373792,0.11502920424914077,1.0
GBX1,0.0,0.0,0.0,0.0,0.0,1.0
AZGP1P1,0.0,0.0,0.0,0.0,0.0,1.0
TMEM212,0.0,0.0,0.0,0.0,0.0,1.0
KRT84,0.0,0.0,0.0,0.0,0.0,1.0
MFN1,0.0,0.0,0.0,0.0,0.0,1.0
AGER,0.029741505796656624,0.024951800931586058,0.020729572650315536,0.07169386190823787,0.1207525840862487,1.0
FAM13A,0.04258414766496315,0.02952392573633232,0.033326871232774974,0.15623631432837665,0.13479441361024885,1.0
HOMER2,0.035228040280602536,0.01955350559935272,0.004669255272251413,0.2722161371489296,0.10586150054561677,1.0
KPLCE,0.0,0.0,0.0,0.0,0.0,1.0
RPL7,0.0,0.0,0.0,0.0,0.0,1.0
UBXN7,0.0,0.0,0.0,0.0,0.0,1.0
DIMT1,0.0,0.0,0.0,0.0,0.0,1.0
MUC4,0.0,0.0,0.0,0.0,0.0,1.0
KIAA0930,0.0,0.0,0.0,0.0,0.0,1.0
SLC35E2B,0.0,0.0,0.0,0.0,0.0,1.0
PMCHL1,0.0,0.0,0.0,0.0,0.0,1.0
CTH,0.02674982759431735,0.02280842274098647,0.012729632921988242,0.23624657359402085,0.103161203010573,1.0
CAMK1G,0.02779194557839862,0.013327471187640855,0.01965238348928136,0.21766661321852002,0.08771747004396188,1.0
CYP2B6,0.047865182130670855,0.03787970176327077,0.005899289210229461,0.18271147517488306,0.1028700256287326,1.0
VDAC1,0.10481424988209957,0.017994078232281257,0.003227683382586231,0.2354730958255068,0.08822739198651822,1.0
UBB,0.14132716415021493,0.1317259594863898,0.02032135146541519,0.14237301569334931,0.07000618543547768,1.0
TRAT1,0.030603463123930082,0.016082633160862562,0.0200879654858993,0.27408437191303636,0.09920722317150021,1.0
TNK1,0.03806316515198187,0.02316004357416547,0.008714677307825179,0.21123115860962302,0.0912596390415125,1.0
TSPY1,0.0,0.0,0.0,0.0,0.0,1.0
HERPUD1,0.0,0.0,0.0,0.0,0.0,1.0
PRDM1,0.029456986990012552,0.014840468420428144,0.003155019161616173,0.1361559666090153,0.12151347578220259,1.0
MTRF1L,0.0,0.0,0.0,0.0,0.0,1.0
BTNL3,0.027202004634406387,0.007237991246256216,0.001919382764993498,0.3551924830647201,0.1710053317685108,1.0
CEACAM3,0.04026051261323304,0.016074796361726897,0.006589120912912319,0.19201679087968176,0.14129994519760947,1.0
SFXN3,0.0,0.0,0.0,0.0,0.0,1.0
MAST1,0.04176716046077187,0.018635343698711667,0.024013743912085272,0.22755368227835845,0.12412513612866195,1.0
ZNF154,0.0,0.0,0.0,0.0,0.0,1.0
PRAMEF10,0.0,0.0,0.0,0.0,0.0,1.0
SERHL2,0.0,0.0,0.0,0.0,0.0,1.0
NDRG3,0.0,0.0,0.0,0.0,0.0,1.0
MYO9B,0.03990770042714321,0.012773497152958998,0.00890968732162271,0.1335664452732648,0.12296083172610298,1.0
RBBP4,0.0,0.0,0.0,0.0,0.0,1.0
OR2F2,0.0,0.0,0.0,0.0,0.0,1.0
OR1F2P,0.0,0.0,0.0,0.0,0.0,1.0
OR7A10,0.0,0.0,0.0,0.0,0.0,1.0
KRT3,0.0,0.0,0.0,0.0,0.0,1.0
DISC1,0.0,0.0,0.0,0.0,0.0,1.0
CTAGE11P,0.0,0.0,0.0,0.0,0.0,1.0
OR2J3,0.0,0.0,0.0,0.0,0.0,1.0
PRICKLE3,0.0,0.0,0.0,0.0,0.0,1.0
HLA-DRB6,0.0,0.0,0.0,0.0,0.0,1.0
PRAMEF11,0.0,0.0,0.0,0.0,0.0,1.0
ZHX3,0.0,0.0,0.0,0.0,0.0,1.0
MDM2,0.26520302405252616,0.06828641551408282,0.04266863627593968,0.16442627962127368,0.0885820999044627,1.0
NTRK3,0.03697090555167877,0.01678747384904922,0.0030508490542377753,0.18607950051190753,0.09495967993303825,1.0
KYNU,0.03944224884694982,0.013981336175562315,0.003520111758226357,0.11592007342815844,0.1840560429525473,1.0
UBE2NL,0.0,0.0,0.0,0.0,0.0,1.0
MT4,0.0,0.0,0.0,0.0,0.0,1.0
GAPDH,0.0625,0.0,0.0,0.0,0.0,1.0
ZNF227,0.0,0.0,0.0,0.0,0.0,1.0
PPIL2,0.0,0.0,0.0,0.0,0.0,1.0
MS4A1,0.04145664172860853,0.021661037493218047,0.003039442017330209,0.07354239070394986,0.1723636768433637,1.0
HIRA,0.0,0.0,0.0,0.0,0.0,1.0
COL10A1,0.0,0.0,0.0,0.0,0.0,1.0
MC2R,0.0,0.0,0.0,0.0,0.0,1.0
TACC1,0.0,0.0,0.0,0.0,0.0,1.0
CADM3-AS1,0.0,0.0,0.0,0.0,0.0,1.0
B3GALT2,0.0,0.0,0.0,0.0,0.0,1.0
HLA-E,0.0,0.0,0.0,0.0,0.0,1.0
TNP2,0.0,0.0,0.0,0.0,0.0,1.0
HLA-DMA,0.04204016766478841,0.017241500684037833,0.011761394874039278,0.21063467526326468,0.13637385710377498,1.0
NCR2,0.034044580206559816,0.02881587170522031,0.011011335220488395,0.15617458203393422,0.12857225833519853,1.0
PTENP1,0.0,0.0,0.0,0.0,0.0,1.0
IDE,0.0,0.0,0.0,0.0,0.0,1.0
IFIT2,0.10192974073209485,0.0025885391965952236,0.0067037588479186205,0.2576073950937677,0.11882035663393842,1.0
STK17B,0.09884725603452021,0.01745332457409761,0.0032569966440259774,0.21964918495299013,0.13644958678102914,1.0
ABCA6,0.029677729515971554,0.009621735184040251,0.0038218238364221752,0.20426915303004517,0.12716532992588894,1.0
ARK2N,0.0,0.0,0.0,0.0,0.0,1.0
GRIK5,0.020788604949075674,0.02233444970612856,0.0235334495426792,0.19134463932564277,0.09605127922324119,1.0
CRX,0.0,0.0,0.0,0.0,0.0,1.0
KAZALD1,0.0,0.0,0.0,0.0,0.0,1.0
KNG1,0.03146410232475293,0.017092509521359336,0.00481145698245879,0.11414768403191923,0.10633611618335745,1.0
MILR1,0.0,0.0,0.0,0.0,0.0,1.0
CACNA1S,0.04102909057144439,0.043470573790317026,0.011318552418332448,0.17142592966323716,0.12928205296089823,1.0
LOC283683,0.0,0.0,0.0,0.0,0.0,1.0
KCNV2,0.03208071953191368,0.010513027543088478,0.0015274925728401114,0.15039874922208848,0.14323757621487496,1.0
OLFML1,0.0,0.0,0.0,0.0,0.0,1.0
CLCA2,0.0,0.0,0.0,0.0,0.0,1.0
NXPE3,0.0,0.0,0.0,0.0,0.0,1.0
ZNF816,0.0,0.0,0.0,0.0,0.0,1.0
MT1M,0.03222804521648725,0.01743389563394561,0.016545589737504602,0.18894825670979332,0.1441919423450524,1.0
ZNF675,0.0,0.0,0.0,0.0,0.0,1.0
OR7E14P,0.0,0.0,0.0,0.0,0.0,1.0
STEAP1B,0.0,0.0,0.0,0.0,0.0,1.0
RPL10L,0.0,0.0,0.0,0.0,0.0,1.0
CALCA,0.03799692522406738,0.028805422444931658,0.013215396897937041,0.19007386662732137,0.10406469705196916,1.0
BRINP3,0.0,0.0,0.0,0.0,0.0,1.0
TGM4,0.0,0.0,0.0,0.0,0.0,1.0
EDDM3A,0.0,0.0,0.0,0.0,0.0,1.0
CDH8,0.0,0.0,0.0,0.0,0.0,1.0
RAB40A,0.0,0.0,0.0,0.0,0.0,1.0
TRPA1,0.0483170005369139,0.0212668564417001,0.01577595424314783,0.21035158248154892,0.12536333386596088,1.0
ZSWIM1,0.0,0.0,0.0,0.0,0.0,1.0
SCUBE3,0.0,0.0,0.0,0.0,0.0,1.0
USP27X,0.0,0.0,0.0,0.0,0.0,1.0
SREK1IP1,0.0,0.0,0.0,0.0,0.0,1.0
ERICH1,0.0,0.0,0.0,0.0,0.0,1.0
TIMM50,0.0,0.0,0.0,0.0,0.0,1.0
MYLK3,0.03087397858851483,0.010271294673303809,0.002493069098440763,0.18990384210636702,0.1497363991061143,1.0
ZNF573,0.03279596146507508,0.029202040188527324,0.01939803493626812,0.18260769724592968,0.12429664273204549,1.0
POLG,0.0,0.0,0.0,0.0,0.0,1.0
SKA1,0.0,0.0,0.0,0.0,0.0,1.0
COX16,0.0,0.0,0.0,0.0,0.0,1.0
SIX5,0.0,0.0,0.0,0.0,0.0,1.0
ZNF234,0.0,0.0,0.0,0.0,0.0,1.0
ZNF813,0.0,0.0,0.0,0.0,0.0,1.0
SEC14L1P1,0.0,0.0,0.0,0.0,0.0,1.0
LRRC75B,0.0,0.0,0.0,0.0,0.0,1.0
ZBTB7C,0.0,0.0,0.0,0.0,0.0,1.0
PLEKHA2,0.0,0.0,0.0,0.0,0.0,1.0
SLC7A11,0.054169649722725054,0.06821885976958879,0.10902150720504819,0.1838939035547986,0.06721800766745797,1.0
HBE1,0.0,0.0,0.0,0.0,0.0,1.0
SLC16A3,0.0,0.0,0.0,0.0,0.0,1.0
CNPY4,0.0,0.0,0.0,0.0,0.0,1.0
SEC61A1,0.0,0.0,0.0,0.0,0.0,1.0
EIF3L,0.0,0.0,0.0,0.0,0.0,1.0
CHCHD2,0.0,0.0,0.0,0.0,0.0,1.0
NGRN,0.0,0.0,0.0,0.0,0.0,1.0
SERBP1,0.0,0.0,0.0,0.0,0.0,1.0
COPZ1,0.0,0.0,0.0,0.0,0.0,1.0
VPS35,0.03660429929558119,0.031877202887946696,0.042971708877510666,0.20815516924126384,0.08303167341329441,1.0
S100A6,0.027632673968111227,0.03319247294814158,0.002140457769166142,0.13299095515587886,0.10430896926846145,1.0
TLE5,0.0,0.0,0.0,0.0,0.0,1.0
TMBIM1,0.0223605227782825,0.03701970405327912,0.02233173842289042,0.1275231915534459,0.14934556897479107,1.0
ITM2B,0.0,0.0,0.0,0.0,0.0,1.0
TMSB10,0.0,0.0,0.0,0.0,0.0,1.0
WDR6,0.028648167610587198,0.023853757913428298,0.009907686098754554,0.2543165239304451,0.09906004642372272,1.0
EIF2AK1,0.038434184456697336,0.010847106053571882,0.006254461610588152,0.08716823100783612,0.11313440712118134,1.0
RTF2,0.0,0.0,0.0,0.0,0.0,1.0
NAMPT,0.03901038140666008,0.017103012360281243,0.013891445722772466,0.3229772768579321,0.11350342499085914,1.0
RPL7A,0.0,0.0,0.0,0.0,0.0,1.0
WAC,0.0,0.0,0.0,0.0,0.0,1.0
TMEM30A,0.0,0.0,0.0,0.0,0.0,1.0
PERP,0.0625,0.0,0.0,0.0,0.0,1.0
NAA50,0.0,0.0,0.0,0.0,0.0,1.0
PDCD6IP,0.0625,0.0,0.0,0.0625,0.0,1.0
ADIPOR1,0.03226503406771517,0.04089349340178072,0.011569524332721248,0.10990949404549966,0.074689453115409,1.0
COPG1,0.043589275601073604,0.08040638875899452,0.051414979090914525,0.12954965302032578,0.09203236768274033,1.0
UBE2Z,0.0625,0.0,0.0,0.0,0.0,1.0
GSTK1,0.03669356556797491,0.025221388248604107,0.0073882219621480335,0.15045403335419108,0.1229847874149652,1.0
CNDP2,0.0,0.0,0.0,0.0,0.0,1.0
RPS26,0.0,0.0,0.0,0.0,0.0,1.0
DDX56,0.0,0.0,0.0,0.0,0.0,1.0
JPT1,0.0,0.0,0.0,0.0,0.0,1.0
SERF2,0.0,0.0,0.0,0.0,0.0,1.0
A2M,0.049798458241681394,0.0842804473482136,0.015488401201261156,0.19299098883251467,0.1179542668256548,1.0
TM9SF3,0.0,0.0,0.0,0.0,0.0,1.0
TRIM44,0.0,0.0,0.0,0.0,0.0,1.0
ADI1,0.0,0.0,0.0,0.0,0.0,1.0
RAB31,0.04182973191134028,0.015842125647784144,0.018674385845434155,0.15616037732235827,0.15442184792564695,1.0
NRBP1,0.13131260522862248,0.10017173443649545,0.02015496411915469,0.06710384971800827,0.05485972490418475,1.0
TMEM50A,0.0,0.0,0.0,0.0,0.0,1.0
C3,0.04008638908112528,0.005470814753630572,0.02445790172480938,0.1584493281021288,0.15557131048477424,1.0
RTRAF,0.0,0.0,0.0,0.0,0.0,1.0
POMP,0.0,0.0,0.0,0.0,0.0,1.0
PIGT,0.0,0.0,0.0,0.0,0.0,1.0
GOLM1,0.0,0.0,0.0,0.0,0.0,1.0
MTCH2,0.026002690422927882,0.02050249303147012,0.017320515986284084,0.1931782783932508,0.11434379336084402,1.0
COXFA4,0.0,0.0,0.0,0.0,0.0,1.0
TRMT112,0.0,0.0,0.0,0.0,0.0,1.0
RDH11,0.039389721895569524,0.04174821066985701,0.027414698585136024,0.1325007599887,0.11097738665170954,1.0
HACD3,0.0,0.0,0.0,0.0,0.0,1.0
SLC39A1,0.0,0.0,0.0,0.0,0.0,1.0
ZNF106,0.0,0.0,0.0,0.0,0.0,1.0
GPS1,0.0,0.0,0.0,0.0,0.0,1.0
YPEL5,0.0,0.0,0.0,0.0,0.0,1.0
YKT6,0.0,0.0625,0.0,0.0,0.0,1.0
PRMT5,0.070189233761635,0.0665977202373981,0.11773758199662937,0.1542797367694602,0.09223825265405869,1.0
GALNT2,0.03028735840859309,0.013169604294158765,0.010102069905813433,0.22501962226129837,0.08666578095521618,1.0
SNX6,0.0,0.0,0.0,0.0,0.0,1.0
SSR3,0.0,0.0,0.0,0.0,0.0,1.0
ALDH18A1,0.07234461332428198,0.08187907875888141,0.006898890179513582,0.17130875111479774,0.10608840098664024,1.0
SNX5,0.0,0.0,0.0,0.0,0.0,1.0
RAB11B,0.0,0.0,0.0,0.0,0.0,1.0
PRR13,0.0,0.0,0.0,0.0,0.0,1.0
TMEM43,0.0,0.0,0.0,0.0,0.0,1.0
NPLOC4,0.0,0.0,0.0,0.0,0.0,1.0
UFC1,0.0,0.0,0.0,0.0,0.0,1.0
CNOT2,0.0,0.0,0.0,0.0,0.0,1.0
UBE2H,0.0,0.0,0.0,0.0,0.0,1.0
NDFIP1,0.039162043397657824,0.06606821227787424,0.02686141997147877,0.09485728825088857,0.13118419940476345,1.0
ATP5F1E,0.0,0.0,0.0,0.0,0.0,1.0
NUCKS1,0.02830881731414606,0.07524749571228392,0.014844989542858084,0.12329219575698284,0.09914305148487793,1.0
GOLPH3,0.0,0.0,0.0,0.0,0.0,1.0
ILF3,0.0,0.0,0.0,0.0,0.0,1.0
POLDIP2,0.0,0.0,0.0,0.0,0.0,1.0
NOP53,0.0,0.0,0.0,0.0,0.0,1.0
MAPKAP1,0.0,0.0,0.0,0.0,0.0,1.0
BZW2,0.0,0.0,0.0,0.0,0.0,1.0
LARS1,0.0,0.0,0.0,0.0,0.0,1.0
SELENOT,0.0,0.0,0.0,0.0,0.0,1.0
YTHDF2,0.0,0.0,0.0,0.0,0.0,1.0
SPIN1,0.0,0.0,0.0,0.0,0.0,1.0
CCDC47,0.0,0.0,0.0,0.0,0.0,1.0
SUPT16H,0.0,0.0,0.0,0.0,0.0,1.0
PCNP,0.0,0.0,0.0,0.0,0.0,1.0
ARPC4,0.04789948552941141,0.04751563728320831,0.025157957357016605,0.23628480501219468,0.08812375974190123,1.0
GOLGA7,0.0,0.0,0.0,0.0,0.0,1.0
ENAH,0.0,0.0,0.0,0.0,0.0,1.0
WBP11,0.0,0.0,0.0,0.0,0.0,1.0
UBE2J1,0.0,0.0,0.0,0.0,0.0,1.0
SPG21,0.0,0.0,0.0,0.0,0.0,1.0
SLTM,0.0625,0.0,0.0,0.0,0.0,1.0
USP39,0.0,0.0,0.0,0.0,0.0,1.0
SYNCRIP,0.041117690977683787,0.08096478100514536,0.002965390264234099,0.08130483834798599,0.1098011940704984,1.0
RAB5IF,0.0,0.0,0.0,0.0,0.0,1.0
YY1AP1,0.0,0.0,0.0,0.0,0.0,1.0
CHMP3,0.0625,0.0,0.0,0.0625,0.0625,1.0
EVL,0.0,0.0,0.0,0.0,0.0,1.0
TFG,0.0,0.0,0.0,0.0,0.0,1.0
DDX41,0.0625,0.0,0.0,0.0,0.0,1.0
PPME1,0.0,0.0,0.0,0.0,0.0,1.0
MED4,0.0,0.0,0.0,0.0,0.0,1.0
CTDSP1,0.0,0.0,0.0,0.0,0.0,1.0
QARS1,0.0,0.0,0.0,0.0,0.0,1.0
THRAP3,0.0,0.0,0.0,0.0,0.0,1.0
PPA1,0.0,0.0,0.0,0.0,0.0,1.0
CDC42BPB,0.0,0.0,0.0,0.0,0.0,1.0
GNL3,0.0,0.0,0.0,0.0,0.0,1.0
PRELID3B,0.0,0.0,0.0,0.0,0.0,1.0
ARL8B,0.0,0.0,0.0,0.0,0.0,1.0
TNS3,0.0,0.0,0.0,0.0,0.0,1.0
POLR2E,0.0,0.0,0.0,0.0,0.0,1.0
ARMCX3,0.0,0.0,0.0,0.0,0.0,1.0
SLC39A9,0.0,0.0,0.0,0.0,0.0,1.0
NDUFA10,0.0,0.0,0.0,0.0,0.0,1.0
PREB,0.0,0.0,0.0,0.0,0.0,1.0
PIAS1,0.0,0.0,0.0,0.0,0.0,1.0
RNF130,0.0625,0.0,0.0,0.0,0.0,1.0
CPSF7,0.0,0.0,0.0,0.0,0.0,1.0
BACE2,0.04298087368355972,0.021004178114429898,0.02759981106230107,0.1561722485013203,0.10023225267084106,1.0
METTL9,0.0,0.0,0.0,0.0,0.0,1.0
HSD17B12,0.0,0.0,0.0,0.0,0.0,1.0
CMPK1,0.0462505238267908,0.027891088004702157,0.015304651086160996,0.1549529129209291,0.08501936120242423,1.0
MIF,0.03592968989726676,0.028215560263012404,0.009244363339285267,0.2678917079752304,0.12306536503456116,1.0
PIH1D1,0.0,0.0,0.0,0.0,0.0,1.0
CAB39,0.0,0.0,0.0,0.0,0.0,1.0
SUCLG1,0.0394485746020682,0.05248145764571808,0.03208613185358398,0.12593832374709513,0.11472699974536493,1.0
PMEPA1,0.03151990819562917,0.0217786057423778,0.01006238655594081,0.29176475172757227,0.08653084885600196,1.0
GTF3C5,0.0,0.0,0.0,0.0,0.0,1.0
GPBP1L1,0.0,0.0,0.0,0.0,0.0,1.0
CDC27,0.0,0.0,0.0,0.0,0.0,1.0
EMC3,0.0,0.0,0.0,0.0,0.0,1.0
MMADHC,0.0,0.0,0.0,0.0,0.0,1.0
NAT10,0.0,0.0,0.0,0.0,0.0,1.0
IPO9,0.0,0.0,0.0,0.0,0.0,1.0
EPS15,0.0,0.0,0.0,0.0,0.0,1.0
ARFGAP1,0.04117517025460887,0.02304268785034155,0.004466063979975332,0.10893058816736045,0.09361954109571434,1.0
CYBRD1,0.0,0.0,0.0,0.0,0.0,1.0
PARVA,0.0,0.0,0.0,0.0,0.0,1.0
RUSF1,0.0,0.0,0.0,0.0,0.0,1.0
LIMA1,0.03377922443165337,0.008479419456381877,0.01887446555652749,0.2076670396830927,0.08040368401538495,1.0
AKIRIN1,0.0,0.0,0.0,0.0,0.0,1.0
KCTD3,0.0,0.0,0.0,0.0,0.0,1.0
PTCD3,0.0,0.0,0.0,0.0,0.0,1.0
PSME3IP1,0.0,0.0,0.0,0.0,0.0,1.0
FXYD6,0.0,0.0,0.0,0.0,0.0,1.0
EMC7,0.0,0.0,0.0,0.0,0.0,1.0
TMEM214,0.0625,0.0,0.0,0.0,0.0,1.0
IARS2,0.0,0.0,0.0,0.0,0.0,1.0
DSG2,0.09463119872534066,0.02362219111631228,0.010373078800584674,0.28740261476368195,0.08106669655615899,1.0
HERC2,0.0,0.0,0.0,0.0,0.0,1.0
STRN4,0.0,0.0,0.0,0.0,0.0,1.0
BACE1,0.034582433037302525,0.021231827386998015,0.01102128859788425,0.16062744406250834,0.12287468597101661,1.0
MCMBP,0.041415236412069505,0.01933012037215526,0.011263464659865493,0.08419267782494749,0.12194305129941344,1.0
KLHDC2,0.0,0.0,0.0,0.0,0.0,1.0
MRPL18,0.0,0.0,0.0,0.0,0.0,1.0
DCAF6,0.0,0.0,0.0,0.0,0.0,1.0
BAG3,0.12138850755581677,0.0368097998218693,0.005906010401947116,0.30014583334379064,0.1220347520485402,1.0
DUS1L,0.0,0.0,0.0,0.0,0.0,1.0
VPS4A,0.03542360879845382,0.026189442461102736,0.015131370935408266,0.20190584869629236,0.0880435267734503,1.0
TPCN1,0.0,0.0,0.0,0.0,0.0,1.0
RSL24D1,0.2024739982304693,0.033675024984414645,0.015176447191775482,0.09535091486004048,0.022045032345886447,1.0
CYRIB,0.0,0.0,0.0,0.0,0.0,1.0
DYNLRB1,0.06249537248965724,0.05156796794710976,0.047340845837458664,0.18666601369969713,0.06713721269346476,1.0
MRPL42,0.0,0.0,0.0,0.0,0.0,1.0
MAN1A2,0.0,0.0,0.0,0.0,0.0,1.0
PEF1,0.0,0.0,0.0,0.0,0.0,1.0
ILRUN,0.0,0.0,0.0,0.0,0.0,1.0
C19orf53,0.0,0.0,0.0,0.0,0.0,1.0
SPCS1,0.0,0.0,0.0,0.0,0.0,1.0
PPP6R3,0.03257439592857027,0.028671545768898788,0.004947289962070952,0.25577678354561045,0.08242653365751304,1.0
KIAA0319L,0.0,0.0,0.0,0.0,0.0,1.0
TOLLIP,0.03731543522516885,0.005407666589986285,0.00035104476269206246,0.24516189305163888,0.14040663612993196,1.0
CNPY3,0.0,0.0,0.0,0.0,0.0,1.0
MRPS7,0.0,0.0,0.0,0.0,0.0,1.0
LAP3,0.0370353867303424,0.028521131966216928,0.03580073764479369,0.1818567348961806,0.0822695396441574,1.0
STUB1,0.0,0.0,0.0,0.0625,0.0,1.0
UQCC1,0.0,0.0,0.0,0.0,0.0,1.0
ARHGAP5,0.0,0.0,0.0,0.0,0.0,1.0
HDAC7,0.03709673870916156,0.04052081997946868,0.019290076913726573,0.13902078483214225,0.10852657932826201,1.0
KCMF1,0.0,0.0,0.0,0.0,0.0,1.0
AFTPH,0.0,0.0,0.0,0.0,0.0,1.0
NAXD,0.0,0.0,0.0,0.0,0.0,1.0
ERBIN,0.03601932579549539,0.02361908582955546,0.017433047652921578,0.31191573001241235,0.13528171770120334,1.0
MRPS35,0.0,0.0,0.0,0.0,0.0,1.0
MAP7D1,0.0,0.0,0.0,0.0,0.0,1.0
POMGNT1,0.0,0.0,0.0,0.0,0.0,1.0
BTBD1,0.0,0.0,0.0,0.0,0.0,1.0
SAE1,0.0,0.0,0.0,0.0,0.0,1.0
CMTM6,0.0,0.0,0.0,0.0,0.0,1.0
RTL8A,0.0,0.0,0.0,0.0,0.0,1.0
VKORC1,0.0,0.0,0.0,0.0,0.0,1.0
NOSIP,0.0,0.0,0.0,0.0,0.0,1.0
PHF3,0.0,0.0,0.0,0.0,0.0,1.0
BCL2L13,0.0625,0.0,0.0,0.0,0.0,1.0
ENOPH1,0.0,0.0,0.0,0.0,0.0,1.0
CFAP20,0.0,0.0,0.0,0.0,0.0,1.0
TRAPPC4,0.0,0.0,0.0,0.0,0.0,1.0
TOMM22,0.0,0.0,0.0,0.0,0.0,1.0
SLC25A38,0.0,0.0,0.0,0.0,0.0,1.0
NOP10,0.07777978627441107,0.009636043472832076,0.002535231629934274,0.29916415870351687,0.051600805825934126,1.0
BEX3,0.0625,0.0,0.0,0.0,0.0,1.0
TTC19,0.0,0.0,0.0,0.0,0.0,1.0
SAP30BP,0.0,0.0,0.0,0.0,0.0,1.0
NIBAN1,0.0,0.0,0.0,0.0,0.0,1.0
EIPR1,0.0,0.0,0.0,0.0,0.0,1.0
VPS51,0.0,0.0,0.0,0.0,0.0,1.0
CNOT6,0.0,0.0,0.0,0.0,0.0,1.0
LAMTOR3,0.031120687252869227,0.04089735033653607,0.00526701729865967,0.17124579637037368,0.056688387412611785,1.0
CHCHD3,0.0,0.0,0.0,0.0,0.0,1.0
DCXR,0.0,0.0,0.0,0.0,0.0,1.0
TM7SF3,0.0,0.0,0.0,0.0,0.0,1.0
TCEAL9,0.0,0.0,0.0,0.0,0.0,1.0
DYNC1LI1,0.0,0.0,0.0,0.0,0.0,1.0
MSRB1,0.0,0.0,0.0,0.0,0.0,1.0
UBE2Q1,0.0,0.0,0.0,0.0,0.0,1.0
TSPAN13,0.0419619669412855,0.03224104197237446,0.008656246721244255,0.16424419544487032,0.1202280765164265,1.0
MRPL16,0.02902422455652689,0.02459393383451196,0.0056862168849128765,0.27683831123191155,0.06153137052518384,1.0
MORF4L1,0.0,0.0,0.0,0.0,0.0,1.0
RNASET2,0.02995294758980186,0.02463103812657195,0.0037269584588902394,0.13924041021755046,0.14477050943299807,1.0
BAZ1A,0.0,0.0,0.0,0.0,0.0,1.0
ASNSD1,0.0,0.0,0.0,0.0,0.0,1.0
CCNB1IP1,0.0,0.0,0.0,0.0,0.0,1.0
HSD17B11,0.0,0.0,0.0,0.0,0.0,1.0
GMPR2,0.0,0.0,0.0,0.0,0.0,1.0
SSBP3,0.0,0.0,0.0,0.0,0.0,1.0
EFHD2,0.033722891222419,0.014403790774606172,0.0280851439057017,0.13541194546501983,0.10184365817659816,1.0
MAT2B,0.0,0.0,0.0,0.0,0.0,1.0
INTS11,0.0,0.0,0.0,0.0,0.0,1.0
SQOR,0.0,0.0,0.0,0.0,0.0,1.0
PHLDA1,0.09887511449486376,0.048547101691539765,0.04538795416424743,0.17149254735578678,0.13468504369879264,1.0
MRPS2,0.0,0.0,0.0,0.0,0.0,1.0
CXCL14,0.0,0.0,0.0,0.0,0.0,1.0
FKBP3,0.0,0.0,0.0,0.0,0.0,1.0
ZNF22,0.0,0.0,0.0,0.0,0.0,1.0
RPS27L,0.0,0.0,0.0,0.0,0.0,1.0
TMEM248,0.0,0.0,0.0,0.0,0.0,1.0
PRC1,0.0,0.0,0.0,0.0,0.0,1.0
PPDPF,0.0,0.0,0.0,0.0,0.0,1.0
UBL5,0.0,0.0,0.0,0.0,0.0,1.0
TSPYL2,0.0,0.0,0.0,0.0,0.0,1.0
DCTN4,0.0,0.0,0.0,0.0,0.0,1.0
NUP85,0.0,0.0,0.0,0.0,0.0,1.0
WRNIP1,0.0,0.0,0.0,0.0,0.0,1.0
POLR3E,0.0,0.0,0.0,0.0,0.0,1.0
HGSNAT,0.0,0.0,0.0,0.0,0.0,1.0
PDXK,0.04051801750906915,0.02484006008981061,0.003941287014355218,0.2612547609147503,0.08131815507487994,1.0
ZFAND3,0.0,0.0,0.0,0.0,0.0,1.0
FAM53C,0.0,0.0,0.0,0.0,0.0,1.0
MPC1,0.0,0.0,0.0,0.0,0.0,1.0
ECI2,0.0,0.0,0.0,0.0,0.0,1.0
COA3,0.0,0.0,0.0,0.0,0.0,1.0
MRPL15,0.038602069831329494,0.04695747390499939,0.009947019400633765,0.09331586599378508,0.12160625196150492,1.0
RIPOR1,0.0,0.0,0.0,0.0,0.0,1.0
GIT1,0.0,0.0,0.0,0.0,0.0,1.0
FOXN3,0.0,0.0,0.0,0.0,0.0,1.0
SNN,0.0,0.0,0.0,0.0,0.0,1.0
FIS1,0.0625,0.0,0.0,0.0,0.0,1.0
RBM47,0.03161118022569953,0.0160602171777196,0.007277260037438082,0.22800641013698014,0.08767299844547195,1.0
NMD3,0.0,0.0,0.0,0.0,0.0,1.0
NUSAP1,0.03479106461895461,0.01312239571453672,0.0052579591869276795,0.33656057153891594,0.07745660938140363,1.0
PRPF38B,0.06550005226565139,0.03912155671092027,0.09493088729240237,0.18425457688954572,0.06933677448713868,1.0
COPS4,0.0,0.0,0.0,0.0,0.0,1.0
AZI2,0.0,0.0,0.0,0.0,0.0,1.0
PTMS,0.0,0.0,0.0,0.0,0.0,1.0
MRPS16,0.0,0.0,0.0,0.0,0.0,1.0
OSBPL9,0.0,0.0,0.0,0.0,0.0,1.0
COMMD3,0.0,0.0,0.0,0.0,0.0,1.0
MRPL13,0.0,0.0,0.0,0.0,0.0,1.0
UFM1,0.0,0.0,0.0,0.0,0.0,1.0
NT5DC2,0.038552937209339944,0.018684298114572326,0.008446105366792285,0.3317552261801753,0.1300290223263863,1.0
ATP13A1,0.0,0.0,0.0,0.0,0.0,1.0
PRPF40A,0.0,0.0,0.0,0.0,0.0,1.0
WDR41,0.0,0.0625,0.0,0.0,0.0,1.0
BFAR,0.0625,0.0,0.0,0.0,0.0,1.0
EMC8,0.0,0.0,0.0,0.0,0.0,1.0
ZNF706,0.0,0.0,0.0,0.0,0.0,1.0
USB1,0.04050807311112815,0.026315917097934793,0.024606581864110105,0.1546481833509307,0.11239134554289712,1.0
MEA1,0.0,0.0,0.0,0.0,0.0,1.0
AKAP8L,0.0,0.0,0.0,0.0,0.0,1.0
TMEM9B,0.0,0.0,0.0,0.0,0.0,1.0
SLC12A7,0.0,0.0,0.0,0.0,0.0,1.0
ARGLU1,0.0,0.0,0.0,0.0,0.0,1.0
ZNF672,0.0,0.0,0.0,0.0,0.0,1.0
DCTPP1,0.0,0.0,0.0,0.0,0.0,1.0
GMPPA,0.0,0.0,0.0,0.0,0.0,1.0
MKRN2,0.0,0.0,0.0,0.0,0.0,1.0
COMMD9,0.0,0.0,0.0,0.0,0.0,1.0
NDC1,0.0,0.0,0.0,0.0,0.0,1.0
CIAO2B,0.0,0.0,0.0,0.0,0.0,1.0
AAAS,0.0,0.0,0.0,0.0,0.0,1.0
ARHGAP17,0.0,0.0,0.0,0.0,0.0,1.0
ZDHHC3,0.0,0.0,0.0,0.0,0.0,1.0
GGNBP2,0.0,0.0,0.0,0.0,0.0,1.0
FAF1,0.0625,0.0,0.0,0.0,0.0,1.0
UBP1,0.0,0.0,0.0,0.0,0.0,1.0
PTGES2,0.0,0.0,0.0,0.0,0.0,1.0
FXYD5,0.0,0.0,0.0,0.0,0.0,1.0
NPDC1,0.0,0.0,0.0,0.0,0.0,1.0
SORBS1,0.0,0.0,0.0,0.0,0.0,1.0
RRAGC,0.0625,0.0625,0.0,0.0,0.0,1.0
AAR2,0.0,0.0,0.0,0.0,0.0,1.0
WDR11,0.0,0.0,0.0,0.0,0.0,1.0
AGFG1,0.0,0.0,0.0,0.0,0.0,1.0
ANKRD10,0.0,0.0,0.0,0.0,0.0,1.0
TMEM165,0.0,0.0,0.0,0.0,0.0,1.0
AGPAT5,0.0,0.0,0.0,0.0,0.0,1.0
CUEDC2,0.0,0.0,0.0,0.0,0.0,1.0
ARFGEF2,0.045513847772871825,0.03452503752101444,0.017441667337686036,0.07962364593869828,0.12002353534890187,1.0
TEX2,0.02636357393163984,0.023788945681219142,0.005778893834422483,0.199627450132497,0.05662503683502842,1.0
IFT57,0.0625,0.0,0.0,0.0,0.0,1.0
DERA,0.0,0.0,0.0,0.0,0.0,1.0
FTSJ3,0.18690779033128474,0.042655470224543926,0.024210600662983868,0.10923042775754349,0.055837565511103096,1.0
TEX10,0.0,0.0,0.0,0.0,0.0,1.0
MRPL4,0.0,0.0,0.0,0.0,0.0,1.0
MRPS10,0.0,0.0,0.0,0.0,0.0,1.0
WDR26,0.0,0.0,0.0,0.0,0.0,1.0
UBR7,0.0,0.0,0.0,0.0,0.0,1.0
MFSD1,0.0,0.0,0.0,0.0,0.0,1.0
XAB2,0.0,0.0,0.0,0.0,0.0,1.0
CMAS,0.0,0.0,0.0,0.0,0.0,1.0
MRPS34,0.0,0.0,0.0,0.0,0.0,1.0
CEMIP2,0.0,0.0,0.0,0.0,0.0,1.0
ASF1B,0.0,0.0,0.0,0.0,0.0,1.0
C9orf78,0.0,0.0,0.0,0.0,0.0,1.0
RBX1,0.0,0.0,0.0,0.0,0.0,1.0
TIMM23,0.037832313791097714,0.04891853667546328,0.012998731012287598,0.2290859233198052,0.08842584845042148,1.0
HMOX2,0.034970845428820035,0.022166794548224494,0.03656957952162612,0.1514237393978803,0.13525765513589882,1.0
SENP2,0.03830643677497541,0.030379022128387573,0.006340197989285883,0.09778528012374507,0.16057545783563443,1.0
CFAP298,0.0,0.0,0.0,0.0,0.0,1.0
RETSAT,0.03797279512311284,0.046652909777479726,0.017934194509938953,0.1220911627715546,0.14063913576589426,1.0
CCDC25,0.0,0.0,0.0,0.0,0.0,1.0
RMDN3,0.0625,0.0,0.0,0.0,0.0,1.0
NFYB,0.0,0.0,0.0,0.0,0.0,1.0
CYBC1,0.0,0.0,0.0,0.0,0.0,1.0
GATAD2A,0.0,0.0,0.0,0.0,0.0,1.0
TSEN34,0.0,0.0,0.0,0.0,0.0,1.0
NIF3L1,0.0,0.0,0.0,0.0,0.0,1.0
RBM22,0.0,0.0,0.0,0.0,0.0,1.0
ERGIC2,0.0,0.0,0.0,0.0,0.0,1.0
SLC25A37,0.03197794076702418,0.021003364948847705,0.015184240686944222,0.10954599752560269,0.18164205949435674,1.0
SMAP1,0.0,0.0,0.0,0.0,0.0,1.0
MKKS,0.0,0.0,0.0,0.0,0.0,1.0
AP5M1,0.0,0.0,0.0,0.0,0.0,1.0
SRPRB,0.0,0.0,0.0,0.0,0.0,1.0
UBE2O,0.0,0.0,0.0,0.0,0.0,1.0
CRBN,0.03541393994120744,0.025752222591121594,0.007524044619812479,0.13793796181227103,0.13341100933267508,1.0
SCAMP2,0.0,0.0,0.0,0.0,0.0,1.0
INF2,0.033214506084554354,0.021626015816943237,0.00304309353394084,0.15496961891816957,0.06385218587711573,1.0
TRIB3,0.0625,0.0,0.0,0.0,0.0,1.0
GLT8D1,0.0,0.0,0.0,0.0,0.0,1.0
CENPT,0.0,0.0,0.0,0.0,0.0,1.0
ZNF395,0.0,0.0,0.0,0.0,0.0,1.0
ARL5A,0.0,0.0,0.0,0.0,0.0,1.0
SLC52A2,0.04227276001304196,0.03166196301102109,0.0075334528957952274,0.3088731804264909,0.08854938503095651,1.0
HMG20A,0.0,0.0,0.0,0.0,0.0,1.0
CARS2,0.0,0.0,0.0,0.0,0.0,1.0
GSDMD,0.0625,0.0,0.0,0.0,0.0625,1.0
TSR1,0.0,0.0,0.0,0.0,0.0,1.0
CDC42SE1,0.0399711965363657,0.0346382025344144,0.022029519987177757,0.20206782515079114,0.11651078501636858,1.0
APPL1,0.0625,0.0,0.0,0.0,0.0,1.0
DDRGK1,0.02917464021227491,0.011782697795376319,0.003723434260634177,0.3061826126754156,0.13918598279459032,1.0
NDUFA8,0.034441039031133255,0.0289487430919913,0.011236767919484688,0.08233602814453952,0.14894530369350728,1.0
CLN6,0.0,0.0,0.0,0.0,0.0,1.0
OLFML3,0.0,0.0,0.0,0.0,0.0,1.0
MCTS1,0.0,0.0,0.0,0.0,0.0,1.0
SPATA20,0.0,0.0,0.0,0.0,0.0,1.0
MEAF6,0.0,0.0,0.0,0.0,0.0,1.0
RSF1,0.0,0.0,0.0,0.0,0.0,1.0
AMZ2,0.0,0.0,0.0,0.0,0.0,1.0
COQ8A,0.0,0.0,0.0,0.0,0.0,1.0
VAC14,0.0,0.0,0.0,0.0,0.0,1.0
ISOC1,0.0,0.0,0.0,0.0,0.0,1.0
VPS4B,0.0,0.0,0.0,0.0625,0.0,1.0
DERL1,0.0,0.0,0.0,0.0,0.0,1.0
TMEM254,0.0,0.0,0.0,0.0,0.0,1.0
CCDC92,0.0,0.0,0.0,0.0,0.0,1.0
MAGEF1,0.0,0.0,0.0,0.0,0.0,1.0
CHMP1B,0.0,0.0,0.0,0.0625,0.0,1.0
TRAPPC11,0.0,0.0,0.0,0.0,0.0,1.0
EPS8L2,0.0,0.0,0.0,0.0,0.0,1.0
CLDN1,0.04083270660459308,0.03400949121582755,0.02115907488369565,0.104688792117378,0.149976099433632,1.0
CDIP1,0.0625,0.0,0.0,0.0,0.0,1.0
TULP4,0.0,0.0,0.0,0.0,0.0,1.0
ARMC1,0.0,0.0,0.0,0.0,0.0,1.0
RAB25,0.0,0.0,0.0,0.0,0.0,1.0
C8orf33,0.0,0.0,0.0,0.0,0.0,1.0
TIMM13,0.04921972813659188,0.07967502502735888,0.00800868831420232,0.204521165313643,0.06432754970234343,1.0
NANS,0.0,0.0,0.0,0.0,0.0,1.0
UQCR10,0.0,0.0,0.0,0.0,0.0,1.0
LMBRD1,0.0,0.0,0.0,0.0,0.0,1.0
IP6K2,0.03709627165098983,0.026696347847976705,0.0025430667968494875,0.16359284840653002,0.11783139023927652,1.0
GOLT1B,0.0,0.0,0.0,0.0,0.0,1.0
REXO2,0.038907345593405404,0.01302530799925842,0.002703932982868933,0.1956139964775705,0.13238294173092294,1.0
DCPH1,0.0,0.0,0.0,0.0,0.0,1.0
OSTM1,0.0,0.0,0.0,0.0,0.0,1.0
OXR1,0.0,0.0,0.0,0.0,0.0,1.0
DHX32,0.0,0.0,0.0,0.0,0.0,1.0
NOL6,0.0,0.0,0.0,0.0,0.0,1.0
NDUFB2,0.03188965496669539,0.013098607703249762,0.010640534991729976,0.17711945018243752,0.05425593319078954,1.0
MRPL44,0.0,0.0,0.0,0.0,0.0,1.0
ALG5,0.0,0.0,0.0,0.0,0.0,1.0
FYCO1,0.0,0.0,0.0,0.0,0.0,1.0
MKNK2,0.0625,0.0,0.0,0.0,0.0,1.0
SCAND1,0.0,0.0,0.0,0.0,0.0,1.0
STMN3,0.0,0.0,0.0,0.0,0.0,1.0
SLC66A2,0.0,0.0,0.0,0.0,0.0,1.0
RPRD1A,0.0,0.0,0.0,0.0,0.0,1.0
FN3KRP,0.03972722095047673,0.03546806288305598,0.016821503544369454,0.19065946102743897,0.10952193237845734,1.0
MLPH,0.043571987029551694,0.021095497417922486,0.004249100059236616,0.10554004233617395,0.15776160836095898,1.0
MOCS2,0.0,0.0,0.0,0.0,0.0,1.0
TMEM258,0.04359082857624501,0.04564528500093729,0.023358389085670363,0.18500273347636054,0.07565138306507073,1.0
ATG101,0.0,0.0625,0.0,0.0,0.0,1.0
NR1H2,0.0,0.0,0.0,0.0,0.0,1.0
ARL6IP4,0.04342203290101673,0.015109351561343286,0.004358041832254233,0.1572985173974574,0.13606179939511648,1.0
SCPEP1,0.0,0.0,0.0,0.0,0.0,1.0
APPL2,0.0,0.0,0.0,0.0,0.0,1.0
LANCL2,0.0,0.0,0.0,0.0,0.0,1.0
MYG1,0.0,0.0,0.0,0.0,0.0,1.0
ARNT,0.0,0.0,0.0,0.0,0.0,1.0
PLEKHO1,0.0,0.0,0.0,0.0,0.0,1.0
PNMA1,0.0,0.0,0.0,0.0,0.0,1.0
ECSIT,0.0,0.0,0.0,0.0,0.0,1.0
NDUFB4,0.0,0.0,0.0,0.0,0.0,1.0
NUBP2,0.0,0.0,0.0,0.0,0.0,1.0
TNKS2,0.0,0.0,0.0,0.0,0.0,1.0
POGK,0.0,0.0,0.0,0.0,0.0,1.0
ARFIP1,0.0,0.0,0.0,0.0,0.0,1.0
NAGK,0.034372024096924816,0.023876376333336537,0.020148062188947272,0.08287489069450446,0.11080606920809324,1.0
C1QA,0.03387426975185265,0.010559357635578203,0.0032489176387749236,0.12439016420128851,0.1355184094789076,1.0
UTP11,0.15645069211676532,0.01764304329766979,0.004362693488660451,0.1451595157112966,0.02532999742155665,1.0
PRKD3,0.03408582276989795,0.010245024009922346,0.02373526215330598,0.23011322400185125,0.11657322671900672,1.0
SLC38A1,0.04217643474763853,0.01787427804177363,0.022450312654779026,0.14900050306606258,0.1339939535923717,1.0
GTPBP4,0.1303481397338345,0.01705196381346978,0.0017111078427833933,0.3958622147686016,0.07107107443595348,1.0
GOLGA5,0.0,0.0,0.0,0.0,0.0,1.0
KMT5B,0.0,0.0,0.0,0.0,0.0,1.0
RUFY1,0.0,0.0,0.0,0.0,0.0,1.0
NOL8,0.0,0.0,0.0,0.0,0.0,1.0
TSKU,0.0,0.0,0.0,0.0,0.0,1.0
MUL1,0.0625,0.0,0.0,0.0,0.0,1.0
MEX3C,0.0,0.0,0.0,0.0,0.0,1.0
FAM111A,0.0,0.0,0.0,0.0,0.0,1.0
ZDHHC6,0.0,0.0,0.0,0.0,0.0,1.0
CNOT7,0.0,0.0,0.0,0.0,0.0,1.0
MID1IP1,0.0,0.0,0.0,0.0,0.0,1.0
CKAP2,0.0625,0.0,0.0,0.0,0.0,1.0
EIF2D,0.0,0.0,0.0,0.0,0.0,1.0
SAR1B,0.0,0.0,0.0,0.0,0.0,1.0
FBRS,0.0,0.0,0.0,0.0,0.0,1.0
NUP54,0.06285670954566076,0.04514028761508467,0.032648428340533546,0.23672373872443497,0.04629397516054664,1.0
UGGT1,0.0,0.0,0.0,0.0,0.0,1.0
POLR1D,0.0,0.0,0.0,0.0,0.0,1.0
MRTFB,0.0,0.0,0.0,0.0,0.0,1.0
DDA1,0.0,0.0,0.0,0.0,0.0,1.0
AP1M2,0.0,0.0,0.0,0.0,0.0,1.0
RMND5B,0.0,0.0,0.0,0.0,0.0,1.0
ZBED5,0.0,0.0,0.0,0.0,0.0,1.0
BCCIP,0.0,0.0,0.0,0.0,0.0,1.0
SECISBP2,0.0,0.0,0.0,0.0,0.0,1.0
NCS1,0.03238383600323594,0.009730997259913228,0.0012011037992601982,0.21242784822302566,0.14174838245561547,1.0
CINP,0.0,0.0,0.0,0.0,0.0,1.0
TBC1D15,0.0,0.0,0.0,0.0,0.0,1.0
DROSHA,0.0,0.0,0.0,0.0,0.0,1.0
MRPL24,0.0,0.0,0.0,0.0,0.0,1.0
PARL,0.0,0.0,0.0,0.0,0.0,1.0
TTC38,0.03684830778356733,0.006845253133654349,0.010135643126462007,0.2815999485638935,0.09962720525312228,1.0
PDP1,0.0,0.0,0.0,0.0,0.0,1.0
ANKZF1,0.0,0.0,0.0,0.0,0.0,1.0
SLC25A10,0.039154148698596715,0.02468961931092067,0.008089805456839459,0.20726812542306974,0.10185853672632575,1.0
SAV1,0.0625,0.0,0.0,0.0,0.0,1.0
DHX40,0.0,0.0,0.0,0.0,0.0,1.0
H2AC18,0.0,0.0,0.0,0.0625,0.0,1.0
MRPL48,0.0,0.0,0.0,0.0,0.0,1.0
EDEM2,0.04506585937901758,0.024407571996461926,0.0170276659040218,0.038631240508061424,0.0931663064258058,1.0
SS18L2,0.0,0.0,0.0,0.0,0.0,1.0
BDH2,0.0,0.0,0.0,0.0,0.0,1.0
RNF7,0.0,0.0,0.0,0.0,0.0,1.0
AGO1,0.0,0.0,0.0,0.0,0.0,1.0
CCDC90B,0.0,0.0,0.0,0.0,0.0,1.0
UBA5,0.0,0.0,0.0,0.0,0.0,1.0
PLEKHJ1,0.03420480765303863,0.019556073819609457,0.009160059674374428,0.1676465180276908,0.11245079577695927,1.0
LAMTOR2,0.04142854341687117,0.01802676663253803,0.007848442650733492,0.166827367008913,0.10181312780911211,1.0
PRKAG2,0.03870650913554233,0.016072118860279056,0.02529516125990799,0.1277415285690571,0.19065678976111444,1.0
MINDY3,0.0625,0.0,0.0,0.0,0.0,1.0
DGLUCY,0.0,0.0,0.0,0.0,0.0,1.0
RNPEPL1,0.0,0.0,0.0,0.0,0.0,1.0
KRCC1,0.0,0.0,0.0,0.0,0.0,1.0
OSBPL11,0.0,0.0,0.0,0.0,0.0,1.0
HERC1,0.0,0.0,0.0,0.0,0.0,1.0
RSAD1,0.0,0.0,0.0,0.0,0.0,1.0
TACC3,0.0,0.0,0.0,0.0,0.0,1.0
CAMK2N1,0.0,0.0,0.0,0.0,0.0,1.0
MAP4K3,0.047987633575801915,0.022197202253509005,0.011491321810778811,0.07721916880596405,0.17235077451896816,1.0
ZSCAN18,0.0,0.0,0.0,0.0,0.0,1.0
GALNT7,0.0,0.0,0.0,0.0,0.0,1.0
NKAPD1,0.0,0.0,0.0,0.0,0.0,1.0
CDK5RAP1,0.0,0.0,0.0,0.0,0.0,1.0
TIMM9,0.0,0.0,0.0,0.0,0.0,1.0
NLK,0.0450388526837504,0.020194862037044754,0.0019342959438563942,0.18520852198802723,0.0791287363879927,1.0
PELI1,0.021776267153548502,0.055003593351473125,0.010663738888732404,0.16478764173987165,0.1404687646069871,1.0
NDUFB11,0.0,0.0,0.0,0.0,0.0,1.0
STYXL1,0.0,0.0,0.0,0.0,0.0,1.0
ACSL5,0.0,0.0,0.0625,0.0,0.0,1.0
SPATS2,0.0,0.0,0.0,0.0,0.0,1.0
DIDO1,0.09715681929890055,0.01894593237294018,0.019392539782575928,0.0798696254005414,0.07953248346690123,1.0
LGR4,0.042473596605804055,0.01807863772454386,0.01267304617833102,0.07965308343751622,0.15258958939246758,1.0
SNAP29,0.0,0.0625,0.0,0.0,0.0,1.0
COQ4,0.0,0.0,0.0,0.0,0.0,1.0
NAV2,0.0,0.0,0.0,0.0,0.0,1.0
TASOR2,0.0,0.0,0.0,0.0,0.0,1.0
BEX1,0.0,0.0,0.0,0.0,0.0,1.0
DERL2,0.0,0.0,0.0,0.0,0.0,1.0
THOC7,0.0,0.0,0.0,0.0,0.0,1.0
PFDN2,0.06162036862711934,0.04424931622675923,0.030913495979798294,0.25817787236431516,0.07405959969120693,1.0
FHIP2B,0.0,0.0,0.0,0.0,0.0,1.0
PHC1,0.0,0.0,0.0,0.0,0.0,1.0
MRPL22,0.0,0.0,0.0,0.0,0.0,1.0
UBA6,0.0,0.0,0.0,0.0,0.0,1.0
PPCS,0.0,0.0,0.0,0.0,0.0,1.0
ERMP1,0.0,0.0,0.0,0.0,0.0,1.0
GTF3C3,0.0,0.0,0.0,0.0,0.0,1.0
RCOR3,0.0,0.0,0.0,0.0,0.0,1.0
TMEM176A,0.0,0.0,0.0,0.0,0.0,1.0
SESN1,0.0,0.0,0.0,0.0,0.0,1.0
TYW1,0.0,0.0,0.0,0.0,0.0,1.0
ZC3H7A,0.0,0.0,0.0,0.0,0.0,1.0
ZWILCH,0.0,0.0,0.0,0.0,0.0,1.0
GMNN,0.11291785789150667,0.08180453214180358,0.003928023753992929,0.14951381039593714,0.08833808691189865,1.0
COMMD8,0.0,0.0,0.0,0.0,0.0,1.0
RCBTB1,0.0,0.0,0.0,0.0,0.0,1.0
RGS5,0.04297108596028125,0.020208969933555514,0.0007594968796999771,0.16775283652706574,0.17069445474522038,1.0
TRAPPC2L,0.0,0.0,0.0,0.0,0.0,1.0
KIF4A,0.0,0.0,0.0,0.0,0.0,1.0
TIMM8B,0.0,0.0,0.0,0.0,0.0,1.0
CRELD2,0.0,0.0,0.0,0.0,0.0,1.0
NRSN2,0.0,0.0,0.0,0.0,0.0,1.0
GOLPH3L,0.0,0.0,0.0,0.0,0.0,1.0
DIS3,0.0,0.0,0.0,0.0,0.0,1.0
EXD2,0.0,0.0,0.0,0.0,0.0,1.0
DARS2,0.03063856139363479,0.04645526225265335,0.0072126562979468005,0.08931892233703576,0.0916821147286779,1.0
METTL17,0.0,0.0,0.0,0.0,0.0,1.0
USP21,0.0,0.0,0.0,0.0625,0.0,1.0
TNFRSF12A,0.09590207552501259,0.022809715170825175,0.0008041356040533814,0.19934371355698313,0.07250696087242348,1.0
EXOSC1,0.0,0.0,0.0,0.0,0.0,1.0
S100PBP,0.0,0.0,0.0,0.0,0.0,1.0
PSPC1,0.0,0.0,0.0,0.0,0.0,1.0
MED9,0.0,0.0,0.0,0.0,0.0,1.0
AKTIP,0.0625,0.0,0.0,0.0,0.0,1.0
FERRY3,0.0,0.0,0.0,0.0,0.0,1.0
NUDT9,0.0,0.0,0.0,0.0,0.0,1.0
MICAL1,0.0,0.0,0.0,0.0,0.0,1.0
RWDD2B,0.0,0.0,0.0,0.0,0.0,1.0
PRKRIP1,0.0,0.0,0.0,0.0,0.0,1.0
RBM7,0.0,0.0,0.0,0.0,0.0,1.0
U2AF2,0.0,0.0,0.0,0.0,0.0,1.0
HAUS4,0.0,0.0,0.0,0.0,0.0,1.0
CARHSP1,0.0,0.0,0.0,0.0,0.0,1.0
USP16,0.0,0.0,0.0,0.0,0.0,1.0
PGLS,0.0,0.0,0.0,0.0,0.0,1.0
APH1A,0.0,0.0,0.0,0.0,0.0,1.0
FAM204A,0.0,0.0,0.0,0.0,0.0,1.0
SNF8,0.0,0.0,0.0,0.0,0.0,1.0
SFXN1,0.025996177144171753,0.02723148089327036,0.0022762967869674753,0.12731653568970155,0.07788685009679341,1.0
SMU1,0.0,0.0,0.0,0.0,0.0,1.0
ROGDI,0.0,0.0,0.0,0.0,0.0,1.0
ACTR6,0.0,0.0,0.0,0.0,0.0,1.0
VPS13C,0.056185122483135175,0.018901827121380426,0.004986519973470307,0.08842892676194776,0.1783148764445211,1.0
FANCL,0.0,0.0,0.0,0.0,0.0,1.0
MRPS30,0.0625,0.0,0.0,0.0,0.0,1.0
CDCA4,0.0,0.0,0.0,0.0,0.0,1.0
OAS3,0.039177887782368116,0.014995723248519452,0.012322479300287147,0.17728525591566788,0.09401276848009921,1.0
ZNF281,0.0,0.0,0.0,0.0,0.0,1.0
HPS4,0.029917084852644146,0.01356105240977663,0.0157519659019555,0.23467288781553194,0.11959369728220991,1.0
TRIAP1,0.0625,0.0,0.0,0.0,0.0,1.0
SNX10,0.03869264682423646,0.014182175365516731,0.020111725668712447,0.17286475471173143,0.14877094346897865,1.0
ABT1,0.0,0.0,0.0,0.0,0.0,1.0
NENF,0.0,0.0,0.0,0.0,0.0,1.0
TIMM10,0.0,0.0,0.0,0.0,0.0,1.0
DNAJC1,0.0,0.0,0.0,0.0,0.0,1.0
PGP,0.0,0.0,0.0,0.0,0.0,1.0
MBIP,0.0,0.0,0.0,0.0,0.0,1.0
GTF2IRD1,0.0,0.0,0.0,0.0,0.0,1.0
ZNF639,0.0,0.0,0.0,0.0,0.0,1.0
NDE1,0.0,0.0,0.0,0.0,0.0,1.0
VPS33B,0.0,0.0,0.0,0.0,0.0,1.0
SLC48A1,0.0,0.0,0.0,0.0,0.0,1.0
KANK2,0.0625,0.0,0.0,0.0,0.0,1.0
TMUB2,0.0,0.0,0.0,0.0,0.0,1.0
PROSER1,0.0,0.0,0.0,0.0,0.0,1.0
CERK,0.0,0.0,0.0,0.0,0.0,1.0
RBM26,0.0,0.0,0.0,0.0,0.0,1.0
VPS54,0.0,0.0,0.0,0.0,0.0,1.0
STEAP3,0.0625,0.0,0.0625,0.0,0.0,1.0
RNF216,0.0625,0.0,0.0,0.0,0.0,1.0
ENTR1,0.0,0.0,0.0,0.0,0.0,1.0
REV1,0.0,0.0,0.0,0.0,0.0,1.0
SHFL,0.0,0.0,0.0,0.0,0.0,1.0
RFX7,0.0,0.0,0.0,0.0,0.0,1.0
VIPAS39,0.0,0.0,0.0,0.0,0.0,1.0
FBXO3,0.0,0.0,0.0,0.0,0.0,1.0
AACS,0.0,0.0,0.0,0.0,0.0,1.0
DNAJC15,0.0,0.0,0.0,0.0,0.0,1.0
SIL1,0.0,0.0,0.0,0.0,0.0,1.0
LZTFL1,0.0,0.0,0.0,0.0,0.0,1.0
MED28,0.0,0.0,0.0,0.0,0.0,1.0
COMMD10,0.0,0.0,0.0,0.0,0.0,1.0
MCCC1,0.040855928132056615,0.040651089074861625,0.01360803016270125,0.08963888730812573,0.11789060392311067,1.0
RPAP1,0.0,0.0,0.0,0.0,0.0,1.0
TTC4,0.0,0.0,0.0,0.0,0.0,1.0
DAZAP1,0.0,0.0,0.0,0.0,0.0,1.0
ALG12,0.0,0.0,0.0,0.0,0.0,1.0
MACROH2A2,0.0,0.0,0.0,0.0625,0.0,1.0
TVP23B,0.0,0.0,0.0,0.0,0.0,1.0
CMC2,0.0,0.0,0.0,0.0,0.0,1.0
GID8,0.0,0.0,0.0,0.0,0.0,1.0
UFSP2,0.039651782641690454,0.02443781161522205,0.011340133746655117,0.15708429001548713,0.16735192020088263,1.0
HEBP1,0.0,0.0,0.0,0.0,0.0,1.0
CDCP1,0.03357802861221586,0.004902174766072475,0.01967107989547159,0.3432050290277959,0.10095845174088075,1.0
SMARCAL1,0.03624879003544837,0.010477399426244939,0.0017721983398436467,0.08671286740719591,0.16032706254378049,1.0
TMEM242,0.0,0.0,0.0,0.0,0.0,1.0
PLBD1,0.0,0.0,0.0,0.0,0.0,1.0
NFS1,0.08647586908078421,0.040879264553058306,0.031012590561707444,0.14860150813762962,0.10126146177561003,1.0
CAPRIN2,0.0,0.0,0.0,0.0,0.0,1.0
DNMT3A,0.041147144958491054,0.040545943886041984,0.008786214507004331,0.11854543705976173,0.08190381971923122,1.0
GMCL1,0.0,0.0,0.0,0.0,0.0,1.0
TOR3A,0.0,0.0,0.0,0.0,0.0,1.0
DNAAF5,0.0,0.0,0.0,0.0,0.0,1.0
GPN3,0.0,0.0,0.0,0.0,0.0,1.0
RPF1,0.0,0.0,0.0,0.0,0.0,1.0
MUS81,0.033338393588385556,0.034305152384603306,0.009331231579805612,0.17227746807619237,0.06718807253463163,1.0
FAM222B,0.0,0.0,0.0,0.0,0.0,1.0
TMEM33,0.0344735711791778,0.029222586798700784,0.024165032883187623,0.16279919825839217,0.07547158588286103,1.0
TBC1D17,0.0,0.0,0.0,0.0,0.0,1.0
PSMG2,0.0,0.0,0.0,0.0,0.0,1.0
GREM1,0.0,0.0,0.0,0.0,0.0,1.0
YARS2,0.05186570399993537,0.02804080952584125,0.01870541488540573,0.06672876268211124,0.07979392625842036,1.0
BBS1,0.0,0.0,0.0,0.0,0.0,1.0
PELO,0.04865799075187694,0.022160082323584938,0.006873901915946605,0.09822845134078055,0.10210752309855532,1.0
COLGALT1,0.0,0.0,0.0,0.0,0.0,1.0
KCTD5,0.0,0.0,0.0,0.0,0.0,1.0
TRMT2A,0.0,0.0,0.0,0.0,0.0,1.0
POMT1,0.0,0.0,0.0,0.0,0.0,1.0
TMEM14A,0.0625,0.0,0.0,0.0,0.0,1.0
ZCCHC8,0.0,0.0,0.0,0.0,0.0,1.0
XPO4,0.0,0.0,0.0,0.0,0.0,1.0
AGBL5,0.0,0.0,0.0,0.0,0.0,1.0
EXOSC5,0.0,0.0,0.0,0.0,0.0,1.0
ENY2,0.0,0.0,0.0,0.0,0.0,1.0
IFT46,0.0,0.0,0.0,0.0,0.0,1.0
COXFA4L2,0.0,0.0,0.0,0.0,0.0,1.0
SLC35C1,0.03980241012804236,0.006984148440749299,0.007547963924733992,0.2663678620709582,0.1470855385601978,1.0
KLF11,0.0625,0.0,0.0,0.0,0.0,1.0
ALAD,0.029680471658164603,0.018407211645373543,0.006712168153278758,0.30730308414798857,0.1460224575605461,1.0
EIF2B3,0.0,0.0,0.0,0.0,0.0,1.0
ZNF302,0.0,0.0,0.0,0.0,0.0,1.0
THYN1,0.0,0.0,0.0,0.0,0.0,1.0
THAP7,0.0,0.0,0.0,0.0,0.0,1.0
SNRNP25,0.0,0.0,0.0,0.0,0.0,1.0
SLC2A4RG,0.03380273378266319,0.021393407842993553,0.005394630698463613,0.1874948067711024,0.08171354544533452,1.0
UXT,0.0625,0.0,0.0,0.0,0.0,1.0
RNASEH1,0.0,0.0,0.0,0.0,0.0,1.0
ERO1A,0.0625,0.0,0.0,0.0,0.0,1.0
STK26,0.09939500325808298,0.03775943846543461,0.01992479091222799,0.08489958883017351,0.18956583207586414,1.0
THEM6,0.0,0.0,0.0,0.0,0.0,1.0
ARHGEF3,0.03298014857148638,0.015995516742344375,0.012306619078428633,0.2282929972551316,0.1684880395366796,1.0
TRPS1,0.0,0.0,0.0,0.0,0.0,1.0
FOCAD,0.0,0.0,0.0,0.0,0.0,1.0
WDR59,0.0,0.0,0.0,0.0,0.0,1.0
GLYR1,0.0,0.0,0.0,0.0,0.0,1.0
HILPDA,0.0,0.0,0.0,0.0,0.0,1.0
DCP1A,0.0,0.0,0.0,0.0,0.0,1.0
RETREG1,0.035071455897689764,0.016289129605332384,0.001290620281611312,0.16093026816661504,0.09161144696582123,1.0
PNPO,0.03945034655750098,0.023202024263687115,0.009105205989028578,0.1533601269831146,0.09492267025857376,1.0
WDR12,0.13739303352877136,0.043687139626578705,0.015091840318880553,0.1469629459910045,0.07675328644110252,1.0
TMA16,0.0,0.0,0.0,0.0,0.0,1.0
SMG8,0.0,0.0,0.0,0.0,0.0,1.0
PAXBP1,0.0,0.0,0.0,0.0,0.0,1.0
BPNT2,0.0,0.0,0.0,0.0,0.0,1.0
JADE1,0.0625,0.0,0.0,0.0,0.0,1.0
FAM13B,0.0,0.0,0.0,0.0,0.0,1.0
SLC35A5,0.0,0.0,0.0,0.0,0.0,1.0
TBK1,0.042724929215654114,0.0914890412436214,0.019492635164057293,0.19895939006745397,0.06681423421464944,1.0
UBE2W,0.0,0.0,0.0,0.0,0.0,1.0
MAP1S,0.0625,0.0,0.0,0.0,0.0,1.0
LHPP,0.0,0.0,0.0,0.0,0.0,1.0
E4F1,0.0,0.0,0.0,0.0,0.0,1.0
APTX,0.0,0.0,0.0,0.0,0.0,1.0
RNF38,0.0,0.0,0.0,0.0,0.0,1.0
CD320,0.041237854227125344,0.01421539485694193,0.015635720205062847,0.18977532718477608,0.09465275999088682,1.0
FHOD1,0.0,0.0,0.0,0.0,0.0,1.0
TMEM134,0.0,0.0,0.0,0.0,0.0,1.0
UCKL1,0.03221703887362971,0.033341308725094373,0.007794272739213415,0.09870081732897458,0.18376619570296326,1.0
AGGF1,0.0,0.0,0.0,0.0,0.0,1.0
RIOK2,0.030062660401978043,0.018865004711373864,0.005918070944301711,0.215096767457404,0.035346214315116746,1.0
MRS2,0.0,0.0,0.0,0.0,0.0,1.0
FBXO34,0.0,0.0,0.0,0.0,0.0,1.0
TCIM,0.0625,0.0,0.0,0.0,0.0,1.0
CEP55,0.02878761273997063,0.010282936827727754,0.005669137032865673,0.37192702059036725,0.09408551693666956,1.0
PARP12,0.0,0.0,0.0,0.0,0.0,1.0
RCL1,0.0,0.0,0.0,0.0,0.0,1.0
CCDC91,0.0,0.0,0.0,0.0,0.0,1.0
C1orf115,0.0,0.0,0.0,0.0,0.0,1.0
DHDDS,0.0,0.0,0.0,0.0,0.0,1.0
TEX264,0.0,0.0,0.0,0.0,0.0,1.0
RMDN1,0.0,0.0,0.0,0.0,0.0,1.0
LRRC20,0.0,0.0,0.0,0.0,0.0,1.0
MIIP,0.0,0.0,0.0,0.0,0.0,1.0
ECHDC2,0.0,0.0,0.0,0.0,0.0,1.0
KCTD15,0.0,0.0,0.0,0.0,0.0,1.0
ASH1L,0.03993317475041729,0.05143997904310128,0.016949129809603093,0.13735972653958248,0.11517517411291461,1.0
ANAPC2,0.0,0.0,0.0,0.0,0.0,1.0
ORMDL2,0.0,0.0,0.0,0.0,0.0,1.0
NIT2,0.0,0.0,0.0,0.0,0.0,1.0
MRPL39,0.0,0.0,0.0,0.0,0.0,1.0
MAFB,0.0,0.0,0.0,0.0,0.0,1.0
JMJD4,0.0,0.0,0.0,0.0,0.0,1.0
LYRM4,0.0,0.0,0.0,0.0,0.0,1.0
MACO1,0.0,0.0,0.0,0.0,0.0,1.0
NDUFA3,0.0,0.0,0.0,0.0,0.0,1.0
RFWD3,0.0,0.0,0.0,0.0,0.0,1.0
SPOUT1,0.0,0.0,0.0,0.0,0.0,1.0
CHORDC1,0.0,0.0,0.0,0.0,0.0,1.0
DPP3,0.0,0.0,0.0,0.0,0.0,1.0
KBTBD4,0.0,0.0,0.0,0.0,0.0,1.0
CHMP4A,0.0,0.0,0.0,0.0625,0.0625,1.0
MAGEH1,0.0625,0.0,0.0,0.0,0.0,1.0
LMCD1,0.038969693488759095,0.006988274876621954,0.0072001443567352484,0.09101667713988579,0.12301021786285818,1.0
ANAPC1,0.0,0.0,0.0,0.0,0.0,1.0
DUSP12,0.0,0.0,0.0,0.0,0.0,1.0
LRRC40,0.0,0.0,0.0,0.0,0.0,1.0
CDC73,0.0,0.0,0.0,0.0,0.0,1.0
DHX35,0.0,0.0,0.0,0.0,0.0,1.0
AURKAIP1,0.0,0.0,0.0,0.0,0.0,1.0
ABHD4,0.0,0.0,0.0,0.0,0.0,1.0
MARCHF5,0.0,0.0,0.0,0.0,0.0,1.0
DCUN1D1,0.0455994128581321,0.006869488085017187,0.008110344314488805,0.23387795496668512,0.13999578900590096,1.0
TCTN1,0.0,0.0,0.0,0.0,0.0,1.0
DTL,0.2603511706314481,0.13156337371793336,0.06550329962456183,0.05002289632837614,0.056529016398481305,1.0
MRGBP,0.0,0.0,0.0,0.0,0.0,1.0
POGLUT1,0.0,0.0,0.0,0.0,0.0,1.0
FAM114A2,0.0,0.0,0.0,0.0,0.0,1.0
LPAR6,0.0,0.0,0.0,0.0,0.0,1.0
TWNK,0.0,0.0,0.0,0.0,0.0,1.0
NOL10,0.0,0.0,0.0,0.0,0.0,1.0
HDHD5,0.0,0.0,0.0,0.0,0.0,1.0
RBM28,0.0,0.0,0.0,0.0,0.0,1.0
HEATR1,0.0,0.0,0.0,0.0,0.0,1.0
TBC1D13,0.0,0.0,0.0,0.0,0.0,1.0
CISD1,0.03408430219462306,0.02344184502346318,0.0016603078923593446,0.22727461873716698,0.10723723733573773,1.0
RINT1,0.0,0.0,0.0,0.0,0.0,1.0
REC8,0.0,0.0,0.0,0.0,0.0,1.0
LIMD2,0.0,0.0,0.0,0.0,0.0,1.0
URGCP,0.0,0.0,0.0,0.0,0.0,1.0
HAUS6,0.0,0.0,0.0,0.0,0.0,1.0
HECA,0.0,0.0,0.0,0.0,0.0,1.0
LEMD3,0.0,0.0,0.0,0.0,0.0,1.0
TFB2M,0.0,0.0,0.0,0.0,0.0,1.0
ZDHHC7,0.0,0.0,0.0,0.0,0.0,1.0
SDAD1,0.0,0.0,0.0,0.0,0.0,1.0
ATP13A2,0.03580513442619541,0.029325625355115896,0.007852033263834976,0.15300827662869623,0.08700325722045105,1.0
NUDT2,0.0625,0.0,0.0,0.0,0.0,1.0
CPPED1,0.0,0.0,0.0,0.0,0.0,1.0
IER5,0.0,0.0,0.0,0.0,0.0,1.0
TSSC4,0.0,0.0,0.0,0.0,0.0,1.0
PSD3,0.0,0.0,0.0,0.0,0.0,1.0
RESF1,0.0,0.0,0.0,0.0,0.0,1.0
TMEM39A,0.0,0.0,0.0,0.0,0.0,1.0
INTS12,0.0,0.0,0.0,0.0,0.0,1.0
TRIT1,0.0,0.0,0.0,0.0,0.0,1.0
FNDC3B,0.0,0.0,0.0,0.0,0.0,1.0
SUV39H1,0.04646670543479558,0.020244371392884496,0.006566584194741977,0.11285523543757348,0.14231415491551125,1.0
HEMK1,0.0,0.0,0.0,0.0,0.0,1.0
NUP37,0.0,0.0,0.0,0.0,0.0,1.0
NSG2,0.0,0.0,0.0,0.0,0.0,1.0
CENPBD2P,0.0,0.0,0.0,0.0,0.0,1.0
NRN1,0.0,0.0,0.0,0.0,0.0,1.0
EIF4ENIF1,0.0,0.0,0.0,0.0,0.0,1.0
DRAM1,0.10563549526380404,0.011878952285025317,0.023803155525740444,0.16562492705227408,0.15848298736856026,1.0
WASHC3,0.0,0.0,0.0,0.0,0.0,1.0
SMO,0.0625,0.0,0.0,0.0,0.0,1.0
MKS1,0.0,0.0,0.0,0.0,0.0,1.0
AVPI1,0.0,0.0,0.0,0.0,0.0,1.0
HECTD3,0.0,0.0,0.0,0.0,0.0,1.0
ABHD10,0.0,0.0,0.0,0.0,0.0,1.0
PHLDA3,0.0625,0.0,0.0,0.0,0.0,1.0
MAN1B1,0.04563674042062495,0.031960781055169044,0.015613351548858668,0.11142231437471631,0.12185654291567716,1.0
IMPACT,0.0,0.0,0.0,0.0,0.0,1.0
SPON2,0.0,0.0,0.0,0.0,0.0,1.0
ZXDC,0.0,0.0,0.0,0.0,0.0,1.0
PLEKHF2,0.0,0.0,0.0,0.0,0.0,1.0
CHCHD7,0.0,0.0,0.0,0.0,0.0,1.0
CRIPT,0.0,0.0,0.0,0.0,0.0,1.0
PLEK2,0.0,0.0,0.0,0.0,0.0,1.0
ZNF277,0.0,0.0,0.0,0.0,0.0,1.0
HPF1,0.0,0.0,0.0,0.0,0.0,1.0
YRDC,0.050090696406557104,0.06445128110575123,0.014405846562159624,0.15991593130438547,0.09341933688853839,1.0
CRTC3,0.04067150443814594,0.00529915716661966,0.005354104084560803,0.21828830984367095,0.14796519623249055,1.0
NEMF,0.0,0.0,0.0,0.0,0.0,1.0
DGCR8,0.0,0.0,0.0,0.0,0.0,1.0
LARP6,0.0,0.0,0.0,0.0,0.0,1.0
PIGG,0.0,0.0,0.0,0.0,0.0,1.0
SLC25A15,0.04037415124930304,0.025173155489336255,0.004862904468465863,0.10205142769366679,0.12640980798573578,1.0
MRPS33,0.0,0.0,0.0,0.0,0.0,1.0
CWC25,0.0,0.0,0.0,0.0,0.0,1.0
LHFPL6,0.0,0.0,0.0,0.0,0.0,1.0
RAPGEFL1,0.0,0.0,0.0,0.0,0.0,1.0
ACTR8,0.0,0.0,0.0,0.0,0.0,1.0
ASXL2,0.0,0.0,0.0,0.0,0.0,1.0
DYSF,0.0,0.0,0.0,0.0,0.0,1.0
NCAPG,0.04776376029663212,0.03436002893046933,0.024589324380169947,0.13925857337904035,0.09657563306029038,1.0
MECR,0.0,0.0,0.0,0.0,0.0,1.0
FZD4,0.036467716168402116,0.01491519734343407,0.00901196970607862,0.07372908015746416,0.14855601698617588,1.0
STX17,0.0,0.0625,0.0,0.0,0.0,1.0
PJA1,0.0,0.0,0.0,0.0,0.0,1.0
RAP2C,0.0,0.0,0.0,0.0,0.0,1.0
PUS1,0.0,0.0,0.0,0.0,0.0,1.0
ATP5IF1,0.0,0.0,0.0,0.0,0.0,1.0
SCNM1,0.030318512274366015,0.02564838890727445,0.01564343369287888,0.288249114836719,0.07354801050639904,1.0
ATG7,0.0,0.0625,0.0625,0.0,0.0,1.0
TRAPPC13,0.07369638337295509,0.04077637082766338,0.005318776390370784,0.09053118719967904,0.0823980853233178,1.0
SLC22A17,0.0,0.0,0.0,0.0,0.0,1.0
PCTP,0.03250832162897203,0.02112272268791112,0.022161128122069843,0.105265003396326,0.10977757620825163,1.0
S100A14,0.0625,0.0,0.0,0.0,0.0,1.0
NES,0.0,0.0,0.0,0.0,0.0,1.0
VPS28,0.0,0.0,0.0,0.0,0.0,1.0
SDF2L1,0.0,0.0,0.0,0.0,0.0,1.0
SLC4A1AP,0.042198782145118574,0.013021341084491257,0.003608248448160873,0.18159536144935895,0.16875924888668864,1.0
PTBP2,0.0,0.0,0.0,0.0,0.0,1.0
LRRC8D,0.0,0.0,0.0,0.0,0.0,1.0
SMUG1,0.0,0.0,0.0,0.0,0.0,1.0
RHBDF1,0.0,0.0,0.0,0.0,0.0,1.0
MUC13,0.0,0.0,0.0,0.0,0.0,1.0
TKFC,0.024491521888997045,0.013871016767468033,0.009294651617770638,0.3872987613870061,0.07747906333001561,1.0
SYBU,0.0,0.0,0.0,0.0,0.0,1.0
TSPAN15,0.0,0.0,0.0,0.0,0.0,1.0
ARMCX1,0.0,0.0,0.0,0.0,0.0,1.0
EXOSC4,0.0,0.0,0.0,0.0,0.0,1.0
EIF2AK3,0.09844390252220296,0.08460557184762821,0.03637717076318106,0.09113023010882337,0.12600265625629897,1.0
NCKIPSD,0.07042944497298764,0.021651657899906484,0.00833419808148598,0.09530600948384255,0.08231214049289604,1.0
APIP,0.0625,0.0,0.0,0.0,0.0,1.0
RAB29,0.02473567992803331,0.025628805561101,0.014673778506946327,0.19589430988887643,0.06574447500035602,1.0
LACTB2,0.0,0.0,0.0,0.0,0.0,1.0
SARS2,0.0,0.0,0.0,0.0,0.0,1.0
SEC22A,0.0,0.0,0.0,0.0,0.0,1.0
RNF43,0.033476003542258354,0.05363737589951332,0.0034592792615486733,0.14797704730216657,0.07334336960817708,1.0
SNX24,0.0,0.0,0.0,0.0,0.0,1.0
GRAMD2B,0.0,0.0,0.0,0.0,0.0,1.0
NXT1,0.0,0.0,0.0,0.0,0.0,1.0
IFT52,0.0,0.0,0.0,0.0,0.0,1.0
TTC27,0.0,0.0,0.0,0.0,0.0,1.0
CAVIN2,0.0,0.0,0.0,0.0,0.0,1.0
AIRIM,0.0,0.0,0.0,0.0,0.0,1.0
ICE2,0.0,0.0,0.0,0.0,0.0,1.0
PRR14,0.0,0.0,0.0,0.0,0.0,1.0
UTP6,0.0,0.0,0.0,0.0,0.0,1.0
MTO1,0.0,0.0,0.0,0.0,0.0,1.0
P3H2,0.0,0.0,0.0,0.0,0.0,1.0
PDGFC,0.0,0.0,0.0,0.0,0.0,1.0
SEZ6L2,0.0,0.0,0.0,0.0,0.0,1.0
ODR4,0.0,0.0,0.0,0.0,0.0,1.0
CCDC51,0.04136359434098804,0.03010716096219326,0.0017419868321023766,0.26668093413216587,0.0903419074217515,1.0
RGCC,0.03788737008419696,0.04152478517634613,0.017977334807189313,0.10270628496993585,0.10876083429483342,1.0
TGIF2,0.0,0.0,0.0,0.0,0.0,1.0
SLC25A22,0.035982580626769095,0.03579904288782064,0.002187244886806386,0.08250384965639039,0.07184993435880899,1.0
HJURP,0.0,0.0,0.0,0.0,0.0,1.0
CNIH4,0.0,0.0,0.0,0.0,0.0,1.0
LXN,0.0,0.0,0.0,0.0,0.0,1.0
OGN,0.0,0.0,0.0,0.0,0.0,1.0
VWA1,0.03285301462048862,0.019038495411286573,0.008487336358937747,0.20607880237806153,0.10657783757790293,1.0
PTRH2,0.0625,0.0,0.0,0.0,0.0,1.0
MSL2,0.0,0.0,0.0,0.0,0.0,1.0
ZNF544,0.0,0.0,0.0,0.0,0.0,1.0
PALMD,0.0,0.0,0.0,0.0,0.0,1.0
SBNO1,0.0,0.0,0.0,0.0,0.0,1.0
RNF138,0.0,0.0,0.0,0.0,0.0,1.0
ABHD5,0.0,0.0,0.0,0.0,0.0,1.0
CDK5RAP3,0.0,0.0,0.0,0.0,0.0,1.0
CENPM,0.0,0.0,0.0,0.0,0.0,1.0
CIAO3,0.0,0.0,0.0,0.0,0.0,1.0
CHMP6,0.0,0.0,0.0,0.0625,0.0625,1.0
PACSIN3,0.0,0.0,0.0,0.0,0.0,1.0
TMEM161A,0.0,0.0,0.0,0.0,0.0,1.0
TAPBPL,0.0,0.0,0.0,0.0,0.0,1.0
EXOC5,0.0,0.0,0.0,0.0,0.0,1.0
SLC8B1,0.0,0.0,0.0,0.0,0.0,1.0
TAF1D,0.0,0.0,0.0,0.0,0.0,1.0
FBXW7,0.030807959718609175,0.009681352464040997,0.02973427822757911,0.2543369468574375,0.09917228924930803,1.0
ZMAT5,0.0,0.0,0.0,0.0,0.0,1.0
XKR8,0.0625,0.0,0.0,0.0,0.0,1.0
NOL9,0.07735214205896182,0.009518727710529779,0.005247160661761249,0.2743719779238968,0.09023673364035072,1.0
KIF20A,0.0,0.0,0.0,0.0,0.0,1.0
DHRS11,0.0378549968735254,0.008507760724692774,0.011446355922473736,0.27096770470007037,0.1471879699283126,1.0
UPF3B,0.0,0.0,0.0,0.0,0.0,1.0
RRP1,0.0,0.0,0.0,0.0,0.0,1.0
COQ6,0.030355063165120544,0.005420449313756631,0.022846619611319258,0.22895808436569617,0.09765407615158958,1.0
RNF111,0.0,0.0,0.0,0.0,0.0,1.0
ZNF574,0.0,0.0,0.0,0.0,0.0,1.0
STX18,0.0,0.0,0.0,0.0,0.0,1.0
WARS2,0.039682665858904426,0.047017844532571115,0.012841423612796507,0.06260748137450585,0.12780928932722005,1.0
REXO4,0.0,0.0,0.0,0.0,0.0,1.0
NUP107,0.0,0.0,0.0,0.0,0.0,1.0
ANKRA2,0.0,0.0,0.0,0.0,0.0,1.0
TMEM39B,0.0,0.0,0.0,0.0,0.0,1.0
PANK4,0.0452495872881139,0.01641409128950489,0.016750076897536194,0.13961060357757524,0.15912457720470863,1.0
TMEM38B,0.0,0.0,0.0,0.0,0.0,1.0
MSRB2,0.0,0.0,0.0,0.0,0.0,1.0
DCPS,0.0,0.0,0.0,0.0,0.0,1.0
WWC2,0.0,0.0,0.0,0.0,0.0,1.0
TMEM62,0.0,0.0,0.0,0.0,0.0,1.0
REEP4,0.0,0.0,0.0,0.0,0.0,1.0
HOOK2,0.0,0.0,0.0,0.0,0.0,1.0
SMC6,0.04189728296030287,0.015655788641888616,0.004306531347971274,0.11758084985543144,0.10682461929729647,1.0
ATAD2,0.030141932586385527,0.0358028003782328,0.003303490904965184,0.1265799671929723,0.13765631737530087,1.0
SAYSD1,0.0,0.0,0.0,0.0,0.0,1.0
IFT22,0.0,0.0,0.0,0.0,0.0,1.0
NT5DC3,0.0,0.0,0.0,0.0,0.0,1.0
CWF19L1,0.0,0.0,0.0,0.0,0.0,1.0
SMYD3,0.03010574382715453,0.04556971630111094,0.013020924506840174,0.10871186312784643,0.11312069400210345,1.0
C11orf71,0.0,0.0,0.0,0.0,0.0,1.0
TMLHE,0.03132721346678092,0.01718563070547141,0.0030389190017222267,0.18383419602825138,0.16664279026888246,1.0
KATNBL1,0.0,0.0,0.0,0.0,0.0,1.0
BSPRY,0.0,0.0,0.0,0.0,0.0,1.0
SCML1,0.03295351904276267,0.02069843021874286,0.0042576665071561975,0.12460374755784646,0.1300914084416731,1.0
TXNL4B,0.030719648180837347,0.018301886233578774,0.026500269634526397,0.2836720723428696,0.10954419914986444,1.0
ACP6,0.0,0.0,0.0,0.0,0.0,1.0
FERMT1,0.03401191207027057,0.022234840604136122,0.0023617094782327932,0.19765845680353897,0.0701820754191648,1.0
SIRT7,0.04173395918200383,0.05360883158988652,0.030384388917044775,0.1192496975416153,0.09923470588131894,1.0
KRI1,0.0,0.0,0.0,0.0,0.0,1.0
GPN2,0.0,0.0,0.0,0.0,0.0,1.0
SRD5A3,0.0,0.0,0.0,0.0,0.0,1.0
UGGT2,0.0,0.0,0.0,0.0,0.0,1.0
MCUB,0.0,0.0,0.0,0.0,0.0,1.0
CHFR,0.0,0.0,0.0,0.0,0.0,1.0
ANO1,0.055829868840002204,0.05780122846607831,0.020612526179321515,0.041756728297281206,0.15856231022348177,1.0
GIMAP5,0.03480876491402976,0.006846704809970081,0.0012472230692469415,0.1685277812669377,0.08717391823252572,1.0
VAV3,0.0,0.0,0.0,0.0,0.0,1.0
PANK2,0.03144815580031562,0.01585404860374468,0.007903548527240581,0.2532225511219145,0.07360543496848077,1.0
ZC3H12A,0.09858385329222773,0.0332115368657239,0.008577456326917428,0.13878009273398972,0.16992049083574293,1.0
ORAI2,0.0,0.0,0.0,0.0,0.0,1.0
SH3GLB2,0.0,0.0,0.0,0.0,0.0,1.0
PACC1,0.0,0.0,0.0,0.0,0.0,1.0
TMEM51,0.0,0.0,0.0,0.0,0.0,1.0
LRRC1,0.0,0.0,0.0,0.0,0.0,1.0
FHL3,0.0,0.0,0.0,0.0,0.0,1.0
INTS6,0.0,0.0,0.0,0.0,0.0,1.0
C14orf132,0.0,0.0,0.0,0.0,0.0,1.0
KCTD9,0.0,0.0,0.0,0.0,0.0,1.0
PNMA8A,0.0,0.0,0.0,0.0,0.0,1.0
EGFL7,0.0,0.0,0.0,0.0,0.0,1.0
SLC35F2,0.0,0.0,0.0,0.0,0.0,1.0
CEP192,0.0,0.0,0.0,0.0,0.0,1.0
CHD7,0.03658039184539346,0.02175852099518987,0.004158380540025507,0.08298397384845399,0.11638643485052458,1.0
RPL26L1,0.025903586859673672,0.012124426595085499,0.007356944055095367,0.20054388320536295,0.05769230755698514,1.0
FCGRT,0.0,0.0,0.0,0.0,0.0,1.0
ARRB1,0.0,0.0,0.0,0.0,0.0,1.0
MAP3K20,0.02369730457053486,0.00966360203746232,0.01522153481065025,0.3099892036195988,0.13003215198779133,1.0
TMEM132A,0.0,0.0,0.0,0.0,0.0,1.0
SFTPA2,0.0,0.0,0.0,0.0,0.0,1.0
UBE2D4,0.0,0.0,0.0,0.0,0.0,1.0
TTC31,0.0,0.0,0.0,0.0,0.0,1.0
NADSYN1,0.04549452017654795,0.06556943640766626,0.02427384718561536,0.16380572256442816,0.08011443633862816,1.0
ASB8,0.0,0.0,0.0,0.0,0.0,1.0
RPAP3,0.0,0.0,0.0,0.0,0.0,1.0
FNDC4,0.03997616693801424,0.05244022106323364,0.00829492984131771,0.08597107614185018,0.11522102244322882,1.0
ACSF2,0.0,0.0,0.0,0.0,0.0,1.0
DUSP22,0.0,0.0,0.0,0.0,0.0,1.0
MED23,0.06094042618243134,0.02233780418246866,0.02001893656100569,0.1816831237672562,0.127415206997027,1.0
IGF2BP2,0.041696657221052674,0.01860457807942655,0.009680472369307507,0.2950256458327153,0.12644307214864375,1.0
THOC6,0.0625,0.0,0.0,0.0,0.0,1.0
PPP1R13L,0.0625,0.0,0.0,0.0,0.0,1.0
LIMD1,0.0,0.0,0.0,0.0,0.0,1.0
WDR33,0.0,0.0,0.0,0.0,0.0,1.0
PPP2R3C,0.0,0.0,0.0,0.0,0.0,1.0
MOSPD1,0.0,0.0,0.0,0.0,0.0,1.0
DSE,0.0,0.0,0.0,0.0,0.0,1.0
TPRA1,0.0,0.0,0.0,0.0,0.0,1.0
TNFRSF21,0.10810675691634304,0.039048163033637145,0.006665403786104995,0.14662873940294335,0.08837244090267421,1.0
ASRGL1,0.030431459883990195,0.04275226441194839,0.00923041191221753,0.11442032921313909,0.09599443942752865,1.0
DEPTOR,0.0,0.0625,0.0,0.0,0.0,1.0
ESF1,0.0,0.0,0.0,0.0,0.0,1.0
NOC4L,0.0,0.0,0.0,0.0,0.0,1.0
RNF25,0.0,0.0,0.0,0.0,0.0,1.0
ASB13,0.0,0.0,0.0,0.0,0.0,1.0
MTARC1,0.0,0.0,0.0,0.0,0.0,1.0
POLR3K,0.04096988512723452,0.04779541119930487,0.010429950830263702,0.17937820941433572,0.07783337744508728,1.0
SPRING1,0.0,0.0,0.0,0.0,0.0,1.0
ACTR3B,0.0,0.0,0.0,0.0,0.0,1.0
MLYCD,0.0,0.0,0.0,0.0,0.0,1.0
ARHGAP15,0.03674408271209759,0.027143793198817056,0.004037856818788546,0.2274130099894368,0.13683696134928783,1.0
TESC,0.0,0.0,0.0,0.0,0.0,1.0
GON4L,0.0,0.0,0.0,0.0,0.0,1.0
ATAT1,0.0,0.0,0.0,0.0,0.0,1.0
FBXO5,0.0,0.0,0.0,0.0,0.0,1.0
TPPP3,0.0,0.0,0.0,0.0,0.0,1.0
TRMT11,0.0,0.0,0.0,0.0,0.0,1.0
SIRT1,0.09981851718260047,0.026180444220751563,0.014483821898183924,0.1603330718847345,0.1378102137872842,1.0
MTHFSD,0.0,0.0,0.0,0.0,0.0,1.0
FOSL2,0.051844591924282035,0.03085297564792942,0.014250755647003776,0.06845194904490798,0.14003419121063232,1.0
WDR3,0.0,0.0,0.0,0.0,0.0,1.0
CENPU,0.030816926324952996,0.005790586157626853,0.021984124830926766,0.1594955516069094,0.10017608514895082,1.0
GUF1,0.0,0.0,0.0,0.0,0.0,1.0
GALNT12,0.0,0.0,0.0,0.0,0.0,1.0
PAK1IP1,0.0,0.0,0.0,0.0,0.0,1.0
MRPL2,0.0,0.0,0.0,0.0,0.0,1.0
NETO2,0.039960708834974844,0.01880065572932837,0.0016211580362671453,0.21591075560656098,0.1602103454495033,1.0
NOC3L,0.0,0.0,0.0,0.0,0.0,1.0
MRPL35,0.0,0.0,0.0,0.0,0.0,1.0
ISOC2,0.0,0.0,0.0,0.0,0.0,1.0
MAGOHB,0.0,0.0,0.0,0.0,0.0,1.0
GPATCH3,0.0,0.0,0.0,0.0,0.0,1.0
NCBP3,0.0,0.0,0.0,0.0,0.0,1.0
TMEM177,0.0,0.0,0.0,0.0,0.0,1.0
TLCD3A,0.0,0.0,0.0,0.0,0.0,1.0
BAALC,0.0,0.0,0.0,0.0,0.0,1.0
CNNM4,0.0,0.0,0.0,0.0,0.0,1.0
PLSCR4,0.0,0.0,0.0,0.0,0.0,1.0
NOTCH1,0.09882704098461345,0.027770593943907365,0.0068912487850387,0.3018766637654614,0.09994723034944084,1.0
NABP2,0.0,0.0,0.0,0.0,0.0,1.0
C9orf40,0.0,0.0,0.0,0.0,0.0,1.0
INTS8,0.0,0.0,0.0,0.0,0.0,1.0
KLC2,0.0,0.0,0.0,0.0,0.0,1.0
LRRC61,0.0,0.0,0.0,0.0,0.0,1.0
ASPSCR1,0.0,0.0,0.0,0.0,0.0,1.0
RPS6KC1,0.025286807061019843,0.04140378558345635,0.010016577069768478,0.22701665852215472,0.08369254897245305,1.0
ANO10,0.0,0.0,0.0,0.0,0.0,1.0
YEATS4,0.0,0.0,0.0,0.0,0.0,1.0
GCC1,0.0,0.0,0.0,0.0,0.0,1.0
GMIP,0.0,0.0,0.0,0.0,0.0,1.0
METTL25B,0.0,0.0,0.0,0.0,0.0,1.0
NF2,0.0632824129178278,0.023726675446549682,0.0004735662580262182,0.08232441234006191,0.18860192668114545,1.0
ZNF768,0.0,0.0,0.0,0.0,0.0,1.0
MAN1C1,0.0,0.0,0.0,0.0,0.0,1.0
ZFAND1,0.0,0.0,0.0,0.0,0.0,1.0
FAM193B,0.0,0.0,0.0,0.0,0.0,1.0
SIGIRR,0.04635324620056263,0.019727165719971906,0.019415820413374432,0.05487414826943461,0.12293626614505851,1.0
CERS4,0.0,0.0,0.0,0.0,0.0,1.0
CTBS,0.0,0.0,0.0,0.0,0.0,1.0
CFAP68,0.0,0.0,0.0,0.0,0.0,1.0
MYNN,0.0,0.0,0.0,0.0,0.0,1.0
CHST12,0.0,0.0,0.0,0.0,0.0,1.0
SLC37A1,0.0,0.0,0.0,0.0,0.0,1.0
CDKN2AIP,0.0,0.0,0.0,0.0,0.0,1.0
TMEM106B,0.0,0.0,0.0,0.0,0.0,1.0
RAB17,0.0,0.0,0.0,0.0,0.0,1.0
ZNHIT6,0.0,0.0,0.0,0.0,0.0,1.0
HSPB7,0.0,0.0,0.0,0.0,0.0,1.0
EHD3,0.0,0.0,0.0,0.0,0.0,1.0
CCDC59,0.0,0.0,0.0,0.0,0.0,1.0
ZSCAN32,0.0,0.0,0.0,0.0,0.0,1.0
FBXL15,0.0,0.0,0.0,0.0,0.0,1.0
VCPKMT,0.0,0.0,0.0,0.0,0.0,1.0
PIP4K2C,0.03896096831798472,0.0164844010168879,0.007415786986294503,0.2718534630674961,0.12284582514963574,1.0
RIGI,0.0,0.0,0.0,0.0,0.0,1.0
PYCR3,0.0,0.0,0.0,0.0,0.0,1.0
METTL22,0.0,0.0,0.0,0.0,0.0,1.0
NFU1,0.0,0.0,0.0,0.0,0.0,1.0
MTPAP,0.0,0.0,0.0,0.0,0.0,1.0
QRSL1,0.0,0.0,0.0,0.0,0.0,1.0
ARAP3,0.0,0.0,0.0,0.0,0.0,1.0
PLCXD1,0.0,0.0,0.0,0.0,0.0,1.0
PCSK1N,0.0,0.0,0.0,0.0,0.0,1.0
PCYOX1L,0.0,0.0,0.0,0.0,0.0,1.0
BRF2,0.06529498405472126,0.22560914856787892,0.3778015373859707,0.009678514454485644,0.05423638900596653,1.0
PTCD1,0.0,0.0,0.0,0.0,0.0,1.0
PAAF1,0.0,0.0,0.0,0.0,0.0,1.0
HOXC10,0.0,0.0,0.0,0.0,0.0,1.0
TMPRSS4,0.0,0.0,0.0,0.0,0.0,1.0
PNKP,0.04218795337521735,0.01977928506812005,0.021358718120693607,0.0828887600281429,0.13057483108390802,1.0
TMEM168,0.0,0.0,0.0,0.0,0.0,1.0
KRT23,0.027722121842267043,0.02756455985534326,0.02025289252037895,0.1273307481014439,0.10157871295057706,1.0
ARID3B,0.0,0.0,0.0,0.0,0.0,1.0
TUT1,0.0,0.0,0.0,0.0,0.0,1.0
MYO5C,0.0,0.0,0.0,0.0,0.0,1.0
PTER,0.0,0.0,0.0,0.0,0.0,1.0
ZFP64,0.0,0.0,0.0,0.0,0.0,1.0
PAM16,0.0,0.0,0.0,0.0,0.0,1.0
CUTC,0.0,0.0,0.0,0.0,0.0,1.0
WDR91,0.0,0.0,0.0,0.0,0.0,1.0
TTC17,0.0,0.0,0.0,0.0,0.0,1.0
EFL1,0.054157169672314646,0.00908984725317428,0.010107613150891162,0.1752083971211448,0.09988425053065497,1.0
SOBP,0.043220159599232415,0.031844147764312304,0.02077996604423227,0.1994574858157172,0.12373095329219724,1.0
COL5A3,0.0,0.0,0.0,0.0,0.0,1.0
DNAJC12,0.0,0.0,0.0,0.0,0.0,1.0
TRNAU1AP,0.0,0.0,0.0,0.0,0.0,1.0
RMI1,0.0,0.0,0.0,0.0,0.0,1.0
FHOD3,0.0,0.0,0.0,0.0,0.0,1.0
SDHAF3,0.0,0.0,0.0,0.0,0.0,1.0
C1RL,0.0,0.0,0.0,0.0,0.0,1.0
PUS7,0.050479834542280416,0.01800941249129542,0.02495711027944232,0.04212753867696224,0.17406851222962083,1.0
SLC2A8,0.0,0.0,0.0,0.0,0.0,1.0
DDX60,0.0,0.0,0.0,0.0,0.0,1.0
ATF7IP,0.0,0.0,0.0,0.0,0.0,1.0
SLC35E3,0.0,0.0,0.0,0.0,0.0,1.0
SLC30A5,0.0,0.0,0.0,0.0,0.0,1.0
SPRR3,0.0,0.0,0.0,0.0,0.0,1.0
PLGRKT,0.0,0.0,0.0,0.0,0.0,1.0
MRM3,0.0,0.0,0.0,0.0,0.0,1.0
STAG3L4,0.0,0.0,0.0,0.0,0.0,1.0
EDN1,0.047308532198607256,0.01635282625985138,0.0060951592336724305,0.19100180849832946,0.14175380277465416,1.0
TFPT,0.0625,0.0,0.0,0.0,0.0,1.0
POLR1E,0.0,0.0,0.0,0.0,0.0,1.0
ABITRAM,0.0,0.0,0.0,0.0,0.0,1.0
TMEM140,0.0,0.0,0.0,0.0,0.0,1.0
DSCC1,0.0,0.0,0.0,0.0,0.0,1.0
DCAF10,0.0,0.0,0.0,0.0,0.0,1.0
FASTKD1,0.033069038073440075,0.02280999444563472,0.015959341235851965,0.14288916716284955,0.06412371852899477,1.0
MANEA,0.0,0.0,0.0,0.0,0.0,1.0
MIS18A,0.0,0.0,0.0,0.0,0.0,1.0
TMEM59L,0.0,0.0,0.0,0.0,0.0,1.0
NDUFAF4,0.0,0.0,0.0,0.0,0.0,1.0
NUP43,0.0,0.0,0.0,0.0,0.0,1.0
LDAH,0.0,0.0,0.0,0.0,0.0,1.0
C14orf93,0.0,0.0,0.0,0.0,0.0,1.0
INAVA,0.0,0.0,0.0,0.0,0.0,1.0
PLEKHA4,0.0,0.0,0.0,0.0,0.0,1.0
EMSY,0.0,0.0,0.0,0.0,0.0,1.0
GALNT11,0.0,0.0,0.0,0.0,0.0,1.0
PLAC8,0.0,0.0,0.0,0.0,0.0,1.0
FASTKD5,0.0,0.0,0.0,0.0,0.0,1.0
ETNK1,0.028865907373781922,0.014706479662667641,0.012906540031641114,0.15376108386946472,0.1622154778361043,1.0
CCDC85C,0.0,0.0,0.0,0.0,0.0,1.0
HS1BP3,0.0,0.0,0.0,0.0,0.0,1.0
RNF121,0.0,0.0,0.0,0.0,0.0,1.0
C12orf43,0.0,0.0,0.0,0.0,0.0,1.0
AP1AR,0.0,0.0,0.0,0.0,0.0,1.0
PLEKHA1,0.0,0.0,0.0,0.0,0.0,1.0
CD248,0.03236134981036363,0.0370847043244747,0.02820954266845699,0.17677548410702712,0.13106361075984438,1.0
RASAL2,0.04224404077430102,0.024708583800440193,0.0010299355517552895,0.2927931065559627,0.1113371025391199,1.0
MYO9A,0.0,0.0,0.0,0.0,0.0,1.0
TMEM267,0.0,0.0,0.0,0.0,0.0,1.0
TPRKB,0.06163866908253615,0.030618273762261478,0.02785081436425167,0.13676251811491077,0.1304071060889108,1.0
NIP7,0.0,0.0,0.0,0.0,0.0,1.0
OPN3,0.0,0.0,0.0,0.0,0.0,1.0
PARP8,0.0,0.0,0.0,0.0,0.0,1.0
PARP16,0.0,0.0,0.0,0.0,0.0,1.0
RNF34,0.0625,0.0,0.0,0.0,0.0,1.0
CEP70,0.0,0.0,0.0,0.0,0.0,1.0
RRP15,0.1665276766157472,0.044621753543017784,0.014135409279138877,0.07472479932021989,0.06176273383507949,1.0
MORC4,0.0,0.0,0.0,0.0,0.0,1.0
CORO7,0.0,0.0,0.0,0.0,0.0,1.0
REPIN1,0.0,0.0,0.0,0.0,0.0,1.0
THNSL2,0.0,0.0,0.0,0.0,0.0,1.0
RHOF,0.0,0.0,0.0,0.0,0.0,1.0
ZNF668,0.05086883544907372,0.05461828069293426,0.05574233872601993,0.18254586889136531,0.057993347549143814,1.0
PIGN,0.0,0.0,0.0,0.0,0.0,1.0
CSGALNACT1,0.02907058805929764,0.02324583491933782,0.012883768623128039,0.11909839854430403,0.17444875347142783,1.0
ZNHIT2,0.0,0.0,0.0,0.0,0.0,1.0
METRN,0.0,0.0,0.0,0.0,0.0,1.0
HPS6,0.05544064115294899,0.03752802267082725,0.02914164669169345,0.060394661299192604,0.08575648648859405,1.0
VPS37C,0.0,0.0,0.0,0.0,0.0,1.0
SRBD1,0.0,0.0,0.0,0.0,0.0,1.0
RNASEH2B,0.03622926149834484,0.02866501410694514,0.013407054046312122,0.15330342732674296,0.0788371313412089,1.0
TINAGL1,0.0,0.0,0.0,0.0,0.0,1.0
LYVE1,0.033310821879547606,0.011896593692181864,0.010947618838637865,0.227089487809288,0.11331414987133571,1.0
NTAQ1,0.0,0.0,0.0,0.0,0.0,1.0
LAGE3,0.0,0.0,0.0,0.0,0.0,1.0
ZCCHC2,0.0,0.0,0.0,0.0,0.0,1.0
C1orf35,0.0,0.0,0.0,0.0,0.0,1.0
ITIH5,0.0,0.0,0.0,0.0,0.0,1.0
PPCDC,0.03434621419950417,0.020618302178852653,0.009530532833402945,0.08868670285631429,0.09367471438908431,1.0
NSMCE4A,0.0,0.0,0.0,0.0,0.0,1.0
ATAD3A,0.0,0.0,0.0,0.0,0.0,1.0
ANKRD49,0.0,0.0,0.0,0.0,0.0,1.0
MOSPD3,0.0,0.0,0.0,0.0,0.0,1.0
HGH1,0.0,0.0,0.0,0.0,0.0,1.0
BCL7C,0.10003189889189901,0.03865023277456042,0.04598949565069578,0.20564285217972328,0.16079577120689958,1.0
OSBPL10,0.0,0.0,0.0,0.0,0.0,1.0
TMEM184C,0.0,0.0,0.0,0.0,0.0,1.0
PXMP2,0.0,0.0,0.0,0.0,0.0,1.0
WWOX,0.0625,0.0,0.0,0.0,0.0,1.0
GPATCH2,0.0,0.0,0.0,0.0,0.0,1.0
CYB5R4,0.0,0.0,0.0,0.0,0.0,1.0
CTPS2,0.0,0.0,0.0,0.0,0.0,1.0
ANKHD1,0.0,0.0,0.0,0.0,0.0,1.0
AMDHD2,0.0,0.0,0.0,0.0,0.0,1.0
SHQ1,0.0,0.0,0.0,0.0,0.0,1.0
NSD1,0.05049081251638906,0.00648531398498243,0.00665648906888297,0.1615072196811005,0.1534620522601703,1.0
GEMIN7,0.0,0.0,0.0,0.0,0.0,1.0
ZNF839,0.0,0.0,0.0,0.0,0.0,1.0
ASPN,0.0,0.0,0.0,0.0,0.0,1.0
ZNF576,0.0,0.0,0.0,0.0,0.0,1.0
SLC24A3,0.0,0.0,0.0,0.0,0.0,1.0
MMRN2,0.0,0.0,0.0,0.0,0.0,1.0
IPPK,0.04095574301507802,0.04143992505895937,0.014040377022325183,0.07714769021353789,0.10196356500258232,1.0
PID1,0.025760946989486288,0.03011455553065979,0.006716051207312019,0.13791212850456172,0.09373498892492826,1.0
ARMC7,0.0,0.0,0.0,0.0,0.0,1.0
MYBBP1A,0.03877760583039782,0.055966640492057226,0.026359585858294315,0.13528414651522364,0.05225137547328073,1.0
TIGAR,0.09373613719275325,0.02372422829396447,0.0029251507039664668,0.152622745456746,0.11801986361797526,1.0
STN1,0.0,0.0,0.0,0.0,0.0,1.0
ABHD8,0.0,0.0,0.0,0.0,0.0,1.0
RCN3,0.0,0.0,0.0,0.0,0.0,1.0
RNF141,0.0,0.0,0.0,0.0,0.0,1.0
ORC6,0.0,0.0,0.0,0.0,0.0,1.0
KLHL41,0.0,0.0,0.0,0.0,0.0,1.0
SPAG16,0.0,0.0,0.0,0.0,0.0,1.0
GAR1,0.0,0.0,0.0,0.0,0.0,1.0
DDX54,0.0,0.0,0.0,0.0,0.0,1.0
HSD17B14,0.0,0.0,0.0,0.0,0.0,1.0
C3orf18,0.0,0.0,0.0,0.0,0.0,1.0
IL20RA,0.0,0.0,0.0,0.0,0.0,1.0
DCUN1D2,0.0,0.0,0.0,0.0,0.0,1.0
FKBP11,0.025598590311087757,0.02916552519566513,0.006489046770009014,0.23085097449998684,0.06236478333738415,1.0
LSM8,0.0,0.0,0.0,0.0,0.0,1.0
WDCP,0.0,0.0,0.0,0.0,0.0,1.0
ESRP1,0.0,0.0,0.0,0.0,0.0,1.0
THG1L,0.0,0.0,0.0,0.0,0.0,1.0
ZNF232,0.0,0.0,0.0,0.0,0.0,1.0
TTI2,0.0,0.0,0.0,0.0,0.0,1.0
SLC50A1,0.043596533933112434,0.04629980982716209,0.02152495409443161,0.052622104804510045,0.11882478858308115,1.0
PHF10,0.0,0.0,0.0,0.0,0.0,1.0
PRR15L,0.0,0.0,0.0,0.0,0.0,1.0
C2orf42,0.0,0.0,0.0,0.0,0.0,1.0
SAP30L,0.0,0.0,0.0,0.0,0.0,1.0
TRMT13,0.0,0.0,0.0,0.0,0.0,1.0
UBIAD1,0.0,0.0,0.0,0.0,0.0,1.0
PELI2,0.0,0.0,0.0,0.0,0.0,1.0
OXSM,0.0,0.0,0.0,0.0,0.0,1.0
ADGRL4,0.0,0.0,0.0,0.0,0.0,1.0
LMF1,0.0,0.0,0.0,0.0,0.0,1.0
MFF,0.0,0.0,0.0,0.0,0.0,1.0
CROCCP3,0.0,0.0,0.0,0.0,0.0,1.0
RBP4,0.0,0.0,0.0,0.0,0.0,1.0
AMBRA1,0.0,0.0625,0.0,0.0,0.0,1.0
RASL11B,0.0,0.0,0.0,0.0,0.0,1.0
DUSP26,0.0,0.0,0.0,0.0,0.0,1.0
ADGRL1,0.0,0.0,0.0,0.0,0.0,1.0
TEFM,0.0,0.0,0.0,0.0,0.0,1.0
NMRK1,0.031150428357172046,0.019850284839777188,0.0016881665330436533,0.2993005534339042,0.09261701263236248,1.0
PBK,0.041557738005473285,0.036908139150055384,0.011449157731073887,0.1814012953260825,0.13244470459091495,1.0
DBR1,0.0,0.0,0.0,0.0,0.0,1.0
PODXL2,0.0,0.0,0.0,0.0,0.0,1.0
THSD4,0.0,0.0,0.0,0.0,0.0,1.0
TMEM120B,0.0,0.0,0.0,0.0,0.0,1.0
PITPNC1,0.03087003673277504,0.02811562709505178,0.023421295365502665,0.1371487778049039,0.13048736325666674,1.0
SYNJ2BP,0.0,0.0,0.0,0.0,0.0,1.0
KLHL2,0.0,0.0,0.0,0.0,0.0,1.0
NAA15,0.0,0.0,0.0,0.0,0.0,1.0
SLAMF7,0.031049268631569458,0.028768883297174495,0.0010705346769304108,0.25182229943576545,0.05760891428801504,1.0
MRPL11,0.0,0.0,0.0,0.0,0.0,1.0
ZNF562,0.0,0.0,0.0,0.0,0.0,1.0
ATG2B,0.0,0.0625,0.0,0.0,0.0,1.0
PDLIM2,0.0,0.0,0.0,0.0,0.0,1.0
DNAAF2,0.0,0.0,0.0,0.0,0.0,1.0
RASL12,0.0,0.0,0.0,0.0,0.0,1.0
TFB1M,0.0,0.0,0.0,0.0,0.0,1.0
FSD1,0.0,0.0,0.0,0.0,0.0,1.0
ZNF236,0.0,0.0,0.0,0.0,0.0,1.0
UBTD1,0.0,0.0,0.0,0.0,0.0,1.0
IFT74,0.0,0.0,0.0,0.0,0.0,1.0
SLC41A3,0.0,0.0,0.0,0.0,0.0,1.0
MAIP1,0.0,0.0,0.0,0.0,0.0,1.0
BRIX1,0.15781368465122575,0.01671725928164746,0.0019093913971525347,0.35559213308891957,0.04802977075752816,1.0
QTRT2,0.0,0.0,0.0,0.0,0.0,1.0
DACT1,0.0,0.0,0.0,0.0,0.0,1.0
PEX26,0.0,0.0,0.0,0.0,0.0,1.0
LIPG,0.0,0.0,0.0,0.0,0.0,1.0
TMEM231,0.0,0.0,0.0,0.0,0.0,1.0
CYTH4,0.038659704293794124,0.016154288733316972,0.001993773862326134,0.20818783539893682,0.10898451366178503,1.0
TIMM22,0.0,0.0,0.0,0.0,0.0,1.0
SIRT5,0.06988411972248584,0.025060432023856508,0.026969902431184488,0.1295377732118669,0.16266592785066142,1.0
ZBTB7A,0.0,0.0,0.0,0.0,0.0,1.0
FKBPL,0.0,0.0,0.0,0.0,0.0,1.0
MACROD1,0.0,0.0,0.0,0.0,0.0,1.0
FBXL6,0.0,0.0,0.0,0.0,0.0,1.0
AGO4,0.0,0.0,0.0,0.0,0.0,1.0
BIN2,0.02324113520024197,0.017990110459177353,0.015607741127109399,0.1758958998293516,0.15188584068698807,1.0
UBAP2,0.0,0.0,0.0,0.0,0.0,1.0
WDR70,0.0,0.0,0.0,0.0,0.0,1.0
SEMA4G,0.04446908328263643,0.022215746737511134,0.008326449388964699,0.06274552615549499,0.08694394508987979,1.0
PPARGC1A,0.0,0.0,0.0,0.0,0.0,1.0
SCG3,0.0,0.0,0.0,0.0,0.0,1.0
SCUBE2,0.0,0.0,0.0,0.0,0.0,1.0
GTF3C4,0.0,0.0,0.0,0.0,0.0,1.0
AFF4,0.0,0.0,0.0,0.0,0.0,1.0
FASTKD3,0.04124912351448487,0.022166998975098544,0.04684543901610592,0.22853929876646328,0.1352068961121054,1.0
TWSG1,0.0,0.0,0.0,0.0,0.0,1.0
RHBDF2,0.0,0.0,0.0,0.0,0.0,1.0
EMC9,0.0,0.0,0.0,0.0,0.0,1.0
SRR,0.0430642941985165,0.025895601199415443,0.029138695350274434,0.11879057720576522,0.1503420454475639,1.0
TMBIM4,0.0625,0.0,0.0,0.0,0.0,1.0
EDC3,0.0,0.0,0.0,0.0,0.0,1.0
FBXO11,0.0,0.0,0.0,0.0,0.0,1.0
IFIH1,0.0399915489714758,0.007693055462782874,0.008572192151028678,0.2715223476864689,0.12078138514545853,1.0
RAB8B,0.030810828387247066,0.027133367697239355,0.010529943110455393,0.21698197918150353,0.08305938695292817,1.0
USP18,0.045575984362342725,0.01898181527752827,0.032348035422575604,0.05546711236962351,0.10891036084997216,1.0
HSPA14,0.0,0.0,0.0,0.0,0.0,1.0
JAM2,0.03655252691341056,0.02896847005220034,0.008479406841870521,0.09423537972518124,0.05492839873696639,1.0
NT5C,0.0,0.0,0.0,0.0,0.0,1.0
SLC39A4,0.0,0.0,0.0,0.0,0.0,1.0
ETAA1,0.0,0.0,0.0,0.0,0.0,1.0
NARS2,0.0,0.0,0.0,0.0,0.0,1.0
BAHCC1,0.0,0.0,0.0,0.0,0.0,1.0
TMEM160,0.0,0.0,0.0,0.0,0.0,1.0
MRPS22,0.0,0.0,0.0,0.0,0.0,1.0
ZBTB38,0.034929210295547214,0.02568871041472734,0.001339491816556626,0.15067187049865474,0.11464007202020957,1.0
RBKS,0.0,0.0,0.0,0.0,0.0,1.0
CACFD1,0.0,0.0,0.0,0.0,0.0,1.0
ZNF408,0.0,0.0,0.0,0.0,0.0,1.0
PGBD5,0.0,0.0,0.0,0.0,0.0,1.0
CDK12,0.05966544347536781,0.06704767968940697,0.27139224381799765,0.06352518861398833,0.10902198722869162,1.0
CCNJL,0.0,0.0,0.0,0.0,0.0,1.0
ZNF331,0.0,0.0,0.0,0.0,0.0,1.0
SLCO3A1,0.0,0.0,0.0,0.0,0.0,1.0
TMEM100,0.0,0.0,0.0,0.0,0.0,1.0
TGS1,0.0,0.0,0.0,0.0,0.0,1.0
EGLN3,0.08984910690987129,0.03159446103855403,0.01766733492804549,0.09648143076807474,0.11534095634556427,1.0
GSDMB,0.03348365012466765,0.01999112148310105,0.020647224910621667,0.24133723919008618,0.07388290066666134,1.0
SCRN3,0.0,0.0,0.0,0.0,0.0,1.0
PHACTR4,0.0,0.0,0.0,0.0,0.0,1.0
PAQR6,0.0,0.0,0.0,0.0,0.0,1.0
DNAJB14,0.0,0.0,0.0,0.0,0.0,1.0
PIGV,0.027939647839041147,0.020591442301534098,0.009413742458291666,0.15578492220321924,0.09882100118068769,1.0
ZNF654,0.0,0.0,0.0,0.0,0.0,1.0
C10orf88,0.0,0.0,0.0,0.0,0.0,1.0
CEP63,0.0,0.0,0.0,0.0,0.0,1.0
GIMAP4,0.05031600705195464,0.011415584337379383,0.017344093062587752,0.14330842406019872,0.16551144737948859,1.0
MRPL46,0.0,0.0,0.0,0.0,0.0,1.0
OGFOD2,0.0442565081545985,0.021509305121692184,0.013064141000284324,0.15945107730094685,0.11912033174386445,1.0
ZDHHC14,0.0,0.0,0.0,0.0,0.0,1.0
THUMPD2,0.0,0.0,0.0,0.0,0.0,1.0
FKBP10,0.0,0.0,0.0,0.0,0.0,1.0
FLRT3,0.0,0.0,0.0,0.0,0.0,1.0
DYNC2I1,0.0,0.0,0.0,0.0,0.0,1.0
GEMIN8,0.0,0.0,0.0,0.0,0.0,1.0
TMEM185B,0.0,0.0,0.0,0.0,0.0,1.0
IL17RB,0.04366000218815116,0.02561778121753338,0.022553685520212967,0.11036927770717911,0.07877543459680658,1.0
SH3TC1,0.0,0.0,0.0,0.0,0.0,1.0
SPHK1,0.0240430247800831,0.016427130514255428,0.018771035163724685,0.292022673873371,0.0787562399863578,1.0
TIPIN,0.06531094883927052,0.05442911057744281,0.0,0.2139940817904647,0.06709780935512452,1.0
SEMA4A,0.0,0.0,0.0,0.0,0.0,1.0
ELP5,0.0,0.0,0.0,0.0,0.0,1.0
INTS15,0.0,0.0,0.0,0.0,0.0,1.0
SUV39H2,0.055764251804061374,0.023470440886667325,0.018849334516562226,0.15806371581750608,0.1334694700665783,1.0
RNF128,0.0353774353788649,0.025597021550053185,0.0035593870174233685,0.15268892499499903,0.1466110357261941,1.0
PPP2R3B,0.0,0.0,0.0,0.0,0.0,1.0
MOB3B,0.0,0.0,0.0,0.0,0.0,1.0
ZNF350,0.0,0.0,0.0,0.0,0.0,1.0
GLTP,0.028784769546899153,0.03751010724249431,0.020426261003607338,0.17227496876126008,0.08000601358181511,1.0
ETNK2,0.027887334367112382,0.02892411822684807,0.00016284401766339195,0.17163588256949833,0.05385603592781065,1.0
HMBOX1,0.0,0.0,0.0,0.0,0.0,1.0
CHAC1,0.0625,0.0,0.0,0.0,0.0,1.0
GALNT14,0.0,0.0,0.0,0.0,0.0,1.0
CCNK,0.0,0.0,0.0,0.0,0.0,1.0
TSPAN12,0.0,0.0,0.0,0.0,0.0,1.0
PDCD5,0.0625,0.0,0.0,0.0,0.0,1.0
CAAP1,0.0625,0.0,0.0,0.0,0.0,1.0
OGDHL,0.0,0.0,0.0,0.0,0.0,1.0
MAP3K6,0.03755683637959379,0.011415535923091663,0.0029629432831605055,0.21648301073621945,0.13548673351853113,1.0
DOCK10,0.02975332841190197,0.02414068482462195,0.006067584859060432,0.14476102402304955,0.12124217329672657,1.0
MSRA,0.0,0.0,0.0,0.0,0.0,1.0
TRPV2,0.033663898704346815,0.015607941530758559,0.009005943270929209,0.1780281412391401,0.09930209442698118,1.0
C1GALT1C1,0.03194039594082817,0.012757839628910207,0.0038047326240023206,0.18388585617284053,0.18315289400909499,1.0
HSPBAP1,0.0,0.0,0.0,0.0,0.0,1.0
NIN,0.037968251431741054,0.02188185011478388,0.016700334768628346,0.242558316612718,0.10806900596017122,1.0
RBM15,0.0,0.0,0.0,0.0,0.0,1.0
KCNMB4,0.03026243648836882,0.024887154089500794,0.009687222712461358,0.20798692510878544,0.17108873398964503,1.0
CEP15,0.0,0.0,0.0,0.0,0.0,1.0
HEATR3,0.0,0.0,0.0,0.0,0.0,1.0
DAPP1,0.03970432927609904,0.01870646041493981,0.028220633912261574,0.11796737395573642,0.15486778829640618,1.0
DTWD1,0.0,0.0,0.0,0.0,0.0,1.0
THAP1,0.0,0.0,0.0,0.0,0.0,1.0
OLA1,0.0,0.0,0.0,0.0,0.0,1.0
CENPQ,0.0,0.0,0.0,0.0,0.0,1.0
PCOLCE2,0.0,0.0,0.0,0.0,0.0,1.0
ZDHHC13,0.0,0.0,0.0,0.0,0.0,1.0
WDR44,0.0,0.0,0.0,0.0,0.0,1.0
ECHDC3,0.0,0.0,0.0,0.0,0.0,1.0
TYW2,0.0,0.0,0.0,0.0,0.0,1.0
CNTNAP2,0.0,0.0,0.0,0.0,0.0,1.0
OBI1,0.0,0.0,0.0,0.0,0.0,1.0
PDGFD,0.028947346650026223,0.01638005902154872,0.01084007389755264,0.16491523731458305,0.09687739941567905,1.0
FBXO2,0.0,0.0,0.0,0.0,0.0,1.0
KIF15,0.0,0.0,0.0,0.0,0.0,1.0
PDSS2,0.030413902588722237,0.024987263187268762,0.0034603914980464675,0.09703663633732089,0.05466946348951225,1.0
AK5,0.027816213065962096,0.013701634925063546,0.012208161463744526,0.11321294319616251,0.13188597631995078,1.0
C22orf46P,0.0,0.0,0.0,0.0,0.0,1.0
SYNDIG1,0.0,0.0,0.0,0.0,0.0,1.0
ZBTB10,0.0,0.0,0.0,0.0,0.0,1.0
GRAMD1C,0.0,0.0,0.0,0.0,0.0,1.0
ZNF219,0.0,0.0,0.0,0.0,0.0,1.0
TMEM204,0.0,0.0,0.0,0.0,0.0,1.0
FLVCR2,0.0,0.0,0.0,0.0,0.0,1.0
POLI,0.0,0.0,0.0,0.0,0.0,1.0
MED31,0.0,0.0,0.0,0.0,0.0,1.0
HIF3A,0.09698784523380669,0.015721765909054403,0.009760463134213361,0.28909219319557944,0.08902754396294968,1.0
MYO19,0.0,0.0,0.0,0.0,0.0,1.0
PALS1,0.0,0.0,0.0,0.0,0.0,1.0
WRAP73,0.0,0.0,0.0,0.0,0.0,1.0
IL18BP,0.03915403526038666,0.02890381722616297,0.015648616452938878,0.23496083938730855,0.07915938951075231,1.0
NOL12,0.0,0.0,0.0,0.0,0.0,1.0
ELAC1,0.0,0.0,0.0,0.0,0.0,1.0
B3GNT2,0.0,0.0,0.0,0.0,0.0,1.0
GPRC5C,0.0,0.0,0.0,0.0,0.0,1.0
DDX31,0.0,0.0,0.0,0.0,0.0,1.0
ATRAID,0.0,0.0,0.0,0.0,0.0,1.0
VANGL1,0.0,0.0,0.0,0.0,0.0,1.0
KLHDC8A,0.0,0.0,0.0,0.0,0.0,1.0
MICALL2,0.035708936621933356,0.022682677543894945,0.002593429585111417,0.05997731241089355,0.1549781690495332,1.0
CAPN10,0.0,0.0,0.0,0.0,0.0,1.0
NABP1,0.0,0.0,0.0,0.0,0.0,1.0
ARMCX5,0.0,0.0,0.0,0.0,0.0,1.0
ASCC1,0.0,0.0,0.0,0.0,0.0,1.0
C1orf159,0.0,0.0,0.0,0.0,0.0,1.0
LRRC49,0.0,0.0,0.0,0.0,0.0,1.0
EHMT1,0.059913363474091194,0.009675488072477626,0.012212769516733463,0.20232567711921118,0.15127481611506557,1.0
CLN8,0.0625,0.0,0.0,0.0,0.0,1.0
CASD1,0.0,0.0,0.0,0.0,0.0,1.0
CDC37L1,0.0,0.0,0.0,0.0,0.0,1.0
SLC29A3,0.0,0.0,0.0,0.0,0.0,1.0
BOLA1,0.0,0.0,0.0,0.0,0.0,1.0
LRFN3,0.0,0.0,0.0,0.0,0.0,1.0
NUDT15,0.0,0.0,0.0,0.0,0.0,1.0
EXOC2,0.0,0.0,0.0,0.0,0.0,1.0
DIABLO,0.0625,0.0,0.0,0.0,0.0,1.0
TRAPPC2,0.0,0.0,0.0,0.0,0.0,1.0
HERC6,0.0,0.0,0.0,0.0,0.0,1.0
NHLRC2,0.0,0.0,0.0,0.0,0.0,1.0
KLHL26,0.0,0.0,0.0,0.0,0.0,1.0
RADX,0.0,0.0,0.0,0.0,0.0,1.0
CHMP5,0.0,0.0,0.0,0.0625,0.0,1.0
GTPBP1,0.0,0.0,0.0,0.0,0.0,1.0
ADAP2,0.062030234348229574,0.07154110113964944,0.04399763013338914,0.08267256988421515,0.07827371840683592,1.0
PGGHG,0.0,0.0,0.0,0.0,0.0,1.0
TRPM4,0.03222163584733248,0.018222447517161344,0.01958914466677984,0.1996243305679536,0.1383041730847174,1.0
AEN,0.0625,0.0,0.0,0.0,0.0,1.0
NAA35,0.0,0.0,0.0,0.0,0.0,1.0
MTERF3,0.0,0.0,0.0,0.0,0.0,1.0
DHX58,0.0,0.0,0.0,0.0,0.0,1.0
CAMKV,0.03873461032159241,0.017382149636447797,0.019907676077348484,0.16873908613000224,0.14454619802709226,1.0
AVEN,0.0625,0.0,0.0,0.0,0.0,1.0
NAP1L2,0.0,0.0,0.0,0.0,0.0,1.0
OTUB2,0.0,0.0,0.0,0.0,0.0,1.0
RPRM,0.0,0.0,0.0,0.0,0.0,1.0
KLF2,0.0,0.0,0.0,0.0,0.0,1.0
IFT81,0.0,0.0,0.0,0.0,0.0,1.0
DPM3,0.03265648137708648,0.015170240685232329,0.017359692500032074,0.1678189423309667,0.046996853097639874,1.0
CEPT1,0.0,0.0,0.0,0.0,0.0,1.0
GAREM1,0.0,0.0,0.0,0.0,0.0,1.0
NAA16,0.0,0.0,0.0,0.0,0.0,1.0
ZNF358,0.0,0.0,0.0,0.0,0.0,1.0
POLH,0.04381573283701405,0.026748292126082252,0.001901007625623493,0.23890875097695383,0.05914737192846527,1.0
CPLANE1,0.0,0.0,0.0,0.0,0.0,1.0
SERTAD3,0.0,0.0,0.0,0.0,0.0,1.0
PRR5L,0.03351528710719673,0.012798120059818967,0.0008094258938595723,0.22804658691098817,0.0879188700511597,1.0
ADAT1,0.0,0.0,0.0,0.0,0.0,1.0
SLAMF8,0.03282209269676408,0.022148120167655622,0.01762780512734309,0.11428735536817482,0.07999375849804422,1.0
CCDC88A,0.0,0.0,0.0,0.0,0.0,1.0
GRHL2,0.0,0.0,0.0,0.0,0.0,1.0
SUSD4,0.030403483048609275,0.023409849603393488,0.008471553831580474,0.3319969152458503,0.1254511772775877,1.0
FKBP14,0.0,0.0,0.0,0.0,0.0,1.0
BPNT1,0.0,0.0,0.0,0.0,0.0,1.0
PRR11,0.0,0.0,0.0,0.0,0.0,1.0
PGS1,0.0,0.0,0.0,0.0,0.0,1.0
ESRP2,0.0,0.0,0.0,0.0,0.0,1.0
NEIL1,0.028119994142589217,0.016788001357318706,0.024235382653520956,0.16627783131622165,0.09966336322686084,1.0
COQ10B,0.0,0.0,0.0,0.0,0.0,1.0
CIDEC,0.0625,0.0,0.0,0.0,0.0,1.0
CNTNAP1,0.0,0.0,0.0,0.0,0.0,1.0
XYLT2,0.0,0.0,0.0,0.0,0.0,1.0
HPSE,0.027619031489828267,0.02417889462472205,0.01065843502639126,0.0882557883593314,0.11557779068049664,1.0
EPS8L3,0.0,0.0,0.0,0.0,0.0,1.0
TRIM68,0.0,0.0,0.0,0.0,0.0,1.0
C1orf50,0.0,0.0,0.0,0.0,0.0,1.0
LAMC3,0.0,0.0,0.0,0.0,0.0,1.0
PRMT7,0.02737975302735768,0.032659078656469255,0.010898131759976965,0.18457607374316654,0.09282890878243613,1.0
SNIP1,0.0,0.0,0.0,0.0,0.0,1.0
TMEM45A,0.04588546325569764,0.027993337393635964,0.04397912016900142,0.22832464614714232,0.12812377389889737,1.0
ELMO3,0.0625,0.0,0.0,0.0,0.0,1.0
RAB38,0.0,0.0,0.0,0.0,0.0,1.0
ACBD4,0.0,0.0,0.0,0.0,0.0,1.0
CLSTN2,0.0,0.0,0.0,0.0,0.0,1.0
TTYH1,0.0,0.0,0.0,0.0,0.0,1.0
SCARA3,0.0,0.0,0.0,0.0,0.0,1.0
BORCS6,0.0,0.0,0.0,0.0,0.0,1.0
NHEJ1,0.034013981154972006,0.013586708160476878,0.021323815078055197,0.24907645141473989,0.1297326747420042,1.0
RBFA,0.0,0.0,0.0,0.0,0.0,1.0
COA7,0.0,0.0,0.0,0.0,0.0,1.0
TTC33,0.0,0.0,0.0,0.0,0.0,1.0
ESPN,0.0,0.0,0.0,0.0,0.0,1.0
TNFRSF25,0.093425523510055,0.015015244938841724,0.014832071138584554,0.1921171895465254,0.12601529089147584,1.0
EBI3,0.03830240347573703,0.022014114813982834,0.01574850474619817,0.12617254698705824,0.0989576541788875,1.0
SULT4A1,0.0,0.0,0.0,0.0,0.0,1.0
AGO3,0.0,0.0,0.0,0.0,0.0,1.0
FAT4,0.0,0.0,0.0,0.0,0.0,1.0
PXMP4,0.0,0.0,0.0,0.0,0.0,1.0
FA2H,0.0,0.0,0.0,0.0,0.0,1.0
ARHGAP10,0.0625,0.0,0.0,0.0,0.0,1.0
EVC,0.0,0.0,0.0,0.0,0.0,1.0
BCOR,0.04508102473641774,0.026009667309308596,2.0723004385855097e-05,0.36425508164599424,0.1610758157399702,1.0
TREM1,0.0,0.0,0.0,0.0,0.0,1.0
CTC1,0.0,0.0,0.0,0.0,0.0,1.0
EMCN,0.0,0.0,0.0,0.0,0.0,1.0
ANKRD11,0.02433144381368077,0.045440741770739576,0.028665764431464798,0.3049514719502481,0.07575095381006108,1.0
NKAIN1,0.0,0.0,0.0,0.0,0.0,1.0
C1GALT1,0.0,0.0,0.0,0.0,0.0,1.0
RAI2,0.03954748844243099,0.012028913678802596,0.0045059620309847795,0.23302209846500938,0.14718976053149327,1.0
LRRK1,0.03313208210736004,0.013815275140655942,0.0011249362972065562,0.10099169147157529,0.12113502076201983,1.0
CLUHP3,0.0,0.0,0.0,0.0,0.0,1.0
TASP1,0.0,0.0,0.0,0.0,0.0,1.0
BCORL1,0.0,0.0,0.0,0.0,0.0,1.0
BICRA,0.0,0.0,0.0,0.0,0.0,1.0
RIC8B,0.0,0.0,0.0,0.0,0.0,1.0
SLC35H1,0.0,0.0,0.0,0.0,0.0,1.0
TMEM70,0.0,0.0,0.0,0.0,0.0,1.0
PGCKA1,0.0,0.0,0.0,0.0,0.0,1.0
DPEP2,0.0441338141570088,0.020179878054708285,0.02487424618365549,0.1675188499175038,0.09174006949961541,1.0
KLHL36,0.0,0.0,0.0,0.0,0.0,1.0
EGFL6,0.0,0.0,0.0,0.0,0.0,1.0
CFAP69,0.0,0.0,0.0,0.0,0.0,1.0
NSUN3,0.0,0.0,0.0,0.0,0.0,1.0
POLR3B,0.0,0.0,0.0,0.0,0.0,1.0
TMEM127,0.0,0.0,0.0,0.0,0.0,1.0
PAK6,0.0625,0.0,0.0,0.0,0.0,1.0
TMEM53,0.0,0.0,0.0,0.0,0.0,1.0
LAMP5,0.035234893539232696,0.015464412334298483,0.007238681746693473,0.32140198847699325,0.07738485950585136,1.0
CA14,0.03275000648111756,0.03876985438603111,0.009757020616219102,0.22820186901449338,0.09944813582024928,1.0
APOA2,0.0,0.0,0.0,0.0,0.0,1.0
GIN1,0.0,0.0,0.0,0.0,0.0,1.0
CUEDC1,0.026386693433958993,0.0028220688963636453,0.0027695998603698884,0.2880722440172344,0.08617339301483845,1.0
DYNC2H1,0.0,0.0,0.0,0.0,0.0,1.0
CCNJ,0.0,0.0,0.0,0.0,0.0,1.0
CENPO,0.0,0.0,0.0,0.0,0.0,1.0
GDAP2,0.0,0.0,0.0,0.0,0.0,1.0
C3orf52,0.0,0.0,0.0,0.0,0.0,1.0
OSGIN1,0.0,0.0,0.0,0.0,0.0,1.0
WFDC1,0.0,0.0,0.0,0.0,0.0,1.0
POGLUT2,0.0,0.0,0.0,0.0,0.0,1.0
SNAI1,0.07318145062853519,0.03655824549115881,0.03299241572858322,0.07419646935649553,0.15208123230580609,1.0
TTC13,0.0,0.0,0.0,0.0,0.0,1.0
SETD4,0.0,0.0,0.0,0.0,0.0,1.0
PORCN,0.036011910387240574,0.03412091180839867,0.007538186018839073,0.16636186177875706,0.15385851864701186,1.0
HCFC2,0.0,0.0,0.0,0.0,0.0,1.0
PSMD10,0.0625,0.0,0.0,0.0,0.0,1.0
BBS10,0.0,0.0,0.0,0.0,0.0,1.0
A4GALT,0.0,0.0,0.0,0.0,0.0,1.0
NXN,0.0,0.0,0.0,0.0,0.0,1.0
DCLRE1B,0.0,0.0,0.0,0.0,0.0,1.0
LRFN4,0.0,0.0,0.0,0.0,0.0,1.0
CHIC2,0.0,0.0,0.0,0.0,0.0,1.0
SHCBP1,0.0,0.0,0.0,0.0,0.0,1.0
RAD54B,0.0,0.0,0.0,0.0,0.0,1.0
ZNF180,0.0,0.0,0.0,0.0,0.0,1.0
SOWAHC,0.034596541231930206,0.03155077486323728,0.0254484005925599,0.046044803073830756,0.10666160804801533,1.0
SEC61A2,0.0,0.0,0.0,0.0,0.0,1.0
CLCF1,0.029957030640084086,0.01918901377033186,0.0034153328595882353,0.38521752784564145,0.08312803496283311,1.0
ENOX1,0.0,0.0,0.0,0.0,0.0,1.0
NEIL3,0.0,0.0,0.0,0.0,0.0,1.0
TMEM40,0.0,0.0,0.0,0.0,0.0,1.0
RPAP2,0.0,0.0,0.0,0.0,0.0,1.0
ADA2,0.041707457454277196,0.01919278029887159,0.014096313429669636,0.34402698210253135,0.15050043903303323,1.0
C1orf54,0.0,0.0,0.0,0.0,0.0,1.0
RSRC1,0.0,0.0,0.0,0.0,0.0,1.0
GCNT3,0.0,0.0,0.0,0.0,0.0,1.0
MYOZ1,0.0,0.0,0.0,0.0,0.0,1.0
POLQ,0.0,0.0,0.0,0.0,0.0,1.0
SNCAIP,0.0,0.0,0.0,0.0,0.0,1.0
DSN1,0.0,0.0,0.0,0.0,0.0,1.0
SH2D3A,0.0,0.0,0.0,0.0,0.0,1.0
PRDM10,0.0,0.0,0.0,0.0,0.0,1.0
TRPV4,0.034834773810509895,0.02923255195751012,0.007278013769402035,0.2798368425734505,0.10735977986326734,1.0
SIGLEC1,0.03432069141119433,0.01944247406482051,0.01150863340791794,0.2579123989846369,0.14071418122538198,1.0
WWC3,0.0,0.0,0.0,0.0,0.0,1.0
B3GAT1,0.02771760199103673,0.03129185000399819,0.014043310572824107,0.1442147156863115,0.13545195207887867,1.0
FJX1,0.04593941402130308,0.019003657067078857,0.009737790842259144,0.09132284110122768,0.1465392245689056,1.0
TENM3,0.03379165429101423,0.013777583914693756,0.01884064172926623,0.17313808286518229,0.15491184900718635,1.0
NDUFAF5,0.0,0.0,0.0,0.0,0.0,1.0
SLC47A1,0.029401965491276272,0.02226398963787197,0.0074340873695682656,0.24564498925505707,0.09053289342224223,1.0
BCL11B,0.0625,0.0,0.0,0.0,0.0,1.0
CLIC3,0.03461070087364474,0.036681733792574896,0.01532810148445676,0.10217830592873782,0.1090445187530665,1.0
PALB2,0.0625,0.0,0.0,0.0,0.0,1.0
CEP72,0.021407438987155813,0.018428139801848945,0.009662858258032953,0.31686308273950187,0.0957481490928829,1.0
ELOVL4,0.05172546387741329,0.007031890792146238,0.0032218296187107595,0.22191693987211036,0.13956429427991757,1.0
CDKN1C,0.03539256558346282,0.02541780108655618,0.023461577097130405,0.15841119594414607,0.1597076730901814,1.0
HUNK,0.04064527436273376,0.029056938596344714,0.043020390477456115,0.10396382685703864,0.17499784552982747,1.0
DLL3,0.0,0.0,0.0,0.0,0.0,1.0
GEMIN6,0.0,0.0,0.0,0.0,0.0,1.0
ZNF267,0.0,0.0,0.0,0.0,0.0,1.0
NEK11,0.03654525044398096,0.012642795185509844,0.003947323478171793,0.08861485689215576,0.11088238888129381,1.0
PBLD,0.0,0.0,0.0,0.0,0.0,1.0
BORA,0.0,0.0,0.0,0.0,0.0,1.0
KCTD14,0.0,0.0,0.0,0.0,0.0,1.0
COX15,0.0,0.0,0.0,0.0,0.0,1.0
ZNF16,0.0,0.0,0.0,0.0,0.0,1.0
RTN3,0.0625,0.0,0.0,0.0,0.0,1.0
ROBO3,0.030975333111249875,0.0007831750938799183,0.004500035124029789,0.1797080898048804,0.198816641756002,1.0
EAF2,0.0625,0.0,0.0,0.0,0.0,1.0
NME7,0.036916572154608786,0.028877733059484052,0.017977175292967745,0.15028584736262438,0.15610031755514037,1.0
RHCG,0.0,0.0,0.0,0.0,0.0,1.0
TEDC2,0.0,0.0,0.0,0.0,0.0,1.0
NRIP3,0.042611558859672195,0.028025655592940756,0.02683686657584332,0.23593853261970102,0.10413281796242851,1.0
SLC17A9,0.0,0.0,0.0,0.0,0.0,1.0
COPZ2,0.0,0.0,0.0,0.0,0.0,1.0
LINC00341,0.0,0.0,0.0,0.0,0.0,1.0
KCNJ16,0.0,0.0,0.0,0.0,0.0,1.0
CYP20A1,0.05006012880848608,0.026148742847905273,0.010184050982549512,0.10527015092596015,0.13722639727850255,1.0
PLEKHF1,0.0625,0.0,0.0,0.0,0.0,1.0
EXO5,0.0,0.0,0.0,0.0,0.0,1.0
SOX18,0.0,0.0,0.0,0.0,0.0,1.0
SLC35G2,0.0,0.0,0.0,0.0,0.0,1.0
KIF16B,0.0,0.0,0.0,0.0,0.0,1.0
ZNF12,0.0,0.0,0.0,0.0,0.0,1.0
CADPS2,0.0,0.0,0.0,0.0,0.0,1.0
CARMIL1,0.0,0.0,0.0,0.0,0.0,1.0
MARCHF1,0.0,0.0,0.0,0.0,0.0,1.0
MAP7D3,0.0,0.0,0.0,0.0,0.0,1.0
ABCA7,0.030475205326214977,0.023039530814394592,0.002588626052327817,0.1713432896790273,0.11131523194016935,1.0
CPEB1,0.0,0.0,0.0,0.0,0.0,1.0
RAB3IL1,0.0,0.0,0.0,0.0,0.0,1.0
TMC5,0.0,0.0,0.0,0.0,0.0,1.0
TSEN2,0.0,0.0,0.0,0.0,0.0,1.0
OGFRL1,0.0,0.0,0.0,0.0,0.0,1.0
SPATA7,0.0,0.0,0.0,0.0,0.0,1.0
PLA1A,0.03524802762893191,0.019842786035372827,0.011691120870657844,0.11189901820723028,0.1090491201480702,1.0
TTC12,0.0,0.0,0.0,0.0,0.0,1.0
NCAPG2,0.0,0.0,0.0,0.0,0.0,1.0
TMEM143,0.0,0.0,0.0,0.0,0.0,1.0
DPH5,0.037535437159871995,0.021461325711299918,0.009167492113027843,0.18549139446613142,0.14403229653364735,1.0
CEND1,0.0,0.0,0.0,0.0,0.0,1.0
MCPH1,0.0,0.0,0.0,0.0,0.0,1.0
SLC15A3,0.0,0.0,0.0,0.0,0.0,1.0
NINJ2,0.0,0.0,0.0,0.0,0.0,1.0
THAP10,0.0,0.0,0.0,0.0,0.0,1.0
DUOX1,0.03421470866851506,0.0031427100684527785,0.005853909029598085,0.23799878387313433,0.11385363747304585,1.0
RWDD1,0.0,0.0,0.0,0.0,0.0,1.0
TMEM50B,0.0,0.0,0.0,0.0,0.0,1.0
C10orf12,0.0,0.0,0.0,0.0,0.0,1.0
PIEZO2,0.0,0.0,0.0,0.0,0.0,1.0
ZNF226,0.0,0.0,0.0,0.0,0.0,1.0
MS4A4A,0.036191699936547,0.01484567780421409,0.0010546760507198338,0.17842025482000953,0.05578507297114629,1.0
FBXO38,0.0,0.0,0.0,0.0,0.0,1.0
WDR25,0.0,0.0,0.0,0.0,0.0,1.0
ARHGEF28,0.0,0.0,0.0,0.0,0.0,1.0
CEP85,0.0,0.0,0.0,0.0,0.0,1.0
FGG,0.037433642586622455,0.008620883739006702,0.00408518499694813,0.27129810485357175,0.1383332901409186,1.0
SIRT6,0.04524778530484682,0.011018189377558368,0.02229238082653768,0.1789349097755594,0.19095219659095033,1.0
SLC6A20,0.0,0.0,0.0,0.0,0.0,1.0
KCNK5,0.041571621758097525,0.03606723244442378,0.0005675016125135807,0.25986179545560417,0.09520109222612294,1.0
ACSS3,0.0,0.0,0.0,0.0,0.0,1.0
CAMKMT,0.0,0.0,0.0,0.0,0.0,1.0
IRAK4,0.03283047859101135,0.03136999350114709,0.012016777215838053,0.22408262469113915,0.08273714900580156,1.0
DIRAS2,0.0,0.0,0.0,0.0,0.0,1.0
TOR4A,0.0,0.0,0.0,0.0,0.0,1.0
CLSPN,0.0625,0.0,0.0,0.0,0.0,1.0
RAB20,0.0,0.0,0.0,0.0,0.0,1.0
ACTR5,0.0,0.0,0.0,0.0,0.0,1.0
BAG4,0.0,0.0,0.0,0.0,0.0,1.0
CERT1,0.0,0.0,0.0,0.0,0.0,1.0
ZNF767P,0.0,0.0,0.0,0.0,0.0,1.0
ZMAT3,0.09348469069145188,0.03071896435490097,0.00513801544581672,0.15257073588621461,0.15867147069685308,1.0
FAM118A,0.0,0.0,0.0,0.0,0.0,1.0
PDZK1IP1,0.0,0.0,0.0,0.0,0.0,1.0
LRP12,0.04688732925040111,0.018304811038654147,0.010703274456423061,0.08694903594034822,0.11564699512684165,1.0
TRPV1,0.038872302757374674,0.03406534471703867,0.0012063881377274589,0.40220687913152114,0.1127980793382584,1.0
TTPAL,0.0,0.0,0.0,0.0,0.0,1.0
CHST11,0.0625,0.0,0.0,0.0,0.0,1.0
ZNF606,0.0,0.0,0.0,0.0,0.0,1.0
ARMC9,0.0,0.0,0.0,0.0,0.0,1.0
FBXO22,0.030426970811209923,0.014914106082456916,0.0013631517870708685,0.19682116860429252,0.12492079784224494,1.0
PARP6,0.0,0.0,0.0,0.0,0.0,1.0
CLDN15,0.0,0.0,0.0,0.0,0.0,1.0
DET1,0.0,0.0,0.0,0.0,0.0,1.0
PEX5L,0.0,0.0,0.0,0.0,0.0,1.0
LRP1B,0.0,0.0,0.0,0.0,0.0,1.0
CEP83,0.03805449300779485,0.015253962388998572,0.0076500484084764345,0.21367009298126605,0.15881861532898572,1.0
CASQ1,0.0,0.0,0.0,0.0,0.0,1.0
DEF8,0.035038700602550335,0.01169327332360434,0.009425657704518645,0.19007101003110466,0.10665083288132697,1.0
POPDC2,0.044937186716906934,0.012899964530330914,0.022625508079200427,0.13835731380765237,0.17546747985230535,1.0
MREG,0.039881611373907985,0.009226071386753406,0.015349285601503919,0.15877367757256997,0.14489105582445855,1.0
ALG6,0.0,0.0,0.0,0.0,0.0,1.0
ERCC6L,0.0,0.0,0.0,0.0,0.0,1.0
DPPA4,0.028246647589111776,0.012159223929273509,0.006010815319317206,0.19794291696365574,0.11013645709007394,1.0
DIPK2B,0.0,0.0,0.0,0.0,0.0,1.0
LSM14B,0.0,0.0,0.0,0.0,0.0,1.0
HACD1,0.0,0.0,0.0,0.0,0.0,1.0
SUGCT,0.0,0.0,0.0,0.0,0.0,1.0
PCDH12,0.0,0.0,0.0,0.0,0.0,1.0
KLF3,0.0,0.0,0.0,0.0,0.0,1.0
PTCD2,0.0,0.0,0.0,0.0,0.0,1.0
ATP8A2,0.0,0.0,0.0,0.0,0.0,1.0
RANBP17,0.0,0.0,0.0,0.0,0.0,1.0
C2orf49,0.0,0.0,0.0,0.0,0.0,1.0
TMEM121,0.0,0.0,0.0,0.0,0.0,1.0
DECR2,0.0,0.0,0.0,0.0,0.0,1.0
NUDT18,0.0,0.0,0.0,0.0,0.0,1.0
MS4A6A,0.03200101432418305,0.017191220919100008,0.031072120720550992,0.28336987625118554,0.12608146989033453,1.0
BANK1,0.040068745170770026,0.0088041852136979,0.018976526822304773,0.1561167845797001,0.13713689079838143,1.0
GDAP1L1,0.0,0.0,0.0,0.0,0.0,1.0
CD177,0.039756036175355176,0.03806160210793495,0.015068910435971949,0.11051271907720782,0.08587754759667321,1.0
BEND5,0.0,0.0,0.0,0.0,0.0,1.0
HPCAL4,0.0,0.0,0.0,0.0,0.0,1.0
AHSP,0.0,0.0,0.0,0.0,0.0,1.0
MCM9,0.0,0.0,0.0,0.0,0.0,1.0
UXS1,0.0,0.0,0.0,0.0,0.0,1.0
ZSCAN16,0.0,0.0,0.0,0.0,0.0,1.0
SPSB1,0.0,0.0,0.0,0.0,0.0,1.0
NLRX1,0.0,0.0,0.0,0.0,0.0,1.0
RAB11FIP1,0.02959591042832108,0.01126948824559607,0.014312312472280637,0.22869764323672404,0.16822208523103244,1.0
TBX3,0.0,0.0,0.0,0.0,0.0,1.0
FZD3,0.0,0.0,0.0,0.0,0.0,1.0
RTP4,0.04128003312126453,0.011073388176157634,0.004880340166844351,0.1730483898963663,0.1621294841337012,1.0
TMEM35A,0.0,0.0,0.0,0.0,0.0,1.0
STK32B,0.0,0.0,0.0,0.0,0.0,1.0
HHAT,0.0,0.0,0.0,0.0,0.0,1.0
BBS7,0.0,0.0,0.0,0.0,0.0,1.0
SEMA3G,0.05093522701139182,0.02652170821968873,0.03935825972253418,0.07460630547783836,0.14603897674745542,1.0
IGFLR1,0.0,0.0,0.0,0.0,0.0,1.0
SAMD9,0.0,0.0,0.0,0.0,0.0,1.0
KREMEN2,0.0,0.0,0.0,0.0,0.0,1.0
AGPAT4,0.0,0.0,0.0,0.0,0.0,1.0
OTULINL,0.0,0.0,0.0,0.0,0.0,1.0
SMPD3,0.0,0.0,0.0,0.0,0.0,1.0
DENND1B,0.027289074488549413,0.014106008715495395,0.01042173508916392,0.2392387675848101,0.09816166179563321,1.0
HS3ST2,0.0,0.0,0.0,0.0,0.0,1.0
METTL4,0.0,0.0,0.0,0.0,0.0,1.0
LGI2,0.0,0.0,0.0,0.0,0.0,1.0
PLXDC1,0.030288200548213903,0.06697859259175605,0.022373710820344027,0.08642289247387629,0.11516872078859376,1.0
TMOD2,0.0,0.0,0.0,0.0,0.0,1.0
PLAC1,0.0,0.0,0.0,0.0,0.0,1.0
MNS1,0.0,0.0,0.0,0.0,0.0,1.0
YBX2,0.0,0.0,0.0,0.0,0.0,1.0
QSER1,0.0,0.0,0.0,0.0,0.0,1.0
AP5S1,0.0,0.0,0.0,0.0,0.0,1.0
CPNE7,0.03543319589984003,0.0030869510511355937,0.006593547923777737,0.20612633473344494,0.1394098044687194,1.0
NT5M,0.0,0.0,0.0,0.0,0.0,1.0
ANTKMT,0.0,0.0,0.0,0.0,0.0,1.0
SH3TC2,0.0,0.0,0.0,0.0,0.0,1.0
ZNF586,0.0,0.0,0.0,0.0,0.0,1.0
CACNA2D3,0.0,0.0,0.0,0.0,0.0,1.0
TDP1,0.0,0.0,0.0,0.0,0.0,1.0
APOL6,0.0,0.0,0.0,0.0,0.0,1.0
DCAF16,0.0,0.0,0.0,0.0,0.0,1.0
FGGY,0.04385519549452307,0.011038642635254677,0.01429480474743568,0.10450591262263756,0.12283092183223197,1.0
HIGD1B,0.0,0.0,0.0,0.0,0.0,1.0
GPATCH2L,0.0,0.0,0.0,0.0,0.0,1.0
GDPD3,0.0,0.0,0.0,0.0,0.0,1.0
AGPAT3,0.0,0.0,0.0,0.0,0.0,1.0
TESPA1,0.045634835247450885,0.026186386650472217,0.01830929465164454,0.22876388565851996,0.12930418942107072,1.0
TREM2,0.04130441239846366,0.02530943030115828,0.005094798153478526,0.2987811474797034,0.10891423597437894,1.0
NLGN3,0.0,0.0,0.0,0.0,0.0,1.0
DUOX2,0.04715762449730433,0.03370826801343753,0.013300944694640741,0.08769089049269384,0.11477954344379096,1.0
MYOT,0.0,0.0,0.0,0.0,0.0,1.0
PRRX2,0.0,0.0,0.0,0.0,0.0,1.0
CC2D2B,0.0,0.0,0.0,0.0,0.0,1.0
PLPPR1,0.0,0.0,0.0,0.0,0.0,1.0
SLC27A5,0.0,0.0,0.0,0.0,0.0,1.0
SIDT1,0.03440692225361425,0.026913922971392355,0.0017329063737422843,0.15875689279029354,0.10592022752462528,1.0
TFCP2L1,0.0,0.0,0.0,0.0,0.0,1.0
TRIM36,0.0,0.0,0.0,0.0,0.0,1.0
PCDH9,0.0,0.0,0.0,0.0,0.0,1.0
RNF186,0.030165019989114163,0.018710759157295965,0.009414973469023499,0.07539105194735177,0.15607553142741312,1.0
VASH2,0.0,0.0,0.0,0.0,0.0,1.0
ZNF552,0.0,0.0,0.0,0.0,0.0,1.0
PRR7,0.0,0.0,0.0,0.0,0.0,1.0
HEY2,0.0,0.0,0.0,0.0,0.0,1.0
FN3K,0.035609868053316354,0.020327434697856868,0.009496296876919212,0.23309834086670814,0.06318569428559095,1.0
SLC68A1,0.0,0.0,0.0,0.0,0.0,1.0
DPF3,0.0,0.0,0.0,0.0,0.0,1.0
NDNF,0.0,0.0,0.0,0.0,0.0,1.0
TREML2,0.024781527706438388,0.022808172298569518,0.014044970864223084,0.23725606598374036,0.08235802097316866,1.0
SH2D4A,0.0,0.0,0.0,0.0,0.0,1.0
TMEM144,0.0,0.0,0.0,0.0,0.0,1.0
SETD6,0.0,0.0,0.0,0.0,0.0,1.0
RASAL1,0.0,0.0,0.0,0.0,0.0,1.0
STAG3,0.0,0.0,0.0,0.0,0.0,1.0
RBM41,0.0,0.0,0.0,0.0,0.0,1.0
CBX8,0.0504271081368081,0.020219493306204143,0.01576942494043785,0.11267809114781113,0.18116793599603315,1.0
POF1B,0.0,0.0,0.0,0.0,0.0,1.0
TMEM260,0.0,0.0,0.0,0.0,0.0,1.0
IFT56,0.0,0.0,0.0,0.0,0.0,1.0
ERAP2,0.03904687028740797,0.011250346539667088,0.0,0.11955579250031653,0.08209838677808513,1.0
LIN7B,0.0,0.0,0.0,0.0,0.0,1.0
CLEC1A,0.051495890299968275,0.0231694644174091,0.0012732318773336576,0.051211297748294665,0.1602941065963171,1.0
RPL36,0.0,0.0,0.0,0.0,0.0,1.0
DENND1A,0.0,0.0,0.0,0.0,0.0,1.0
FZD10,0.03979633071656655,0.013245194513329912,0.01774913577525157,0.18073860857831175,0.12474323730731678,1.0
ZNF329,0.0,0.0,0.0,0.0,0.0,1.0
B9D2,0.0,0.0,0.0,0.0,0.0,1.0
CRYZL1,0.0,0.0,0.0,0.0,0.0,1.0
VTCN1,0.036702183341414285,0.017511496109135452,0.008343453300555278,0.2738165367736974,0.1163765157554139,1.0
INCENP,0.1364684946998058,0.1393597983017765,0.08519411958351834,0.05962572850821047,0.050718841591477486,1.0
QTMAN,0.0,0.0,0.0,0.0,0.0,1.0
TBC1D8B,0.0,0.0,0.0,0.0,0.0,1.0
SMPX,0.0,0.0,0.0,0.0,0.0,1.0
NOX4,0.0,0.0,0.0,0.0,0.0,1.0
GIMAP6,0.039969145787729074,0.019391070483742712,0.018514912327142703,0.10914637625834657,0.15009234265471205,1.0
ZFPM2,0.0,0.0,0.0,0.0,0.0,1.0
ZFHX4,0.0457100218329248,0.012738662260580808,0.003097922807066865,0.28098582308109826,0.16404008590173713,1.0
ZNF771,0.0,0.0,0.0,0.0,0.0,1.0
SLC35F6,0.0,0.0,0.0,0.0,0.0,1.0
TESMIN,0.0,0.0,0.0,0.0,0.0,1.0
ECT2,0.0,0.0,0.0,0.0,0.0,1.0
NPR3,0.0,0.0,0.0,0.0,0.0,1.0
HAND2-AS1,0.0,0.0,0.0,0.0,0.0,1.0
AGMAT,0.04644118805726194,0.041741937617159545,0.009507757448581827,0.1904087053244454,0.14915109739927368,1.0
SNX16,0.04022234406106336,0.015762371278085354,0.01053787344419646,0.15741691841484437,0.1466804365541726,1.0
SLC6A14,0.0,0.0,0.0,0.0,0.0,1.0
CDHR5,0.0,0.0,0.0,0.0,0.0,1.0
MGAT4A,0.0,0.0,0.0,0.0,0.0,1.0
MEPCE,0.0,0.0,0.0,0.0,0.0,1.0
DHRS9,0.03110516139471119,0.009030651662967253,0.006930338860827995,0.1613159306632424,0.14588250531786182,1.0
THNSL1,0.036603115327851495,0.02651923693357496,0.009300363172833616,0.13907957127326664,0.1792546328668016,1.0
ZNF34,0.0,0.0,0.0,0.0,0.0,1.0
PYROXD1,0.0,0.0,0.0,0.0,0.0,1.0
ANGPTL3,0.03241376634911592,0.014727457708499394,0.012524451408879388,0.17052088125939396,0.12492170570742497,1.0
SYNPO2L,0.0,0.0,0.0,0.0,0.0,1.0
STEEP1,0.0,0.0,0.0,0.0,0.0,1.0
SMCO4,0.028877849184587613,0.017380507486385866,0.0054041288497179655,0.2600320540120761,0.09767880555953422,1.0
RAB4B,0.0,0.0,0.0,0.0,0.0,1.0
WDR55,0.0,0.0,0.0,0.0,0.0,1.0
VCPIP1,0.0,0.0,0.0,0.0,0.0,1.0
LATS1,0.03982003834616389,0.008810335407330139,0.012307166373749408,0.2653662871776312,0.15685246667808433,1.0
MBNL3,0.041526180121245086,0.011588004722639812,0.012790695114727253,0.19659149138326315,0.15888298343006407,1.0
GAL3ST4,0.0,0.0,0.0,0.0,0.0,1.0
RBM23,0.0,0.0,0.0,0.0,0.0,1.0
GPATCH1,0.031083442381468786,0.042306408569811625,0.009417403634648974,0.2954886699690224,0.12073045120483747,1.0
MRPS28,0.0,0.0,0.0,0.0,0.0,1.0
SLC6A16,0.0,0.0,0.0,0.0,0.0,1.0
GFOD1,0.0,0.0,0.0,0.0,0.0,1.0
MTRF1,0.0,0.0,0.0,0.0,0.0,1.0
LIN28A,0.0,0.0,0.0,0.0,0.0,1.0
SLC13A4,0.0,0.0,0.0,0.0,0.0,1.0
CYP26B1,0.0,0.0,0.0,0.0,0.0,1.0
ZNF419,0.0,0.0,0.0,0.0,0.0,1.0
UCP3,0.0,0.0,0.0,0.0,0.0,1.0
RABL6,0.0,0.0,0.0,0.0,0.0,1.0
ITGB1BP2,0.0,0.0,0.0,0.0,0.0,1.0
RAI1,0.03680011822471951,0.0352261179299126,0.0047104316869306575,0.1851702896296032,0.16528821757293988,1.0
CDKL3,0.038614422977622694,0.005319110939577552,0.0066766576712773374,0.15733681468372135,0.10825265200745071,1.0
HOXC13,0.0,0.0,0.0,0.0,0.0,1.0
EFHC1,0.0,0.0,0.0,0.0,0.0,1.0
CARF,0.0,0.0,0.0,0.0,0.0,1.0
PRDM8,0.0,0.0,0.0,0.0,0.0,1.0
ZBED2,0.03312966410766814,0.0237080221482768,0.02661325319757681,0.06976563695917656,0.14845988149770706,1.0
CYTL1,0.0,0.0,0.0,0.0,0.0,1.0
TTC23,0.0,0.0,0.0,0.0,0.0,1.0
TCL6,0.0,0.0,0.0,0.0,0.0,1.0
AICDA,0.04606626974339707,0.017663960207465853,0.0074278423778139065,0.04528084239202508,0.1529837953354435,1.0
ARL15,0.0,0.0,0.0,0.0,0.0,1.0
IPP,0.0,0.0,0.0,0.0,0.0,1.0
CCDC186,0.0,0.0,0.0,0.0,0.0,1.0
BARX1,0.0,0.0,0.0,0.0,0.0,1.0
HDAC11,0.046772639262948265,0.016937346503043883,0.0026807058191904865,0.1750569350915746,0.10899208078293246,1.0
ZNF432,0.0,0.0,0.0,0.0,0.0,1.0
ZNF671,0.0,0.0,0.0,0.0,0.0,1.0
EHF,0.045389693190687475,0.020491120235329334,0.009571508798558384,0.2561869133560588,0.10623095184870346,1.0
ZNF613,0.0,0.0,0.0,0.0,0.0,1.0
MORN1,0.0383092553035733,0.021508338296726926,0.01955272683692973,0.26320162870750696,0.10145878115126274,1.0
FKRP,0.0,0.0,0.0,0.0,0.0,1.0
ZNF14,0.0,0.0,0.0,0.0,0.0,1.0
NUDT11,0.0,0.0,0.0,0.0,0.0,1.0
C1orf116,0.0,0.0,0.0,0.0,0.0,1.0
PLEKHS1,0.0,0.0,0.0,0.0,0.0,1.0
MFSD6,0.0,0.0,0.0,0.0,0.0,1.0
CLEC4E,0.03854663512370743,0.021929860556421894,0.011693565249323407,0.20235820167095034,0.11024037181286751,1.0
LY6G5C,0.0,0.0,0.0,0.0,0.0,1.0
DNAJC17,0.0,0.0,0.0,0.0,0.0,1.0
NARF,0.0,0.0,0.0,0.0,0.0,1.0
HERC5,0.03429463145037624,0.026540137737718336,0.019862367732504407,0.11161383138255897,0.11913130978932267,1.0
RCAN3,0.0,0.0,0.0,0.0,0.0,1.0
LINC00339,0.0,0.0,0.0,0.0,0.0,1.0
CHODL,0.0,0.0,0.0,0.0,0.0,1.0
ANKFY1,0.0,0.0,0.0,0.0,0.0,1.0
ATF7IP2,0.0,0.0,0.0,0.0,0.0,1.0
KLF3-AS1,0.0,0.0,0.0,0.0,0.0,1.0
GASK1B,0.0,0.0,0.0,0.0,0.0,1.0
COLEC11,0.047713843165050854,0.01810522852306188,0.0063506349850824245,0.11328002307226358,0.10879498073791749,1.0
SLC12A8,0.0,0.0,0.0,0.0,0.0,1.0
GOLGA2P5,0.0,0.0,0.0,0.0,0.0,1.0
ZMAT4,0.0,0.0,0.0,0.0,0.0,1.0
KLF13,0.0,0.0,0.0,0.0,0.0,1.0
HROB,0.0,0.0,0.0,0.0,0.0,1.0
TTLL7,0.0,0.0,0.0,0.0,0.0,1.0
CATSPERZ,0.0,0.0,0.0,0.0,0.0,1.0
LHX6,0.0,0.0,0.0,0.0,0.0,1.0
SLFN12,0.0,0.0,0.0,0.0,0.0,1.0
CEP97,0.0,0.0,0.0,0.0,0.0,1.0
SPAG4,0.0,0.0,0.0,0.0,0.0,1.0
FRAT1,0.0,0.0,0.0,0.0,0.0,1.0
CLEC5A,0.04065414231909608,0.01905200903509366,0.005506368838584987,0.10545711227155721,0.1423084085029291,1.0
PGPEP1,0.0,0.0,0.0,0.0,0.0,1.0
TM6SF1,0.05220714049954753,0.042878590061115884,0.0105092772854771,0.11708056787716288,0.0933293549864866,1.0
CCDC71,0.03185694515421039,0.011825377908328352,0.0004375162051475423,0.2125074185794035,0.08263867843231301,1.0
MAGEL2,0.0,0.0,0.0,0.0,0.0,1.0
TMEM255A,0.04994797411653324,0.01764651382368872,0.010999935307316905,0.10939522675982198,0.1635507949149992,1.0
CALY,0.04812695999256071,0.020364564087505033,0.0035358268343484945,0.09167560588374113,0.1990135959373587,1.0
RNF122,0.0,0.0,0.0,0.0,0.0,1.0
GPR85,0.0,0.0,0.0,0.0,0.0,1.0
NDOR1,0.0,0.0,0.0,0.0,0.0,1.0
ZNF446,0.0,0.0,0.0,0.0,0.0,1.0
FGD6,0.0,0.0,0.0,0.0,0.0,1.0
BHMT2,0.0,0.0,0.0,0.0,0.0,1.0
ZSCAN5A,0.0,0.0,0.0,0.0,0.0,1.0
ERMAP,0.03584869379880784,0.01292148597865301,0.015605568766338809,0.09796495896023556,0.1487730589927067,1.0
EBLN2,0.0,0.0,0.0,0.0,0.0,1.0
FRS3,0.0,0.0,0.0,0.0,0.0,1.0
DKK2,0.04021236495107272,0.007075618521549606,0.008038257340374114,0.08191695576037328,0.10994833168821885,1.0
MMP28,0.04515465742204092,0.06878394468820709,0.023356050805154897,0.05506517760064613,0.09983362918262918,1.0
FICD,0.0,0.0,0.0,0.0,0.0,1.0
SLCO4A1,0.04257685919226805,0.024742250842372755,0.016739971015305062,0.08348061474113842,0.14452977950903834,1.0
CRNKL1,0.0,0.0,0.0,0.0,0.0,1.0
ECEL1,0.0,0.0,0.0,0.0,0.0,1.0
SLC16A10,0.03978849807570401,0.019055566946266457,0.006726981060692232,0.12177385377510432,0.1717603026061086,1.0
RNF39,0.0,0.0,0.0,0.0,0.0,1.0
ZCCHC4,0.0,0.0,0.0,0.0,0.0,1.0
ASPM,0.03364434139777021,0.016132202163470163,0.0018065204731668677,0.233988415038897,0.10816724866529252,1.0
DOCK5,0.0313614748870407,0.010440770891163732,0.010175016842505043,0.1974471208708375,0.09977843145371963,1.0
LTBP3,0.04188145590103074,0.03692652179730791,0.03471988368563175,0.15258155977932533,0.14832216505724416,1.0
TRIM45,0.0,0.0,0.0,0.0,0.0,1.0
ZMYM6,0.0,0.0,0.0,0.0,0.0,1.0
POPDC3,0.035144084044102325,0.014821766128460341,0.014886191013439985,0.2513450761673133,0.09045321304806381,1.0
CABYR,0.0,0.0,0.0,0.0,0.0,1.0
ZFYVE21,0.0,0.0,0.0,0.0,0.0,1.0
KLF8,0.0,0.0,0.0,0.0,0.0,1.0
KLHL12,0.0,0.0,0.0,0.0,0.0,1.0
SLC27A6,0.0,0.0,0.0,0.0,0.0,1.0
GLRX2,0.10229231588124063,0.02496492708914694,0.009289667470331161,0.1491669805718566,0.15057333273338208,1.0
SULT1E1,0.03394028350963789,0.025978704704606996,0.011342871402779672,0.12356751685637683,0.11225595429243151,1.0
ADAMTS5,0.03803638627970639,0.019605244260696788,0.01703728889975977,0.25490932301959673,0.13354848724709686,1.0
GPR87,0.04523164101043625,0.03179118058132595,0.010814987543705926,0.06040076726390733,0.12579734199255732,1.0
TRHDE,0.0,0.0,0.0,0.0,0.0,1.0
PSTPIP2,0.0,0.0,0.0,0.0,0.0,1.0
CSDE1,0.0,0.0,0.0,0.0,0.0,1.0
PCID2,0.03862125569663707,0.039457708168960624,0.01511440738209677,0.09947148341201262,0.12938835481690922,1.0
TMEM19,0.0,0.0,0.0,0.0,0.0,1.0
MYL7,0.0,0.0,0.0,0.0,0.0,1.0
CLIP4,0.0,0.0,0.0,0.0,0.0,1.0
DDX25,0.0,0.0,0.0,0.0,0.0,1.0
MYH14,0.0,0.0,0.0,0.0,0.0,1.0
CLEC4A,0.041886778733987905,0.028017028739615018,0.021737772162120854,0.04034891422356331,0.13145038487511898,1.0
UGT2A3,0.0,0.0,0.0,0.0,0.0,1.0
LRRC2,0.0,0.0,0.0,0.0,0.0,1.0
TIAM2,0.03232771301815523,0.023068829153120807,0.002798896735870112,0.21791290732164564,0.14419134726283456,1.0
DZANK1,0.0,0.0,0.0,0.0,0.0,1.0
MCOLN1,0.0,0.0,0.0,0.0,0.0,1.0
AKIP1,0.0,0.0,0.0,0.0,0.0,1.0
GBA3,0.0,0.0,0.0,0.0,0.0,1.0
L1TD1,0.0,0.0,0.0,0.0,0.0,1.0
GALNT6,0.0,0.0,0.0,0.0,0.0,1.0
RUFY2,0.0,0.0,0.0,0.0,0.0,1.0
TMEM74B,0.0,0.0,0.0,0.0,0.0,1.0
MOCOS,0.039206661536679704,0.0323832390862299,0.015988435992820384,0.15004282976996267,0.11499115852185421,1.0
UCHL5,0.0,0.0,0.0,0.0,0.0,1.0
ACE2,0.03801792011035204,0.026826768521316265,0.0030869603497831986,0.2317889211262883,0.08951072980481833,1.0
DUSP13B,0.0,0.0,0.0,0.0,0.0,1.0
ST7L,0.0,0.0,0.0,0.0,0.0,1.0
MAGIX,0.0,0.0,0.0,0.0,0.0,1.0
BANP,0.0,0.0,0.0,0.0,0.0,1.0
MRM1,0.0,0.0,0.0,0.0,0.0,1.0
ZNF589,0.0,0.0,0.0,0.0,0.0,1.0
TXLNG,0.0,0.0,0.0,0.0,0.0,1.0
GIPC2,0.0,0.0,0.0,0.0,0.0,1.0
PCNX4,0.0,0.0,0.0,0.0,0.0,1.0
ARSJ,0.0,0.0,0.0,0.0,0.0,1.0
ECHDC1,0.0,0.0,0.0,0.0,0.0,1.0
OLAH,0.0,0.0,0.0,0.0,0.0,1.0
HOOK1,0.0,0.0,0.0,0.0,0.0,1.0
AIPL1,0.0625,0.0,0.0,0.0,0.0,1.0
HIKESHI,0.0,0.0,0.0,0.0,0.0,1.0
ABHD18,0.0,0.0,0.0,0.0,0.0,1.0
ZNF587,0.0,0.0,0.0,0.0,0.0,1.0
PLAAT1,0.0,0.0,0.0,0.0,0.0,1.0
HS3ST3A1,0.0,0.0,0.0,0.0,0.0,1.0
ACAD10,0.0,0.0,0.0,0.0,0.0,1.0
ERVMER34-1,0.0,0.0,0.0,0.0,0.0,1.0
RNF220,0.0,0.0,0.0,0.0,0.0,1.0
ANKS1B,0.0,0.0,0.0,0.0,0.0,1.0
E2F8,0.0,0.0,0.0,0.0,0.0,1.0
SLC2A9,0.0,0.0,0.0,0.0,0.0,1.0
TAC3,0.0,0.0,0.0,0.0,0.0,1.0
SOX17,0.04242361564283208,0.038241499562990826,0.016104318200535574,0.1301421931751459,0.15738330248420712,1.0
APBB1IP,0.03420476204989793,0.031794645360512575,0.004414160421778765,0.16951358584703846,0.13440209739896314,1.0
ZNF750,0.0,0.0,0.0,0.0,0.0,1.0
ASB7,0.0,0.0,0.0,0.0,0.0,1.0
COPS7B,0.0,0.0,0.0,0.0,0.0,1.0
LGALSL,0.0,0.0,0.0,0.0,0.0,1.0
MAN2A2,0.0,0.0,0.0,0.0,0.0,1.0
SIGLEC5,0.038368928496643556,0.013731966124469096,0.012920967714366524,0.11591245102722371,0.10602270320980528,1.0
PADI4,0.024116672095578502,0.032207174281072344,0.004511966596632685,0.1895494550000004,0.10323869976922115,1.0
KIF26B,0.0,0.0,0.0,0.0,0.0,1.0
LRRC36,0.0,0.0,0.0,0.0,0.0,1.0
DDX43,0.0,0.0,0.0,0.0,0.0,1.0
P2RY13,0.02602615401145512,0.01688912980201064,0.010474164912408497,0.1126036593346663,0.09874275371037756,1.0
EFCC1,0.0,0.0,0.0,0.0,0.0,1.0
METTL8,0.0,0.0,0.0,0.0,0.0,1.0
PEAK1,0.037749899464738425,0.027726125251410005,0.01096114223839286,0.097172060143852,0.1307399230706017,1.0
LONRF3,0.0,0.0,0.0,0.0,0.0,1.0
AUNIP,0.0,0.0,0.0,0.0,0.0,1.0
ERO1B,0.03691524180758627,0.027863332837912556,0.018382572595456444,0.13947601980931315,0.14462048679727557,1.0
EPHX3,0.0,0.0,0.0,0.0,0.0,1.0
PRR16,0.0,0.0,0.0,0.0,0.0,1.0
CASZ1,0.0,0.0,0.0,0.0,0.0,1.0
CBLL1,0.0,0.0,0.0,0.0,0.0,1.0
XPNPEP3,0.0,0.0,0.0,0.0,0.0,1.0
TMC7,0.0,0.0,0.0,0.0,0.0,1.0
ZNF334,0.0,0.0,0.0,0.0,0.0,1.0
APOBR,0.0377280511714612,0.015869755931584614,0.01792795845958329,0.1732153074616705,0.15618887036963786,1.0
PRX,0.0,0.0,0.0,0.0,0.0,1.0
TBR1,0.0,0.0,0.0,0.0,0.0,1.0
CLCA4,0.0,0.0,0.0,0.0,0.0,1.0
RASIP1,0.0,0.0,0.0,0.0,0.0,1.0
ACVR2B,0.04792367864606164,0.039335033158276314,0.012892352454929878,0.10568546916175404,0.18922421235954728,1.0
OTUD7B,0.0,0.0,0.0,0.0,0.0,1.0
CPED1,0.03441335131856073,0.011346110550186698,0.00021465763870714294,0.11389497351081798,0.1383893580133162,1.0
NUP210,0.0,0.0,0.0,0.0,0.0,1.0
LMBR1L,0.0,0.0,0.0,0.0,0.0,1.0
ZC4H2,0.0,0.0,0.0,0.0,0.0,1.0
PIGZ,0.0,0.0,0.0,0.0,0.0,1.0
HIVEP3,0.05173193317224528,0.03182935214999773,0.03932849715083132,0.067461308155692,0.14920303485999378,1.0
MELTF,0.04572579143599224,0.017942421409721545,0.017588789109898337,0.09689444090168936,0.0975259592454059,1.0
NEUROD6,0.0,0.0,0.0,0.0,0.0,1.0
CCNL1,0.0,0.0,0.0,0.0,0.0,1.0
EDAR,0.11866845449377073,0.019408661822224213,0.01975956921290713,0.10775686624341639,0.11113250403814293,1.0
PDCD1LG2,0.036633603053296084,0.009711310662979013,0.0011487655463917417,0.22279688839932435,0.11925286008888344,1.0
SPACA9,0.0,0.0,0.0,0.0,0.0,1.0
PRSS21,0.0,0.0,0.0,0.0,0.0,1.0
TINF2,0.03984457298077689,0.0356887857737732,0.033172329301659136,0.2015814064387885,0.06752746860272897,1.0
GDF3,0.0,0.0,0.0,0.0,0.0,1.0
IL23A,0.02736015538036908,0.05450379928674754,0.018376219121097746,0.17115177028894923,0.1038626281117975,1.0
ZNF287,0.0,0.0,0.0,0.0,0.0,1.0
IL22RA1,0.0,0.0,0.0,0.0,0.0,1.0
GID4,0.0,0.0,0.0,0.0,0.0,1.0
STAP1,0.048664564093942826,0.025351360558866214,0.008100022828538235,0.08945484081690094,0.10180041328430814,1.0
PARPBP,0.03370229955378918,0.013830210983090731,0.0018146105791359765,0.2108480567959208,0.09907748634820916,1.0
ACSM5,0.03349218374013762,0.01244322345421032,0.006125420659359673,0.1212584396025723,0.12782026502086224,1.0
MAGEC2,0.0,0.0,0.0,0.0,0.0,1.0
GSTCD,0.0,0.0,0.0,0.0,0.0,1.0
TTC21B,0.0,0.0,0.0,0.0,0.0,1.0
TNMD,0.0,0.0,0.0,0.0,0.0,1.0
NOD2,0.036587997667510176,0.021129713962425054,0.012949961689822029,0.21537457683298594,0.07423646323054245,1.0
SPTBN5,0.0,0.0,0.0,0.0,0.0,1.0
VPREB3,0.03793030260164937,0.022636312058623095,0.014710329942353283,0.2235366035864706,0.16040920846841655,1.0
TUBA8,0.0997870672858935,0.03042344450771492,0.0008542201622554019,0.1628610027607169,0.13739352669011384,1.0
KDM8,0.042990003828514256,0.026352496341127928,0.00796430662736969,0.08410903541102809,0.17656792743748495,1.0
HAUS2,0.0,0.0,0.0,0.0,0.0,1.0
CSPP1,0.0,0.0,0.0,0.0,0.0,1.0
PLEKHG6,0.0,0.0,0.0,0.0,0.0,1.0
ANKH,0.0,0.0,0.0,0.0,0.0,1.0
CCDC134,0.05261798472966791,0.0072121122741910845,0.013960744988900589,0.11617122653686679,0.173532119534363,1.0
USP48,0.0,0.0,0.0,0.0,0.0,1.0
FBXL8,0.0,0.0,0.0,0.0,0.0,1.0
HSD17B7,0.02794073940144998,0.034299597387112135,0.015631184828703456,0.08075486937179299,0.11386770209695217,1.0
PPP1R14D,0.0,0.0,0.0,0.0,0.0,1.0
CCDC198,0.0,0.0,0.0,0.0,0.0,1.0
HELLS,0.0625,0.0,0.0,0.0,0.0,1.0
IKZF5,0.0,0.0,0.0,0.0,0.0,1.0
BCO1,0.0,0.0,0.0,0.0,0.0,1.0
C5AR1,0.038129595135507746,0.01668132099368553,0.004435219808725111,0.18832099486494702,0.12766115783337695,1.0
L2HGDH,0.0,0.0,0.0,0.0,0.0,1.0
CRNN,0.0,0.0,0.0,0.0,0.0,1.0
SLC2A6,0.03151419847014384,0.021541522572336387,0.00848004041944123,0.2646996943236064,0.10355479383633577,1.0
ANTXR1,0.0,0.0,0.0,0.0,0.0,1.0
MCUR1,0.03765614028459707,0.016606457299743003,0.0015359434547759247,0.20289478937979963,0.10959866626148146,1.0
CNTLN,0.0,0.0,0.0,0.0,0.0,1.0
SLC38A12,0.0,0.0,0.0,0.0,0.0,1.0
HYDIN,0.0,0.0,0.0,0.0,0.0,1.0
LUC7L2,0.0,0.0,0.0,0.0,0.0,1.0
SLC22A11,0.0,0.0,0.0,0.0,0.0,1.0
FOXL2,0.0,0.0,0.0,0.0,0.0,1.0
MRPS18C,0.0,0.0,0.0,0.0,0.0,1.0
RSPH14,0.0,0.0,0.0,0.0,0.0,1.0
NPC1L1,0.049488883106543514,0.021540821260083293,0.016227293233656757,0.1323937396281801,0.14913080381682128,1.0
ZC2HC1C,0.0,0.0,0.0,0.0,0.0,1.0
GNA14,0.0,0.0,0.0,0.0,0.0,1.0
NXF3,0.0,0.0,0.0,0.0,0.0,1.0
ANO2,0.0,0.0,0.0,0.0,0.0,1.0
ANKRD55,0.037660980358514326,0.023256326883230906,0.0015007897482089846,0.12132879471612124,0.10992316782345354,1.0
POLR1B,0.46580079373932515,0.04761791872876944,0.0,0.2120349261890525,0.029666130133387758,1.0
STAB2,0.0,0.0,0.0,0.0,0.0,1.0
CDH10,0.0,0.0,0.0,0.0,0.0,1.0
KCNN2,0.040822687681256235,0.010730951971640094,0.002797716891484744,0.16377110341627316,0.13056763986101427,1.0
ZNF385D,0.0,0.0,0.0,0.0,0.0,1.0
ZBTB32,0.040426645981375645,0.03574286672907674,0.01879733809517979,0.03028719927048415,0.11633612756524031,1.0
EPB41L4A,0.0,0.0,0.0,0.0,0.0,1.0
LINS1,0.0,0.0,0.0,0.0,0.0,1.0
MCTP1,0.03736744686577885,0.009592397857774656,0.009855460970753167,0.16030819309535443,0.07350174002992406,1.0
SLC35F5,0.0,0.0,0.0,0.0,0.0,1.0
GAN,0.0,0.0,0.0,0.0,0.0,1.0
DNAI1,0.0,0.0,0.0,0.0,0.0,1.0
PRSS50,0.0,0.0,0.0,0.0,0.0,1.0
FBXL12,0.0,0.0,0.0,0.0,0.0,1.0
NIPAL2,0.0,0.0,0.0,0.0,0.0,1.0
SOHLH2,0.0,0.0,0.0,0.0,0.0,1.0
FXYD7,0.0,0.0,0.0,0.0,0.0,1.0
CLEC2D,0.032831015699508186,0.008265964059064079,0.013674450216409739,0.15259980570524753,0.13869529953652565,1.0
ODAM,0.0,0.0,0.0,0.0,0.0,1.0
SLC7A9,0.033175010736096786,0.03685674320015971,0.017022033763072306,0.1489872736640698,0.10465919862304646,1.0
CRYBA2,0.0,0.0,0.0,0.0,0.0,1.0
VSIG10,0.04205611515551306,0.010036427568418617,0.002866801749517674,0.13990207766915524,0.09101857275032194,1.0
HAND1,0.0,0.0,0.0,0.0,0.0,1.0
DNMT3L,0.06193307981532528,0.03200747723591664,0.020080420155372314,0.12595359122646616,0.1661010098013869,1.0
SNX11,0.0,0.0,0.0,0.0,0.0,1.0
JHY,0.0,0.0,0.0,0.0,0.0,1.0
HAPLN2,0.031078865846573843,0.046972959805450784,0.021218293993492694,0.09421864977225064,0.0720434454845626,1.0
LUC7L,0.0,0.0,0.0,0.0,0.0,1.0
ANKEF1,0.0,0.0,0.0,0.0,0.0,1.0
MAP9,0.0,0.0,0.0,0.0,0.0,1.0
TLR7,0.04250964340674569,0.009231543383348004,0.014350849034057698,0.15805467808023738,0.15931753406759336,1.0
SINHCAF,0.0,0.0,0.0,0.0,0.0,1.0
ALDH8A1,0.0,0.0,0.0,0.0,0.0,1.0
MAB21L4,0.0,0.0,0.0,0.0,0.0,1.0
FAM184A,0.0,0.0,0.0,0.0,0.0,1.0
C10orf95,0.0,0.0,0.0,0.0,0.0,1.0
ENTPD7,0.0,0.0,0.0,0.0,0.0,1.0
BRD9,0.03207543602409321,0.0295918851281675,0.00332607277234065,0.15293991385590497,0.10249384716419091,1.0
CLXN,0.0,0.0,0.0,0.0,0.0,1.0
PLEKHA8P1,0.0,0.0,0.0,0.0,0.0,1.0
LGALS14,0.0625,0.0,0.0,0.0,0.0,1.0
ABCA11P,0.0,0.0,0.0,0.0,0.0,1.0
KPTN,0.0,0.0,0.0,0.0,0.0,1.0
EPB41L4B,0.0,0.0,0.0,0.0,0.0,1.0
CARD9,0.0457206755354041,0.0016719588724654166,0.014337841164720758,0.2733345042564849,0.14427757372754885,1.0
FBXO40,0.0,0.0,0.0,0.0,0.0,1.0
INO80D,0.0,0.0,0.0,0.0,0.0,1.0
CNNM1,0.0,0.0,0.0,0.0,0.0,1.0
DNAI7,0.0,0.0,0.0,0.0,0.0,1.0
TMEM156,0.058043339729127355,0.012544631294588647,0.020799616524245834,0.03419116335750566,0.1391453740489169,1.0
FHL5,0.0,0.0,0.0,0.0,0.0,1.0
GPALPP1,0.0,0.0,0.0,0.0,0.0,1.0
DCAF17,0.0,0.0,0.0,0.0,0.0,1.0
BBOF1,0.0,0.0,0.0,0.0,0.0,1.0
LRRC8E,0.0,0.0,0.0,0.0,0.0,1.0
NUBPL,0.0,0.0,0.0,0.0,0.0,1.0
TMPRSS3,0.03870288066507598,0.029695298653354654,0.02318899566312745,0.17033239354517835,0.11437036503096776,1.0
MFSD12,0.0,0.0,0.0,0.0,0.0,1.0
DPEP3,0.03873871822753272,0.01172081488579243,0.01147216798888721,0.15678288618115435,0.09623599619802262,1.0
CCDC68,0.0,0.0,0.0,0.0,0.0,1.0
SLC25A23,0.0,0.0,0.0,0.0,0.0,1.0
NUDT6,0.0,0.0,0.0,0.0,0.0,1.0
NANOG,0.04837055520919782,0.03549376756833161,0.007320295178765444,0.1051644375896634,0.08757407538557055,1.0
SPTBN4,0.0,0.0,0.0,0.0,0.0,1.0
CDHR2,0.0,0.0,0.0,0.0,0.0,1.0
STEAP4,0.0,0.0,0.0,0.0,0.0,1.0
JPH3,0.0,0.0,0.0,0.0,0.0,1.0
MGAT4B,0.0,0.0,0.0,0.0,0.0,1.0
GKN1,0.0,0.0,0.0,0.0,0.0,1.0
SH3D21,0.0,0.0,0.0,0.0,0.0,1.0
NSUN7,0.0,0.0,0.0,0.0,0.0,1.0
MBD5,0.0,0.0,0.0,0.0,0.0,1.0
MUC16,0.0,0.0,0.0,0.0,0.0,1.0
ATP6V0A4,0.0,0.0,0.0,0.0,0.0,1.0
EIF5A2,0.0,0.0,0.0,0.0,0.0,1.0
AIDA,0.0,0.0,0.0,0.0,0.0,1.0
KMT5A,0.0,0.0,0.0,0.0,0.0,1.0
RC3H2,0.0,0.0,0.0,0.0,0.0,1.0
BMP8A,0.0,0.0,0.0,0.0,0.0,1.0
TPTE,0.0,0.0,0.0,0.0,0.0,1.0
ZMYM1,0.0,0.0,0.0,0.0,0.0,1.0
YIF1B,0.0,0.0,0.0,0.0,0.0,1.0
ADAMTS13,0.0,0.0,0.0,0.0,0.0,1.0
PYY2,0.0,0.0,0.0,0.0,0.0,1.0
CHRNA10,0.025930439011997337,0.011908735551044177,0.007136440026651213,0.27227682821109983,0.10822478880005845,1.0
THADA,0.03424470242395505,0.026147138456642405,0.0031888513227609112,0.24475567019516398,0.10225129258363805,1.0
TSHZ2,0.0,0.0,0.0,0.0,0.0,1.0
ZNF215,0.0,0.0,0.0,0.0,0.0,1.0
ZNF669,0.0,0.0,0.0,0.0,0.0,1.0
C8orf44,0.0,0.0,0.0,0.0,0.0,1.0
SPANXC,0.0,0.0,0.0,0.0,0.0,1.0
SPATA6L,0.0,0.0,0.0,0.0,0.0,1.0
LRRC37A4P,0.0,0.0,0.0,0.0,0.0,1.0
ATAD5,0.0,0.0,0.0,0.0,0.0,1.0
HAO1,0.03942198267082417,0.012867372193607665,0.00874017604722124,0.13504191131303342,0.14209587026725043,1.0
IRX4,0.0,0.0,0.0,0.0,0.0,1.0
TRPM8,0.0,0.0,0.0,0.0,0.0,1.0
AP4E1,0.0,0.0,0.0,0.0,0.0,1.0
CYB5R2,0.03130573006528278,0.02275154249245968,0.013068377854124461,0.11971255318347647,0.15436607238314337,1.0
PPP1R17,0.0,0.0,0.0,0.0,0.0,1.0
SCD5,0.0,0.0,0.0,0.0,0.0,1.0
CA8,0.024671710878431594,0.043656577214333234,0.002204242288970668,0.09232494022484936,0.10806500391959006,1.0
LRIF1,0.0,0.0,0.0,0.0,0.0,1.0
PDPR,0.0,0.0,0.0,0.0,0.0,1.0
KLHL7,0.046868654641718216,0.016490631776098483,0.011247366873240426,0.06592205081951258,0.16845011549542738,1.0
SLC9D1,0.0,0.0,0.0,0.0,0.0,1.0
ZNF701,0.0,0.0,0.0,0.0,0.0,1.0
ZBTB44,0.0,0.0,0.0,0.0,0.0,1.0
SLC45A2,0.0,0.0,0.0,0.0,0.0,1.0
CAMK1D,0.0405103453980849,0.012758693705901748,0.014926676879248355,0.08319301164126044,0.09535515742304726,1.0
KNL1,0.0,0.0,0.0,0.0,0.0,1.0
NSFL1C,0.0,0.0,0.0,0.0,0.0,1.0
HYAL4,0.0,0.0,0.0,0.0,0.0,1.0
ZNF286A,0.0,0.0,0.0,0.0,0.0,1.0
TASL,0.0,0.0,0.0,0.0,0.0,1.0
FANCE,0.0,0.0,0.0,0.0,0.0,1.0
OXCT2,0.0,0.0,0.0,0.0,0.0,1.0
PLEKHH3,0.0,0.0,0.0,0.0,0.0,1.0
TBC1D19,0.0,0.0,0.0,0.0,0.0,1.0
ZDHHC4,0.0,0.0,0.0,0.0,0.0,1.0
DLK2,0.0,0.0,0.0,0.0,0.0,1.0
SMAD5-AS1,0.0,0.0,0.0,0.0,0.0,1.0
KLF4,0.06045708207166683,0.020859639451709162,0.00839690931565993,0.1449540312217174,0.13349962163734155,1.0
KRT24,0.0,0.0,0.0,0.0,0.0,1.0
ZBBX,0.0,0.0,0.0,0.0,0.0,1.0
RNF17,0.0,0.0,0.0,0.0,0.0,1.0
EFCAB6,0.0,0.0,0.0,0.0,0.0,1.0
BNC2,0.0,0.0,0.0,0.0,0.0,1.0
IL17B,0.0,0.0,0.0,0.0,0.0,1.0
DRC11,0.0,0.0,0.0,0.0,0.0,1.0
CUZD1,0.0,0.0,0.0,0.0,0.0,1.0
RERGL,0.0,0.0,0.0,0.0,0.0,1.0
CXXC4,0.0,0.0,0.0,0.0,0.0,1.0
KDM4D,0.05659267328666602,0.01905015502934166,0.038133534567694624,0.06726136383699097,0.11494168799079255,1.0
TRIM17,0.0,0.0,0.0,0.0,0.0,1.0
ANKMY1,0.0,0.0,0.0,0.0,0.0,1.0
SLC12A1,0.03229809994786562,0.02366225093983288,0.010514266600941041,0.11767377506478906,0.11832386690251465,1.0
RIC3,0.0,0.0,0.0,0.0,0.0,1.0
HHIPL2,0.0,0.0,0.0,0.0,0.0,1.0
DKKL1,0.0,0.0,0.0,0.0,0.0,1.0
ABHD17B,0.0,0.0,0.0,0.0,0.0,1.0
MTMR10,0.0,0.0,0.0,0.0,0.0,1.0
ADAMTS9,0.0,0.0,0.0,0.0,0.0,1.0
MYO15A,0.0,0.0,0.0,0.0,0.0,1.0
CRYBG2,0.0,0.0,0.0,0.0,0.0,1.0
GDPD2,0.0,0.0,0.0,0.0,0.0,1.0
CATSPERB,0.0,0.0,0.0,0.0,0.0,1.0
KCNV1,0.0,0.0,0.0,0.0,0.0,1.0
DEPDC1,0.0,0.0,0.0,0.0,0.0,1.0
SAP30L-AS1,0.0,0.0,0.0,0.0,0.0,1.0
BTBD7,0.0,0.0,0.0,0.0,0.0,1.0
SPATA6,0.0,0.0,0.0,0.0,0.0,1.0
CCDC102B,0.0,0.0,0.0,0.0,0.0,1.0
MAK,0.02998929320832348,0.018746369640002102,0.0014840225764006674,0.22094948665842892,0.05406417552720304,1.0
NHERF4,0.0,0.0,0.0,0.0,0.0,1.0
CNGB3,0.0,0.0,0.0,0.0,0.0,1.0
MAVS,0.0,0.0,0.0,0.0,0.0,1.0
TENT5C,0.0,0.0,0.0,0.0,0.0,1.0
CD244,0.04057506780664592,0.007225657321345244,0.0005540478399081113,0.17883630799007694,0.07591319999872595,1.0
CFAP45,0.0,0.0,0.0,0.0,0.0,1.0
TTC22,0.0,0.0,0.0,0.0,0.0,1.0
TUBAL3,0.0625,0.0,0.0,0.0,0.0,1.0
HEMK2,0.0,0.0,0.0,0.0,0.0,1.0
FAM83E,0.0,0.0,0.0,0.0,0.0,1.0
GPR88,0.0,0.0,0.0,0.0,0.0,1.0
PARP11,0.0,0.0,0.0,0.0,0.0,1.0
NPAS3,0.0,0.0,0.0,0.0,0.0,1.0
LRAT,0.03586455100573514,0.009267275520061046,0.004114067707221853,0.16990984240709706,0.15711177907697663,1.0
EPN3,0.0,0.0,0.0,0.0,0.0,1.0
MYLIP,0.05073529054850241,0.018803034146954396,0.011165392676657993,0.04709751587919655,0.11628865719251329,1.0
DOK3,0.032150363596829136,0.0182600927799605,0.007827990504175196,0.23970926948501817,0.10075345866392346,1.0
CCDC121,0.05537877692516426,0.021585301453376966,0.0022349615178800042,0.11872524411913818,0.13427990998117872,1.0
IL36G,0.03871801839691038,0.010551579650207043,0.021382075214298288,0.23442705112056725,0.08801660594722699,1.0
CCNP,0.0,0.0,0.0,0.0,0.0,1.0
LINC00472,0.0,0.0,0.0,0.0,0.0,1.0
TAF7L,0.0,0.0,0.0,0.0,0.0,1.0
VGLL3,0.03170010308655527,0.02121428857270994,0.017682671016614075,0.14235772570257224,0.12751534137482806,1.0
RMND1,0.0,0.0,0.0,0.0,0.0,1.0
SAMSN1,0.04026352515063652,0.03585326262770511,0.013225418846014567,0.19703530948496809,0.10365369795687063,1.0
CYP46A1,0.0,0.0,0.0,0.0,0.0,1.0
CLDN16,0.0,0.0,0.0,0.0,0.0,1.0
PAQR5,0.0,0.0,0.0,0.0,0.0,1.0
RGS17,0.0,0.0,0.0,0.0,0.0,1.0
CES3,0.0,0.0,0.0,0.0,0.0,1.0
GP6,0.03967720329093958,0.02141952586836234,0.006934183734825059,0.26999459263392295,0.10636350179783358,1.0
NGB,0.0,0.0,0.0,0.0,0.0,1.0
RALGPS2,0.0,0.0,0.0,0.0,0.0,1.0
TPSG1,0.0,0.0,0.0,0.0,0.0,1.0
GREB1L,0.0,0.0,0.0,0.0,0.0,1.0
MRNIP,0.0,0.0,0.0,0.0,0.0,1.0
EDEM3,0.0,0.0,0.0,0.0,0.0,1.0
PDE7B,0.032055825493531656,0.007121193338863965,0.01224219240859237,0.2664189230405296,0.07229297550687908,1.0
C11orf16,0.0,0.0,0.0,0.0,0.0,1.0
LRRTM4,0.049370424449625916,0.02112448306710084,0.008822237211534497,0.06669079564953613,0.14984223108944789,1.0
MTHFD2L,0.0,0.0,0.0,0.0,0.0,1.0
KLHL29,0.0,0.0,0.0,0.0,0.0,1.0
ENGASE,0.0,0.0,0.0,0.0,0.0,1.0
ZNF235,0.0,0.0,0.0,0.0,0.0,1.0
ACKR4,0.0,0.0,0.0,0.0,0.0,1.0
FAM86C1P,0.0,0.0,0.0,0.0,0.0,1.0
PBRM1,0.0,0.0,0.0,0.0,0.0,1.0
CORIN,0.0,0.0,0.0,0.0,0.0,1.0
SGK2,0.04100987278397028,0.035899048484668794,0.03625665747956192,0.262752611054354,0.1167001646542683,1.0
BATF3,0.0,0.0,0.0,0.0,0.0,1.0
ARPP21,0.0,0.0,0.0,0.0,0.0,1.0
THAP9,0.0,0.0,0.0,0.0,0.0,1.0
IQCH,0.0,0.0,0.0,0.0,0.0,1.0
PSORS1C1,0.0,0.0,0.0,0.0,0.0,1.0
ALLC,0.0,0.0,0.0,0.0,0.0,1.0
ELSPBP1,0.0,0.0,0.0,0.0,0.0,1.0
SAP130,0.0,0.0,0.0,0.0,0.0,1.0
PPP4R3A,0.04195820758425013,0.021186663438425915,0.060655950384088,0.18487650391967594,0.09452861470691365,1.0
USP36,0.0,0.0,0.0,0.0,0.0,1.0
SLC12A9,0.04459580691555466,0.06091237843037009,0.016558910267667044,0.09103103587548002,0.14607881631888348,1.0
DNAJC28,0.0,0.0,0.0,0.0,0.0,1.0
DCHS2,0.0,0.0,0.0,0.0,0.0,1.0
KLHL28,0.0,0.0,0.0,0.0,0.0,1.0
LRRC19,0.0,0.0,0.0,0.0,0.0,1.0
TCP11,0.0,0.0,0.0,0.0,0.0,1.0
FSCN3,0.0,0.0,0.0,0.0,0.0,1.0
DNASE2B,0.0,0.0,0.0,0.0,0.0,1.0
ARHGAP28,0.0,0.0,0.0,0.0,0.0,1.0
ABCG5,0.0,0.0,0.0,0.0,0.0,1.0
NME8,0.0377338269654691,0.015422005183500564,0.0021880190078778523,0.23271785522218766,0.08598308526969646,1.0
JPH2,0.0,0.0,0.0,0.0,0.0,1.0
EML4,0.03616397184829063,0.030561552388796088,0.01720164902165037,0.29754834804742514,0.13090492777983503,1.0
ANKRD13C-DT,0.0,0.0,0.0,0.0,0.0,1.0
CCDC81,0.0,0.0,0.0,0.0,0.0,1.0
AGBL2,0.0,0.0,0.0,0.0,0.0,1.0
ZBTB3,0.0,0.0,0.0,0.0,0.0,1.0
EBF2,0.0,0.0,0.0,0.0,0.0,1.0
LGSN,0.0,0.0,0.0,0.0,0.0,1.0
FGF20,0.0,0.0,0.0,0.0,0.0,1.0
DNAJA4,0.0,0.0,0.0,0.0,0.0,1.0
LINC00115,0.0,0.0,0.0,0.0,0.0,1.0
TP53AIP1,0.0625,0.0,0.0,0.0,0.0,1.0
ADGRG3,0.0,0.0,0.0,0.0,0.0,1.0
TGFB2,0.021462102201023642,0.02650375148351201,0.0032203472248720257,0.3450888325484743,0.06432399785644378,1.0
PODNL1,0.0,0.0,0.0,0.0,0.0,1.0
KCNK7,0.040129430551374336,0.033286414817181476,0.019739229204847875,0.10696473306829175,0.1062121640446351,1.0
SLC39A2,0.0,0.0,0.0,0.0,0.0,1.0
CALML5,0.0,0.0,0.0,0.0,0.0,1.0
TNNI3K,0.04103502185326806,0.006658706281946221,0.009993952832023093,0.12607123745052978,0.1288454132695226,1.0
ATP8B4,0.033005224514825876,0.020650090618827693,0.002946700582247873,0.31757435986207266,0.08102365334041295,1.0
THAP4,0.0,0.0,0.0,0.0,0.0,1.0
UBASH3A,0.030579500686592764,0.016726118990873673,0.007463420202322341,0.26395660742164,0.10460786531776747,1.0
USP25,0.0,0.0,0.0,0.0,0.0,1.0
LMAN1L,0.0,0.0,0.0,0.0,0.0,1.0
BTNL8,0.03173911539254723,0.00827752777607536,0.011572949249666922,0.18952717688463963,0.11033661237691847,1.0
UBQLN3,0.0,0.0,0.0,0.0,0.0,1.0
PLA2G2D,0.03746125498700338,0.021246206870928618,0.011298526423191922,0.08762725194728525,0.16106787247193854,1.0
NPHS2,0.04538220166717685,0.020559940499312347,0.01969768428300031,0.11158173006467893,0.15791293569233705,1.0
ROPN1B,0.0,0.0,0.0,0.0,0.0,1.0
FNDC11,0.0,0.0,0.0,0.0,0.0,1.0
OBSCN,0.030641767445277617,0.04156822890758372,0.002168024521239327,0.27338927114407596,0.07553571075420784,1.0
CD207,0.0,0.0,0.0,0.0,0.0,1.0
NDST3,0.0,0.0,0.0,0.0,0.0,1.0
FAM110D,0.0,0.0,0.0,0.0,0.0,1.0
TMPRSS11E,0.0,0.0,0.0,0.0,0.0,1.0
CYP39A1,0.0,0.0,0.0,0.0,0.0,1.0
PRRG3,0.0,0.0,0.0,0.0,0.0,1.0
COQ8B,0.03257743056062308,0.017075718647001387,0.009160826599515396,0.17811036925180318,0.11521342015574833,1.0
SLC30A10,0.0,0.0,0.0,0.0,0.0,1.0
ANGPTL8,0.0,0.0,0.0,0.0,0.0,1.0
QPCTL,0.0,0.0,0.0,0.0,0.0,1.0
LGALS13,0.0625,0.0,0.0,0.0,0.0,1.0
DNAJC22,0.0,0.0,0.0,0.0,0.0,1.0
VAX2,0.0,0.0,0.0,0.0,0.0,1.0
ZNF557,0.0,0.0,0.0,0.0,0.0,1.0
CHST4,0.0,0.0,0.0,0.0,0.0,1.0
HRH3,0.04177716714020324,0.02642394978829648,0.023610555167751048,0.22910743425134494,0.1367703002445038,1.0
KCNK12,0.037740806593504955,0.028036565953670867,0.006632138212074508,0.25736830312042536,0.10021372421441196,1.0
LINC01260,0.0,0.0,0.0,0.0,0.0,1.0
BIRC7,0.09397901295054428,0.04397721295984282,0.010363918456749534,0.11640276334291129,0.07989773331329898,1.0
SLC66A1,0.0,0.0,0.0,0.0,0.0,1.0
SLC16A8,0.0,0.0,0.0,0.0,0.0,1.0
SPTLC3,0.03658523741208709,0.012325691774329288,0.002991359412638814,0.21976337145918232,0.1081983614278112,1.0
SAMD4B,0.03957648046513,0.04830171728101558,0.008524373117652494,0.12568207257936195,0.1268704521567094,1.0
MCM3AP-AS1,0.0,0.0,0.0,0.0,0.0,1.0
SLCO1C1,0.03643401545916257,0.043554882681501886,0.016304018731807157,0.05267236561770878,0.13046836328010225,1.0
CSRNP3,0.0625,0.0,0.0,0.0,0.0,1.0
CCDC15,0.0,0.0,0.0,0.0,0.0,1.0
ARL14,0.0,0.0,0.0,0.0,0.0,1.0
BET1L,0.0,0.0,0.0,0.0,0.0,1.0
MYCT1,0.0,0.0,0.0,0.0,0.0,1.0
SLC25A21,0.0732110059853941,0.07538330656948133,0.00116916608770602,0.17950857465924733,0.09065231424779074,1.0
SLC28A3,0.0,0.0,0.0,0.0,0.0,1.0
INKA2,0.0,0.0,0.0,0.0,0.0,1.0
TMEM230,0.0,0.0,0.0,0.0,0.0,1.0
APOL5,0.0,0.0,0.0,0.0,0.0,1.0
HAND2,0.0625,0.0,0.0,0.0,0.0,1.0
GPR75,0.0,0.0,0.0,0.0,0.0,1.0
SERGEF,0.0,0.0,0.0,0.0,0.0,1.0
RNF19A,0.0,0.0,0.0,0.0,0.0,1.0
MCOLN3,0.0,0.0,0.0,0.0,0.0,1.0
SIRPG,0.04283894029931151,0.01758455769473312,0.00547493927412471,0.16294014045774458,0.13715999809204973,1.0
TMEM164,0.0,0.0,0.0,0.0,0.0,1.0
SNTG2,0.0,0.0,0.0,0.0,0.0,1.0
BCAS3,0.038567894694656726,0.015141402558813084,0.0018183356330787829,0.05987107148905721,0.11213330728246163,1.0
HAMP,0.027153636626257555,0.024494042379926466,0.018140596811894377,0.3029040153463086,0.08140789187686065,1.0
OTOF,0.0,0.0,0.0,0.0,0.0,1.0
DMRT1,0.0,0.0,0.0,0.0,0.0,1.0
TXNDC15,0.0,0.0,0.0,0.0,0.0,1.0
CLEC1B,0.04571824439089851,0.022685110389780664,0.018580196278308148,0.13581366582304175,0.1701493042652889,1.0
ZNF214,0.0,0.0,0.0,0.0,0.0,1.0
ACTL7B,0.0,0.0,0.0,0.0,0.0,1.0
FNDC8,0.0,0.0,0.0,0.0,0.0,1.0
ACTL7A,0.0,0.0,0.0,0.0,0.0,1.0
SLC13A1,0.023958412684197388,0.022312316211025446,0.017085062834418484,0.21842449346144996,0.11790876046963483,1.0
KERA,0.0,0.0,0.0,0.0,0.0,1.0
GUCY1B2,0.0,0.0,0.0,0.0,0.0,1.0
UPB1,0.042264255576972304,0.01835676157495934,0.013706682788506131,0.14555699084826462,0.15019098650890608,1.0
CCT8L2,0.0,0.0,0.0,0.0,0.0,1.0
RHBG,0.0,0.0,0.0,0.0,0.0,1.0
DUSP21,0.0,0.0,0.0,0.0,0.0,1.0
ZSCAN2,0.0,0.0,0.0,0.0,0.0,1.0
ABI3BP,0.04151038282300272,0.015419938761434437,0.0036595752481354406,0.26616946547076237,0.11432482592445123,1.0
LIM2,0.0,0.0,0.0,0.0,0.0,1.0
NUP62CL,0.0,0.0,0.0,0.0,0.0,1.0
ATG16L1,0.03823438554709813,0.07510819593053597,0.0069156009048569845,0.18079109940924368,0.16862926702431455,1.0
CRB1,0.040640610974105526,0.012879421048217318,0.008455866581259816,0.24263474985934574,0.12862844855439326,1.0
AUP1,0.0,0.0,0.0,0.0,0.0,1.0
MRPL20,0.0,0.0,0.0,0.0,0.0,1.0
TMEM176B,0.0,0.0,0.0,0.0,0.0,1.0
TRIM48,0.0,0.0,0.0,0.0,0.0,1.0
FAM90A1,0.0,0.0,0.0,0.0,0.0,1.0
VRTN,0.0,0.0,0.0,0.0,0.0,1.0
MTMR8,0.0,0.0,0.0,0.0,0.0,1.0
ADM2,0.0,0.0,0.0,0.0,0.0,1.0
CFAP46,0.049126037306820365,0.01227407254263739,0.027630911609653766,0.2662533790600824,0.14083095058243822,1.0
KCNK15,0.04187205995609008,0.03065288273355949,0.00959542695099404,0.148024743927192,0.14644066074546863,1.0
MMP26,0.024869164823584963,0.02904645763784329,0.012961715722590597,0.14715990499174153,0.09244764473930052,1.0
BPIFA1,0.023432657577370848,0.010641191308893957,0.008505141742558172,0.10189056954437023,0.12322737119675944,1.0
EPCIP,0.0,0.0,0.0,0.0,0.0,1.0
TSKS,0.0,0.0,0.0,0.0,0.0,1.0
SHLD2,0.0,0.0,0.0,0.0,0.0,1.0
PKDREJ,0.0,0.0,0.0,0.0,0.0,1.0
FBXO4,0.0,0.0,0.0,0.0,0.0,1.0
SLC17A6,0.0,0.0,0.0,0.0,0.0,1.0
TRPC5,0.028041759482879444,0.035650147817294406,0.014339812212681487,0.10678375654571096,0.1292617153299896,1.0
PRPF39,0.0,0.0,0.0,0.0,0.0,1.0
PDZD7,0.0,0.0,0.0,0.0,0.0,1.0
ATP1B4,0.026998044884565395,0.012070089166189214,0.00857437961001991,0.3590105357962594,0.11038589726031964,1.0
PACS1,0.0,0.0,0.0,0.0,0.0,1.0
TSPAN32,0.030812240848061112,0.03739618402638068,0.005086186975256524,0.10362670083002333,0.1087034021233798,1.0
EN1,0.0,0.0,0.0,0.0,0.0,1.0
C11orf21,0.0,0.0,0.0,0.0,0.0,1.0
IGF2-AS,0.0,0.0,0.0,0.0,0.0,1.0
CYP2W1,0.0,0.0,0.0,0.0,0.0,1.0
SHANK1,0.0,0.0,0.0,0.0,0.0,1.0
RNLS,0.0,0.0,0.0,0.0,0.0,1.0
CCR10,0.0,0.0,0.0,0.0,0.0,1.0
PIK3R5,0.03624062140806899,0.021622089397138444,0.01109558045856818,0.16201823901037965,0.11288238661720323,1.0
IKZF2,0.04342814644807858,0.0323714565695721,0.006124283672305867,0.1212668832999917,0.14885136858704667,1.0
RETN,0.0,0.0,0.0,0.0,0.0,1.0
PRDM11,0.0,0.0,0.0,0.0,0.0,1.0
KLK14,0.0,0.0,0.0,0.0,0.0,1.0
SEMA6D,0.0,0.0,0.0,0.0,0.0,1.0
GVINP1,0.0,0.0,0.0,0.0,0.0,1.0
ADAMTSL4,0.0625,0.0,0.0,0.0,0.0,1.0
CCDC170,0.0,0.0,0.0,0.0,0.0,1.0
PRR36,0.0,0.0,0.0,0.0,0.0,1.0
HKDC1,0.03456921752817115,0.017572819660662303,0.0024315098306841674,0.2161279883373879,0.08750067400803897,1.0
MLST8,0.0,0.0625,0.0,0.0,0.0,1.0
BCAS4,0.0,0.0,0.0,0.0,0.0,1.0
EFHC2,0.0,0.0,0.0,0.0,0.0,1.0
CCDC40,0.0,0.0,0.0,0.0,0.0,1.0
PDZRN4,0.0,0.0,0.0,0.0,0.0,1.0
CARD14,0.09151621403520008,0.01695567112083464,0.014867192386239039,0.18268735292886418,0.11187553557723631,1.0
ELP6,0.0,0.0,0.0,0.0,0.0,1.0
PHAF1,0.0,0.0,0.0,0.0,0.0,1.0
MCTP2,0.02827251625833716,0.01667285622378414,0.0034103129261897833,0.24232355605941888,0.08041559617965086,1.0
FTCD,0.03736219041969562,0.024007842174294802,0.01896973361959785,0.15554825847890555,0.17673696040732442,1.0
SIRT2,0.040534581975231555,0.0383868944389346,0.017565613826568516,0.1415560050288727,0.1454572446192408,1.0
ADPRM,0.0,0.0,0.0,0.0,0.0,1.0
NELFCD,0.0,0.0,0.0,0.0,0.0,1.0
ZNF770,0.0,0.0,0.0,0.0,0.0,1.0
SIMC1P1,0.0,0.0,0.0,0.0,0.0,1.0
LRRFIP2,0.0,0.0,0.0,0.0,0.0,1.0
DAB1,0.0,0.0,0.0,0.0,0.0,1.0
SYTL2,0.0,0.0,0.0,0.0,0.0,1.0
ADGB,0.0,0.0,0.0,0.0,0.0,1.0
FAR2,0.0,0.0,0.0,0.0,0.0,1.0
ZNF532,0.0,0.0,0.0,0.0,0.0,1.0
ZCWPW1,0.0,0.0,0.0,0.0,0.0,1.0
CRCT1,0.0,0.0,0.0,0.0,0.0,1.0
FOXE3,0.0,0.0,0.0,0.0,0.0,1.0
LRRC31,0.0,0.0,0.0,0.0,0.0,1.0
TSGA10,0.0,0.0,0.0,0.0,0.0,1.0
ELF5,0.0,0.0,0.0,0.0,0.0,1.0
SERPINA10,0.0,0.0,0.0,0.0,0.0,1.0
CST8,0.0,0.0,0.0,0.0,0.0,1.0
SDK2,0.047168122089552234,0.014386309475831307,0.01279231116110235,0.08211315216417002,0.14497114712195922,1.0
KCNQ1DN,0.0,0.0,0.0,0.0,0.0,1.0
CHIA,0.10988415834300447,0.023989336603609565,0.00729696128693185,0.09370582423439729,0.11054417160582734,1.0
OSGEPL1,0.0,0.0,0.0,0.0,0.0,1.0
POMT2,0.0,0.0,0.0,0.0,0.0,1.0
HP1BP3,0.0,0.0,0.0,0.0,0.0,1.0
TBX4,0.04096705789999232,0.038133934455367315,0.004354737408925746,0.2694690175969767,0.06910903164860752,1.0
PSORS1C2,0.0,0.0,0.0,0.0,0.0,1.0
DNAI2,0.0,0.0,0.0,0.0,0.0,1.0
FAM124B,0.0,0.0,0.0,0.0,0.0,1.0
CBLC,0.0,0.0,0.0,0.0,0.0,1.0
TM4SF20,0.0,0.0,0.0,0.0,0.0,1.0
NOX5,0.0625,0.0,0.0,0.0,0.0,1.0
FAIM,0.0625,0.0,0.0,0.0,0.0,1.0
NXPE4,0.02783382356038366,0.00657062966530763,0.006366099258460634,0.28543143564898116,0.125018759416906,1.0
KLRF1,0.03857235702447359,0.009847822551808473,0.0013458621473566368,0.10241941972623357,0.17300383358794502,1.0
COA4,0.0,0.0,0.0,0.0,0.0,1.0
ADARB2,0.03316413852122311,0.03471375993950427,0.0131343229963477,0.15296354681721197,0.09114919597139512,1.0
AGBL3,0.0,0.0,0.0,0.0,0.0,1.0
SLC9A5,0.0,0.0,0.0,0.0,0.0,1.0
MCM10,0.0938980216038859,0.06311895713353441,0.01695742805703487,0.06536862419963087,0.06491651319327565,1.0
KIF24,0.0,0.0,0.0,0.0,0.0,1.0
ZIM2,0.0,0.0,0.0,0.0,0.0,1.0
PPY2P,0.0,0.0,0.0,0.0,0.0,1.0
TNIP3,0.0356074893964661,0.02478103244981485,0.0009190434412874061,0.12444845654150498,0.12119845100225549,1.0
KLHL11,0.0,0.0,0.0,0.0,0.0,1.0
BMAL2,0.0,0.0,0.0,0.0,0.0,1.0
TRAPPC14,0.0,0.0,0.0,0.0,0.0,1.0
LINC00474,0.0,0.0,0.0,0.0,0.0,1.0
ZNF692,0.0,0.0,0.0,0.0,0.0,1.0
HEYL,0.0,0.0,0.0,0.0,0.0,1.0
IL1RAPL1,0.03277427693914709,0.009910444156911079,0.0009630624232851778,0.26779511074686146,0.07946115094670703,1.0
LUZP4,0.0,0.0,0.0,0.0,0.0,1.0
USP49,0.0,0.0,0.0,0.0,0.0,1.0
DNMT3B,0.04956491790578255,0.03300069318771334,0.01450549192756897,0.11976539031959355,0.16506626506155397,1.0
NOCT,0.0,0.0,0.0,0.0,0.0,1.0
PPP4R4,0.0,0.0,0.0,0.0,0.0,1.0
PNPLA3,0.037466116687241126,0.025312260740257067,0.019784221067220588,0.03841236578657699,0.15638004773640424,1.0
ADAMTS8,0.0,0.0,0.0,0.0,0.0,1.0
CDH7,0.0,0.0,0.0,0.0,0.0,1.0
RAVER2,0.0,0.0,0.0,0.0,0.0,1.0
PRR34,0.0,0.0,0.0,0.0,0.0,1.0
RDH8,0.037541003502836456,0.018969092841724374,0.010623959510975401,0.1003621414272787,0.1306846022781571,1.0
TBX21,0.03654077908669108,0.03210971378778368,0.009133023019263657,0.10804301328021816,0.08060964085221183,1.0
FAM120C,0.0,0.0,0.0,0.0,0.0,1.0
PIWIL2,0.0,0.0,0.0,0.0,0.0,1.0
MRTO4,0.10541444779239054,0.018385558593283554,0.00216121251652208,0.11931633313340229,0.05817562907560278,1.0
DHRS7B,0.0,0.0,0.0,0.0,0.0,1.0
CCDC82,0.0,0.0,0.0,0.0,0.0,1.0
IDI2-AS1,0.0,0.0,0.0,0.0,0.0,1.0
ADAMTS7,0.0,0.0,0.0,0.0,0.0,1.0
FOXRED2,0.0,0.0,0.0,0.0,0.0,1.0
ZNF556,0.0,0.0,0.0,0.0,0.0,1.0
DENND6B,0.0,0.0,0.0,0.0,0.0,1.0
PRDM14,0.0,0.0,0.0,0.0,0.0,1.0
ADAMTS20,0.0625,0.0,0.0,0.0,0.0,1.0
HEXA-AS1,0.0,0.0,0.0,0.0,0.0,1.0
ZNF614,0.0,0.0,0.0,0.0,0.0,1.0
SLC5A7,0.0,0.0,0.0,0.0,0.0,1.0
CWH43,0.0,0.0,0.0,0.0,0.0,1.0
KCNK10,0.04722714745723114,0.019215980167370954,0.004453824864231692,0.10391670591169563,0.12147509257473282,1.0
ZNF778,0.0,0.0,0.0,0.0,0.0,1.0
NECAP2,0.0,0.0,0.0,0.0,0.0,1.0
PREX2,0.03553083109054896,0.008507708207953673,0.0065463958093175175,0.12180017849343351,0.1174743780019615,1.0
SLC26A1,0.04403567202980487,0.024743165367833834,0.011818831006419426,0.10643929252333251,0.13512084290386586,1.0
CPTP,0.0,0.0,0.0,0.0,0.0,1.0
SENP7,0.0,0.0,0.0,0.0,0.0,1.0
SLC19A3,0.03478850315293128,0.03775197587867367,0.010023930687799013,0.13013615201010742,0.11575556633707007,1.0
RPS6KA6,0.048208185684723195,0.04490815970223636,0.00027221577605885387,0.11053817034907475,0.22608760062141803,1.0
CNNM3,0.0,0.0,0.0,0.0,0.0,1.0
SLC12A6,0.026569795796892975,0.014454978297494706,0.00799531349876499,0.2609927660734652,0.08022344381556393,1.0
PPA2,0.0,0.0,0.0,0.0,0.0,1.0
NGLY1,0.0,0.0,0.0,0.0,0.0,1.0
IFT122,0.0,0.0,0.0,0.0,0.0,1.0
IL19,0.0625,0.0,0.0,0.0,0.0,1.0
UIMC1,0.0,0.0,0.0,0.0,0.0,1.0
LINC00652,0.0,0.0,0.0,0.0,0.0,1.0
ZNF580,0.0,0.0,0.0,0.0,0.0,1.0
CCDC7,0.039081119416991175,0.010712609231665591,0.00316345129326895,0.2519337489937289,0.13152476124452156,1.0
P3H1,0.029028288514643334,0.041884707854680445,0.031076701551194838,0.11027493444418741,0.09809019055797678,1.0
FAXDC2,0.0,0.0,0.0,0.0,0.0,1.0
PBX3-DT,0.0,0.0,0.0,0.0,0.0,1.0
CRYL1,0.0,0.0,0.0,0.0,0.0,1.0
SNHG32,0.0,0.0,0.0,0.0,0.0,1.0
SLC52A1,0.0,0.0,0.0,0.0,0.0,1.0
UBXN6,0.0,0.0,0.0,0.0,0.0,1.0
ROBO4,0.0,0.0,0.0,0.0,0.0,1.0
EDDM3B,0.0,0.0,0.0,0.0,0.0,1.0
ZNF665,0.0,0.0,0.0,0.0,0.0,1.0
TAOK3,0.03088817221495961,0.03439749806147001,0.017003264291901563,0.08008849730644775,0.10018522491975199,1.0
GNB1L,0.0,0.0,0.0,0.0,0.0,1.0
PPP4R2,0.03874520737222225,0.024179296162409998,0.009447709111104357,0.1918400326269977,0.10030332039300063,1.0
LIMS2,0.0,0.0,0.0,0.0,0.0,1.0
BTG4,0.0,0.0,0.0,0.0,0.0,1.0
CSNK1G3,0.04275280909211341,0.043060687603283576,0.02767361492631111,0.11192609365500189,0.16084155662490396,1.0
DNAI4,0.0,0.0,0.0,0.0,0.0,1.0
FAM200C,0.0,0.0,0.0,0.0,0.0,1.0
BPESC1,0.0,0.0,0.0,0.0,0.0,1.0
GPHN,0.04957383773727059,0.012797977942097099,0.04183222468295254,0.19363306668203265,0.17423088532335587,1.0
DYM,0.0,0.0,0.0,0.0,0.0,1.0
UEVLD,0.0,0.0,0.0,0.0,0.0,1.0
KCNJ14,0.023974677890692606,0.012010616682395156,0.0026722170536357054,0.1781573897403775,0.08354784109837,1.0
KIF13A,0.0,0.0,0.0,0.0,0.0,1.0
SEMA6B,0.0,0.0,0.0,0.0,0.0,1.0
PADI3,0.026832847421287512,0.03274407020164732,0.011796077329025947,0.13828807777633392,0.13042577944037792,1.0
PLA2G3,0.0,0.0,0.0,0.0,0.0,1.0
DELEC1,0.0,0.0,0.0,0.0,0.0,1.0
KLK12,0.0,0.0,0.0,0.0,0.0,1.0
MMP27,0.029851803704583246,0.04160954004609247,0.01042905564554725,0.16542099395541748,0.07402451063457378,1.0
UTS2,0.0,0.0,0.0,0.0,0.0,1.0
SLC38A4,0.0,0.0,0.0,0.0,0.0,1.0
RNF31,0.0,0.0,0.0,0.0625,0.0,1.0
TBRG4,0.036000489003525274,0.020683132552764133,0.007629487489347828,0.2701998247306914,0.0997433811371781,1.0
MS4A5,0.04229193352592983,0.021297940799087266,0.007371089635432555,0.21233708637019047,0.13050940771798242,1.0
SCN11A,0.03712538204604166,0.01369984811126005,0.010036726234716445,0.1685923891608811,0.1384653612260157,1.0
PRDM5,0.0,0.0,0.0,0.0,0.0,1.0
SAGE1,0.0,0.0,0.0,0.0,0.0,1.0
GREM2,0.0,0.0,0.0,0.0,0.0,1.0
BEGAIN,0.0,0.0,0.0,0.0,0.0,1.0
METTL16,0.0,0.0,0.0,0.0,0.0,1.0
PLPPR3,0.0,0.0,0.0,0.0,0.0,1.0
GCM2,0.0,0.0,0.0,0.0,0.0,1.0
TMOD3,0.0,0.0,0.0,0.0,0.0,1.0
HAO2,0.03548248925849437,0.015909388465231093,0.010220015090941122,0.11061886028367081,0.12945973916316475,1.0
KCNH4,0.0,0.0,0.0,0.0,0.0,1.0
STAMBPL1,0.04997486664475033,0.020584297631330323,0.002947282555926937,0.15732643992905257,0.14430954288722742,1.0
TP73,0.0625,0.0,0.0,0.0,0.0,1.0
HRH2,0.03798432236265517,0.02701471417678499,0.030613060852139325,0.16188606274069775,0.0922849281308022,1.0
GNG13,0.0,0.0,0.0,0.0,0.0,1.0
HBQ1,0.0,0.0,0.0,0.0,0.0,1.0
SPMAP2,0.0,0.0,0.0,0.0,0.0,1.0
CLCA3P,0.0,0.0,0.0,0.0,0.0,1.0
PRG3,0.0,0.0,0.0,0.0,0.0,1.0
HHLA2,0.03735312105367113,0.029589264914681175,0.011218162204648042,0.1342468255034097,0.10917443364905037,1.0
CYSLTR2,0.0,0.0,0.0,0.0,0.0,1.0
CTNNA3,0.0,0.0,0.0,0.0,0.0,1.0
LPAR3,0.03548637815450291,0.01767119108494218,0.0015692004053889752,0.10418957039363182,0.15675071991923667,1.0
TRPC4,0.03901215411971388,0.015086774543298598,0.0161928820078793,0.18767214769212562,0.07427219879386213,1.0
FRMD1,0.0,0.0,0.0,0.0,0.0,1.0
GALR1,0.0,0.0,0.0,0.0,0.0,1.0
KIRREL1,0.0,0.0,0.0,0.0,0.0,1.0
TCP10L,0.0,0.0,0.0,0.0,0.0,1.0
B3GALT1,0.0,0.0,0.0,0.0,0.0,1.0
IMPG2,0.0,0.0,0.0,0.0,0.0,1.0
GCNT4,0.0,0.0,0.0,0.0,0.0,1.0
TLR8,0.03308670440341083,0.015129086253677601,0.0006519464831987804,0.12196141693945442,0.14622431697442206,1.0
MS4A12,0.03411042094279642,0.02161117806980959,0.025523745380481466,0.14125953647475958,0.11724573561986737,1.0
ZNF407,0.0,0.0,0.0,0.0,0.0,1.0
EXD3,0.0,0.0,0.0,0.0,0.0,1.0
FIRRM,0.0,0.0,0.0,0.0,0.0,1.0
DCAF13,0.0,0.0,0.0,0.0,0.0,1.0
ELOA2,0.0,0.0,0.0,0.0,0.0,1.0
ACOXL,0.0,0.0,0.0,0.0,0.0,1.0
ZNF221,0.0,0.0,0.0,0.0,0.0,1.0
OBP2A,0.0,0.0,0.0,0.0,0.0,1.0
MORC1,0.0,0.0,0.0,0.0,0.0,1.0
FOXN3-AS2,0.0,0.0,0.0,0.0,0.0,1.0
PURG,0.0,0.0,0.0,0.0,0.0,1.0
MIP,0.0,0.0,0.0,0.0,0.0,1.0
PDSS1,0.0,0.0,0.0,0.0,0.0,1.0
ADAMTS6,0.0,0.0,0.0,0.0,0.0,1.0
SLC24A2,0.0,0.0,0.0,0.0,0.0,1.0
SLC7A10,0.0,0.0,0.0,0.0,0.0,1.0
CPAP,0.0,0.0,0.0,0.0,0.0,1.0
CCDC177,0.0,0.0,0.0,0.0,0.0,1.0
CASS4,0.048346207949766996,0.053082809189422785,0.04018181352334301,0.05968365724344263,0.12624183318797047,1.0
CA10,0.03497037328388185,0.020032046741005637,0.012822276158275612,0.1782612156163441,0.09882669964215102,1.0
DDX47,0.0625,0.0,0.0,0.0,0.0,1.0
TRMT44,0.0,0.0,0.0,0.0,0.0,1.0
PSAT1,0.028082163360448026,0.019595555471441557,0.004301217530127349,0.11337807298375054,0.14279395055089522,1.0
PRDM12,0.0,0.0,0.0,0.0,0.0,1.0
USP29,0.0,0.0,0.0,0.0,0.0,1.0
GPR157,0.0397996796708243,0.016650666079058105,0.01223680411775242,0.12550923820975285,0.1558835971791806,1.0
GFM1,0.0,0.0,0.0,0.0,0.0,1.0
LINC00574,0.0,0.0,0.0,0.0,0.0,1.0
ADGRF1,0.0,0.0,0.0,0.0,0.0,1.0
CCDC33,0.0,0.0,0.0,0.0,0.0,1.0
TRIM46,0.04893754269424508,0.03768180951021266,0.02928571705056249,0.11126864085367537,0.12298035133138915,1.0
FRAS1,0.0,0.0,0.0,0.0,0.0,1.0
NYNRIN,0.0,0.0,0.0,0.0,0.0,1.0
WDR19,0.0,0.0,0.0,0.0,0.0,1.0
CFAP43,0.0,0.0,0.0,0.0,0.0,1.0
PNMA3,0.0,0.0,0.0,0.0,0.0,1.0
SLC38A2,0.0,0.0,0.0,0.0,0.0,1.0
HPSE2,0.0,0.0,0.0,0.0,0.0,1.0
PRDM16,0.0,0.0,0.0,0.0,0.0,1.0
GALNT8,0.0,0.0,0.0,0.0,0.0,1.0
SMIM2,0.0,0.0,0.0,0.0,0.0,1.0
TUT7,0.0,0.0,0.0,0.0,0.0,1.0
TMEM223,0.0,0.0,0.0,0.0,0.0,1.0
CDK5RAP2,0.0,0.0,0.0,0.0,0.0,1.0
H2AJ,0.0,0.0,0.0,0.0625,0.0,1.0
GMEB1,0.0,0.0,0.0,0.0,0.0,1.0
DPP8,0.10780946501220366,0.03602894771454461,0.007954503581295468,0.1338182954160023,0.18610737487252582,1.0
C21orf91,0.0,0.0,0.0,0.0,0.0,1.0
FAM162A,0.0625,0.0,0.0,0.0,0.0,1.0
NDUFAF7,0.0,0.0,0.0,0.0,0.0,1.0
PGLYRP4,0.0,0.0,0.0,0.0,0.0,1.0
MANSC1,0.04710834199981069,0.022349930109187774,0.01810170998177807,0.09323827504225313,0.12417154026000586,1.0
TBC1D10B,0.0,0.0,0.0,0.0,0.0,1.0
ATP1A1,0.058887717497985645,0.03116276512525421,0.024823850532923384,0.1568860419633292,0.08265125726216195,1.0
CYREN,0.0,0.0,0.0,0.0,0.0,1.0
KANSL3,0.0,0.0,0.0,0.0,0.0,1.0
A1CF,0.041361413897337836,0.019669657410054983,0.027788827438015817,0.13285983790046266,0.10034383181424462,1.0
PLEKHA5,0.0,0.0,0.0,0.0,0.0,1.0
MTMR12,0.0,0.0,0.0,0.0,0.0,1.0
PILRB,0.029420920741642854,0.028373794665832563,0.017521649972572835,0.13641623141003886,0.09899726143808302,1.0
RAB23,0.048464439764151754,0.02030334297205564,0.009982606950209765,0.08097553572509986,0.11487657588950256,1.0
EGLN2,0.0,0.0,0.0,0.0,0.0,1.0
CTAGE1,0.0,0.0,0.0,0.0,0.0,1.0
ULK4,0.03532680563406968,0.014863813643408313,0.0037642242331659007,0.12356071493696666,0.07046328715857653,1.0
PADI1,0.024641890485309993,0.023341695939749232,0.002151905447183333,0.2176891527895311,0.07622965478618485,1.0
CPLANE2,0.0,0.0,0.0,0.0,0.0,1.0
RAB1B,0.0,0.0,0.0,0.0,0.0,1.0
RSPH6A,0.0,0.0,0.0,0.0,0.0,1.0
ARPC5L,0.0,0.0,0.0,0.0,0.0,1.0
ZNF696,0.0,0.0,0.0,0.0,0.0,1.0
TSPAN9,0.033525950087952956,0.017315144558960667,0.012878049429957029,0.1827519457770801,0.08622218809684593,1.0
KRTAP2-4,0.0,0.0,0.0,0.0,0.0,1.0
IL25,0.041279672592645165,0.021963514933694,0.0075090011996356,0.1532704045199831,0.11199982536094283,1.0
KRTAP9-9,0.0,0.0,0.0,0.0,0.0,1.0
SHARPIN,0.03973963961520222,0.055025387418534605,0.022804006763075858,0.141274464504266,0.15081017864747248,1.0
C1QTNF1,0.0,0.0,0.0,0.0,0.0,1.0
KRTAP1-1,0.0,0.0,0.0,0.0,0.0,1.0
EPB41L5,0.0,0.0,0.0,0.0,0.0,1.0
KRTAP1-3,0.0,0.0,0.0,0.0,0.0,1.0
ST6GALNAC5,0.0,0.0,0.0,0.0,0.0,1.0
ADPGK,0.034174187749822046,0.028900109447997122,0.0070827376566041465,0.1809724028768211,0.1349586054896982,1.0
NXF2,0.0,0.0,0.0,0.0,0.0,1.0
SPACA1,0.0,0.0,0.0,0.0,0.0,1.0
SLCO5A1,0.0,0.0,0.0,0.0,0.0,1.0
RNF170,0.0,0.0,0.0,0.0,0.0,1.0
C1QTNF3,0.0,0.0,0.0,0.0,0.0,1.0
AMN,0.0,0.0,0.0,0.0,0.0,1.0
RNF32,0.048977099660116236,0.025682604979712385,0.024460454277262414,0.02094463643544976,0.13059310197610663,1.0
TRMT1L,0.0,0.0,0.0,0.0,0.0,1.0
GPR63,0.0,0.0,0.0,0.0,0.0,1.0
STXBP6,0.0,0.0,0.0,0.0,0.0,1.0
SHCBP1L,0.0,0.0,0.0,0.0,0.0,1.0
DIAPH3,0.0,0.0,0.0,0.0,0.0,1.0
UNC93B1,0.0,0.0,0.0,0.0,0.0,1.0
TSPAN14,0.03098521169974698,0.019616205724889944,0.006816335169364553,0.14220798418432196,0.10729931414429597,1.0
CAB39L,0.0,0.0,0.0,0.0,0.0,1.0
ITM2C,0.03371466177093258,0.0171661876466865,0.0013125475671202794,0.19805046322806968,0.11147357337968739,1.0
PTDSS2,0.0,0.0,0.0,0.0,0.0,1.0
FIP1L1,0.0,0.0,0.0,0.0,0.0,1.0
ETNPPL,0.0,0.0,0.0,0.0,0.0,1.0
ANGPTL4,0.034221960284811545,0.012852802042453572,0.02151819530951957,0.19957325141005808,0.12601472460829558,1.0
LBH,0.02764076105961324,0.017033891524046156,0.0008221075552687522,0.16644686481978213,0.0736992237995352,1.0
TRIM8,0.0,0.0,0.0,0.0,0.0,1.0
RAB33B,0.0,0.0625,0.0,0.0,0.0,1.0
CDADC1,0.0,0.0,0.0,0.0,0.0,1.0
TCF7L1,0.0,0.0,0.0,0.0,0.0,1.0
LRRC3,0.0,0.0,0.0,0.0,0.0,1.0
TDRD1,0.0,0.0,0.0,0.0,0.0,1.0
COLEC12,0.0,0.0,0.0,0.0,0.0,1.0
SLC25A32,0.0,0.0,0.0,0.0,0.0,1.0
CTNNBL1,0.0,0.0,0.0,0.0,0.0,1.0
PMFBP1,0.0,0.0,0.0,0.0,0.0,1.0
KCNH6,0.0,0.0,0.0,0.0,0.0,1.0
SLC2A10,0.0,0.0,0.0,0.0,0.0,1.0
PUS7L,0.0,0.0,0.0,0.0,0.0,1.0
SCRT1,0.0,0.0,0.0,0.0,0.0,1.0
PLA2G12A,0.0,0.0,0.0,0.0,0.0,1.0
GFOD2,0.0,0.0,0.0,0.0,0.0,1.0
WNT5B,0.0,0.0,0.0,0.0,0.0,1.0
ARHGAP24,0.03159504653665039,0.017590618525852603,0.006319280868116861,0.1666944936316372,0.11353716945155531,1.0
APOLD1,0.033761043057528375,0.015923122626226187,0.005578167981967097,0.2721104604099755,0.059105039004822835,1.0
TMPRSS5,0.0,0.0,0.0,0.0,0.0,1.0
TEX13B,0.0,0.0,0.0,0.0,0.0,1.0
TEX14,0.04475663980351146,0.02589680993507714,0.002996659047293326,0.2073569732868405,0.10866970893726152,1.0
APH1B,0.047186865467425586,0.04784618160895639,0.02242952410548359,0.15716295583105258,0.12326925313801448,1.0
SLC25A31,0.0,0.0,0.0,0.0625,0.0,1.0
ASAP1,0.03855604121890774,0.028060654773267826,0.010997491577298424,0.25218032975362414,0.044993270004838215,1.0
SLC17A5,0.0,0.0,0.0,0.0,0.0,1.0
CLMN,0.0,0.0,0.0,0.0,0.0,1.0
PER3,0.0,0.0,0.0,0.0,0.0,1.0
GTPBP8,0.0,0.0,0.0,0.0,0.0,1.0
MARK1,0.0,0.0,0.0,0.0,0.0,1.0
MTNAP1,0.0,0.0,0.0,0.0,0.0,1.0
POLL,0.0,0.0,0.0,0.0,0.0,1.0
GTPBP2,0.06698620354623658,0.021618326097910128,0.02064547849799803,0.2096027436202193,0.11242057558409507,1.0
NMRK2,0.023097229937848598,0.023888526092255443,0.0053314956593570285,0.1830021521819959,0.10481812413942279,1.0
TDRKH,0.0,0.0,0.0,0.0,0.0,1.0
CKLF,0.0,0.0,0.0,0.0,0.0,1.0
COTL1,0.0,0.0,0.0,0.0,0.0,1.0
TLR4,0.09865500212843102,0.02247379076997344,0.01533191803998852,0.3855300940694807,0.12906155204663347,1.0
PKD2L1,0.034357627389075024,0.024982538931274466,0.011048413494725967,0.16598903600207296,0.16240719921767732,1.0
HS3ST3B1,0.0,0.0,0.0,0.0,0.0,1.0
RNF123,0.03215447426181464,0.02568576306347815,0.0021833035763699554,0.21223397503782682,0.09620686969216641,1.0
UNKL,0.0,0.0,0.0,0.0,0.0,1.0
CHST8,0.0,0.0,0.0,0.0,0.0,1.0
RXFP3,0.0,0.0,0.0,0.0,0.0,1.0
SPX,0.0,0.0,0.0,0.0,0.0,1.0
TACO1,0.0,0.0,0.0,0.0,0.0,1.0
CCAR2,0.0625,0.0,0.0,0.0,0.0,1.0
NOD1,0.10289504492069584,0.03953753484522382,0.020133121519578155,0.08448590282448135,0.13589638336713805,1.0
ODAD2,0.0,0.0,0.0,0.0,0.0,1.0
DENND1C,0.0,0.0,0.0,0.0,0.0,1.0
DENND2D,0.0,0.0,0.0,0.0,0.0,1.0
KCNQ4,0.048530968884284896,0.04508919034829401,0.016105984519300336,0.20805009316816425,0.12071255561045854,1.0
HTR3B,0.0,0.0,0.0,0.0,0.0,1.0
TNFSF15,0.047004819234389796,0.01548937753068299,0.007465579155248817,0.0877544768444457,0.14335181636730748,1.0
FEZF2,0.0,0.0,0.0,0.0,0.0,1.0
APOL3,0.04387349000449168,0.027948169840664026,0.015490078373855763,0.2554876729987872,0.12408727858711269,1.0
PPP1R9A,0.0,0.0,0.0,0.0,0.0,1.0
NOX3,0.03684844967408392,0.018876208223873446,0.005714250679056744,0.1211412400720702,0.14160164213545337,1.0
OGFOD1,0.030590965520697087,0.0355134081337863,0.0040193312663709575,0.10634788753073636,0.05809034513883447,1.0
INSL5,0.0,0.0,0.0,0.0,0.0,1.0
IKZF3,0.05888894498251149,0.016183221325947655,0.02227523084809028,0.12936300046933313,0.09842585792696715,1.0
BRD7P3,0.0,0.0,0.0,0.0,0.0,1.0
ELP3,0.0,0.0,0.0,0.0,0.0,1.0
KCNE2,0.03246591446801133,0.008950953502445165,0.011977657520287757,0.13118845926820316,0.1101952600501303,1.0
TMCO6,0.0,0.0,0.0,0.0,0.0,1.0
KCNMB2,0.035034174193676236,0.023435465460091873,0.00675366592915814,0.04628908386505583,0.20430946474777117,1.0
C6orf15,0.0,0.0,0.0,0.0,0.0,1.0
TRPM6,0.030883447007602528,0.022123787836089016,0.007697573100505224,0.10171932644650646,0.16299364556535506,1.0
CFAP44,0.0,0.0,0.0,0.0,0.0,1.0
NIPSNAP3B,0.0,0.0,0.0,0.0,0.0,1.0
CHRNA9,0.03465034032512841,0.023721847666359715,0.007880040456124261,0.23646692580778023,0.13710591403457423,1.0
DRICH1,0.0,0.0,0.0,0.0,0.0,1.0
PDE11A,0.03090773179198996,0.02369971813686861,0.034138416480697764,0.09805984041991572,0.14728451911322932,1.0
IL26,0.027890053322767713,0.016534013305833532,0.036426157713707906,0.2848416415190227,0.12377122099865945,1.0
IL1RAPL2,0.05512001141712223,0.013264364707820213,0.010669401930345736,0.09194178539448415,0.17308346373042527,1.0
WNT16,0.0,0.0,0.0,0.0,0.0,1.0
AMBN,0.0,0.0,0.0,0.0,0.0,1.0
LENEP,0.041569433541418406,0.019488148844297042,0.005699537951536732,0.07508439983235693,0.13238361881293603,1.0
PKD2L2,0.0,0.0,0.0,0.0,0.0,1.0
ARHGEF38,0.0,0.0,0.0,0.0,0.0,1.0
CT55,0.0,0.0,0.0,0.0,0.0,1.0
PLAAT2,0.0,0.0,0.0,0.0,0.0,1.0
VSX1,0.0,0.0,0.0,0.0,0.0,1.0
KCNMB3,0.03904314625135097,0.029575555392430446,0.005551008757612619,0.06701624923579239,0.13345738906372417,1.0
FAM215A,0.0,0.0,0.0,0.0,0.0,1.0
A4GNT,0.0,0.0,0.0,0.0,0.0,1.0
CLDN18,0.0,0.0,0.0,0.0,0.0,1.0
ANGPT4,0.0,0.0,0.0,0.0,0.0,1.0
ASTE1,0.0,0.0,0.0,0.0,0.0,1.0
GDF2,0.0,0.0,0.0,0.0,0.0,1.0
CSAD,0.03633070728358223,0.029991927900342365,0.03508506368490672,0.14791899959482308,0.0927938863737475,1.0
GPR132,0.03273029571235618,0.010082712314007992,0.01074123604302846,0.17756425626813752,0.11149916466309565,1.0
EPN1,0.0,0.0,0.0,0.0,0.0,1.0
PECR,0.0,0.0,0.0,0.0,0.0,1.0
RPA4,0.0,0.0,0.0,0.0,0.0,1.0
C5AR2,0.0,0.0,0.0,0.0,0.0,1.0
MEPE,0.0,0.0,0.0,0.0,0.0,1.0
PRDM9,0.0,0.0,0.0,0.0,0.0,1.0
FBXO24,0.0,0.0,0.0,0.0,0.0,1.0
CABP5,0.0,0.0,0.0,0.0,0.0,1.0
ASCL3,0.0,0.0,0.0,0.0,0.0,1.0
HHLA1,0.0,0.0,0.0,0.0,0.0,1.0
MLXIPL,0.0,0.0,0.0,0.0,0.0,1.0
CHST5,0.0,0.0,0.0,0.0,0.0,1.0
IL22,0.0343894316006561,0.012233980409000608,0.015955033537980213,0.17442979503441775,0.09797791218830021,1.0
FGF23,0.0,0.0,0.0,0.0,0.0,1.0
CCDC70,0.0,0.0,0.0,0.0,0.0,1.0
PRDM13,0.0,0.0,0.0,0.0,0.0,1.0
HRH4,0.04043407155402066,0.01624956102786597,0.006655207376382184,0.3354146854435439,0.09372564202127448,1.0
CCDC30,0.0,0.0,0.0,0.0,0.0,1.0
PKD1L1-AS1,0.0,0.0,0.0,0.0,0.0,1.0
C3orf36,0.0,0.0,0.0,0.0,0.0,1.0
CTAGE5,0.0,0.0,0.0,0.0,0.0,1.0
BAIAP2L2,0.0,0.0,0.0,0.0,0.0,1.0
MAP3K19,0.038582876429081675,0.04722465193347397,0.012127595986387841,0.10162613802916179,0.10540735054150295,1.0
MROH9,0.0,0.0,0.0,0.0,0.0,1.0
DRC9,0.0,0.0,0.0,0.0,0.0,1.0
FUZ,0.0,0.0,0.0,0.0,0.0,1.0
TARS2,0.0,0.0,0.0,0.0,0.0,1.0
RMC1,0.0,0.0,0.0,0.0,0.0,1.0
MFSD11,0.0,0.0,0.0,0.0,0.0,1.0
ZCCHC10,0.0,0.0,0.0,0.0,0.0,1.0
RNFT1,0.023503746682301374,0.026468226325627283,0.00589956857965603,0.19057455897192963,0.08167156402888202,1.0
BRCC3,0.0,0.0,0.0,0.0,0.0,1.0
CHAT,0.03293808379039745,0.025508504823811354,0.0036279762599720506,0.2942593024338994,0.08336327438208249,1.0
SCT,0.0,0.0,0.0,0.0,0.0,1.0
GFRA4,0.0,0.0,0.0,0.0,0.0,1.0
ZNF155,0.0,0.0,0.0,0.0,0.0,1.0
YEATS2,0.0,0.0,0.0,0.0,0.0,1.0
CRTAC1,0.0,0.0,0.0,0.0,0.0,1.0
NBEA,0.0,0.0,0.0,0.0,0.0,1.0
MSANTD2,0.0,0.0,0.0,0.0,0.0,1.0
OTOR,0.0,0.0,0.0,0.0,0.0,1.0
NPL,0.0,0.0,0.0,0.0,0.0,1.0
MAP3K7CL,0.0,0.0,0.0,0.0,0.0,1.0
ZNF280D,0.0,0.0,0.0,0.0,0.0,1.0
NSMF,0.0,0.0,0.0,0.0,0.0,1.0
RIPK4,0.03899715360258308,0.04614872771837086,0.023158971661231445,0.06453836502930037,0.16033727540723672,1.0
SCMH1,0.0,0.0,0.0,0.0,0.0,1.0
RBFOX1,0.028551864228530593,0.030583873756523133,0.006315300962440037,0.2318359133826433,0.1042107504613431,1.0
TPK1,0.030469099723875157,0.021373598313335938,0.0033034827960598595,0.18977001007044256,0.12242219372556931,1.0
KLHDC4,0.0,0.0,0.0,0.0,0.0,1.0
SCYL2,0.0,0.0,0.0,0.0,0.0,1.0
KLHL3,0.0,0.0,0.0,0.0,0.0,1.0
C1orf56,0.0,0.0,0.0,0.0,0.0,1.0
CISH,0.05130082280735859,0.01094575981245683,0.009770664906691071,0.09966634276852361,0.19110667049174512,1.0
DCAKD,0.03633575095349939,0.005844271402699909,0.006973562660326998,0.13015569985784362,0.08972929482444908,1.0
ASIC4,0.0,0.0,0.0,0.0,0.0,1.0
COQ3,0.0,0.0,0.0,0.0,0.0,1.0
TRMT61B,0.0,0.0,0.0,0.0,0.0,1.0
ARID4B,0.0,0.0,0.0,0.0,0.0,1.0
NRDE2,0.0,0.0,0.0,0.0,0.0,1.0
ANKRD2,0.0,0.0,0.0,0.0,0.0,1.0
FAM135A,0.0,0.0,0.0,0.0,0.0,1.0
BACH2,0.03161424570254931,0.012471538567895929,0.0016639598627324862,0.13634863050083867,0.10372312849665197,1.0
TGFBRAP1,0.0,0.0,0.0,0.0,0.0,1.0
STMN4,0.029143959805485432,0.001756480246237153,0.01904203022227121,0.2500768216182392,0.2278444633937818,1.0
OSBP2,0.0,0.0,0.0,0.0,0.0,1.0
FCRL2,0.03530776312607101,0.02628372473351407,0.014269482549520382,0.14024349988441784,0.1074140271345795,1.0
B3GNT4,0.0,0.0,0.0,0.0,0.0,1.0
BCL2L14,0.10616461825425559,0.03738088669358777,0.014941242253701883,0.18288567670219874,0.12897186061140214,1.0
FZD5,0.0,0.0,0.0,0.0,0.0,1.0
RCC1L,0.0,0.0,0.0,0.0,0.0,1.0
NSD3,0.0,0.0,0.0,0.0,0.0,1.0
FAM117A,0.0,0.0,0.0,0.0,0.0,1.0
MXD3,0.0,0.0,0.0,0.0,0.0,1.0
INO80B,0.0,0.0,0.0,0.0,0.0,1.0
GSG1,0.0,0.0,0.0,0.0,0.0,1.0
PITPNM3,0.0,0.0,0.0,0.0,0.0,1.0
EMC6,0.0,0.0,0.0,0.0,0.0,1.0
HDHD3,0.0,0.0,0.0,0.0,0.0,1.0
KIF18A,0.0,0.0,0.0,0.0,0.0,1.0
TEX11,0.0625,0.0,0.0,0.0,0.0,1.0
CSRNP2,0.0625,0.0,0.0,0.0,0.0,1.0
SLC2A11,0.0,0.0,0.0,0.0,0.0,1.0
SF3B5,0.0,0.0,0.0,0.0,0.0,1.0
TARDBP,0.0,0.0,0.0,0.0,0.0,1.0
INTS14,0.0,0.0,0.0,0.0,0.0,1.0
DCSTAMP,0.05243133537995409,0.02013237502520874,0.004623473163687151,0.07193556649378853,0.15664934976307637,1.0
ABHD17A,0.0,0.0,0.0,0.0,0.0,1.0
SGPP1,0.0,0.0,0.0,0.0,0.0,1.0
SH3BGRL3,0.0,0.0,0.0,0.0,0.0,1.0
QTRT1,0.0,0.0,0.0,0.0,0.0,1.0
IL21,0.03560131551819032,0.02019418922611422,0.006918352424677492,0.28847909498153623,0.1458907482785736,1.0
C1orf21,0.0,0.0,0.0,0.0,0.0,1.0
RNF208,0.0,0.0,0.0,0.0,0.0,1.0
LMAN2L,0.0,0.0,0.0,0.0,0.0,1.0
SYNC,0.0,0.0,0.0,0.0,0.0,1.0
PUS3,0.0,0.0,0.0,0.0,0.0,1.0
HOXB8,0.05448660351042456,0.01814769407648422,0.021535525857286877,0.18415910830798185,0.11472924034493734,1.0
GDAP1,0.0,0.0,0.0,0.0,0.0,1.0
ST8SIA2,0.0,0.0,0.0,0.0,0.0,1.0
MZB1,0.11269724957354704,0.026116039287256844,0.004764332915447279,0.12595262212851147,0.11167771440920277,1.0
RNASEL,0.03683290532630389,0.023826467450410824,0.01443806248521327,0.21606823719495558,0.10002907747409917,1.0
GPR22,0.04234604832505134,0.01822608981469801,0.008954508619669288,0.13397021661181738,0.19209477300753075,1.0
DLX6,0.0,0.0,0.0,0.0,0.0,1.0
PWWP3A,0.0,0.0,0.0,0.0,0.0,1.0
ULBP2,0.0,0.0,0.0,0.0,0.0,1.0
PTCH2,0.0,0.0,0.0,0.0,0.0,1.0
DEF6,0.0,0.0,0.0,0.0,0.0,1.0
CIDEA,0.0625,0.0,0.0,0.0,0.0,1.0
TECTA,0.0,0.0,0.0,0.0,0.0,1.0
GPRC5D,0.0,0.0,0.0,0.0,0.0,1.0
SLC22A8,0.0,0.0,0.0,0.0,0.0,1.0
GPR173,0.0,0.0,0.0,0.0,0.0,1.0
NPAP1,0.0,0.0,0.0,0.0,0.0,1.0
VWA7,0.0,0.0,0.0,0.0,0.0,1.0
KLF15,0.0,0.0,0.0,0.0,0.0,1.0
PCDHB1,0.0,0.0,0.0,0.0,0.0,1.0
KCNIP1,0.0,0.0,0.0,0.0,0.0,1.0
FRS2,0.0,0.0,0.0,0.0,0.0,1.0
RBM17,0.0,0.0,0.0,0.0,0.0,1.0
FGF14,0.032709076815475274,0.02628997084752002,0.0003643883008955314,0.28066001288943426,0.07872162192142917,1.0
LYRM2,0.0,0.0,0.0,0.0,0.0,1.0
GLP2R,0.0,0.0,0.0,0.0,0.0,1.0
GPR52,0.0,0.0,0.0,0.0,0.0,1.0
GDF9,0.0,0.0,0.0,0.0,0.0,1.0
FGF22,0.0,0.0,0.0,0.0,0.0,1.0
CATSPERG,0.0,0.0,0.0,0.0,0.0,1.0
PCDHB6,0.0,0.0,0.0,0.0,0.0,1.0
NEUROD4,0.0,0.0,0.0,0.0,0.0,1.0
PCDHB8,0.0,0.0,0.0,0.0,0.0,1.0
BCL2L10,0.0625,0.0,0.0,0.0,0.0,1.0
KCNIP2,0.0,0.0,0.0,0.0,0.0,1.0
NPVF,0.0,0.0,0.0,0.0,0.0,1.0
ULBP1,0.0,0.0,0.0,0.0,0.0,1.0
TAS2R1,0.0,0.0,0.0,0.0,0.0,1.0
KCNK13,0.04691553230603443,0.033563149625225136,0.0192170391686122,0.09349285797393403,0.10942106369261678,1.0
CLDN17,0.0,0.0,0.0,0.0,0.0,1.0
OR52A1,0.0,0.0,0.0,0.0,0.0,1.0
CHRM2,0.03898117450006112,0.02246229739828914,0.011825672944093613,0.11718447935497942,0.14106355432067547,1.0
CTLA4,0.03867274870044252,0.02194495969672417,0.021716430409663482,0.09935333432133439,0.1439353201416664,1.0
BMP15,0.0,0.0,0.0,0.0,0.0,1.0
FOXP3,0.04136041266628884,0.011021760582753105,0.013898566538057676,0.14143175099821456,0.12483224126722339,1.0
SMG9,0.0,0.0,0.0,0.0,0.0,1.0
ATOH1,0.0,0.0,0.0,0.0,0.0,1.0
ADAM29,0.0,0.0,0.0,0.0,0.0,1.0
OR10C1,0.0,0.0,0.0,0.0,0.0,1.0
CDX4,0.0,0.0,0.0,0.0,0.0,1.0
MPIG6B,0.050481289839505526,0.016695691304183156,0.015319536120263363,0.08183026065289586,0.13756341933264954,1.0
OR11A1,0.0,0.0,0.0,0.0,0.0,1.0
OR12D2,0.0,0.0,0.0,0.0,0.0,1.0
FFAR2,0.03407880024668514,0.03195805587725946,0.004861611771457736,0.1333909391666064,0.1234655587250353,1.0
OR10J1,0.0,0.0,0.0,0.0,0.0,1.0
CHRM5,0.037355823718337566,0.022184447063380946,0.015656330696050234,0.0787789717125909,0.1214004321342912,1.0
NPPC,0.0,0.0,0.0,0.0,0.0,1.0
VPREB1,0.028746018536670023,0.013199537031960733,0.0060443163112254995,0.14906576937423496,0.06489344993891788,1.0
HOXC8,0.0,0.0,0.0,0.0,0.0,1.0
HTR1A,0.033876531957099526,0.030301421412748386,0.00010599023143952048,0.4049039049882547,0.07991965407915763,1.0
OR3A1,0.0,0.0,0.0,0.0,0.0,1.0
MCHR1,0.0384335881580537,0.03393279768902422,0.00705820032672715,0.24279062646592864,0.0888647514879673,1.0
CHRNG,0.041893296335239,0.027256494932256056,0.022750547904790936,0.1592806181200243,0.16273345591071398,1.0
P2RX2,0.0,0.0,0.0,0.0,0.0,1.0
CHRM4,0.0,0.0,0.0,0.0,0.0,1.0
NPBWR2,0.0,0.0,0.0,0.0,0.0,1.0
GDNF,0.0,0.0,0.0,0.0,0.0,1.0
GHSR,0.037319254751923596,0.005614861279846933,0.0197921948966657,0.11834531015780453,0.17213337842671583,1.0
OMP,0.0,0.0,0.0,0.0,0.0,1.0
HTR5A,0.03217569445641781,0.03445947762953831,0.009714721636026324,0.13786519634088468,0.13814919148464552,1.0
GPR25,0.03752150520321932,0.044627502408695854,0.016115956939160094,0.13163206584292303,0.10167944300710119,1.0
GRID2,0.0,0.0,0.0,0.0,0.0,1.0
MLNR,0.027633113777384057,0.0169681794363463,0.01018006968138883,0.15679765470778848,0.17341146866585716,1.0
NKX6-1,0.0,0.0,0.0,0.0,0.0,1.0
MOS,0.026248251873358698,0.02039056318237168,0.0073631577472248215,0.17714460853935357,0.06882288796012329,1.0
NEU2,0.03248019459859078,0.016282173572408284,0.010839496099241671,0.1159326024000717,0.11901183956964563,1.0
MTNR1A,0.03473156318158812,0.031363550566573306,0.001458983083379971,0.2530671499537672,0.1023028821195613,1.0
TNFSF18,0.03388230891051349,0.02918104109454294,0.0012428935584121732,0.17639611204174463,0.13587795053729393,1.0
PSPN,0.0,0.0,0.0,0.0,0.0,1.0
OR1G1,0.0,0.0,0.0,0.0,0.0,1.0
FGF17,0.0,0.0,0.0,0.0,0.0,1.0
RBPJL,0.0,0.0,0.0,0.0,0.0,1.0
CER1,0.0,0.0,0.0,0.0,0.0,1.0
NMUR1,0.0,0.0,0.0,0.0,0.0,1.0
UCP1,0.0,0.0,0.0,0.0,0.0,1.0
FFAR3,0.0,0.0,0.0,0.0,0.0,1.0
OR3A2,0.0,0.0,0.0,0.0,0.0,1.0
NPFFR1,0.04095815621579821,0.021540868560196987,0.011365186783811789,0.23015329009818009,0.1326281343981188,1.0
OR1A1,0.0,0.0,0.0,0.0,0.0,1.0
PLA2G2E,0.03239885615002591,0.03854044150361488,0.009317689975351555,0.12879747326840535,0.12023982061830579,1.0
TAS2R14,0.0,0.0,0.0,0.0,0.0,1.0
TAS2R4,0.0,0.0,0.0,0.0,0.0,1.0
TAAR3P,0.0,0.0,0.0,0.0,0.0,1.0
TAAR2,0.0,0.0,0.0,0.0,0.0,1.0
TAS2R13,0.0,0.0,0.0,0.0,0.0,1.0
TAS2R7,0.0,0.0,0.0,0.0,0.0,1.0
TAS2R10,0.0,0.0,0.0,0.0,0.0,1.0
TAS2R8,0.0,0.0,0.0,0.0,0.0,1.0
EDA2R,0.02919640435186233,0.016848227874537512,0.028418393774592276,0.2204124590619123,0.12261700362136184,1.0
MYO3A,0.030957269567604907,0.019089459413161494,0.007873529140184625,0.16038484942036632,0.14714261162965525,1.0
CACNG5,0.0,0.0,0.0,0.0,0.0,1.0
OR1F1,0.0,0.0,0.0,0.0,0.0,1.0
INSL6,0.0,0.0,0.0,0.0,0.0,1.0
IL36A,0.0,0.0,0.0,0.0,0.0,1.0
GJD2,0.029828918477316,0.03134684970912961,0.009769031307709845,0.16442150422496907,0.06833628812564667,1.0
PCDHB12,0.0,0.0,0.0,0.0,0.0,1.0
OR2S2,0.0,0.0,0.0,0.0,0.0,1.0
PCDHB3,0.0,0.0,0.0,0.0,0.0,1.0
HOXD12,0.0,0.0,0.0,0.0,0.0,1.0
KCNAB3,0.0,0.0,0.0,0.0,0.0,1.0
DEFB126,0.0,0.0,0.0,0.0,0.0,1.0
PLA2G2F,0.0,0.0,0.0,0.0,0.0,1.0
S1PR5,0.03858712628071895,0.042501738774681795,0.03309323949240644,0.11290850693652585,0.1613648488889861,1.0
ADAMTS12,0.0,0.0,0.0,0.0,0.0,1.0
MIR600HG,0.0,0.0,0.0,0.0,0.0,1.0
YIPF5,0.0,0.0,0.0,0.0,0.0,1.0
OR51E2,0.0,0.0,0.0,0.0,0.0,1.0
OR3A3,0.0,0.0,0.0,0.0,0.0,1.0
CCNL2,0.0,0.0,0.0,0.0,0.0,1.0
TBL1XR1,0.0,0.0,0.0,0.0,0.0,1.0
TEX13A,0.0,0.0,0.0,0.0,0.0,1.0
RNF146,0.0,0.0,0.0,0.0,0.0,1.0
OR12D3,0.0,0.0,0.0,0.0,0.0,1.0
SLC25A28,0.0,0.0,0.0,0.0,0.0,1.0
FGF21,0.0,0.0,0.0,0.0,0.0,1.0
SLIRP,0.0,0.0,0.0,0.0,0.0,1.0
HYI,0.0,0.0,0.0,0.0,0.0,1.0
CDCA3,0.0,0.0,0.0,0.0,0.0,1.0
MRPS15,0.0,0.0,0.0,0.0,0.0,1.0
TEX12,0.0,0.0,0.0,0.0,0.0,1.0
RBBP9,0.0,0.0,0.0,0.0,0.0,1.0
GSC2,0.0,0.0,0.0,0.0,0.0,1.0
MC3R,0.0,0.0,0.0,0.0,0.0,1.0
PRLH,0.0,0.0,0.0,0.0,0.0,1.0
TAS2R16,0.0,0.0,0.0,0.0,0.0,1.0
OR1A2,0.0,0.0,0.0,0.0,0.0,1.0
ADAM30,0.05049262680854994,0.04597599850808335,0.017883430870102898,0.07212839487882196,0.12404307710562082,1.0
GLT8D2,0.0,0.0,0.0,0.0,0.0,1.0
TEX15,0.0,0.0,0.0,0.0,0.0,1.0
ITFG1,0.0,0.0,0.0,0.0,0.0,1.0
PCDHB13,0.0,0.0,0.0,0.0,0.0,1.0
OR2W1,0.0,0.0,0.0,0.0,0.0,1.0
TMEM14B,0.0,0.0,0.0,0.0,0.0,1.0
G6PC2,0.03149047640307201,0.011483647940884351,0.005913015352593471,0.1159423065431214,0.1087364559666153,1.0
BOK,0.0625,0.0,0.0,0.0,0.0,1.0
WNT3,0.033129265067037394,0.02059852550734121,0.01043947432250051,0.11511992251539455,0.12323642646009272,1.0
TAS2R3,0.0,0.0,0.0,0.0,0.0,1.0
BTNL2,0.0,0.0,0.0,0.0,0.0,1.0
HTR1F,0.038463648810971425,0.008412465227140736,0.010655038532729188,0.2083779874732589,0.11052924816109475,1.0
TAAR5,0.0,0.0,0.0,0.0,0.0,1.0
OR2C1,0.0,0.0,0.0,0.0,0.0,1.0
TAS2R9,0.0,0.0,0.0,0.0,0.0,1.0
KLK15,0.0,0.0,0.0,0.0,0.0,1.0
CCL24,0.03544583035576814,0.00859385359760087,0.009885643989903603,0.2419555601101008,0.10984037117158263,1.0
OR1D2,0.0,0.0,0.0,0.0,0.0,1.0
OR6A2,0.0,0.0,0.0,0.0,0.0,1.0
P2RY4,0.05113855159611523,0.024582085470084364,0.0037297626846803473,0.0847816990416508,0.18467362527600198,1.0
MC4R,0.08407045805678375,0.060150124325998394,0.05997950606180712,0.06031095713278926,0.09121383991951335,1.0
XCR1,0.04037998717082008,0.025731723782303435,0.004180443688902957,0.12693795859677165,0.1546347552577732,1.0
GPR32,0.0,0.0,0.0,0.0,0.0,1.0
IL37,0.0,0.0,0.0,0.0,0.0,1.0
SERINC3,0.0,0.0,0.0,0.0,0.0,1.0
MYL12B,0.0,0.0,0.0,0.0,0.0,1.0
RPL15,0.5631271249834934,0.09683199244276816,0.00981025890788875,0.11332116295329223,0.04108318027068521,1.0
SOD2,0.0,0.0,0.0,0.0,0.0,1.0
BNIP3L,0.0625,0.0,0.0,0.0,0.0,1.0
HNRNPD,0.0,0.0,0.0,0.0,0.0,1.0
ARPP19,0.0,0.0,0.0,0.0,0.0,1.0
B4GALT5,0.0,0.0,0.0,0.0,0.0,1.0
ENSA,0.0,0.0,0.0,0.0,0.0,1.0
CUTA,0.0,0.0,0.0,0.0,0.0,1.0
SPRY4,0.0,0.0,0.0,0.0,0.0,1.0
UBAP1,0.0,0.0,0.0,0.0,0.0,1.0
ATG3,0.0,0.0625,0.0,0.0,0.0,1.0
TSPYL1,0.0,0.0,0.0,0.0,0.0,1.0
EIF3K,0.0,0.0,0.0,0.0,0.0,1.0
TCF25,0.03759556252026529,0.0317199715954034,0.010187860916337037,0.07287726585119034,0.11291109075695868,1.0
EGLN1,0.06059762777554114,0.1186837359345552,0.029375205096129176,0.11410504774556324,0.08114604459679382,1.0
SNX27,0.0,0.0,0.0,0.0,0.0,1.0
STX16,0.0,0.0,0.0,0.0,0.0,1.0
PKD1P1,0.0,0.0,0.0,0.0,0.0,1.0
KPNA3,0.0,0.0,0.0,0.0,0.0,1.0
ATP6V1H,0.0,0.0,0.0,0.0,0.0,1.0
ANP32E,0.029060864734340847,0.023153671785940282,0.02067015366596464,0.13643377231842607,0.09410431041199405,1.0
TNPO2,0.0,0.0,0.0,0.0,0.0,1.0
DENR,0.04752303255239461,0.012857883986339162,0.007864884541152759,0.3074930928910522,0.09907582966798638,1.0
GLS,0.057405711563439855,0.06677033798148088,0.01759875526365695,0.16126976489313943,0.0543050722517782,1.0
TMEM222,0.0,0.0,0.0,0.0,0.0,1.0
UTP14A,0.0,0.0,0.0,0.0,0.0,1.0
LCMT1,0.02456104559419656,0.020791446508483073,0.0023727708649066135,0.17391088587945905,0.0571926786652292,1.0
MED17,0.0,0.0,0.0,0.0,0.0,1.0
USP47,0.0,0.0,0.0,0.0,0.0,1.0
FBXW4,0.0,0.0,0.0,0.0,0.0,1.0
CDCA8,0.0,0.0,0.0,0.0,0.0,1.0
GINS2,0.051601425155057196,0.04327683876309366,0.04278637124277898,0.15782169134918037,0.08310348472344001,1.0
ANKRD27,0.04268560644864492,0.03297283633506522,0.0031386755308226884,0.16856949200053298,0.14048565224061338,1.0
RRAGD,0.0,0.0625,0.0,0.0,0.0,1.0
ELMO2,0.0625,0.0,0.0,0.0,0.0,1.0
PLVAP,0.0,0.0,0.0,0.0,0.0,1.0
BHLHE41,0.0,0.0,0.0,0.0,0.0,1.0
SKIC8,0.0,0.0,0.0,0.0,0.0,1.0
C11orf68,0.0,0.0,0.0,0.0,0.0,1.0
LSG1,0.0,0.0,0.0,0.0,0.0,1.0
PLXNA1,0.03779204414709749,0.018106278661285315,0.014920966891282642,0.13470739897756012,0.13902046552264774,1.0
EIF4EBP1,0.0,0.0,0.0,0.0,0.0,1.0
CRISPLD2,0.0,0.0,0.0,0.0,0.0,1.0
ERLIN2,0.0,0.0,0.0,0.0,0.0,1.0
MED16,0.0,0.0,0.0,0.0,0.0,1.0
PRPF18,0.0,0.0,0.0,0.0,0.0,1.0
ILKAP,0.0,0.0,0.0,0.0,0.0,1.0
GRWD1,0.0,0.0,0.0,0.0,0.0,1.0
ST6GALNAC4,0.0,0.0,0.0,0.0,0.0,1.0
ABHD6,0.0428837253432046,0.03597038939275214,0.032449788082872105,0.09608583390330729,0.13865947114443222,1.0
MAGT1,0.03334734787088928,0.005011585148442032,0.0006911663982086892,0.1609464698661755,0.12459443764994946,1.0
LEF1,0.046508227565690965,0.03167369091919549,0.024662262151813164,0.12834752238991196,0.11797744450883926,1.0
MIS12,0.0,0.0,0.0,0.0,0.0,1.0
SOAT1,0.02641322997430319,0.03139297668397031,0.011044720382345349,0.1805600023000578,0.09263839377831909,1.0
SIRT3,0.04647315695165457,0.03876218181907334,0.019738620614870694,0.1915220055816963,0.11156767685432498,1.0
PRMT2,0.055546175015266576,0.01509838753160207,0.029915594643411328,0.08797625100962456,0.14862752483860178,1.0
NOL3,0.0625,0.0,0.0,0.0,0.0,1.0
LIN7C,0.0,0.0,0.0,0.0,0.0,1.0
AHI1,0.03723714629044142,0.03611535713134876,0.00244835354684279,0.098668335482756,0.15010349968258613,1.0
METTL5,0.0,0.0,0.0,0.0,0.0,1.0
TRAF3,0.09487524074848178,0.039491907207484966,0.019337695842446382,0.18721739763060669,0.06675095608481987,1.0
SLC26A6,0.025273192269563056,0.026097292088680706,0.01791649825997511,0.20571434644720085,0.11020291808919247,1.0
SCLY,0.0255370481492366,0.030242602704004917,0.011267949641539855,0.13297822249048313,0.13630903189538002,1.0
GDF15,0.038053711915564545,0.024442690883772846,0.009414094089636813,0.15329471449822,0.08908526370478685,1.0
NUDT3,0.0,0.0,0.0,0.0,0.0,1.0
LAT2,0.0,0.0,0.0,0.0,0.0,1.0
H2AC25,0.0,0.0,0.0,0.0625,0.0,1.0
KCNMA1,0.04156754978932514,0.030544834365979465,0.020484289687609465,0.10312702684133085,0.09495758648941002,1.0
CACNG4,0.0,0.0,0.0,0.0,0.0,1.0
E2F5,0.0,0.0,0.0,0.0,0.0,1.0
FAM174C,0.0,0.0,0.0,0.0,0.0,1.0
ALDH6A1,0.04424572812029096,0.0349924286121219,0.028336077555009026,0.10279406672446004,0.13966779592807682,1.0
PIMREG,0.0,0.0,0.0,0.0,0.0,1.0
RBM48,0.0,0.0,0.0,0.0,0.0,1.0
TMEM208,0.0,0.0,0.0,0.0,0.0,1.0
AAMDC,0.0,0.0,0.0,0.0,0.0,1.0
FCMR,0.029425500429686693,0.026445661017723623,0.013968803700104646,0.1282478585699836,0.10757790029399172,1.0
PEX16,0.0,0.0,0.0,0.0,0.0,1.0
PIPOX,0.03226765926868071,0.023349320584454058,0.010981572207507447,0.12197135516974691,0.10127181500397031,1.0
HMGN5,0.0,0.0,0.0,0.0,0.0,1.0
WNT6,0.0,0.0,0.0,0.0,0.0,1.0
STAP2,0.0,0.0,0.0,0.0,0.0,1.0
PHF7,0.0,0.0,0.0,0.0,0.0,1.0
LRTM1,0.0,0.0,0.0,0.0,0.0,1.0
ZFAND6,0.0625,0.0,0.0,0.0,0.0,1.0
RPH3AL,0.0,0.0,0.0,0.0,0.0,1.0
TAF9B,0.0,0.0,0.0,0.0,0.0,1.0
MTCH1,0.0625,0.0,0.0,0.0,0.0,1.0
APOO,0.0,0.0,0.0,0.0,0.0,1.0
SNHG20,0.0,0.0,0.0,0.0,0.0,1.0
TMEM126B,0.0,0.0,0.0,0.0,0.0,1.0
BCAN,0.033071507918891525,0.018642697555990247,0.00339643236580628,0.31502695594916613,0.07423076489114741,1.0
ZNF506,0.0,0.0,0.0,0.0,0.0,1.0
DDX4,0.0,0.0,0.0,0.0,0.0,1.0
CACNA1I,0.032224921272141244,0.008062538765311428,0.006850024216408379,0.3244189322273626,0.12479176392662691,1.0
WDR4,0.03500489378325405,0.024467815241271382,0.010101770892034982,0.17790894358959453,0.14547727535356247,1.0
RPL23AP7,0.0,0.0,0.0,0.0,0.0,1.0
MTARC2,0.0,0.0,0.0,0.0,0.0,1.0
PIDD1,0.0625,0.0,0.0,0.0,0.0,1.0
ACOT9,0.0,0.0,0.0,0.0,0.0,1.0
ZNF83,0.0,0.0,0.0,0.0,0.0,1.0
ZDHHC11,0.0,0.0,0.0,0.0,0.0,1.0
RIC8A,0.0,0.0,0.0,0.0,0.0,1.0
PPAN,0.0,0.0,0.0,0.0,0.0,1.0
MED18,0.0,0.0,0.0,0.0,0.0,1.0
INTS13,0.0,0.0,0.0,0.0,0.0,1.0
APOL2,0.0,0.0,0.0,0.0,0.0,1.0
USP3,0.0,0.0,0.0,0.0,0.0,1.0
ARHGEF10L,0.0,0.0,0.0,0.0,0.0,1.0
ASB6,0.0,0.0,0.0,0.0,0.0,1.0
IL21R,0.039177229323056076,0.013330977095228272,0.013647891874052756,0.1758398182064512,0.1113805428276705,1.0
MYL10,0.0,0.0,0.0,0.0,0.0,1.0
SLC22A7,0.0,0.0,0.0,0.0,0.0,1.0
PYCARD,0.10717290830743281,0.028365582645521106,0.020209265115906844,0.22232783221311828,0.09884142493021891,1.0
HSPB8,0.05110774513767115,0.023434718067925714,0.01196609908442891,0.19085544764049503,0.1548018824901553,1.0
ACAD8,0.034833296829093995,0.01788960985586474,0.002883677315103772,0.11644450919393212,0.1766607660216162,1.0
LHX3,0.0625,0.0,0.0,0.0,0.0,1.0
CSNK1G1,0.028571009818793416,0.025649173875876424,0.018240275850612567,0.24640965721938923,0.0727385758550047,1.0
CHPT1,0.0,0.0,0.0,0.0,0.0,1.0
CORO1C,0.0,0.0,0.0,0.0,0.0,1.0
DONSON,0.0,0.0,0.0,0.0,0.0,1.0
ETV7,0.03163602820782106,0.01689862978392621,0.01307387598941031,0.19590309758568403,0.1652694005972825,1.0
DSPP,0.0,0.0,0.0,0.0,0.0,1.0
PCDHGB6,0.0,0.0,0.0,0.0,0.0,1.0
NYX,0.0,0.0,0.0,0.0,0.0,1.0
SPDL1,0.0,0.0,0.0,0.0,0.0,1.0
RECQL5,0.03415758169342123,0.013281021525127244,0.0017483899387171246,0.33671291607778797,0.08480829751557468,1.0
IMP3,0.03022404607177328,0.010892254666277796,0.0006907648664602954,0.2668272853466884,0.046287819604495635,1.0
PIGP,0.0,0.0,0.0,0.0,0.0,1.0
NLRP2,0.0625,0.0,0.0,0.0,0.0,1.0
NPM1,0.06732714982021745,0.02955896387641984,0.006881085904222939,0.04663397976171005,0.08852244932784069,1.0
MRPL34,0.0,0.0,0.0,0.0,0.0,1.0
MRPS18A,0.0487349129418018,0.04742963369384731,0.006686061658675734,0.19471856139814767,0.12142185563970996,1.0
MAP3K2,0.048723762593953016,0.011572525134045069,0.00899628376070974,0.061755708195557604,0.15928613149526796,1.0
STYK1,0.030160687784327275,0.012606228004958293,0.02481212379541029,0.17396178330181786,0.1435566876436309,1.0
MAP1LC3C,0.0,0.0625,0.0625,0.0,0.0,1.0
CLEC7A,0.03334338825383295,0.01749561824780555,0.009779564568971586,0.20710594250548842,0.1451864434512197,1.0
DDX50,0.0,0.0,0.0,0.0,0.0,1.0
UBA52,0.0625,0.0625,0.0,0.0625,0.0,1.0
STRA6,0.0,0.0,0.0,0.0,0.0,1.0
TM2D3,0.0,0.0,0.0,0.0,0.0,1.0
BRIP1,0.0,0.0,0.0,0.0,0.0,1.0
VPS37B,0.034930975378327615,0.027428045301780838,0.007364848027139466,0.2255847057284987,0.10800621991335835,1.0
SIKE1,0.0,0.0,0.0,0.0,0.0,1.0
USE1,0.0,0.0,0.0,0.0,0.0,1.0
VPS53,0.0,0.0,0.0,0.0,0.0,1.0
UNC45A,0.0,0.0,0.0,0.0,0.0,1.0
EVA1B,0.0,0.0,0.0,0.0,0.0,1.0
BABAM1,0.0,0.0,0.0,0.0,0.0,1.0
WDR74,0.0,0.0,0.0,0.0,0.0,1.0
MAP6D1,0.0,0.0,0.0,0.0,0.0,1.0
ACSBG2,0.0,0.0,0.0,0.0,0.0,1.0
SLC4A5,0.0,0.0,0.0,0.0,0.0,1.0
WASF2,0.0,0.0,0.0,0.0,0.0,1.0
SUB1,0.0,0.0,0.0,0.0,0.0,1.0
COL5A2,0.0,0.0,0.0,0.0,0.0,1.0
CANT1,0.04076533375787287,0.01986013355052181,0.020991354016876046,0.16115576593640268,0.09633037714649098,1.0
GPATCH4,0.0,0.0,0.0,0.0,0.0,1.0
PRRC1,0.0,0.0,0.0,0.0,0.0,1.0
GNA12,0.03775393049456831,0.030831909775108628,0.0002929625325398114,0.1629212014473039,0.08507415173053506,1.0
RALGAPB,0.0,0.0,0.0,0.0,0.0,1.0
MYDGF,0.0625,0.0,0.0,0.0,0.0,1.0
YTHDF1,0.0,0.0,0.0,0.0,0.0,1.0
DCAF7,0.0,0.0,0.0,0.0,0.0,1.0
UBL4A,0.0,0.0,0.0,0.0,0.0,1.0
TNS1,0.0,0.0,0.0,0.0,0.0,1.0
YTHDF3,0.0,0.0,0.0,0.0,0.0,1.0
HMGCS1,0.061810443107902305,0.06404288995441804,0.1081434061202067,0.11203188797580742,0.09597884899684875,1.0
PANK3,0.03237805863465298,0.022710141094741516,0.012911761085082971,0.2042207705080129,0.09458570577155312,1.0
SSH1,0.0,0.0,0.0,0.0,0.0,1.0
EHBP1L1,0.04918360756880914,0.03621319226150252,0.015167727034931317,0.1039645756594279,0.10455729989554197,1.0
PIK3IP1,0.0,0.0,0.0,0.0,0.0,1.0
ARMC6,0.0,0.0,0.0,0.0,0.0,1.0
G6PC3,0.05235411277160232,0.030714407236665305,0.0016998828677146328,0.13978016505921254,0.15560358439931893,1.0
ADSS2,0.0,0.0,0.0,0.0,0.0,1.0
PCIF1,0.0,0.0,0.0,0.0,0.0,1.0
JMJD1C,0.0,0.0,0.0,0.0,0.0,1.0
R3HDM4,0.0,0.0,0.0,0.0,0.0,1.0
UGCG,0.0343936538235015,0.015384188555160796,0.014233254077627055,0.2710999048656709,0.11987349230171034,1.0
TENT5A,0.0,0.0,0.0,0.0,0.0,1.0
HDLBP,0.0,0.0,0.0,0.0,0.0,1.0
RPE,0.0,0.0,0.0,0.0,0.0,1.0
MPHOSPH8,0.0,0.0,0.0,0.0,0.0,1.0
PPP2R2D,0.0,0.0,0.0,0.0,0.0,1.0
ELK3,0.0,0.0,0.0,0.0,0.0,1.0
SUPT20H,0.04137135045875616,0.09060820596749787,0.0002479443513723851,0.20946455854711785,0.18536822394020752,1.0
BRD7,0.05378745511666042,0.03168429471760314,0.02164083245231903,0.13617577540262069,0.12348148401116728,1.0
RITA1,0.0,0.0,0.0,0.0,0.0,1.0
KDM7A,0.0,0.0,0.0,0.0,0.0,1.0
MICALL1,0.0,0.0,0.0,0.0,0.0,1.0
DNAJC10,0.0,0.0,0.0,0.0,0.0,1.0
PGM3,0.04559135841644912,0.026672006074840104,0.0021873290790345706,0.07592671636843178,0.102026744975939,1.0
LDLRAP1,0.0,0.0,0.0,0.0,0.0,1.0
TMA7,0.03472114380988521,0.02695363687053712,0.007762653217296897,0.24174019460985646,0.11454948657265437,1.0
RAB6B,0.0,0.0,0.0,0.0,0.0,1.0
NTRK2,0.03130727604148307,0.0073790150164443485,0.01589504739636205,0.1669025697295225,0.1013968159920039,1.0
CHPF2,0.0,0.0,0.0,0.0,0.0,1.0
FAAP100,0.0,0.0,0.0,0.0,0.0,1.0
SHTN1,0.031338033618504874,0.015472169111518032,0.004808630468605191,0.28261245316296274,0.13922371354915447,1.0
NRBF2,0.0,0.0625,0.0,0.0,0.0,1.0
SETD5,0.0,0.0,0.0,0.0,0.0,1.0
TRABD,0.0,0.0,0.0,0.0,0.0,1.0
RAB9A,0.0,0.0,0.0,0.0,0.0,1.0
FBXO42,0.0,0.0,0.0,0.0,0.0,1.0
ABHD2,0.033898162606989114,0.0023046215331838727,0.009245683811148509,0.1550339766026827,0.1360153119987051,1.0
PHF11,0.0,0.0,0.0,0.0,0.0,1.0
DOLPP1,0.0,0.0,0.0,0.0,0.0,1.0
INTS5,0.0,0.0,0.0,0.0,0.0,1.0
RAB35,0.0,0.0,0.0,0.0,0.0,1.0
KAT8,0.052331439010245784,0.027888042498259786,0.05083452455710977,0.20489826883679652,0.07937709714797937,1.0
KANSL2,0.0,0.0,0.0,0.0,0.0,1.0
MACIR,0.0,0.0,0.0,0.0,0.0,1.0
MARCHF8,0.0,0.0,0.0,0.0,0.0,1.0
ANGEL2,0.0,0.0,0.0,0.0,0.0,1.0
RAP2A,0.0,0.0,0.0,0.0,0.0,1.0
LUZP1,0.0,0.0,0.0,0.0,0.0,1.0
LONP2,0.0,0.0,0.0,0.0,0.0,1.0
TRAPPC9,0.0,0.0,0.0,0.0,0.0,1.0
KLHL22,0.0,0.0,0.0,0.0,0.0,1.0
PTPRE,0.0,0.0,0.0,0.0,0.0,1.0
MEAK7,0.0,0.0,0.0,0.0,0.0,1.0
SPCS3,0.03379754187596021,0.0226102413208083,0.022193716049717965,0.2120722081367073,0.09949749185696022,1.0
CLPB,0.0,0.0,0.0,0.0,0.0,1.0
CASKIN2,0.0,0.0,0.0,0.0,0.0,1.0
PKP1,0.09386407954798984,0.01508014835369333,0.01878398864909504,0.20383249941937906,0.09380312743572565,1.0
SDHAF1,0.0,0.0,0.0,0.0,0.0,1.0
MINDY1,0.036459449116535994,0.03579379859750055,0.009424875729622445,0.12916202884107456,0.09086124571514693,1.0
TBC1D12,0.0,0.0,0.0,0.0,0.0,1.0
SYT13,0.0,0.0,0.0,0.0,0.0,1.0
ORAI3,0.036242140171924654,0.027447182961414997,0.015609429295103307,0.1819655884928703,0.09464549782050533,1.0
TMEM268,0.0,0.0,0.0,0.0,0.0,1.0
PAIP2B,0.0,0.0,0.0,0.0,0.0,1.0
ZNF143,0.0,0.0,0.0,0.0,0.0,1.0
ELAPOR1,0.0,0.0,0.0,0.0,0.0,1.0
C2orf68,0.0,0.0,0.0,0.0,0.0,1.0
FAM174B,0.0,0.0,0.0,0.0,0.0,1.0
PGAP6,0.0,0.0,0.0,0.0,0.0,1.0
PKNOX1,0.0,0.0,0.0,0.0,0.0,1.0
MECOM,0.0625,0.0,0.0,0.0,0.0,1.0
WHRN,0.0,0.0,0.0,0.0,0.0,1.0
CC2D1A,0.0,0.0,0.0,0.0,0.0,1.0
KCTD13,0.0,0.0,0.0,0.0,0.0,1.0
ZNF335,0.0,0.0,0.0,0.0,0.0,1.0
H6PD,0.03994624317132249,0.009097538653239862,0.0024433485546686844,0.09945592320849943,0.1200437190377012,1.0
HIGD1A,0.0,0.0,0.0,0.0,0.0,1.0
TRIM52,0.0,0.0,0.0,0.0,0.0,1.0
GPR153,0.0,0.0,0.0,0.0,0.0,1.0
FAM131A,0.0,0.0,0.0,0.0,0.0,1.0
TXNRD3,0.0,0.0,0.0,0.0,0.0,1.0
TRMT61A,0.0,0.0,0.0,0.0,0.0,1.0
RNFT2,0.0,0.0,0.0,0.0,0.0,1.0
CCDC28B,0.0,0.0,0.0,0.0,0.0,1.0
SYN1,0.033442568412239915,0.024147929086235462,0.009865499174205233,0.24824803425433203,0.09661960287577205,1.0
CDK17,0.04656365710044871,0.018336061950599856,0.01755552277218153,0.33615936478107394,0.1161700419933326,1.0
GPSM2,0.0,0.0,0.0,0.0,0.0,1.0
IL17RC,0.034538998087307295,0.018712443576522405,0.005448458681788908,0.16957475165797425,0.09102847076853651,1.0
ABHD11,0.0,0.0,0.0,0.0,0.0,1.0
ACACB,0.0510683534485341,0.01753055578458148,0.006506229062826122,0.343400418297483,0.12028741753477501,1.0
SEH1L,0.0,0.0,0.0,0.0,0.0,1.0
GLRX5,0.0,0.0,0.0,0.0,0.0,1.0
NLGN4X,0.0,0.0,0.0,0.0,0.0,1.0
DALRD3,0.0494013838067658,0.009910948280365255,0.004333038355223163,0.1133365953316292,0.15272888998869338,1.0
EOGT,0.0,0.0,0.0,0.0,0.0,1.0
MRPL41,0.0625,0.0,0.0,0.0,0.0,1.0
SYNRG,0.0,0.0,0.0,0.0,0.0,1.0
RPUSD2,0.0,0.0,0.0,0.0,0.0,1.0
PAOX,0.04131713927423037,0.024305828914713175,0.004958726844661566,0.23091597605186284,0.11869596255501438,1.0
GUCY1A1,0.0,0.0,0.0,0.0,0.0,1.0
EMX2,0.0,0.0,0.0,0.0,0.0,1.0
TRMT5,0.0,0.0,0.0,0.0,0.0,1.0
PDK3,0.03352860610277147,0.013558255010517464,0.0004167101950087864,0.19057899067402506,0.09735721578091118,1.0
WLS,0.0,0.0,0.0,0.0,0.0,1.0
FAM110B,0.0,0.0,0.0,0.0,0.0,1.0
GPR137,0.0,0.0,0.0,0.0,0.0,1.0
NXPH4,0.047457713035558506,0.02548998552597386,0.02585728619908568,0.09821692800956573,0.1774358736869458,1.0
PAX5,0.03288909040725214,0.02002185024881933,0.012303110299612993,0.1276802521999849,0.1415393741994343,1.0
NOL11,0.0,0.0,0.0,0.0,0.0,1.0
SDF4,0.0,0.0,0.0,0.0,0.0,1.0
TZMP1,0.0,0.0,0.0,0.0,0.0,1.0
EMILIN2,0.0,0.0,0.0,0.0,0.0,1.0
RETREG2,0.0,0.0,0.0,0.0,0.0,1.0
KLHL24,0.0,0.0,0.0,0.0,0.0,1.0
SMIM7,0.0,0.0,0.0,0.0,0.0,1.0
RPL10,0.0,0.0,0.0,0.0,0.0,1.0
NXPH3,0.0,0.0,0.0,0.0,0.0,1.0
MRPL52,0.0,0.0,0.0,0.0,0.0,1.0
VRK3,0.041561490756979756,0.03258818996016059,0.019894744040422883,0.11590270480280479,0.1008002515036566,1.0
C1orf174,0.0,0.0,0.0,0.0,0.0,1.0
LINC00623,0.0,0.0,0.0,0.0,0.0,1.0
GNG3,0.0,0.0,0.0,0.0,0.0,1.0
LETM1,0.0,0.0,0.0,0.0,0.0,1.0
COL9A1,0.0,0.0,0.0,0.0,0.0,1.0
EEF2KMT,0.0,0.0,0.0,0.0,0.0,1.0
ZSCAN31,0.0,0.0,0.0,0.0,0.0,1.0
NTM,0.0,0.0,0.0,0.0,0.0,1.0
SDHAP1,0.0,0.0,0.0,0.0,0.0,1.0
OPLAH,0.0,0.0,0.0,0.0,0.0,1.0
ZNF45,0.0,0.0,0.0,0.0,0.0,1.0
PFDN6,0.0,0.0,0.0,0.0,0.0,1.0
FLT1,0.036383650173855885,0.029266076080030325,0.007493250521679849,0.167336501971607,0.13976902711695613,1.0
MCM4,0.04981391610158735,0.0245442328154411,0.002800665409783711,0.20606297556476366,0.05625089010817743,1.0
KIF18B,0.0,0.0,0.0,0.0,0.0,1.0
CRYBB2P1,0.0,0.0,0.0,0.0,0.0,1.0
ACTMAP,0.0,0.0,0.0,0.0,0.0,1.0
PPIEL,0.0,0.0,0.0,0.0,0.0,1.0
FAHD2A,0.0,0.0,0.0,0.0,0.0,1.0
IL27RA,0.052816350099321244,0.02049005825992678,0.01662329897575008,0.08195638487684437,0.11902376351522154,1.0
AARSD1,0.0,0.0,0.0,0.0,0.0,1.0
DNAAF1,0.05479969795520591,0.011466849074066724,0.002870823144673459,0.11722751567986571,0.1440606206803166,1.0
SLCO4C1,0.0,0.0,0.0,0.0,0.0,1.0
COL4A3,0.031182000523205106,0.011910263257214218,0.0025028119028810024,0.2265688855821081,0.07034898754520212,1.0
OAZ3,0.03320272991051111,0.02118438827779332,0.015016982087846135,0.13590507478411445,0.11275044576656218,1.0
RACGAP1,0.0,0.0,0.0,0.0,0.0,1.0
PKLR,0.03193004669428056,0.04299006968164949,0.013432755468952975,0.10659966590985398,0.11338936910638331,1.0
GLYAT,0.029131531248699955,0.03425358184001874,0.012086671600703666,0.19179323678120916,0.10334805503036024,1.0
DNAAF8,0.0,0.0,0.0,0.0,0.0,1.0
NDUFB2-AS1,0.0,0.0,0.0,0.0,0.0,1.0
FAM163A,0.0,0.0,0.0,0.0,0.0,1.0
LSM14A,0.0,0.0,0.0,0.0,0.0,1.0
DCHS1,0.0,0.0,0.0,0.0,0.0,1.0
GSTA3,0.03334925668134048,0.028085121688974805,0.0013311590895166737,0.12651695111044106,0.11767007788629309,1.0
ATF1,0.03372859925145988,0.029379778580056633,0.025968157211701287,0.20979272124996687,0.09034603540227601,1.0
GTF2H3,0.0,0.0,0.0,0.0,0.0,1.0
NKIRAS2,0.0,0.0,0.0,0.0,0.0,1.0
PRND,0.0,0.0,0.0,0.0,0.0,1.0
AMIGO2,0.04137876756445787,0.039823819631574525,0.06678095642230703,0.1172285945152494,0.1006457063971091,1.0
EPS15L1,0.0,0.0,0.0,0.0,0.0,1.0
TBC1D16,0.052150994560940966,0.013646353208041669,0.009924178262208608,0.19142228994455615,0.15917246562010612,1.0
CENPN,0.0,0.0,0.0,0.0,0.0,1.0
ARHGEF26,0.0,0.0,0.0,0.0,0.0,1.0
THOC2,0.0,0.0,0.0,0.0,0.0,1.0
P4HTM,0.0,0.0,0.0,0.0,0.0,1.0
EXOC1,0.0,0.0,0.0,0.0,0.0,1.0
NSUN6,0.0,0.0,0.0,0.0,0.0,1.0
MRM2,0.0,0.0,0.0,0.0,0.0,1.0
AGK,0.038499891830808916,0.016656661339397215,0.006670896999025427,0.24583363539511022,0.12242092959360391,1.0
PHF20L1,0.0,0.0,0.0,0.0,0.0,1.0
DDO,0.0,0.0,0.0,0.0,0.0,1.0
ZNF814,0.0,0.0,0.0,0.0,0.0,1.0
WDR13,0.0,0.0,0.0,0.0,0.0,1.0
MTMR14,0.0,0.0625,0.0,0.0,0.0,1.0
KIF17,0.0,0.0,0.0,0.0,0.0,1.0
RHOT1,0.0,0.0,0.0,0.0,0.0,1.0
MYEF2,0.0,0.0,0.0,0.0,0.0,1.0
SPATS2L,0.033149671600318495,0.02246805190405453,0.007859302787994207,0.3428552967892672,0.12115840862752096,1.0
CCPG1,0.0,0.0,0.0,0.0,0.0,1.0
WDR48,0.0,0.0,0.0,0.0,0.0,1.0
NAALAD2,0.0,0.0,0.0,0.0,0.0,1.0
ADAMTS1,0.0,0.0,0.0,0.0,0.0,1.0
AFG2B,0.0,0.0,0.0,0.0,0.0,1.0
TBC1D2,0.0,0.0,0.0,0.0,0.0,1.0
MED15,0.0,0.0,0.0,0.0,0.0,1.0
B4GALT7,0.0,0.0,0.0,0.0,0.0,1.0
FAM66D,0.0,0.0,0.0,0.0,0.0,1.0
TRMO,0.0,0.0,0.0,0.0,0.0,1.0
BIN3,0.0,0.0,0.0,0.0,0.0,1.0
BSDC1,0.0,0.0,0.0,0.0,0.0,1.0
RDH14,0.041237613505627733,0.022943351256901105,0.013768801642079567,0.19603655740092074,0.19343893113573976,1.0
RRN3,0.0,0.0,0.0,0.0,0.0,1.0
NCLN,0.0,0.0,0.0,0.0,0.0,1.0
TMEM135,0.0,0.0,0.0,0.0,0.0,1.0
CERS2,0.028178099157799726,0.02191359511183432,0.015545350387596177,0.13106512172229373,0.10531292213370069,1.0
MRPL17,0.0,0.0,0.0,0.0,0.0,1.0
SLC27A3,0.0,0.0,0.0,0.0,0.0,1.0
PILRA,0.03618289643542143,0.013057133139850985,0.01851283391000943,0.18348307181768664,0.08854750043931789,1.0
TLE6,0.0,0.0,0.0,0.0,0.0,1.0
TSNAXIP1,0.0,0.0,0.0,0.0,0.0,1.0
IL36RN,0.037087854136438884,0.025069308916084953,0.014206440385183598,0.23411557831461077,0.0846759415457875,1.0
NACA2,0.04891177550148275,0.023987661912790368,0.009742668337386684,0.11649202057529906,0.10277923649518242,1.0
SAA3P,0.0,0.0,0.0,0.0,0.0,1.0
ALKBH4,0.0,0.0,0.0,0.0,0.0,1.0
RPL26,0.0,0.0,0.0,0.0,0.0,1.0
ACTR10,0.0,0.0,0.0,0.0,0.0,1.0
LRRC59,0.0,0.0,0.0,0.0,0.0,1.0
DCLRE1C,0.04653233028395787,0.011098855781643867,0.014859784367533931,0.14468936320427148,0.1421128845513565,1.0
DBNDD1,0.0,0.0,0.0,0.0,0.0,1.0
CSGALNACT2,0.0,0.0,0.0,0.0,0.0,1.0
ASAP3,0.0,0.0,0.0,0.0,0.0,1.0
ZNF112,0.0,0.0,0.0,0.0,0.0,1.0
POLM,0.0,0.0,0.0,0.0,0.0,1.0
ISYNA1,0.0,0.0,0.0,0.0,0.0,1.0
KLK5,0.0,0.0,0.0,0.0,0.0,1.0
TOB2,0.03569964313407421,0.026854048823938895,0.031662402021760974,0.10625418346891477,0.13047768428239528,1.0
SIRT4,0.04518458875177526,0.033722227350985734,0.010806886630528657,0.2165084927098993,0.11737533552785226,1.0
INTS7,0.0,0.0,0.0,0.0,0.0,1.0
GMEB2,0.0,0.0,0.0,0.0,0.0,1.0
UBQLN4,0.04756631559593834,0.03647120177077255,0.02098770333097591,0.15035278895815085,0.08751750123052765,1.0
POM121L9P,0.0,0.0,0.0,0.0,0.0,1.0
JMJD7,0.0,0.0,0.0,0.0,0.0,1.0
SH3BP4,0.04745576266920795,0.04682446155603159,0.030782019238946433,0.11417634324495211,0.10480395004735917,1.0
SPO11,0.0,0.0,0.0,0.0,0.0,1.0
SLC35E1,0.0,0.0,0.0,0.0,0.0,1.0
HNRNPUL2,0.0,0.0,0.0,0.0,0.0,1.0
TNS4,0.0,0.0,0.0,0.0,0.0,1.0
TMEM209,0.0,0.0,0.0,0.0,0.0,1.0
PPP4R3B,0.0,0.0,0.0,0.0,0.0,1.0
SCIN,0.0,0.0,0.0,0.0,0.0,1.0
PAPOLG,0.0,0.0,0.0,0.0,0.0,1.0
ZDHHC8BP,0.0,0.0,0.0,0.0,0.0,1.0
METTL2B,0.0,0.0,0.0,0.0,0.0,1.0
HLA-F-AS1,0.0,0.0,0.0,0.0,0.0,1.0
TMEM147-AS1,0.0,0.0,0.0,0.0,0.0,1.0
ZNF480,0.0,0.0,0.0,0.0,0.0,1.0
TRDN,0.0,0.0,0.0,0.0,0.0,1.0
KCNC2,0.03702325374243924,0.033482649260061954,0.02183305354350585,0.1381196264342051,0.12701970560834028,1.0
MIR9-1HG,0.0,0.0,0.0,0.0,0.0,1.0
SCAF4,0.0,0.0,0.0,0.0,0.0,1.0
EGOT,0.0,0.0,0.0,0.0,0.0,1.0
ZNF324B,0.0,0.0,0.0,0.0,0.0,1.0
ALS2CL,0.0,0.0,0.0,0.0,0.0,1.0
SMIM14,0.0,0.0,0.0,0.0,0.0,1.0
BCL2L11,0.09262691203360283,0.01734459035185559,0.03476521981885014,0.16122982981918235,0.12086948996817487,1.0
LAMA1,0.0,0.0,0.0,0.0,0.0,1.0
RNF126P1,0.0,0.0,0.0,0.0,0.0,1.0
F11R,0.03669631852552435,0.02974462484130479,0.042849826190232504,0.18437369330112874,0.13511765457129993,1.0
ZBTB20,0.0,0.0,0.0,0.0,0.0,1.0
TUBBP5,0.0,0.0,0.0,0.0,0.0,1.0
AGFG2,0.0,0.0,0.0,0.0,0.0,1.0
SLC44A1,0.03826415360737614,0.021443497466959966,0.003498377577529218,0.20968374017983268,0.10478694056637144,1.0
NAA40,0.0,0.0,0.0,0.0,0.0,1.0
TBX10,0.0,0.0,0.0,0.0,0.0,1.0
KCNE4,0.03640063860400653,0.007561059400562325,0.01664761861711241,0.12405766886285284,0.11366985748096882,1.0
SMG7-AS1,0.0,0.0,0.0,0.0,0.0,1.0
DDX49,0.0,0.0,0.0,0.0,0.0,1.0
FKBP15,0.0,0.0,0.0,0.0,0.0,1.0
HRG,0.0,0.0,0.0,0.0,0.0,1.0
ELF4,0.042443561097914195,0.02508701510125,0.00647740153094285,0.1471325295340381,0.1249604024352648,1.0
ENOX2,0.03804619568304436,0.0058713969307510085,0.005862561954641108,0.21544689161762104,0.11978592823645215,1.0
LRRC14,0.0,0.0,0.0,0.0,0.0,1.0
N4BP1,0.0,0.0,0.0,0.0,0.0,1.0
SLC25A44,0.0,0.0,0.0,0.0,0.0,1.0
SAFB2,0.0,0.0,0.0,0.0,0.0,1.0
SYMPK,0.0,0.0,0.0,0.0,0.0,1.0
PPP3CC,0.0625,0.0,0.0,0.0,0.0,1.0
NPR1,0.02326853040308707,0.04439207288462351,0.018180642944199958,0.19695247440401326,0.04982533348378664,1.0
CSTF1,0.0,0.0,0.0,0.0,0.0,1.0
MYO1C,0.0,0.0,0.0,0.0,0.0,1.0
AGPAT2,0.0,0.0,0.0,0.0,0.0,1.0
CPSF1,0.0,0.0,0.0,0.0,0.0,1.0
ETFDH,0.0,0.0,0.0,0.0,0.0,1.0
GALR3,0.0,0.0,0.0,0.0,0.0,1.0
TBXA2R,0.0,0.0,0.0,0.0,0.0,1.0
STOML1,0.0,0.0,0.0,0.0,0.0,1.0
PEX14,0.0,0.0,0.0,0.0,0.0,1.0
NEFH,0.0,0.0,0.0,0.0,0.0,1.0
MAP4,0.0358230400769443,0.02905625995808442,0.007468567621804086,0.1525742175183528,0.08708889157238886,1.0
ARAP1,0.0,0.0,0.0,0.0,0.0,1.0
CD52,0.029562480956952863,0.015912352422371472,0.006257766921366469,0.2855612264326275,0.11393156923613723,1.0
HMGXB3,0.0,0.0,0.0,0.0,0.0,1.0
TELO2,0.0,0.0,0.0,0.0,0.0,1.0
RTN2,0.0,0.0,0.0,0.0,0.0,1.0
MYH8,0.0,0.0,0.0,0.0,0.0,1.0
LRP6,0.03897943953907782,0.011186759765696785,0.007029725398398952,0.11123803986218445,0.1488642135845968,1.0
LARS2,0.0,0.0,0.0,0.0,0.0,1.0
KCTD2,0.0,0.0,0.0,0.0,0.0,1.0
SMG5,0.0,0.0,0.0,0.0,0.0,1.0
MCF2L,0.0,0.0,0.0,0.0,0.0,1.0
TJP3,0.0,0.0,0.0,0.0,0.0,1.0
LDB1,0.0,0.0,0.0,0.0,0.0,1.0
TRAFD1,0.0,0.0,0.0,0.0,0.0,1.0
FXR2,0.0,0.0,0.0,0.0,0.0,1.0
MAPK7,0.04086104714213247,0.03321023754190751,0.019495591232438485,0.1616816226805863,0.17296745357338125,1.0
SEMA3F,0.027876875747009325,0.0333411936911524,0.014851495374915109,0.24039239503138868,0.11318157706155377,1.0
GTF3C1,0.0,0.0,0.0,0.0,0.0,1.0
RING1,0.0,0.0,0.0,0.0,0.0,1.0
THRA,0.037054532810004294,0.01598071368730732,0.026800025112371416,0.14357984690868086,0.14146507118739937,1.0
WHR1,0.0,0.0,0.0,0.0,0.0,1.0
CELSR2,0.035621557392450307,0.012464559850771613,0.01788564580343437,0.22095247492013473,0.08036513624132255,1.0
SFI1,0.0,0.0,0.0,0.0,0.0,1.0
CTNS,0.040437570934485356,0.011753507150232044,0.016350581130940726,0.06324849416422518,0.1309924670687373,1.0
FAM168A,0.0,0.0,0.0,0.0,0.0,1.0
MIPEP,0.0,0.0,0.0,0.0,0.0,1.0
HAUS5,0.0,0.0,0.0,0.0,0.0,1.0
MTM1,0.0,0.0,0.0,0.0,0.0,1.0
GFUS,0.0,0.0,0.0,0.0,0.0,1.0
SFTPB,0.0,0.0,0.0,0.0,0.0,1.0
CRP,0.05405034587957915,0.050504319764800396,0.011567379684669513,0.28516734313420233,0.06760648193665432,1.0
PPARD,0.10456012549587665,0.0205108207907421,0.018607686037219538,0.22854625684671953,0.12140812884311475,1.0
ITIH4,0.0,0.0,0.0,0.0,0.0,1.0
KIAA0586,0.0,0.0,0.0,0.0,0.0,1.0
TAFAZZIN,0.0,0.0,0.0,0.0,0.0,1.0
MRC2,0.0302804666200176,0.014417502506174613,0.033554588626809205,0.16352178717427285,0.08510402268815467,1.0
SF3A2,0.08223856675434517,0.14295415833819639,0.24273481155675372,0.17307116550351287,0.044157501942105506,1.0
BBS9,0.03563063021261299,0.02099107529983355,0.004820568859798075,0.3314030522469249,0.06944589266570941,1.0
PHF24,0.0,0.0,0.0,0.0,0.0,1.0
ZNF142,0.0,0.0,0.0,0.0,0.0,1.0
CABIN1,0.0,0.0,0.0,0.0,0.0,1.0
SIPA1L3,0.03600009367556664,0.026665399566225823,0.025216068211030788,0.10205484121456287,0.15613012526983372,1.0
COL11A1,0.0,0.0,0.0,0.0,0.0,1.0
ASIC1,0.0,0.0,0.0,0.0,0.0,1.0
DMPK,0.04016230675635987,0.005103301968697499,0.004102282547556776,0.14002850783132456,0.11604402379735237,1.0
HBEGF,0.036349402908509375,0.02105388848102589,0.003872874217949095,0.24622187386579783,0.09762617104788052,1.0
FAM3A,0.0,0.0,0.0,0.0,0.0,1.0
CLCN7,0.03818483925783515,0.02498470959736213,0.004061151155010699,0.15716196008711975,0.11204328651568893,1.0
HIP1R,0.03879084511156637,0.01781148192563934,0.004725455662226042,0.25014815446728583,0.13477451733409143,1.0
PLXND1,0.0,0.0,0.0,0.0,0.0,1.0
SFTPC,0.0,0.0,0.0,0.0,0.0,1.0
DNPEP,0.0,0.0,0.0,0.0,0.0,1.0
OTUB1,0.0,0.0,0.0,0.0,0.0,1.0
SOX13,0.0,0.0,0.0,0.0,0.0,1.0
WAS,0.033300337994023745,0.022553174584976934,0.0031888960228793955,0.11806568853903515,0.10881950799624988,1.0
AQP3,0.018768910648870894,0.010742889060676226,0.005461361369373936,0.35631024332870115,0.05562879418168531,1.0
TCL1A,0.024878131246770525,0.048716447068107835,0.020466280002764993,0.08522341881295124,0.13349222168103927,1.0
CYLD,0.04558209766148534,0.033670988273151584,0.013762275404676404,0.43827411242705727,0.12286805311010354,1.0
PRDX2,0.02259749041089236,0.03399416344198929,0.008790111660714693,0.21238776668325962,0.06626055357731883,1.0
HPX,0.0,0.0,0.0,0.0,0.0,1.0
DNPH1,0.0,0.0,0.0,0.0,0.0,1.0
ZNF710,0.0,0.0,0.0,0.0,0.0,1.0
CSPG5,0.0,0.0,0.0,0.0,0.0,1.0
MAST4,0.047322177594508415,0.029965573942342186,0.0027471383457612,0.12385521431289165,0.07379012665094925,1.0
BCAM,0.030401474486014345,0.03391441044393877,0.021712301471125024,0.14109809954398944,0.15306487185614742,1.0
SH2B1,0.0,0.0,0.0,0.0,0.0,1.0
SPHK2,0.0472799730082044,0.02295266801095492,0.026048892909763317,0.1547400921423455,0.07096445764620128,1.0
PHF1,0.0,0.0,0.0,0.0,0.0,1.0
LPCAT4,0.0,0.0,0.0,0.0,0.0,1.0
ATN1,0.0,0.0,0.0,0.0,0.0,1.0
GNA11,0.0,0.0,0.0,0.0,0.0,1.0
WDTC1,0.0,0.0,0.0,0.0,0.0,1.0
TEAD4,0.04245705568452217,0.02281169661960309,0.012848472256682777,0.14882790010720162,0.15435342275859854,1.0
BBLN,0.0,0.0,0.0,0.0,0.0,1.0
SEPTIN9,0.0,0.0,0.0,0.0,0.0,1.0
ZNF821,0.0,0.0,0.0,0.0,0.0,1.0
PPP1R16B,0.04053077442755447,0.021667824828110124,0.015151392628595153,0.20522185349990482,0.14463235272048705,1.0
SASH1,0.0,0.0,0.0,0.0,0.0,1.0
CELSR1,0.0,0.0,0.0,0.0,0.0,1.0
UNC5B,0.0625,0.0,0.0,0.0,0.0,1.0
PGAP2,0.0,0.0,0.0,0.0,0.0,1.0
FBXO41,0.0,0.0,0.0,0.0,0.0,1.0
ADCK2,0.04253587240904672,0.036659176247941815,0.020894312935863704,0.07550297435978698,0.14800295068024852,1.0
WRAP53,0.027928568839979358,0.009942316925846597,0.01372299580173135,0.1590606126884719,0.1197366832434549,1.0
SYDE1,0.0,0.0,0.0,0.0,0.0,1.0
HEY1,0.04042950474993671,0.012320817134159757,0.014805516293969223,0.12503902598362104,0.08004714714762448,1.0
RUBCNL,0.029993334234989368,0.018195210940198093,0.010730332695271416,0.18441563869151928,0.11773514159306855,1.0
MIER2,0.0,0.0,0.0,0.0,0.0,1.0
EHD2,0.0,0.0,0.0,0.0,0.0,1.0
NAA60,0.0,0.0,0.0,0.0,0.0,1.0
GINS3,0.0,0.0,0.0,0.0,0.0,1.0
HCFC1R1,0.0,0.0,0.0,0.0,0.0,1.0
DMAC2,0.0,0.0,0.0,0.0,0.0,1.0
SPSB3,0.0,0.0,0.0,0.0,0.0,1.0
SEMA4C,0.044255104098422024,0.04016621837516275,0.014919480522589852,0.11407138112603936,0.1488525231596565,1.0
GNL3L,0.0,0.0,0.0,0.0,0.0,1.0
PRR5,0.0,0.0,0.0,0.0,0.0,1.0
DUS2,0.0,0.0,0.0,0.0,0.0,1.0
LZTS1,0.0,0.0,0.0,0.0,0.0,1.0
TJAP1,0.0,0.0,0.0,0.0,0.0,1.0
SGF29,0.034683392717094204,0.023918472657939085,0.001953976227618284,0.18886575889015,0.10017484961803663,1.0
TNIP2,0.0625,0.0,0.0,0.0,0.0,1.0
CXXC1,0.0,0.0,0.0,0.0,0.0,1.0
ING4,0.09512530798078848,0.011943937962219242,0.005298023329596725,0.10295139390721893,0.10601310737349513,1.0
DTX3,0.034322664154893705,0.02295687533484111,0.012342644837309982,0.21328532857646115,0.11284033341178568,1.0
RASSF4,0.0,0.0,0.0,0.0,0.0,1.0
PRDM4,0.0,0.0,0.0,0.0,0.0,1.0
TFEB,0.0,0.0,0.0,0.0,0.0,1.0
GGA1,0.0,0.0,0.0,0.0,0.0,1.0
ADISSP,0.0,0.0,0.0,0.0,0.0,1.0
OXLD1,0.0,0.0,0.0,0.0,0.0,1.0
ZNF444,0.0,0.0,0.0,0.0,0.0,1.0
RAB26,0.0,0.0,0.0,0.0,0.0,1.0
MED27,0.0,0.0,0.0,0.0,0.0,1.0
SSH3,0.0,0.0,0.0,0.0,0.0,1.0
REX1BD,0.0,0.0,0.0,0.0,0.0,1.0
RBM12B,0.0,0.0,0.0,0.0,0.0,1.0
WIZ,0.0,0.0,0.0,0.0,0.0,1.0
C11orf24,0.0,0.0,0.0,0.0,0.0,1.0
STRADA,0.04271755869573765,0.025454714100101687,0.0037136462815833904,0.2289141103205448,0.08035969969202372,1.0
CEP76,0.0,0.0,0.0,0.0,0.0,1.0
COL8A2,0.0,0.0,0.0,0.0,0.0,1.0
SHISAL1,0.0,0.0,0.0,0.0,0.0,1.0
MVB12B,0.0,0.0,0.0,0.0,0.0,1.0
OGFOD3,0.0,0.0,0.0,0.0,0.0,1.0
RANBP10,0.0,0.0,0.0,0.0,0.0,1.0
DENND2A,0.0,0.0,0.0,0.0,0.0,1.0
ZMIZ2,0.0,0.0,0.0,0.0,0.0,1.0
MARK4,0.033117234669268865,0.0302414137136068,0.004937740296812692,0.15839723015497487,0.12361002640785415,1.0
DOCK6,0.0,0.0,0.0,0.0,0.0,1.0
PGAP3,0.0,0.0,0.0,0.0,0.0,1.0
ARMH3,0.0,0.0,0.0,0.0,0.0,1.0
ZNF512B,0.0,0.0,0.0,0.0,0.0,1.0
PLSCR3,0.0625,0.0,0.0,0.0,0.0,1.0
SIDT2,0.0,0.0,0.0,0.0,0.0,1.0
SLC38A7,0.0,0.0,0.0,0.0,0.0,1.0
ELOVL1,0.0,0.0,0.0,0.0,0.0,1.0
ZNF764,0.0,0.0,0.0,0.0,0.0,1.0
DVL2,0.0,0.0,0.0,0.0,0.0,1.0
ZGPAT,0.029575322296368244,0.016797013677946702,0.005567594811506361,0.22738613257410578,0.12448668182140268,1.0
CALHM2,0.0,0.0,0.0,0.0,0.0,1.0
TRIM62,0.0,0.0,0.0,0.0,0.0,1.0
ARHGEF40,0.0,0.0,0.0,0.0,0.0,1.0
MYO15B,0.0,0.0,0.0,0.0,0.0,1.0
PIERCE1,0.0,0.0,0.0,0.0,0.0,1.0
BMP2K,0.03125974285536893,0.024541124531471416,0.033838122575480516,0.12451499080179175,0.1537537380643374,1.0
RAB15,0.0,0.0,0.0,0.0,0.0,1.0
HIF1AN,0.03979720978120233,0.05934785013050014,0.027540108249592386,0.22209178701538998,0.13006221315598168,1.0
RIN3,0.0,0.0,0.0,0.0,0.0,1.0
POLR2J4,0.0,0.0,0.0,0.0,0.0,1.0
GSK3A,0.03508815866224664,0.01700852291902156,0.02462277888510446,0.0694107213787454,0.12525017145976752,1.0
PKNOX2,0.0,0.0,0.0,0.0,0.0,1.0
PPP2R5B,0.0,0.0,0.0,0.0,0.0,1.0
CALML4,0.0,0.0,0.0,0.0,0.0,1.0
MAPKAPK5-AS1,0.0,0.0,0.0,0.0,0.0,1.0
CORO1B,0.0,0.0,0.0,0.0,0.0,1.0
IRGQ,0.0,0.0,0.0,0.0,0.0,1.0
MOSPD2,0.0,0.0,0.0,0.0,0.0,1.0
PLPPR2,0.0,0.0,0.0,0.0,0.0,1.0
YIPF2,0.0,0.0,0.0,0.0,0.0,1.0
HEATR6,0.0,0.0,0.0,0.0,0.0,1.0
FAM86B1,0.0,0.0,0.0,0.0,0.0,1.0
TMEM80,0.0,0.0,0.0,0.0,0.0,1.0
ADGRA2,0.02470479034504132,0.024009941153645277,0.009016517716272885,0.35275842546858405,0.11937114073957394,1.0
RHOT2,0.0,0.0,0.0,0.0,0.0,1.0
RABEP2,0.0,0.0,0.0,0.0,0.0,1.0
ZNF783,0.0,0.0,0.0,0.0,0.0,1.0
CX3CL1,0.04093543209351112,0.0038131968639224484,0.009319109179403897,0.23805781660693767,0.08967796390285228,1.0
NPEPL1,0.0,0.0,0.0,0.0,0.0,1.0
ADAP1,0.0,0.0,0.0,0.0,0.0,1.0
LRCH4,0.032988275627709646,0.02315372420025218,0.008074012632606917,0.23008098866095988,0.11645156018314588,1.0
MEX3D,0.0,0.0,0.0,0.0,0.0,1.0
EPS8L1,0.0,0.0,0.0,0.0,0.0,1.0
DCAF15,0.0,0.0,0.0,0.0,0.0,1.0
ACTB,0.11073516090592404,0.042214499425182454,0.01914714279625208,0.21672682147763112,0.09347992155656064,1.0
